supplier_id,material_id,orders,spend,qty_ordered,qty_received,qty_short,qty_rejected,short_loss,reject_loss,premium_gap,premium_pct,late_orders,mean_days_late,median_price,benchmark,return_loss,qty_returned,short_delivery_pct,late_orders_pct,quality_rejection_pct,price_premium_pct,short_delivery_adj,short_delivery_panel,late_delivery_adj,late_delivery_panel,quality_rejection_adj,quality_rejection_panel,price_premium_adj,price_premium_panel,score_short_delivery,score_late_delivery,score_quality_rejection,score_price_premium,score,flags,leakage,leakage_per_lakh,low_confidence
VS01,Angles & Channels,8,19393408.88,236.42,234.71,1.7099999999999977,0.0,144307.99360000045,0.0,-85002.03509696056,0.012615415404284215,8,1.875,87952.125,84018.2475,40370.73625299787,0.4590080825562529,0.723289061839099,100.0,0.1955639225240735,1.2615415404284216,0.6440974879790377,0.7113026493123651,1.747020585048754,1.7416666666666667,0.4008264739136772,1.9498939866506468,-0.9573871474536365,4.309025190384596,91.74989841011504,93.53806085829662,100.0,100.0,95.90948473760866,[],184678.72985299834,952.2757499505593,False
VS01,CR Sheets,11,28220056.7,325.18,323.34,1.8400000000000045,0.0,161075.0950000001,0.0,2439907.33081088,0.13519636599709844,11,2.090909090909091,96957.64,80252.01000000001,31754.14024779045,0.32750529249464455,0.5658404575927193,100.0,0.10128820823116366,13.519636599709845,0.5506999926584131,0.7884562788332824,1.9194542253521125,1.6705426356589148,0.297525191951751,1.1175594422605428,7.886102334780228,2.9946127341416036,97.97639809815668,87.79027284818466,100.0,0.0,76.34048764149317,[],192829.23524779052,683.3056265538635,False
VS01,ERW Pipes,13,37077158.48,432.36,430.49,1.8699999999999948,0.0,167961.83019999982,0.0,319852.54915038636,-0.023395222930753808,9,1.5384615384615385,84318.07,90107.3,17636.672782788926,0.20916836429947847,0.43250994541585597,69.23076923076923,0.04858843743164265,-2.339522293075381,0.4560880077456014,0.8606405037702413,1.5395148669796557,1.8619246861924685,0.23766013707203162,1.0307966997896014,-2.9417863916835887,1.2392765482212764,100.0,100.0,100.0,100.0,100.0,[],185598.50298278875,500.57369709953235,False
VS01,Fasteners & Fittings,5,12635573.57,153.41,152.7,0.709999999999992,0.0,61154.297499999986,0.0,-905173.379769476,-0.09654126761757797,3,1.8,75135.63,92401.58,359566.60207351524,4.785567141361764,0.462812072224752,60.0,3.1339666937536115,-9.654126761757798,0.4901015210138457,0.6608902615277615,1.67112676056338,1.9425287356321839,1.9316066249453272,0.9250530699946431,-7.080899904911364,1.8480269950795833,100.0,96.06785500780907,0.0,100.0,74.01696375195226,"[""quality_rejection""]",420720.8995735152,3329.654148604789,False
VS01,GI Pipes,11,19940515.479999997,220.79,219.98,0.8099999999999961,0.0,71319.00469999952,0.0,2204368.5005893256,0.06566746244480742,7,1.2727272727272727,84012.8,84462.44,36344.97558945128,0.43261235894353334,0.36686444132433355,63.63636363636363,0.1966598595070158,6.5667462444807425,0.4139039814738979,0.8113484045650325,1.3569542253521125,1.7452471482889733,0.3630932022038993,1.0856301861243616,3.1059902155602197,4.14215938962826,100.0,100.0,100.0,49.80248739108365,89.96049747821672,[],107663.9802894508,539.9257626887127,False
VS01,GI Sheets,7,15641567.96,190.85,189.85000000000002,0.9999999999999893,0.0,82624.04999999935,0.0,313632.2839267132,0.06910300474031142,4,0.8571428571428571,83770.24,80201.51000000001,40552.42861418198,0.48409111176214825,0.523971705527896,57.142857142857146,0.2549861004804573,6.910300474031142,0.521229732309164,0.823990501850067,1.1426056338028168,1.9690265486725664,0.4525946236707013,1.3393373707505076,2.1528115064911124,4.348862850517769,99.94108212143995,100.0,98.34348645941215,65.68879920890211,92.70595609306544,[],123176.47861418134,787.4944438382336,False
VS01,GI Wire,9,14545525.4,194.3,193.12,1.1800000000000015,0.0,85596.15770000027,0.0,-1783039.6406603698,-0.018825352971723837,6,1.2222222222222223,86830.29,85585.15,31076.35547504746,0.3578976354339881,0.6073082861554304,66.66666666666667,0.18532396201014298,-1.8825352971723837,0.5751949588866836,0.7928518581395263,1.3365191146881286,1.9775280898876404,0.3795820313411787,0.9750811560699817,-2.8200844939197216,3.049089196998296,96.34340034960532,100.0,100.0,100.0,98.90302010488159,[],116672.51317504773,802.1196207532505,False
VS01,HR Coils,6,11855525.129999999,149.68,149.08,0.599999999999993,0.0,43440.16560000001,0.0,184207.35203471626,0.07397249516651867,6,2.1666666666666665,83798.29,80489.33499999999,39520.8993536179,0.4716194012266587,0.40085515766969065,100.0,0.3163532339862212,7.3972495166518675,0.4538259813666219,0.7659538489832981,1.8828425096030728,1.9323843416370108,0.5040320167820493,1.0275266204297402,1.9859210781442322,6.042133537357304,100.0,89.01066337315265,94.91432691865562,68.47030634801679,89.67530884255541,[],82961.0649536179,699.7671047374171,False
VS01,Hex Bars,6,18676226.18,224.51,223.52,0.990000000000002,0.0,86108.01819999982,0.0,-1519840.4646550287,-0.034027911299796015,4,1.6666666666666667,90110.88500000001,88272.435,332746.6236163103,3.692635175165689,0.44096031357177945,66.66666666666667,1.652037927328959,-3.4027911299796014,0.4757015209495794,0.750579496975409,1.6101152368758,1.728744939271255,1.2325873040599065,0.6783321114707905,-3.905010183654751,2.0995196224827377,100.0,98.10157246406173,46.34397443346513,100.0,86.11138672438172,[],418854.6418163101,2242.7156202726505,False
VS01,MS Flats,7,10756250.4,131.29000000000002,130.8,0.4900000000000002,0.0,41893.184499999814,0.0,71105.42021943734,0.044819576121572835,5,1.2857142857142858,90368.64,83216.555,49623.56739472522,0.5491237601310058,0.3732195902201235,71.42857142857143,0.41981938847936223,4.4819576121572835,0.4332909983796302,0.835588215786445,1.3926056338028168,2.006644518272425,0.5487473750033959,1.025137757196309,0.736278170398028,4.231608669949848,100.0,100.0,91.9333030372325,89.29768814378684,95.8428633880655,[],91516.75189472504,850.823925544956,False
VS01,MS Pipes,6,14188211.79,198.62,197.51999999999998,1.1000000000000085,0.0,69233.25670000014,0.0,-1053903.5755843394,-0.10075787740675803,2,0.6666666666666666,61763.47,78417.25,27506.150554358832,0.4453465868151325,0.5538213674353079,33.333333333333336,0.22546911037623155,-10.075787740675803,0.5372620957842312,0.7744255024799029,1.0646606914212546,1.9185185185185185,0.45445885844932765,1.2470140641608212,-7.54482651676177,6.597865126401695,98.8722578897688,100.0,98.21920414083706,100.0,99.2164784021399,[],96739.40725435897,681.8294559328606,False
VS01,MS Rods,6,6669457.81,92.86999999999999,92.59,0.2799999999999998,0.0,21209.170299999474,0.0,-1569938.4732158754,-0.21784802663527367,3,0.8333333333333334,66937.295,87069.8375,27327.69533953697,0.4082581368060506,0.3014967158393451,50.0,0.44093113382228166,-21.784802663527365,0.39963046764097887,0.788919666446106,1.1555697823303457,1.8925081433224755,0.5719835985108095,1.1907554122490775,-13.93156192922626,4.23647940347009,100.0,100.0,90.38422147007161,100.0,97.5960553675179,[],48536.865639536445,727.7482971218683,False
VS01,MS Sheets,10,20202846.47,253.5,252.03,1.4699999999999909,0.0,108726.97689999948,0.0,-558726.0686068087,-0.03154151680531152,6,1.4,74049.91,81743.37,280540.53148763714,3.7885330513924615,0.5798816568047301,60.0,1.503207178269437,-3.1541516805311516,0.5590514278041333,0.8023629291376927,1.4474178403755866,1.8790035587188612,1.2452203042253056,1.0203835613807282,-3.605325469709078,3.3331616484574305,97.41963575510867,100.0,45.50177442243852,100.0,85.60133433214223,[],389267.5083876366,1926.7953600779736,False
VS01,SS Pipes,4,5074442.8100000005,74.97,74.53,0.44000000000000505,0.0,23960.98659999993,0.0,-520327.67437522055,-0.04757030677756312,3,1.25,72270.5,79741.29000000001,18909.209831993812,0.2616449288713073,0.5869014272375684,75.0,0.351059880412327,-4.757030677756312,0.5482845064405524,0.7141696463660475,1.4123630672926446,1.8642857142857143,0.5611635891482804,0.9358124398726226,-4.6184986612611,5.667625820953892,98.13743051268072,100.0,91.10555542757353,100.0,97.2176180106976,[],42870.19643199374,844.8256889901522,True
VS01,SS Sheets,10,22877792.65,265.21,263.95,1.2599999999999945,0.0,111287.4176999999,0.0,1694030.085329382,0.04608544506922022,8,2.1,82451.54500000001,84302.7,35789.09664024073,0.4340621711847937,0.4750952075713565,80.0,0.16444863465989532,4.608544506922022,0.48919379498188414,0.7465648567993546,1.9140845070422534,1.870503597122302,0.3527146084856112,1.2767407456151725,1.5698053219263715,4.2377431374054195,100.0,87.9692634585133,100.0,75.4055689516478,92.07342965495789,[],147076.51434024062,642.8789551086373,False
VS01,Spring Steel,4,9337349.21,145.4,144.47,0.9299999999999962,0.0,61601.04430000018,0.0,-2466726.742801599,-0.1872067247392435,2,1.0,66060.05,84791.26,603482.2260258541,9.135358299393568,0.6396148555708364,50.0,6.323360074336241,-18.72067247392435,0.5717126968108937,0.804445441279379,1.3012519561815337,1.7963636363636364,3.2155192308922422,0.7936961818042867,-10.824561681780228,4.334171972882552,96.57555115465797,100.0,0.0,100.0,73.97266534639739,"[""quality_rejection""]",665083.2703258543,7122.8274252993715,True
VS01,Square/Rect Tubes,11,25480338.34,311.78,309.62,2.1600000000000055,0.0,174748.03500000038,0.0,194640.97286538174,-0.055222736995049426,10,2.0,69764.18,84792.12,23034.036257694177,0.3301699562396373,0.6927962024504476,90.9090909090909,0.10663715400802186,-5.522273699504943,0.6379820672481014,0.7314050445852145,1.8569542253521125,1.7634408602150538,0.301202592173341,0.9819051603032114,-5.205210995929939,4.949009299696743,92.1575931255108,89.873606181518,100.0,100.0,95.11567948303275,[],197782.07125769457,776.2144623770901,False
VS01,Structural Steel,8,13498103.23,167.76999999999998,167.11,0.6599999999999933,0.0,55931.40909999936,0.0,663037.5192273431,0.032541789243673305,8,1.75,84998.275,82162.59,65435.228965096954,0.7698418463797878,0.39339572033140213,100.0,0.4606796998263346,3.2541789243673307,0.44108620089737804,0.719847459996229,1.670097508125677,1.7732793522267207,0.5639746445612224,1.472881334942787,0.2688512426626152,5.830589040692322,100.0,96.10216342239917,90.9181517333774,97.08813693937705,96.17270617681956,[],121366.63806509631,899.1384641017916,False
VS02,Angles & Channels,6,18789009.3,215.48,214.31,1.1699999999999982,0.0,90162.82440000062,0.0,2206326.906062479,0.10205659399474099,6,1.8333333333333333,79065.34,79318.01999999999,12456.9534164191,0.15755264464073765,0.5429738258771107,100.0,0.07351623565896954,10.205659399474099,0.5297961345368705,0.7113026493123651,1.6562099871959026,1.7416666666666667,0.13016876891732182,1.9498939866506468,4.508322737533145,4.309025190384596,99.36998863959286,96.56508078672499,100.0,26.4302786915349,84.23832252686609,[],102619.77781641972,546.1691788955563,False
VS02,CR Sheets,5,6169483.35,88.12,87.83,0.29000000000000314,0.0,21142.07449999993,0.0,-1268531.6570796778,-0.014759004692604393,3,1.6,68429.53,89930.96,12819.193531666477,0.18733423321286113,0.329096686336817,60.0,0.21329185154601063,-1.4759004692604394,0.42153979563269955,0.7884562788332824,1.521830985915493,1.6705426356589148,0.20572183018667758,1.1175594422605428,-1.9021908630282194,2.9946127341416036,100.0,100.0,100.0,100.0,100.0,[],33961.268031666405,550.4718321618683,False
VS02,ERW Pipes,8,17446474.05,227.0,225.69,1.3100000000000032,0.0,101359.5097000004,0.0,-2253038.473157912,-0.0014090321293454833,5,1.25,80847.345,91814.28,11379.014625755033,0.14074691785803273,0.5770925110132172,62.5,0.0623629393672882,-0.14090321293454833,0.5528195855960498,0.8606405037702413,1.3244853737811484,1.8619246861924685,0.11458942762115601,1.0307966997896014,-0.9822793836504912,1.2392765482212764,97.83509190231423,100.0,100.0,100.0,99.35052757069427,[],112738.52432575544,646.1966125800384,False
VS02,Fasteners & Fittings,7,12479713.030000001,164.52,164.05,0.4699999999999971,0.0,36501.117699999944,0.0,-1849739.3809412606,-0.13368890800784244,7,2.0,79610.93,98262.53,93181.36339867143,1.170459425592333,0.28567955263797534,100.0,0.7134772481513765,-13.368890800784245,0.38080594942572815,0.6608902615277615,1.7681924882629108,1.9425287356321839,0.49875831509969654,0.9250530699946431,-8.768720157455808,1.8480269950795833,100.0,92.83233075115805,95.26590703081246,100.0,97.02455944549263,[],129682.48109867137,1039.1463392381495,False
VS02,GI Pipes,9,23312147.5,252.63,251.45000000000002,1.1799999999999948,0.0,116346.43110000034,0.0,3616021.4497707235,0.24875997305439915,6,1.1111111111111112,99003.11,77937.12,15867.112424925755,0.1602688281704055,0.4670862526224102,66.66666666666667,0.06373785172813899,24.875997305439913,0.4838350570174716,0.8113484045650325,1.2298792756539234,1.7452471482889733,0.11174283640642667,1.0856301861243616,15.160112104641373,4.14215938962826,100.0,100.0,100.0,0.0,80.0,[],132213.5435249261,567.1444191270929,False
VS02,GI Sheets,6,8692666.56,140.06,139.22,0.8400000000000025,0.0,50105.58399999997,0.0,-2858272.2687687753,-0.23547035809086747,5,1.5,57665.905,85614.4,11227.797002096013,0.19470425378906328,0.5997429672997305,83.33333333333333,0.13985365162265714,-23.547035809086747,0.5607611207673903,0.823990501850067,1.4743918053777207,1.9690265486725664,0.16635281398842414,1.3393373707505076,-13.902238285318225,4.348862850517769,97.30565622422486,100.0,100.0,100.0,99.19169686726745,[],61333.381002095986,705.5761379865464,False
VS02,GI Wire,3,14995365.100000001,130.44,129.95,0.490000000000002,0.0,56082.703400000464,0.0,4615481.704864416,0.44476786591249545,1,0.3333333333333333,113828.85,84131.01,17234.879484940593,0.1514104683034274,0.37565164060104417,33.333333333333336,0.11651440423503455,44.47678659124954,0.46210868080575535,0.7928518581395263,1.0272887323943662,1.9775280898876404,0.16753778210522827,0.9750811560699817,15.223494186221078,3.049089196998296,100.0,100.0,100.0,0.0,80.0,[],73317.58288494106,488.93496354377567,True
VS02,HR Coils,10,26087847.13,333.85,332.23,1.6199999999999992,0.0,120277.77149999933,0.0,-361134.9861964382,0.03381306886500013,8,2.1,78337.1,82509.0625,11377.738983876596,0.14524074779225418,0.48524786580799734,80.0,0.04371692736726189,3.381306886500013,0.49482621218152556,0.7659538489832981,1.8812206572769952,1.9323843416370108,0.09519522118728944,1.0275266204297402,1.4780441720680086,6.042133537357304,100.0,89.06472511735524,100.0,76.93492144928717,92.65316556919625,[],131655.51048387593,504.6622276948153,False
VS02,Hex Bars,9,14902618.370000001,216.44,215.31,1.1299999999999937,0.0,80377.74910000048,0.0,-2564354.9582875334,-0.056156968981995084,6,0.8888888888888888,70607.78,82899.65,5176.240432630819,0.07330977454086249,0.5220846423951182,66.66666666666667,0.03404847640186823,-5.615696898199508,0.5191911647284981,0.750579496975409,1.0870221327967806,1.728744939271255,0.09265680941096689,0.6783321114707905,-4.441691311983969,2.0995196224827377,100.0,100.0,100.0,100.0,100.0,[],85553.9895326313,574.0869651796048,False
VS02,MS Flats,19,40889797.19,473.19,470.35,2.8399999999999905,0.0,251374.72149999993,0.0,1361385.0461647478,0.009751153702706863,13,1.1578947368421053,80287.67,86044.76000000001,13626.874004969084,0.16972561297356223,0.6001817451763541,68.42105263157895,0.036084960768270904,0.9751153702706863,0.5822236534580684,0.835588215786445,1.2174295774647887,2.006644518272425,0.06984888744724457,1.025137757196309,0.2868660729651267,4.231608669949848,95.874820711513,100.0,100.0,96.78788976766853,98.1200241669876,[],265001.595504969,648.0873315991348,False
VS02,MS Pipes,9,21196255.85,285.39,283.86,1.5300000000000011,0.0,111617.93570000085,0.0,1147966.5504249574,0.05604130298915474,8,1.5555555555555556,77036.22,71312.91,15860.642388581662,0.20588552227227225,0.5361084831283511,88.88888888888889,0.07253065675765245,5.604130298915474,0.5282064909141478,0.7744255024799029,1.5155935613682092,1.9185185185185185,0.11739535392539961,1.2470140641608212,2.7710547433042336,6.597865126401695,99.47596488110769,100.0,100.0,55.38474526201676,90.91973851673566,[],127478.57808858251,601.4202649312826,False
VS02,MS Rods,10,22476032.509999998,262.8,261.33,1.470000000000006,0.0,127096.42860000033,0.0,1472266.3770770738,0.05412644133783693,8,2.0,87070.605,86248.3475,342783.55638597097,3.936845923902458,0.5593607305936096,80.0,1.5064653594698116,5.412644133783693,0.5442347887052671,0.788919666446106,1.8145539906103285,1.8925081433224755,1.0703608425889892,1.1907554122490775,2.832269003590462,4.23647940347009,98.40741169503308,91.28694733957747,57.15907186485963,54.36450759057963,77.50662982773511,[],469879.9849859713,2090.5824227514936,False
VS02,MS Sheets,6,7845182.3,83.42,82.92,0.5000000000000022,0.0,46878.12019999951,0.0,855762.0927447455,0.08094903543896398,4,1.0,91081.04500000001,87042.025,8902.691378673459,0.09774472151338906,0.5993766482857854,66.66666666666667,0.1178783423943428,8.094903543896399,0.5605613103961475,0.8023629291376927,1.2016645326504483,1.8790035587188612,0.15436628168207084,1.0203835613807282,3.35700136176349,3.3331616484574305,97.31897691564106,100.0,100.0,45.618968287695814,88.31948673223148,[],55780.81157867297,711.0199539744663,False
VS02,SS Pipes,9,21246036.83,242.2,240.53,1.670000000000004,0.0,147976.9805000002,0.0,2152528.7406950314,0.12341823456846919,8,1.7777777777777777,80847.66,79820.07,8212.735183478331,0.10158284338072779,0.6895127993393906,88.88888888888889,0.04223292037613927,12.34182345684692,0.6268235513355304,0.7141696463660475,1.658450704225352,1.8642857142857143,0.09791823768014114,0.9358124398726226,7.1024289162601635,5.667625820953892,92.90149418634887,96.49039021907667,100.0,0.0,76.99304581067383,[],156189.71568347854,735.1475333175281,False
VS02,SS Sheets,5,7187554.77,98.00999999999999,97.58,0.42999999999999616,0.0,36001.09650000016,0.0,-398279.0661014764,-0.02159247825313846,4,1.4,66577.38,80209.9,14046.864611418498,0.21098554210782244,0.43873074176104093,80.0,0.21621801814697933,-2.159247825313846,0.47635682334481155,0.7465648567993546,1.421830985915493,1.870503597122302,0.2071849134871619,1.2767407456151725,-2.243864541054923,4.2377431374054195,100.0,100.0,100.0,100.0,100.0,[],50047.961111418655,696.3141529065338,False
VS02,Spring Steel,12,29147874.62,400.96,399.15999999999997,1.8000000000000078,0.0,122676.55000000086,0.0,-6246051.694333854,-0.15118545742953166,9,1.0833333333333333,65483.39,92471.60999999999,4719.368136761956,0.07206969793045162,0.44892258579409616,75.0,0.018055340698078872,-15.118545742953165,0.46805797377482733,0.804445441279379,1.1893123446561722,1.7963636363636364,0.07102489014786288,0.7936961818042867,-11.356762070553998,4.334171972882552,100.0,100.0,100.0,100.0,100.0,[],127395.91813676282,437.0676071501601,False
VS02,Square/Rect Tubes,3,10884438.93,110.87,110.41,0.4599999999999973,0.0,51054.17650000076,0.0,2075920.1735861055,0.2041137591397919,2,1.6666666666666667,113791.81,82535.68,20136.993068081872,0.1769634657193859,0.414900333724179,66.66666666666667,0.16027847633310924,20.411375913979192,0.4768269407269309,0.7314050445852145,1.5272887323943662,1.7634408602150538,0.1839493091420063,0.9819051603032114,6.198965182244697,4.949009299696743,100.0,100.0,100.0,0.0,80.0,[],71191.16956808264,654.0637512500853,True
VS02,Structural Steel,6,13765127.36,165.8,165.0,0.7999999999999972,0.0,63496.082200000295,0.0,397774.77382397384,0.06551295671573888,5,1.6666666666666667,92773.615,83796.11499999999,29500.392457455906,0.31798256926234797,0.4825090470446303,83.33333333333333,0.19271670864384724,6.551295671573889,0.49681534608279015,0.719847459996229,1.5653008962868116,1.7732793522267207,0.1951872087272551,1.472881334942787,2.5150334314057576,5.830589040692322,100.0,99.59538381702802,100.0,59.65176712699136,91.82919937965528,[],92996.4746574562,675.5947273520628,False
VS03,Angles & Channels,8,13539106.4,147.84,142.97,4.870000000000006,2.95,433022.4754000007,250858.4799,1768554.3364231593,0.18325654433819843,8,5.0,100418.245,82444.45000000001,2526755.896746053,25.1623188270822,3.2941017316017356,100.0,19.66308933838022,18.325654433819842,3.3812400798575704,0.7113026493123651,4.93998908892526,1.7416666666666667,14.879700244361109,1.9498939866506468,12.409012761436902,4.309025190384596,0.0,0.0,0.0,0.0,0.0,"[""short_delivery"", ""late_delivery"", ""quality_rejection""]",3210636.852046054,23713.80176202806,False
VS03,CR Sheets,4,6012209.79,81.00999999999999,77.73,3.279999999999995,2.11,243180.9628,159394.49709999998,-1153218.342601097,-0.1647876494961972,4,3.5,71147.9,91941.005,566463.8003494921,7.961778216215689,4.04888285396864,100.0,12.957388673891275,-16.47876494961972,3.755426511245455,0.7884562788332824,4.2466509062253746,1.6705426356589148,9.773438129468637,1.1175594422605428,-5.689236596706434,2.9946127341416036,0.0,10.217050152409257,0.0,100.0,22.554262538102314,"[""short_delivery"", ""late_delivery"", ""quality_rejection""]",969039.2602494921,16117.855066556021,True
VS03,ERW Pipes,10,16624219.85,209.24,201.73,7.510000000000012,4.51,598366.8690000012,310204.4889,-252653.9986797683,0.027707432844266543,10,3.8,82340.53,88963.3725,435140.7829393362,5.284648798584806,3.5891798891225446,100.0,4.855325830855503,2.770743284426654,3.5663404051039986,0.8606405037702413,4.147990543735225,1.8619246861924685,5.645643118547179,1.0307966997896014,2.827957551492501,1.2392765482212764,0.0,13.505728902080916,0.0,54.436365125545635,14.263705250629357,"[""short_delivery"", ""late_delivery"", ""quality_rejection""]",1343712.1408393374,8082.858341405641,False
VS03,Fasteners & Fittings,5,11620933.690000001,105.89,101.79,4.100000000000003,2.7399999999999998,445738.5798000011,284814.1705,2729268.4230657574,0.24364140196270961,5,5.2,118144.91,90130.725,606032.4377130545,5.129568744967976,3.871942581924642,100.0,7.731180612012944,24.364140196270963,3.696302009495774,0.6608902615277615,5.021985815602838,1.9425287356321839,7.478729152971736,0.9250530699946431,13.653263140947578,1.8480269950795833,0.0,0.0,0.0,0.0,0.0,"[""short_delivery"", ""late_delivery"", ""quality_rejection""]",1336585.1880130556,11501.530115116382,False
VS03,GI Pipes,9,22669162.509999998,227.71,220.36,7.34999999999999,5.5,715537.9727999988,529668.5128,3797310.663042964,0.1820322904091693,9,4.666666666666667,93760.0,82440.8,633017.1833784218,6.751463133302281,3.2277897325545606,100.0,5.559749107506935,18.20322904091693,3.3323867698803986,0.8113484045650325,4.729989868287741,1.7452471482889733,6.154937888372504,1.0856301861243616,12.75292798545524,4.14215938962826,0.0,0.0,0.0,0.0,0.0,"[""short_delivery"", ""late_delivery"", ""quality_rejection""]",1878223.6689784206,8285.368584524831,False
VS03,GI Sheets,8,13471001.620000001,157.87,151.53,6.34,3.84,529837.4105999998,309152.0198,833046.7437460998,0.14524605431249266,8,5.375,90437.575,84188.45999999999,1154606.479284725,12.766888976011629,4.01596250079179,100.0,10.959472695843482,14.524605431249265,3.825462091666835,0.823990501850067,5.170758319694491,1.9690265486725664,9.5236284643385,1.3393373707505076,10.06990568293193,4.348862850517769,0.0,0.0,0.0,0.0,0.0,"[""short_delivery"", ""late_delivery"", ""quality_rejection""]",1993595.9096847246,14799.166134201123,False
VS03,GI Wire,11,22133090.45,284.95,274.49,10.45999999999999,6.76,826353.2600999996,503383.0154,-1464897.054788916,0.007099248131097007,11,6.0,83715.47,88798.11,878807.7933528678,10.497555509786515,3.6708194420073665,100.0,6.287134507554561,0.7099248131097007,3.623895065463473,0.7928518581395263,5.638741134751774,1.9775280898876404,6.580616753297051,0.9750811560699817,1.40756896077048,3.049089196998296,0.0,0.0,0.0,78.10950830424598,15.621901660849197,"[""short_delivery"", ""late_delivery"", ""quality_rejection""]",2208544.0688528675,9978.471257062376,False
VS03,HR Coils,6,12480604.969999999,161.45,155.56,5.889999999999999,4.21,470373.6368999998,330984.8403,-177481.99955288687,-0.013659703134693288,6,3.8333333333333335,71270.94,80760.47,268164.7945225118,3.7626106028980644,3.648188293589346,100.0,5.125103241770419,-1.3659703134693288,3.590221540624601,0.7659538489832981,4.2927143778207615,1.9323843416370108,6.080182538206833,1.0275266204297402,0.5923735043004544,6.042133537357304,0.0,8.681601099229697,0.0,91.69609924541308,20.50962012389004,"[""short_delivery"", ""late_delivery"", ""quality_rejection""]",1069523.2717225116,8569.482603554528,False
VS03,Hex Bars,10,18908004.91,242.07,233.82999999999998,8.240000000000009,5.8100000000000005,654074.7838000009,465667.39149999997,-265823.00458038587,-0.054645187724418384,10,6.0,71988.925,84655.14,407029.4541628821,5.654056567213389,3.403974057090928,100.0,4.902731286495912,-5.4645187724418385,3.4428698504162543,0.750579496975409,5.614657210401892,1.728744939271255,5.677246755640784,0.6783321114707905,-2.662217153086494,2.0995196224827377,0.0,0.0,0.0,100.0,20.0,"[""short_delivery"", ""late_delivery"", ""quality_rejection""]",1526771.629462883,8074.7367939142505,False
VS03,MS Flats,12,27375987.32,339.32,326.56,12.759999999999996,10.32,992037.0732999998,855848.1899,-575178.1102585357,0.059506949778567776,12,5.25,92619.86,85223.23,430022.7669786315,4.642878611332726,3.7604621006719308,100.0,4.581969197492873,5.950694977856777,3.689932493729277,0.835588215786445,5.130579891531081,2.006644518272425,5.3597069905627714,1.025137757196309,5.065898244847195,4.231608669949848,0.0,0.0,0.0,17.13735356963406,3.4274707139268124,"[""short_delivery"", ""late_delivery"", ""quality_rejection""]",2277908.0301786317,8320.825121490565,False
VS03,MS Pipes,8,19159743.15,270.43,260.83,9.600000000000001,7.1,666669.6308999998,514330.8027,-1358395.6891175366,-0.022806201703131336,8,6.25,67409.5,81336.195,779054.7737477472,11.557047207704363,3.5499020079133237,100.0,7.152952960819064,-2.2806201703131337,3.5386556345108557,0.7744255024799029,5.709219858156029,1.9185185185185185,7.181154781246551,1.2470140641608212,-0.27177161033723823,6.597865126401695,0.0,0.0,0.0,100.0,20.0,"[""short_delivery"", ""late_delivery"", ""quality_rejection""]",1960055.207347747,10230.070372043307,False
VS03,MS Rods,10,25772764.16,296.11,285.7,10.41000000000001,6.7700000000000005,896651.5789000003,607263.5306,1615425.821627251,0.08740045620782419,10,4.6,89376.73,85754.4025,1044935.4577005296,11.691359235234156,3.515585424335555,100.0,6.461798822273068,8.74004562078242,3.5172774285793387,0.788919666446106,4.681323877068559,1.8925081433224755,6.716625112825556,1.1907554122490775,6.807492442396344,4.23647940347009,0.0,0.0,0.0,0.0,0.0,"[""short_delivery"", ""late_delivery"", ""quality_rejection""]",2548850.56720053,9889.705859165902,False
VS03,MS Sheets,6,18420839.849999998,172.47,166.77,5.6999999999999975,3.4800000000000004,594538.9585999983,381080.0073,3797994.026141914,0.29631273854359413,6,4.833333333333333,105967.045,87360.1875,252654.1114797642,2.3842706143194254,3.3049225952339523,100.0,3.51638221162045,29.631273854359414,3.4029857051580223,0.8023629291376927,4.8381689232753065,1.8790035587188612,5.202698339943214,1.0203835613807282,17.499961232207042,3.3331616484574305,0.0,0.0,0.0,0.0,0.0,"[""short_delivery"", ""late_delivery"", ""quality_rejection""]",1228273.0773797624,6667.845154626664,False
VS03,SS Pipes,9,23550841.130000003,281.88,272.99,8.890000000000013,7.28,730936.6539000004,604370.8655000001,1865755.7775366066,0.0345418476656617,9,4.555555555555555,72327.92,76764.21,665534.5680824905,9.201627367170111,3.1538243224067024,100.0,6.037447293736076,3.45418476656617,3.2848375776424894,0.7141696463660475,4.65856129685917,1.8642857142857143,6.462029579519809,0.9358124398726226,3.271399523372607,5.667625820953892,0.0,0.0,0.0,47.045665594210526,9.409133118842105,"[""short_delivery"", ""late_delivery"", ""quality_rejection""]",2000842.087482491,8495.841301114882,False
VS03,SS Sheets,7,15058441.64,163.07999999999998,157.77,5.3100000000000005,4.1000000000000005,488165.49310000055,348052.5881,1798802.3979470148,0.17694516217550088,7,3.857142857142857,90793.79,80974.0,1421393.596453992,15.655185188920873,3.256070640176601,100.0,12.521509278646683,17.69451621755009,3.366316805547561,0.7465648567993546,4.268321513002364,1.870503597122302,10.315162785014953,1.2767407456151725,11.547795329247633,4.2377431374054195,0.0,9.494696593176267,0.0,0.0,2.3736741482940666,"[""short_delivery"", ""late_delivery"", ""quality_rejection""]",2257611.6776539925,14992.332750137035,False
VS03,Spring Steel,4,9133395.540000001,105.82000000000001,102.00999999999999,3.8100000000000094,2.95,334536.09500000137,232412.5015,340298.2179830852,-0.06692601389202663,4,4.75,64348.4,84133.1525,203106.67333430317,3.156359339693033,3.600453600453609,100.0,5.986039936960135,-6.692601389202663,3.5561246207943302,0.804445441279379,4.80220646178093,1.7963636363636364,6.675060913054799,0.7936961818042867,-1.3398305698544088,4.334171972882552,0.0,0.0,0.0,100.0,20.0,"[""short_delivery"", ""late_delivery"", ""quality_rejection""]",770055.2698343046,8431.20465397368,True
VS03,Square/Rect Tubes,7,9869364.92,140.25,135.12,5.129999999999998,4.37,367183.7878000004,321741.6444,-1091916.2540603294,-0.010629828638153664,7,3.857142857142857,75855.28,77547.01,435562.93242384586,5.742025241009537,3.6577540106951854,100.0,7.483736856875027,-1.0629828638153664,3.600632105016736,0.7314050445852145,4.268321513002364,1.7634408602150538,7.376462205648153,0.9819051603032114,0.605920865117784,4.949009299696743,0.0,9.494696593176267,0.0,91.47030989845759,20.667736127985584,"[""short_delivery"", ""late_delivery"", ""quality_rejection""]",1124488.3646238463,11393.725672713765,False
VS03,Structural Steel,7,13940260.96,153.99,148.96,5.0299999999999905,3.65,447303.41419999907,351354.0492,1975720.9020288065,0.15697845423932955,7,4.142857142857143,86841.75,82291.51,994215.3984584496,11.44858778707764,3.266445873108637,100.0,10.136001468231498,15.697845423932954,3.3723690247579157,0.719847459996229,4.434988179669031,1.7732793522267207,8.92361656227276,1.472881334942787,10.383070699637637,5.830589040692322,0.0,3.939141037620697,0.0,0.0,0.9847852594051743,"[""short_delivery"", ""late_delivery"", ""quality_rejection""]",1792872.8618584487,12861.114056637063,False
VS04,Angles & Channels,10,17643440.650000002,225.82,224.5,1.319999999999995,0.0,107973.23200000101,0.0,268420.7705204839,-0.011456706546707909,5,1.1,76014.62,81427.235,22962.367276336376,0.30207830120490475,0.5845363563900429,50.0,0.13455603617144976,-1.1456706546707909,0.5695354601768708,0.7113026493123651,1.192,1.7416666666666667,0.2896786377436427,1.9498939866506468,-2.2448709367400057,4.309025190384596,96.72070026359283,100.0,100.0,100.0,99.01621007907785,[],130935.59927633738,742.1205527524891,False
VS04,CR Sheets,4,14856129.65,157.88,156.98000000000002,0.8999999999999986,0.0,82773.17589999922,0.0,1775671.696227066,0.12681888572432526,4,2.5,92221.91,87201.63,486107.50860111404,5.271063119394448,0.5700532049657959,100.0,3.357792788504553,12.681888572432525,0.5530979065128686,0.7884562788332824,1.8755555555555554,1.6705426356589148,1.8256433731620396,1.1175594422605428,3.167910753926437,2.9946127341416036,97.8165371745263,89.25356184140323,6.806903159989586,48.77047841831337,63.114173086368766,[],568880.6845011133,3829.265750256247,True
VS04,ERW Pipes,6,14380150.4,154.61,153.71,0.9000000000000066,0.0,87365.0772000004,0.0,1154213.1648595033,0.11374691301377061,2,0.6666666666666666,94669.155,89010.19,24802.3601955538,0.2619898761698443,0.5821098247202681,33.333333333333336,0.17044426268287313,11.374691301377062,0.5627570260976584,0.8606405037702413,0.989090909090909,1.8619246861924685,0.3656622527761256,1.0307966997896014,4.1847082094427455,1.2392765482212764,97.17259586887366,100.0,100.0,31.82385415970822,85.51654959260374,[],112167.43739555421,780.0157458405596,False
VS04,Fasteners & Fittings,11,20842833.44,275.64,273.96,1.6799999999999984,0.0,127886.91680000047,0.0,-2319872.946505907,-0.12426586339582042,7,1.0909090909090908,62124.55,89456.05,22446.886722183473,0.36132071334413646,0.6094906399651714,63.63636363636363,0.13188812722446214,-12.426586339582043,0.587629086148095,0.6608902615277615,1.18,1.9425287356321839,0.2781492877443267,0.9250530699946431,-9.931800452487165,1.8480269950795833,95.5144585321779,100.0,100.0,100.0,98.65433755965337,[],150333.80352218394,721.2733525647938,False
VS04,GI Pipes,3,8869950.82,103.55,103.17,0.379999999999999,0.0,31026.189500000793,0.0,419705.21109403414,0.04943996386988117,2,1.0,85048.64,85666.04,321791.56869334396,3.783618041315463,0.36697247706421926,66.66666666666667,3.6673626454545536,4.943996386988117,0.47482322124316145,0.8113484045650325,1.2349999999999999,1.7452471482889733,1.7502133926004757,1.0856301861243616,-0.9230460429284775,4.14215938962826,100.0,100.0,11.83556853076052,100.0,77.95889213269012,[],352817.75819334475,3977.6743451362763,True
VS04,GI Sheets,5,9181530.14,115.84,115.11,0.7300000000000058,0.0,60933.6366999998,0.0,57356.57633965339,-0.07837266337549037,4,1.4,62239.54,73446.725,22503.936582848786,0.3615697767504192,0.6301795580110546,80.0,0.3141080503435142,-7.837266337549037,0.5848566128807907,0.823990501850067,1.388,1.9690265486725664,0.45701594561577147,1.3393373707505076,-6.140268919213736,4.348862850517769,95.6992900833315,100.0,98.04873166307414,100.0,98.22196994076799,[],83437.57328284858,908.7545540949296,False
VS04,GI Wire,7,12064708.74,178.88,178.15,0.7299999999999978,0.0,47033.051199999754,0.0,-2624724.9606131944,-0.1679037766898171,7,1.5714285714285714,58755.29,87980.32999999999,15559.62905822635,0.26482090477685244,0.4080948121645783,100.0,0.14865052190673725,-16.79037766898171,0.4628610019920569,0.7928518581395263,1.49,1.9775280898876404,0.3366810714822753,0.9750811560699817,-11.645750098938677,3.049089196998296,100.0,100.0,100.0,100.0,100.0,[],62592.6802582261,518.8080508790309,False
VS04,HR Coils,11,23392798.56,253.11,251.81,1.3000000000000074,0.0,125061.56100000048,0.0,3927450.1816495196,0.18435071544143752,7,1.0909090909090908,87060.03,76742.01,27117.939424600605,0.3114855281419109,0.5136106831022114,63.63636363636363,0.12369863315273852,18.435071544143753,0.52171161580481,0.7659538489832981,1.18,1.9323843416370108,0.2725190105700167,1.0275266204297402,11.28558934257432,6.042133537357304,99.90895655506355,100.0,100.0,0.0,79.97268696651906,[],152179.50042460108,650.5399515764525,False
VS04,Hex Bars,12,21466152.83,284.4,282.81,1.5899999999999803,0.0,127917.86759999907,0.0,-3462397.8646806693,-0.11979734697146714,7,1.0833333333333333,73355.20999999999,86036.56,8106.533972016072,0.11051067772849499,0.5590717299577991,58.333333333333336,0.03907594417753792,-11.979734697146714,0.5533252410733073,0.750579496975409,1.1694117647058824,1.728744939271255,0.20403120791591753,0.6783321114707905,-9.763127874714868,2.0995196224827377,97.80138153716373,100.0,100.0,100.0,99.34041446114912,[],136024.40157201514,633.6692124073318,False
VS04,MS Flats,5,8238492.72,121.74000000000001,121.12,0.6200000000000037,0.0,39086.941899999685,0.0,-2198729.529461179,-0.1855513249541281,5,2.8,74950.55,88321.38,28901.573219676426,0.3856085541690678,0.5092820765565991,100.0,0.31836901764288955,-18.55513249541281,0.524407872153563,0.835588215786445,2.088,2.006644518272425,0.45914642926545907,1.025137757196309,-11.499201998145622,4.231608669949848,99.72920613181336,82.17208035992174,97.90669941976162,100.0,94.93845678446483,[],67988.51511967611,825.2542962698171,False
VS04,MS Pipes,10,18002124.23,253.9,252.78,1.119999999999994,0.0,81677.76159999939,0.0,-1426564.8107234815,0.021256702880282266,10,2.2,59992.34,78656.275,287972.48216712795,4.800154189136946,0.44111855061047417,100.0,1.8989454027759103,2.1256702880282266,0.4739235896571584,0.7744255024799029,1.9253333333333333,1.9185185185185185,1.4659382154799496,1.2470140641608212,-0.06397697494066037,6.597865126401695,100.0,87.59430258214397,30.78724700546225,100.0,79.59538739690154,[],369650.24376712734,2053.37014145873,False
VS04,MS Rods,8,19987611.310000002,197.35,196.39000000000001,0.959999999999992,0.0,97646.63580000063,0.0,4079719.514396362,0.21801492791578814,6,1.375,106373.285,87986.8325,29918.566406042846,0.2812601529231972,0.48644540157080923,75.0,0.14321510918233982,21.801492791578813,0.5068639654860851,0.788919666446106,1.3753846153846152,1.8925081433224755,0.31887231368452784,1.1907554122490775,11.707352679095257,4.23647940347009,100.0,100.0,100.0,0.0,80.0,[],127565.20220604347,638.2213473514032,False
VS04,MS Sheets,5,7733277.21,84.57,84.13,0.4399999999999942,0.0,41667.53269999963,0.0,297136.75047284504,0.04694455310150615,4,1.2,86931.34,86800.52,15221.949837911437,0.17510313125176075,0.5202790587678777,80.0,0.20813399649561484,4.694455310150615,0.5299063632592023,0.8023629291376927,1.2879999999999998,1.8790035587188612,0.4040289186918217,1.0203835613807282,0.1255919046360905,3.3331616484574305,99.36264005810406,100.0,100.0,99.47579257315248,99.70395053206171,[],56889.48253791107,735.6451992222204,False
VS04,SS Pipes,6,11971370.86,169.78,169.05,0.7300000000000075,0.0,53372.238100000424,0.0,-1274408.5894761798,-0.16077292015608227,6,1.8333333333333333,64942.66499999999,82255.8475,11449.884236852913,0.17630758203182628,0.42996819413358905,100.0,0.10429315707295256,-16.077292015608226,0.47977068214128804,0.7141696463660475,1.6254545454545453,1.8642857142857143,0.3295798315343508,0.9358124398726226,-10.789100872549229,5.667625820953892,100.0,97.59026217810357,100.0,100.0,99.39756554452589,[],64822.12233685334,541.4761859349277,False
VS04,SS Sheets,4,7719222.48,113.65,112.88,0.7700000000000031,0.0,51344.84869999951,0.0,-1489179.8165145179,-0.12689220920655153,2,0.75,70188.285,84990.1,23343.125028552295,0.33257864939358883,0.6775186977562719,50.0,0.2946302705471198,-12.689220920655153,0.6008603477530802,0.7465648567993546,1.0977777777777777,1.870503597122302,0.46423780962540245,1.2767407456151725,-8.108137909668086,4.2377431374054195,94.63237442517888,100.0,97.56727406243206,100.0,97.78153084316168,[],74687.9737285518,967.5582472465777,True
VS04,Spring Steel,5,10066688.690000001,140.81,139.69,1.1200000000000045,0.0,78931.06869999995,0.0,-1039831.0368170948,0.03622461716074028,3,1.6,79951.16,77506.54000000001,13335.660618762848,0.16679758766180314,0.7953980541154779,60.0,0.11940553200787682,3.6224617160740284,0.6674658609330024,0.804445441279379,1.488,1.7963636363636364,0.35966468644795274,0.7936961818042867,-0.41040489240220274,4.334171972882552,90.19200687985072,100.0,100.0,100.0,97.05760206395522,[],92266.7293187628,916.5549085710604,False
VS04,Square/Rect Tubes,7,11550531.76,140.6,139.78,0.8200000000000074,0.0,64106.691200000176,0.0,51150.7353285905,0.15764371738916272,4,1.0,79194.49,83452.09,25144.823713532423,0.31750723710112183,0.5832147937411148,57.142857142857146,0.2271478302340262,15.764371738916271,0.5650143245783699,0.7314050445852145,1.1566666666666665,1.7634408602150538,0.3824711680065272,0.9819051603032114,7.3445203890018105,4.949009299696743,97.0221093034929,100.0,100.0,0.0,79.10663279104787,[],89251.51491353259,772.7048136659346,False
VS04,Structural Steel,6,6496997.25,87.92,87.52,0.40000000000000036,0.0,29798.994900000165,0.0,-681021.4092999655,-0.07958906053080186,3,1.1666666666666667,71789.015,84387.77,42725.091891513846,0.5951480444677204,0.45495905368516876,50.0,0.6800137619603752,-7.958906053080186,0.49340206007851334,0.719847459996229,1.2618181818181817,1.7732793522267207,0.6436092523820358,1.472881334942787,-6.360890347533936,5.830589040692322,100.0,100.0,85.60917787865651,100.0,96.40229446966413,[],72524.08679151401,1116.270855609705,False
VS05,Angles & Channels,9,18932325.93,233.57999999999998,232.5,1.0799999999999925,0.0,84751.29829999959,0.0,-162091.13967599763,-0.026034556103475395,7,1.7777777777777777,75206.53,83351.9,28369.03673229667,0.37721507337589794,0.4623683534549159,77.77777777777777,0.16224304231221415,-2.6034556103475395,0.49144950531235215,0.7113026493123651,1.7059436913451513,1.7416666666666667,0.3177453715538336,1.9498939866506468,-2.4329020106899057,4.309025190384596,100.0,94.9072906484167,100.0,100.0,98.72682266210418,[],113120.33503229625,597.4983499150876,False
VS05,CR Sheets,12,31720486.78,387.33,385.38,1.9500000000000064,0.0,148558.58149999997,0.0,-1352130.9673378104,-0.04784137414181725,5,0.6666666666666666,81192.66500000001,86787.435,23765.75158225392,0.29270811079121395,0.5034466733792906,41.666666666666664,0.0759531140150537,-4.784137414181725,0.5153139984605986,0.7884562788332824,0.9343065693430657,1.6705426356589148,0.22939324641908165,1.1175594422605428,-4.002304507453619,2.9946127341416036,100.0,100.0,100.0,100.0,100.0,[],172324.3330822539,543.2587913212784,False
VS05,ERW Pipes,3,5743722.16,72.0,71.45,0.5500000000000025,0.0,44968.687800000655,0.0,72830.37023860219,-0.12486191858636451,1,0.6666666666666666,66623.75,79715.92,20718.800384855625,0.31098220056444775,0.7638888888888924,33.333333333333336,0.4352445074379954,-12.48619185863645,0.6263305699931705,0.8606405037702413,1.2354014598540146,1.8619246861924685,0.5367476679072163,1.0307966997896014,-6.011012904055022,1.2392765482212764,92.93435960917286,100.0,92.73328351031115,100.0,96.06362876032965,[],65687.48818485628,1143.6397227274008,True
VS05,Fasteners & Fittings,6,9530874.120000001,109.48,108.81,0.6700000000000017,0.0,63864.646000001114,0.0,339394.71900069923,0.09815662994920223,5,1.8333333333333333,96378.215,85833.4,43705.905181748596,0.45348323977310223,0.611983924004386,83.33333333333333,0.4167661426092291,9.815662994920222,0.5809892215731821,0.6608902615277615,1.7166556071665562,1.9425287356321839,0.4989858796908289,0.9250530699946431,4.387677301180955,1.8480269950795833,95.9571161705054,94.55022678770321,95.2507360580703,28.441035964071393,81.92558275540927,[],107570.5511817497,1128.6535718273624,False
VS05,GI Pipes,12,18966048.77,260.09000000000003,258.41,1.6800000000000033,0.0,125084.80560000014,0.0,-1057049.2953514005,-0.06825309911226102,9,1.75,72299.64499999999,79564.04749999999,260389.05919733396,3.6015261098077866,0.6459302549117626,75.0,1.3937255175139454,-6.8253099112261015,0.6158906442482257,0.8113484045650325,1.699012451696007,1.7452471482889733,1.1595855312418288,1.0856301861243616,-5.443132152426121,4.14215938962826,93.63035465883584,95.13833197005485,51.21075928800365,100.0,84.67637921216539,[],385473.86479733407,2032.4415985213882,False
VS05,GI Sheets,8,22828307.7,270.12,268.55,1.5700000000000003,0.0,131272.20470000035,0.0,1530578.219158614,0.11650537870628605,8,2.25,85225.165,78760.91,31622.50793986731,0.3710466027242929,0.5812231600770029,100.0,0.13816667388728093,11.650537870628606,0.5668279364534393,0.823990501850067,1.991016282987086,1.9690265486725664,0.31489086246476855,1.3393373707505076,6.351905792961386,4.348862850517769,96.90120184515493,85.40487092701888,100.0,0.0,75.4215782853012,[],162894.71263986768,713.5645566923372,False
VS05,GI Wire,4,8749562.2,140.94,140.19,0.7500000000000036,0.0,43729.07539999951,0.0,-3247476.0236065346,-0.26945535525034736,4,2.25,58913.725,87597.83499999999,17096.516867571423,0.29019582223957874,0.5321413367390404,100.0,0.2070017991579847,-26.945535525034735,0.5386159155816499,0.7928518581395263,1.8759124087591244,1.9775280898876404,0.4240283352861869,0.9750811560699817,-13.156852195185529,3.049089196998296,98.78200323660757,89.2416667346176,100.0,100.0,96.94501765463666,[],60825.59226757093,695.1844089704389,True
VS05,HR Coils,7,11444984.58,128.3,127.53999999999999,0.7599999999999998,0.0,64922.57969999983,0.0,1720598.9931982202,0.1686480900953847,6,2.2857142857142856,87777.44,80489.33499999999,793142.2216030208,9.035832232097686,0.5923616523772406,85.71428571428571,7.084704588441027,16.86480900953847,0.5721257883266143,0.7659538489832981,1.9902676399026766,1.9323843416370108,4.381764995002578,1.0275266204297402,8.952011284186538,6.042133537357304,96.54801172027659,85.42982569649918,0.0,0.0,50.32185994020777,"[""quality_rejection""]",858064.8013030207,7497.299758729956,False
VS05,Hex Bars,8,16005297.020000001,191.52,190.43,1.0900000000000016,0.0,93177.62430000014,0.0,476358.32888435817,0.02917722805454219,6,1.5,85302.455,82668.94,13412.782267764298,0.15723793960870527,0.5691311612364253,75.0,0.08256994150538532,2.917722805454219,0.5593867063976992,0.750579496975409,1.5294778214486244,1.728744939271255,0.28067748869129433,0.6783321114707905,0.9778657528540708,2.0995196224827377,97.39728384887094,100.0,100.0,85.27122843618614,96.27343084189852,[],106590.40656776444,665.969562667725,False
VS05,MS Flats,8,14564433.440000001,209.0,207.38,1.6200000000000103,0.0,116832.30430000075,0.0,-3415097.2948394236,-0.1743143721318931,8,2.0,66379.4,89369.36249999999,21249.773305400067,0.32012602261243805,0.7751196172248853,100.0,0.15436687366787447,-17.43143721318931,0.6861488331598284,0.835588215786445,1.8371701291409321,2.006644518272425,0.32486021617590305,1.025137757196309,-11.544694258618868,4.231608669949848,88.94647539806232,90.533076055224,100.0,100.0,94.3172116332247,[],138082.07760540082,948.0772333111834,False
VS05,MS Pipes,6,9818358.049999999,124.05,123.47,0.5799999999999947,0.0,42609.58459999983,0.0,264813.9630777232,0.07763155274814182,4,1.5,80946.815,77365.66500000001,279387.93431990186,3.451500028999311,0.46755340588471966,66.66666666666667,2.7954159139866452,7.763155274814181,0.502208938962455,0.7744255024799029,1.5348374253483745,1.9185185185185185,1.7964312095330561,1.2470140641608212,3.2681276356685696,6.597865126401695,100.0,100.0,8.754380735255152,47.10019705594449,66.60863459500268,[],321997.5189199017,3279.5454930460774,False
VS05,MS Rods,7,17228161.36,193.36,192.47,0.8900000000000006,0.0,81475.85600000073,0.0,1981823.635392747,0.04547420956018421,6,2.2857142857142856,85668.37,80273.83499999999,26201.635194231225,0.30584958245652655,0.4602813405047582,85.71428571428571,0.1589076648082956,4.547420956018422,0.4950789397343329,0.788919666446106,1.9902676399026766,1.8925081433224755,0.3417167895501511,1.1907554122490775,1.7668682529665103,4.23647940347009,100.0,85.42982569649918,100.0,72.12118676764547,90.78169377765389,[],107677.49119423196,625.0086062244309,False
VS05,MS Sheets,3,9990483.59,97.38,96.81,0.5700000000000003,0.0,57693.86979999952,0.0,2469675.774691946,0.28577172087037606,2,0.6666666666666666,92096.16,82155.935,17022.382528006536,0.18483270668404128,0.5853357979051143,66.66666666666667,0.19092315533936707,28.577172087037606,0.5593731608742538,0.8023629291376927,1.2354014598540146,1.8790035587188612,0.4451271608702306,1.0203835613807282,9.387748575572749,3.3331616484574305,97.3981868837673,100.0,98.84131731277685,0.0,78.92978539332441,[],74716.25232800606,747.8742310611818,True
VS05,SS Pipes,7,12101359.96,183.29,182.4,0.8899999999999988,0.0,57912.63530000008,0.0,-2286032.5147497146,-0.0695149323791677,5,1.8571428571428572,71163.86,83404.11,14549.481400220251,0.20445042469900102,0.48556931638387196,71.42857142857143,0.11208904862883827,-6.95149323791677,0.5098302589971492,0.7141696463660475,1.7402676399026766,1.8642857142857143,0.3144059301121343,0.9358124398726226,-4.940831693495685,5.667625820953892,100.0,93.76315902983252,100.0,100.0,98.44078975745813,[],72462.11670022033,598.7931682037191,False
VS05,SS Sheets,7,9716727.89,128.68,127.97,0.71,0.0,53530.98399999924,0.0,-76833.4048062285,0.004107026458884592,5,1.7142857142857142,79675.24,78560.26,29970.74674192329,0.37616136132032096,0.5517562946844886,71.42857142857143,0.29394495688076966,0.41070264588845923,0.548439329672509,0.7465648567993546,1.6569343065693432,1.870503597122302,0.4204885432590943,1.2767407456151725,-0.6462174279426346,4.2377431374054195,98.12710896388363,96.5409368076103,100.0,100.0,98.57336689106766,[],83501.73074192253,859.360596357325,False
VS05,Spring Steel,5,11306413.32,142.49,142.02,0.4699999999999953,0.0,36779.36499999941,0.0,-406447.9075361,-0.0976080384597235,4,1.4,77942.42,84882.18,13368.729257463998,0.17152058221266414,0.3298477086111273,80.0,0.12077213224381364,-9.760803845972351,0.43682164363343234,0.804445441279379,1.4883211678832118,1.7963636363636364,0.35921084821628113,0.7936961818042867,-5.943354688639258,4.334171972882552,100.0,100.0,100.0,100.0,100.0,[],50148.09425746341,443.5367152972912,False
VS05,Square/Rect Tubes,14,30964952.26,315.89,314.08,1.8099999999999992,0.0,184798.52930000096,0.0,6838498.831337407,0.2089920480416014,9,1.0,93463.76,80045.14,28622.76854179864,0.30624456518546483,0.5729842666751082,64.28571428571429,0.0975052741930288,20.89920480416014,0.5653030329858,0.7314050445852145,1.1517479830964272,1.7634408602150538,0.2291221926129551,0.9819051603032114,14.83996524219532,4.949009299696743,97.00286207633089,100.0,100.0,0.0,79.10085862289927,[],213421.2978417996,689.2350294933075,False
VS05,Structural Steel,11,25157482.22,306.46,305.1,1.359999999999998,0.0,116099.21719999835,0.0,762525.788440602,0.029104889070096642,9,1.2727272727272727,73461.22,78614.97,40930.43867831261,0.5571706905808618,0.44377732819943816,81.81818181818181,0.1826190398495122,2.9104889070096642,0.4750330314670317,0.719847459996229,1.3677007299270074,1.7732793522267207,0.3123160787055236,1.472881334942787,1.3366156450359672,5.830589040692322,100.0,100.0,100.0,79.29206356648785,95.85841271329757,[],157029.65587831096,624.1866912797562,False
VS06,Angles & Channels,5,10065698.39,136.51999999999998,135.75,0.7699999999999978,0.0,57681.08820000035,0.0,-708867.536705383,0.03332114984957673,5,1.8,66892.41,81402.45,21769.786006473525,0.32544478523757064,0.564019923820684,100.0,0.2397383316667187,3.332114984957673,0.5170175223754409,0.7113026493123651,1.65,1.7416666666666667,0.3259183072863063,1.9498939866506468,3.075379089125426,4.309025190384596,100.0,96.77208035992174,100.0,50.31267283166354,89.25555465631315,[],79450.87420647388,789.3230169245501,False
VS06,CR Sheets,4,8918284.43,111.25,110.5,0.7500000000000018,0.0,61200.89950000006,0.0,417903.61803820415,0.10217893985773605,3,1.0,88390.05,79005.79,30087.555670454825,0.34039527831984284,0.674157303370788,75.0,0.30805002562881706,10.217893985773605,0.5607449797926822,0.7884562788332824,1.2777777777777777,1.6705426356589148,0.3658546130049708,1.1175594422605428,6.107199101062258,2.9946127341416036,97.3067322892054,100.0,100.0,0.0,79.19201968676163,[],91288.45517045488,1023.6100439157543,True
VS06,ERW Pipes,4,10648243.79,110.85,110.44,0.41000000000000103,0.0,42609.68090000033,0.0,1359264.5370936783,0.105808624126865,4,2.0,88263.425,84997.69,22454.606940100643,0.2544044369465681,0.3698691926026171,100.0,0.23035533950250645,10.5808624126865,0.42550581945127297,0.8606405037702413,1.7222222222222223,1.8619246861924685,0.3313236413932772,1.0307966997896014,6.268518401912433,1.2392765482212764,100.0,94.36467295251433,100.0,0.0,78.59116823812857,[],65064.287840100966,611.0330409715476,True
VS06,Fasteners & Fittings,10,21009613.97,239.07,238.20000000000002,0.8699999999999939,0.0,82436.01919999934,0.0,438932.6483402199,-0.01008080749726864,5,1.1,85875.245,86221.745,33570.184094737204,0.39091805903712074,0.36391015183837117,50.0,0.16411337491063002,-1.008080749726864,0.39927847486898005,0.6608902615277615,1.2333333333333334,1.9425287356321839,0.24677501090905132,0.9250530699946431,0.267493897946484,1.8480269950795833,100.0,100.0,100.0,97.11075935131258,99.42215187026252,[],116006.20329473654,552.15770961039,False
VS06,GI Pipes,9,23746008.79,271.83,270.2,1.6299999999999963,0.0,140127.73069999972,0.0,2110714.497066455,0.10420046998400895,8,1.8888888888888888,81687.88,79348.485,194697.41046052595,2.3834308156917023,0.5996394805577002,88.88888888888889,0.8820987474802748,10.420046998400895,0.5533450664050207,0.8113484045650325,1.75,1.7452471482889733,0.7142414387037103,1.0856301861243616,7.70525992514814,4.14215938962826,97.80005984838283,93.4387470265884,80.90036545721155,0.0,72.92479607546483,[],334825.1411605257,1410.0270244215878,False
VS06,GI Sheets,3,7012946.82,80.94,80.64,0.29999999999999716,0.0,25146.81500000041,0.0,342799.39212421264,0.09813669092767725,3,2.3333333333333335,78760.91,80374.85,29149.206681150747,0.3700973830946182,0.37064492216456285,100.0,0.4589501278455087,9.813669092767725,0.43275129639308463,0.823990501850067,1.8125,1.9690265486725664,0.42966772475824944,1.3393373707505076,5.441777905596134,4.348862850517769,100.0,91.35541369325507,99.87194638690895,10.872692557151742,79.98137853147135,[],54296.02168115116,774.2254871562131,True
VS06,GI Wire,11,25328008.61,315.35,313.36,1.9900000000000082,0.0,154981.10050000018,0.0,487508.80632082163,0.008646841456328446,10,2.0,87392.02,86817.2,236883.8359077409,2.710588860490247,0.6310448707785027,90.9090909090909,0.8650079335238214,0.8646841456328446,0.5807230739509074,0.7928518581395263,1.84375,1.9775280898876404,0.7234736677057191,0.9750811560699817,1.4752963480266994,3.049089196998296,95.97485934532372,90.3137470265884,80.28488352374428,76.98071851664233,86.83825914450875,[],391864.93640774104,1547.160467455878,False
VS06,HR Coils,5,10488891.67,130.88,130.51999999999998,0.36000000000000654,0.0,32317.869399999618,0.0,848538.8843037738,0.1182859081366526,3,1.0,81088.03,75569.52,26700.406874682823,0.32927679800191006,0.27506112469438154,60.0,0.2522807217299342,11.82859081366526,0.3725381228122896,0.7659538489832981,1.25,1.9323843416370108,0.33218950231791405,1.0275266204297402,7.323617003479219,6.042133537357304,100.0,100.0,100.0,0.0,80.0,[],59018.276274682445,562.6740949521356,False
VS06,Hex Bars,6,16898679.03,179.69,178.59,1.1000000000000032,0.0,110042.98869999894,0.0,1518256.4944562768,0.1286875514877158,3,0.5,95853.965,86985.97,14214.96873223368,0.14829818184603716,0.6121653959597101,50.0,0.08303834584581285,12.86875514877158,0.547551634582659,0.750579496975409,0.9545454545454546,1.728744939271255,0.23261104450948603,0.6783321114707905,8.300522441735943,2.0995196224827377,98.18628863654028,100.0,100.0,0.0,79.45588659096208,[],124257.95743223262,735.3116608205831,False
VS06,MS Flats,17,43872743.87,516.64,514.52,2.1199999999999823,0.0,171742.42429999914,0.0,2922138.367312921,0.08504231619678514,14,1.411764705882353,90309.68,83216.09,271779.3496191693,3.009415487012791,0.4103437596779155,82.3529411764706,0.5848976690921229,8.504231619678514,0.4239054326897978,0.835588215786445,1.4318181818181819,2.006644518272425,0.5456250813225254,1.025137757196309,7.212052431863665,4.231608669949848,100.0,100.0,92.14145594929055,0.0,78.03536398732264,[],443521.77391916845,1010.9278216866824,False
VS06,MS Pipes,5,11088471.53,130.54,129.73999999999998,0.8000000000000045,0.0,64079.80320000058,0.0,1401768.403203286,0.11006393243158821,4,2.0,87652.73,77203.74,30854.74831265527,0.35201126436855157,0.6128389765589126,80.0,0.27132053674159984,11.006393243158822,0.5414270487445552,0.7744255024799029,1.75,1.9185185185185185,0.34170940982374687,1.2470140641608212,6.912518218226002,6.597865126401695,98.59459435908055,93.4387470265884,100.0,0.0,77.93806506437127,[],94934.55151265585,856.1554336484448,False
VS06,MS Rods,7,20078175.76,228.76,228.2,0.5600000000000023,0.0,48342.0018000009,0.0,1682338.0013802685,0.06604361490980847,4,1.4285714285714286,86404.06,86028.785,362176.3827383444,4.191659312517773,0.24479804161566807,57.142857142857146,1.8368358074135729,6.604361490980846,0.33863849133005536,0.788919666446106,1.4583333333333333,1.8925081433224755,1.24319517220204,1.1907554122490775,5.026978866944318,4.23647940347009,100.0,100.0,45.63678322398956,17.78600986801534,69.96639777960047,[],410518.3845383453,2044.6000146895083,False
VS06,MS Sheets,13,16234698.760000002,243.78,242.77,1.0099999999999967,0.0,68352.9026999996,0.0,-5109019.837952512,-0.050292053094777245,9,1.2307692307692308,82476.33,83737.09,13285.650446872758,0.16108440381467942,0.41430798260726753,69.23076923076923,0.06635268106219032,-5.0292053094777245,0.42978218769697035,0.8023629291376927,1.3055555555555556,1.8790035587188612,0.16239312601877465,1.0203835613807282,-2.8492473920413626,3.3331616484574305,100.0,100.0,100.0,100.0,100.0,[],81638.55314687235,502.86460102369244,False
VS06,SS Pipes,11,18140413.45,230.23,228.85,1.3799999999999955,0.0,108638.47190000076,0.0,322130.56353634247,-0.001796407102885133,10,2.0,75118.31,78873.91500000001,12755.48778440581,0.16980530824516432,0.5994005994005974,90.9090909090909,0.0741993918484441,-0.1796407102885133,0.5589676373785974,0.7141696463660475,1.84375,1.8642857142857143,0.17979279530389713,0.9358124398726226,0.7573230095807658,5.667625820953892,97.42522178347772,90.3137470265884,100.0,88.94694082407455,94.59539145650533,[],121393.95968440657,669.1906996442056,False
VS06,SS Sheets,12,24113278.330000002,284.7,282.89,1.8100000000000014,0.0,155020.93700000035,0.0,2109133.5029626684,0.12300818015429531,6,1.0833333333333333,89501.455,81708.9875,32994.284309573144,0.3686452282767151,0.6357569371268007,50.0,0.13031398362498325,12.300818015429531,0.5870093441277997,0.7465648567993546,1.2058823529411764,1.870503597122302,0.213191718707604,1.2767407456151725,9.511943067742369,4.2377431374054195,95.55577466686424,100.0,100.0,0.0,78.66673240005927,[],188015.2213095735,779.716547607127,False
VS06,Spring Steel,11,29513264.15,339.62,338.12,1.4999999999999902,0.0,133110.27429999923,0.0,2456871.887210705,0.12148779083606141,9,1.2727272727272727,84882.18,84814.94,11862.839233418219,0.13975653350819006,0.4416701018785673,81.81818181818181,0.041333412252510957,12.148779083606142,0.4505279203322018,0.804445441279379,1.34375,1.7963636363636364,0.15719743433169311,0.7936961818042867,9.23311161788334,4.334171972882552,100.0,100.0,100.0,0.0,80.0,[],144973.11353341746,491.2134177927502,False
VS06,Square/Rect Tubes,6,21504822.41,253.64,252.97,0.6700000000000053,0.0,56553.36610000115,0.0,2596017.377833581,0.1419854528097181,6,2.3333333333333335,81935.15,77220.85,23890.735405732805,0.29158102970132854,0.2641539189402323,100.0,0.11526308641393389,14.19854528097181,0.3577271925720348,0.7314050445852145,1.9545454545454546,1.7634408602150538,0.25018817572846114,0.9819051603032114,9.02586251384516,4.949009299696743,100.0,86.62056520840659,100.0,0.0,76.65514130210164,[],80444.10150573395,374.0747073936611,False
VS06,Structural Steel,7,18756381.11,223.24,222.34,0.9000000000000092,0.0,82405.02460000105,0.0,1669929.6802849865,0.10877196782912912,7,1.4285714285714286,78488.51,79109.11,45724.156694363555,0.5825586024548506,0.4031535567102711,100.0,0.2620125044773098,10.877196782912913,0.4310125418019071,0.719847459996229,1.4583333333333333,1.7732793522267207,0.32454824548921984,1.472881334942787,7.519466120571358,5.830589040692322,100.0,100.0,100.0,0.0,80.0,[],128129.18129436461,683.1231490921897,False
VS07,Angles & Channels,3,5883334.4799999995,68.78999999999999,68.71,0.08000000000000007,0.0,7644.898399999947,0.0,549238.0096809366,0.11095590810379319,2,1.0,83351.9,82002.05,271427.06636574666,3.256399270631463,0.11629597325192627,66.66666666666667,4.739338190411095,11.095590810379319,0.36586028093012934,0.7113026493123651,1.3237951807228916,1.7416666666666667,1.8490844827140793,1.9498939866506468,2.559149292533071,4.309025190384596,100.0,100.0,5.2441625231869455,58.916502774869464,68.09434118577063,[],279071.9647657466,4743.431904380637,True
VS07,CR Sheets,11,30722096.03,381.01,378.86,2.149999999999995,0.0,164313.68460000004,0.0,176538.01300306464,-0.011831941819444138,10,1.2727272727272727,79256.34,81976.18,6411.415865013409,0.08089467498768438,0.5642896511902561,90.9090909090909,0.0213521287514344,-1.1831941819444138,0.5490737806736296,0.7884562788332824,1.3493975903614457,1.6705426356589148,0.050595919171570455,1.1175594422605428,-1.6142946307663708,2.9946127341416036,98.08481223047558,100.0,100.0,100.0,99.42544366914268,[],170725.10046501344,555.7078537164297,False
VS07,ERW Pipes,8,16190349.75,205.68,204.23,1.4499999999999944,0.0,111551.02079999962,0.0,-1360750.561885112,-0.042645724765975224,5,1.375,92328.18,88907.53,7430.69410822445,0.08048132334271563,0.7049786075456993,62.5,0.03940719940396398,-4.264572476597523,0.6321402452346808,0.8606405037702413,1.4300278035217793,1.8619246861924685,0.06845529890085082,1.0307966997896014,-3.6100121464348898,1.2392765482212764,92.5470479264055,100.0,100.0,100.0,97.76411437792164,[],118981.71490822406,734.8928018570078,False
VS07,Fasteners & Fittings,13,26233458.91,308.3,307.31,0.9900000000000011,0.0,84844.34470000025,0.0,1335592.4110699971,0.14177512221392913,11,2.0,99207.73,82423.1,10249.963385156985,0.10331819289844636,0.3211157963023033,84.61538461538461,0.03362018577281779,14.177512221392913,0.3751388710897332,0.6608902615277615,1.8661311914323961,1.9425287356321839,0.05620687252922112,0.9250530699946431,9.527448932624138,1.8480269950795833,100.0,89.5677073121752,100.0,0.0,77.39192682804381,[],95094.30808515723,362.49245061964734,False
VS07,GI Pipes,10,15258423.72,191.63,190.66,0.9700000000000044,0.0,77400.40580000082,0.0,77325.64081708984,0.04636733115161632,7,1.7,76937.14,81161.555,7950.33895903304,0.1033355146686378,0.5061837916818893,70.0,0.054198843317233715,4.636733115161632,0.5093221496336099,0.8113484045650325,1.6393574297188753,1.7452471482889733,0.0744433149101124,1.0856301861243616,2.2369168707161955,4.14215938962826,100.0,97.1268327026259,100.0,64.28704313848405,92.13911680335329,[],85350.74475903386,559.3680338497892,False
VS07,GI Sheets,11,25359975.009999998,314.67,312.76,1.910000000000002,0.0,156380.9346000005,0.0,27426.679595133435,0.0022330825912364057,9,1.9090909090909092,83309.71,80461.98000000001,7962.284801739555,0.09557451108327655,0.6069850954968703,81.81818181818181,0.03055841894208868,0.22330825912364058,0.5784268986344268,0.823990501850067,1.7868975903614457,1.9690265486725664,0.056925243677645274,1.3393373707505076,-0.6473242025320836,4.348862850517769,96.12793769975578,92.20882734787355,100.0,100.0,96.89058814689511,[],164343.21940174006,648.0417245558638,False
VS07,GI Wire,10,17501635.62,232.1,231.05,1.0499999999999856,0.0,75343.00829999993,0.0,-1371557.0331722258,-0.043022676633457074,6,0.9,81202.10500000001,85680.1175,6511.416532552955,0.08018778001571454,0.4523912106850434,60.0,0.03470581260147783,-4.302267663345708,0.47346042896904594,0.7928518581395263,1.106024096385542,1.9775280898876404,0.06144796109960848,0.9750811560699817,-3.722416981622031,3.049089196998296,100.0,100.0,100.0,100.0,100.0,[],81854.42483255289,467.6958577460824,False
VS07,HR Coils,13,23168375.69,315.07,313.16,1.9099999999999877,0.0,141630.71199999942,0.0,-1242768.4869393692,-0.0164144420173246,9,1.6153846153846154,80530.68,80803.625,6664.467714501571,0.08275687867656863,0.606214492017643,69.23076923076923,0.026426388643686495,-1.6414442017324602,0.581043484661923,0.7659538489832981,1.5883534136546185,1.9323843416370108,0.05101135238040407,1.0275266204297402,-1.8973529285219648,6.042133537357304,95.95349863125602,98.82696657143445,100.0,100.0,98.49279123223542,[],148295.179714501,640.0758590016674,False
VS07,Hex Bars,8,20821764.12,265.36,263.78999999999996,1.5700000000000047,0.0,126758.0356000003,0.0,-1018191.5013242016,-0.007576338329733321,5,0.875,75424.38,85746.47,2560.002200509488,0.033941309169654266,0.5916490804944244,62.5,0.012866791451402355,-0.7576338329733321,0.5623989978185117,0.750579496975409,1.1223354958294718,1.728744939271255,0.0521227401608129,0.6783321114707905,-1.4518960580507723,2.0995196224827377,97.19646442081678,100.0,100.0,100.0,99.15893932624503,[],129318.03780050979,621.0714762458358,False
VS07,MS Flats,12,19751625.77,260.34,259.03,1.3099999999999954,0.0,100284.22329999981,0.0,-893609.9188162404,-0.03362745766343384,7,1.1666666666666667,73770.64,82604.1875,8182.540405661665,0.1109186582312647,0.5031881385879986,58.333333333333336,0.04282077683328754,-3.362745766343384,0.5068383523965434,0.835588215786445,1.2700212615166548,2.006644518272425,0.06403003602816466,1.025137757196309,-3.1274427815878822,4.231608669949848,100.0,100.0,100.0,100.0,100.0,[],108466.76370566148,549.1535986389919,False
VS07,MS Pipes,8,10580517.59,163.85,163.01,0.8399999999999936,0.0,48552.45010000028,0.0,-1582490.7925598854,-0.11546493611912698,7,1.75,63688.73,77331.995,6761.664472183284,0.10616736229758834,0.5126640219713113,87.5,0.06512935543683722,-11.546493611912698,0.5137928079581344,0.7744255024799029,1.66079703429101,1.9185185185185185,0.0842843179980036,1.2470140641608212,-8.09119438355192,6.597865126401695,100.0,96.41217921688808,100.0,100.0,99.10304480422202,[],55314.114572183564,522.7921422715915,False
VS07,MS Rods,13,25439254.9,297.83,296.65,1.1799999999999997,0.0,106005.61339999991,0.0,-218369.93905641366,0.06547039947944126,8,1.1538461538461537,91126.09,83279.38,7352.553345581963,0.08068549134042691,0.3961991740254507,61.53846153846154,0.027198884658832603,6.547039947944127,0.42936575500089524,0.788919666446106,1.255020080321285,1.8925081433224755,0.051569266169120706,1.1907554122490775,4.016552290688903,4.23647940347009,100.0,100.0,100.0,34.6264528056056,86.92529056112113,[],113358.16674558188,445.60332915089384,False
VS07,MS Sheets,7,14290848.68,180.64000000000001,179.93,0.7100000000000026,0.0,55438.50910000055,0.0,-1089095.869107608,-0.06534988976376793,5,1.4285714285714286,77321.5,92384.20000000001,3782.5021143358927,0.04891915074508245,0.3930469441984071,71.42857142857143,0.027187879033558855,-6.534988976376793,0.4441102447561754,0.8023629291376927,1.4658634538152608,1.8790035587188612,0.0637480369761884,1.0203835613807282,-4.879875077125911,3.3331616484574305,100.0,100.0,100.0,100.0,100.0,[],59221.01121433644,414.39814065917636,False
VS07,SS Pipes,5,9904497.959999999,124.37,123.49,0.8799999999999972,0.0,66315.16769999985,0.0,-173968.2055524483,-0.019159459051143257,4,1.4,82941.35,83404.11,4675.621814779696,0.056372627341846934,0.7075661333118897,80.0,0.045649548418371474,-1.9159459051143257,0.6115824994244704,0.7141696463660475,1.4590361445783133,1.8642857142857143,0.08029090325712063,0.9358124398726226,-2.2393307616445015,5.667625820953892,93.91756431375285,100.0,100.0,100.0,98.17526929412585,[],70990.78951477954,716.7530328289304,False
VS07,SS Sheets,9,16484597.6,229.16,227.76,1.4000000000000008,0.0,96563.27330000105,0.0,-2688972.3198926672,-0.10191200384804963,8,2.0,70175.8,87418.56,6689.71583711605,0.09532795973991105,0.6109268633269336,88.88888888888889,0.04185456609585136,-10.191200384804963,0.5768811498305471,0.7465648567993546,1.8278829604130808,1.870503597122302,0.06795374181014366,1.2767407456151725,-7.46674153957986,4.2377431374054195,96.23098762001442,90.84264834615237,100.0,100.0,96.57995837254242,[],103252.9891371171,626.3603858738844,False
VS07,Spring Steel,8,13864612.280000001,165.56,164.94,0.6200000000000063,0.0,48499.061000000685,0.0,319228.2578406965,-0.017226123965230905,7,1.875,69706.78,84882.18,3147.9756460086805,0.0451602504951266,0.3744865909640048,87.5,0.02737980507768073,-1.7226123965230906,0.4287605427228688,0.804445441279379,1.737720111214087,1.7963636363636364,0.0610538254692919,0.7936961818042867,-2.0457290202352394,4.334171972882552,100.0,93.84807665278551,100.0,100.0,98.46201916319637,[],51647.036646009365,372.5097795955774,False
VS07,Square/Rect Tubes,8,19819503.09,209.86,208.73000000000002,1.1300000000000017,0.0,107646.6064999997,0.0,4009467.1518520573,0.20925346916524082,5,1.625,90589.115,80164.355,8077.287767043808,0.08916399908580415,0.5384542075669502,62.5,0.04271738565889146,20.92534691652408,0.5296636914016044,0.7314050445852145,1.5838739573679332,1.7634408602150538,0.07049233659619082,0.9819051603032114,11.891476710870712,4.949009299696743,99.37881818194393,98.97628178099063,100.0,0.0,79.55771589983084,[],115723.8942670435,583.888979161301,False
VS07,Structural Steel,9,18526396.24,211.07999999999998,209.95999999999998,1.1199999999999974,0.0,107084.02760000044,0.0,1849341.9297035448,0.09487113498176171,7,1.8888888888888888,86002.65,82275.86,14383.891368443698,0.16724939718071127,0.530604510138335,77.77777777777777,0.07965774298947956,9.487113498176171,0.5252453513521622,0.719847459996229,1.7564543889845095,1.7732793522267207,0.09225578409890464,1.472881334942787,5.18360309947944,5.830589040692322,99.67337418524008,93.22360072710477,100.0,15.175605992429963,81.24303363583421,[],121467.91896844414,655.6478518266008,False
VS08,Angles & Channels,7,18993814.4,214.06,212.79,1.2699999999999925,0.0,110454.79259999981,0.0,830383.8122530971,0.0522408866936761,5,1.7142857142857142,86739.34,81646.64,24937.307707146425,0.2874970884854142,0.5932916004858416,71.42857142857143,0.13510836434297394,5.22408866936761,0.5493007933926464,0.7113026493123651,1.6164717348927875,1.7416666666666667,0.24589200685630055,1.9498939866506468,2.7719614720697288,4.309025190384596,98.0696780492078,97.88968919682883,100.0,55.369633115925176,89.96725233715458,[],135392.10030714623,712.8220664678405,False
VS08,CR Sheets,8,17267986.47,206.46,205.65,0.809999999999997,0.0,69265.96290000004,0.0,774069.9372096418,0.05980652302615113,7,1.75,85588.935,81114.095,21878.54089457108,0.25562347392885637,0.39232781168264885,87.5,0.12430025476725327,5.980652302615113,0.4290146777516966,0.7884562788332824,1.645973909131804,1.6705426356589148,0.23071904384713965,1.1175594422605428,3.4261642615526444,2.9946127341416036,100.0,96.90628338886161,100.0,44.46625329120991,88.11982150545738,[],91144.50379457112,527.8235766104995,False
VS08,ERW Pipes,7,14147533.77,172.24,171.37,0.8700000000000028,0.0,78076.2338000001,0.0,-873473.5572902393,-0.053142306057161616,6,1.5714285714285714,85316.0,89168.89,19930.27703320341,0.23360538507669615,0.505109150023225,85.71428571428571,0.13631638272550398,-5.314230605716162,0.4978610306227866,0.8606405037702413,1.5331384015594542,1.8619246861924685,0.24659668424610978,1.0307966997896014,-3.375391438395805,1.2392765482212764,100.0,100.0,100.0,100.0,100.0,[],98006.51083320352,692.7462582985835,False
VS08,Fasteners & Fittings,15,25323345.57,346.59,345.13,1.4599999999999964,0.0,99780.63940000033,0.0,-3256613.509828601,-0.06132107264893668,11,1.4666666666666666,66809.05,81162.64,21185.939440144164,0.31711182003252797,0.42124700654952435,73.33333333333333,0.09188184742923768,-6.132107264893668,0.4378636707776865,0.6608902615277615,1.4698830409356725,1.9425287356321839,0.16915866216566772,0.9250530699946431,-4.7643345997070785,1.8480269950795833,100.0,100.0,100.0,100.0,100.0,[],120966.5788401445,477.68798362666143,False
VS08,GI Pipes,3,7115785.22,73.55,73.25,0.3000000000000025,0.0,28997.753199999686,0.0,751254.9813496515,0.235139509433988,3,1.0,99224.95,84560.15,31988.662071989307,0.3223852677374925,0.4078857919782495,100.0,0.44011640646756656,23.5139509433988,0.4577782116557016,0.8113484045650325,1.2997076023391814,1.7452471482889733,0.41566184390968614,1.0856301861243616,8.404596226182484,4.14215938962826,100.0,100.0,100.0,0.0,80.0,[],60986.415271989,857.0581234039691,True
VS08,GI Sheets,7,18630813.490000002,227.39,226.48,0.9100000000000019,0.0,68005.2139000009,0.0,-352277.1079203249,-0.07759361636892237,7,1.7142857142857142,62875.21,83770.24,19029.53747173213,0.3026556487323403,0.40019350015392147,100.0,0.13363460293727494,-7.759361636892237,0.4366602348656929,0.823990501850067,1.6164717348927875,1.9690265486725664,0.24503231270297618,1.3393373707505076,-4.801717873248515,4.348862850517769,100.0,97.88968919682883,100.0,100.0,99.47242229920721,[],87034.75137173303,467.15486373393463,False
VS08,GI Wire,10,17337905.63,210.93,209.72,1.2099999999999906,0.0,98972.13169999994,0.0,728756.1370116442,0.028327427776949837,6,1.3,84661.095,82985.23,392948.26834963466,4.641426718490171,0.5736500260749967,60.0,2.213154071376202,2.8327427776949836,0.545004571870722,0.7928518581395263,1.3598440545808967,1.9775280898876404,1.609099083042454,0.9750811560699817,1.6681563170808873,3.049089196998296,98.35609281733608,100.0,21.24318916796195,73.76638569907253,74.57090227700581,[],491920.4000496346,2837.2538791447714,False
VS08,HR Coils,8,12308343.59,176.09,175.32,0.769999999999996,0.0,46549.834099999396,0.0,-1190801.6483541918,0.06428534801532201,7,2.0,86747.415,81704.1675,25597.423918785247,0.2950799619652672,0.4372763927537032,87.5,0.16830935544448278,6.4285348015322015,0.45667534302619156,0.7659538489832981,1.7998200629779577,1.9323843416370108,0.2578015673408193,1.0275266204297402,3.7017842608862375,6.042133537357304,100.0,91.77807826065649,100.0,39.87258663565002,85.91903689229412,[],72147.25801878465,586.1654534685008,False
VS08,Hex Bars,13,30629583.080000002,339.09000000000003,337.58,1.510000000000006,0.0,137636.44909999997,0.0,1602411.88887068,0.0593084534992101,5,0.8461538461538461,91419.07,87139.975,270430.33963455795,2.958139255130882,0.44530950485122117,38.46153846153846,0.8762779948844368,5.93084534992101,0.4570884377987077,0.750579496975409,1.022092267706303,1.728744939271255,0.7442533036318038,0.6783321114707905,4.099772584902033,2.0995196224827377,100.0,100.0,78.89957446200532,33.23944790205342,81.372783195912,[],408066.7887345579,1332.263608253325,False
VS08,MS Flats,5,18947818.84,196.14999999999998,195.34,0.8099999999999987,0.0,77574.23040000023,0.0,2024281.5493227623,0.08340840843249803,3,1.4,90846.14,89650.73,379917.024736688,4.18198312814048,0.41294927351516636,60.0,2.1408739265590664,8.340840843249802,0.4503314684886696,0.835588215786445,1.4397660818713451,2.006644518272425,1.270931516467012,1.025137757196309,3.8399121195512484,4.231608669949848,100.0,100.0,43.787693606324765,37.570455657899835,73.46101453316115,[],457491.25513668824,2414.479782606409,False
VS08,MS Pipes,9,21926452.759999998,265.56,264.55,1.010000000000007,0.0,78869.92799999937,0.0,1802597.4714753027,0.10127228093507024,6,1.1111111111111112,77636.91,78052.685,24763.52305502251,0.31896585084365814,0.38032836270522924,66.66666666666667,0.12056921218811496,10.127228093507023,0.41868025583270907,0.7744255024799029,1.2426900584795322,1.9185185185185185,0.2207191743977017,1.2470140641608212,6.2742835586304775,6.597865126401695,100.0,100.0,100.0,0.0,80.0,[],103633.45105502188,472.6412073551558,False
VS08,MS Rods,9,17246450.34,224.16,222.83,1.330000000000004,0.0,97816.76060000068,0.0,-1258078.9457287483,-0.053623543012747354,6,1.4444444444444444,63517.39,82258.79999999999,16463.17148301104,0.259191561287563,0.5933261955745913,66.66666666666667,0.11631807265070367,-5.362354301274736,0.5556074341058704,0.788919666446106,1.4569757727652466,1.8925081433224755,0.21798629898079444,1.1907554122490775,-3.6833051237292245,4.23647940347009,97.64923533499285,100.0,100.0,100.0,99.29477060049786,[],114279.93208301172,662.6287139096689,False
VS08,MS Sheets,13,37150530.29,410.69,408.48,2.210000000000006,0.0,195156.2687000006,0.0,5440875.953709991,0.17176901660242494,12,1.9230769230769231,90270.56,82161.405,9834.544317248063,0.10894520115138381,0.5381187757189136,92.3076923076923,0.026670877681008568,17.176901660242493,0.5241173556475968,0.8023629291376927,1.7998700454840804,1.8790035587188612,0.13064816342932783,1.0203835613807282,12.22192436457866,3.3331616484574305,99.74857389887777,91.77641217711906,100.0,0.0,77.86867521394309,[],204990.81301724867,551.7843525168391,False
VS08,SS Pipes,7,18391017.46,223.57,222.48000000000002,1.08999999999999,0.0,92278.37769999955,0.0,1106898.5900703962,0.089875530624665,4,1.1428571428571428,83002.75,76015.43,12289.211320950715,0.1480578814671889,0.4875430513932952,57.142857142857146,0.06654884999424168,8.9875530624665,0.4876141397553275,0.7141696463660475,1.2831384015594542,1.8642857142857143,0.2058989568195401,0.9358124398726226,4.967315701377414,5.667625820953892,100.0,100.0,100.0,18.78039596079709,83.75607919215942,[],104567.58902095025,568.5796843398258,False
VS08,SS Sheets,17,28340525.6,344.74,342.74,2.0000000000000053,0.0,166187.9187999996,0.0,809724.9354058543,0.043676462971278696,11,1.3529411764705883,86436.54,80641.285,221283.91689006097,2.5600737476310482,0.5801473574287884,64.70588235294117,0.7469433820479222,4.36764629712787,0.559139699709103,0.7465648567993546,1.381711855396066,1.870503597122302,0.6683174103040667,1.2767407456151725,3.224768365019875,4.2377431374054195,97.41375096144401,100.0,83.96196735052112,47.822851566756064,84.7791874394147,[],387471.8356900606,1367.2005987428142,False
VS08,Spring Steel,16,33035216.3,408.64,406.44,2.199999999999995,0.0,188006.11549999955,0.0,1442089.6908814001,0.04560700315901202,12,1.875,71504.215,80298.005,10169.645982001093,0.1422244266579403,0.5383711824588868,75.0,0.03499272381112595,4.560700315901202,0.5263098684120502,0.804445441279379,1.7808409913673071,1.7963636363636364,0.12213471965965736,0.7936961818042867,3.317434382556319,4.334171972882552,99.60240638124755,92.41071398101151,100.0,46.27841794114866,87.23908399785687,[],198175.76148200064,599.892428983432,False
VS08,Square/Rect Tubes,9,19761857.91,295.13,293.82,1.3099999999999978,0.0,81995.58460000053,0.0,-5181634.232241443,-0.15893416111208622,6,1.1111111111111112,62230.34,87154.26,18243.956997335612,0.2931682037625958,0.4438721919154263,66.66666666666667,0.09977816478204199,-15.893416111208621,0.45952986032497867,0.7314050445852145,1.2426900584795322,1.7634408602150538,0.20735350106522624,0.9819051603032114,-10.453273430115294,4.949009299696743,100.0,100.0,100.0,100.0,100.0,[],100239.54159733614,507.23743715722395,False
VS08,Structural Steel,8,18846420.73,210.66,209.56,1.1000000000000019,0.0,97631.1834000015,0.0,2307878.04621113,0.04981347439621303,6,1.625,84370.5,81325.0625,43259.10954694824,0.512727903081625,0.5221684230513632,75.0,0.24466878368086706,4.981347439621303,0.5089165924401361,0.719847459996229,1.569050832208727,1.7732793522267207,0.3047919847170558,1.472881334942787,2.811207422787223,5.830589040692322,100.0,99.47038595296416,100.0,54.715533937300265,90.81070327570109,[],140890.29294694972,747.5705597651153,False
VS09,Angles & Channels,6,16563798.31,161.95,161.63,0.3200000000000003,0.0,32208.20889999997,0.0,3861689.6627936913,0.30399306760335937,5,1.3333333333333333,105848.95,81253.945,29228.116225213165,0.2761304313856034,0.19759184933621507,83.33333333333333,0.17084107615269653,30.399306760335936,0.31262125144331365,0.7113026493123651,1.4228187919463087,1.7416666666666667,0.2412684881705581,1.9498939866506468,18.054555683035566,4.309025190384596,100.0,100.0,100.0,0.0,80.0,[],61436.32512521313,370.90722777107476,False
VS09,CR Sheets,5,3019704.21,43.28,42.97,0.3099999999999983,0.0,20924.56359999976,0.0,-608074.1278657371,-0.14613445556114105,4,1.8,81044.3,90101.56,24520.298995225083,0.30255426964296167,0.7162661737523066,80.0,0.7041058171816655,-14.613445556114105,0.5834613538620693,0.7884562788332824,1.6651006711409395,1.6705426356589148,0.5149435998868287,1.1175594422605428,-5.686295582919491,2.9946127341416036,95.79230735124627,96.26872465522376,94.18688804500364,100.0,96.35159538043072,[],45444.86259522484,1504.9441744900187,False
VS09,ERW Pipes,9,23077968.11,246.49,245.36,1.1299999999999972,0.0,111025.74619999994,0.0,2313713.3812240046,0.1287577328762072,6,1.6666666666666667,96504.32,89168.89,22422.8181429739,0.23235040817834787,0.4584364477260729,66.66666666666667,0.09469775357774203,12.87577328762072,0.4556579070995582,0.8606405037702413,1.6179290508149566,1.8619246861924685,0.17722762108283127,1.0307966997896014,9.434730824283006,1.2392765482212764,100.0,97.84111199942319,100.0,0.0,79.4602779998558,[],133448.56434297384,578.2509261946191,False
VS09,Fasteners & Fittings,8,19321031.47,229.4,228.21,1.1900000000000066,0.0,117940.46279999951,0.0,-213263.9607696071,-0.023261233647273893,6,1.75,79686.76000000001,85833.4,24763.49172194108,0.3107604289839502,0.5187445510026184,75.0,0.1361730112545244,-2.3261233647273896,0.49255685214462364,0.6608902615277615,1.6654620547237995,1.9425287356321839,0.20909930792278117,0.9250530699946431,-0.1849780743418082,1.8480269950795833,100.0,96.25667853579509,100.0,100.0,99.06416963394878,[],142703.95452194058,738.5938724002327,False
VS09,GI Pipes,3,5087034.36,69.6,69.13,0.47000000000000064,0.0,29359.373000000254,0.0,-521083.48574277223,-0.09453708324634062,3,2.0,53635.76,84097.09,15959.27913209309,0.29754923081341794,0.67528735632184,100.0,0.43041983337685225,-9.453708324634063,0.534893092353085,0.8113484045650325,1.7063758389261745,1.7452471482889733,0.36502080163631456,1.0856301861243616,-1.519606627815822,4.14215938962826,99.03019145184521,94.89288572904925,100.0,100.0,98.43227886781588,[],45318.652132093346,890.8658547392502,True
VS09,GI Sheets,9,22120164.83,261.15,259.87,1.279999999999995,0.0,102166.1978999998,0.0,1693020.4595728156,0.15958398299023666,8,1.6666666666666667,100040.45,88414.91500000001,27954.63863914089,0.2794333555990691,0.49013976641776563,88.88888888888889,0.10752813160390547,15.958398299023665,0.4760386119727893,0.823990501850067,1.6179290508149566,1.9690265486725664,0.18547572124250777,1.3393373707505076,11.416418331613471,4.348862850517769,100.0,97.84111199942319,100.0,0.0,79.4602779998558,[],130120.83653914068,588.2453297213549,False
VS09,GI Wire,8,18605191.919999998,195.55,195.13000000000002,0.41999999999999305,0.0,38454.82389999878,0.0,2445304.7123372015,0.10395064716603358,6,1.75,90984.14,87872.82,20727.650217591858,0.22781608110591425,0.21477882894400052,75.0,0.1167509255911004,10.395064716603358,0.3055010231854741,0.7928518581395263,1.6654620547237995,1.9775280898876404,0.19714725520682788,0.9750811560699817,7.643445360323266,3.049089196998296,100.0,96.25667853579509,100.0,0.0,79.06416963394878,[],59182.47411759064,318.0965526830784,False
VS09,HR Coils,10,18293730.38,241.27,240.27,0.9999999999999973,0.0,78908.90710000042,0.0,196432.0094511149,0.01800175389184209,9,2.3,71518.78,77244.5125,18909.169406205394,0.2643944626321282,0.41447341153064915,90.0,0.11004056379578316,1.800175389184209,0.4265344523443767,0.7659538489832981,2.043400447427293,1.9323843416370108,0.18195417006118608,1.0275266204297402,2.28040172288118,6.042133537357304,100.0,83.6587321123453,100.0,63.56229560240099,88.62714214856652,[],97818.0765062058,534.7082004288609,False
VS09,Hex Bars,13,24716558.06,314.24,312.6,1.6399999999999952,0.0,120992.56380000012,0.0,-1911068.789534323,-0.038434210022588684,10,1.3076923076923077,80157.26,85164.79,8192.386525545468,0.10220392420531177,0.5218940936863529,76.92307692307692,0.03269479341180798,-3.8434210022588684,0.5021058826545415,0.750579496975409,1.3695003728560775,1.728744939271255,0.11410773485074796,0.6783321114707905,-1.875566726554982,2.0995196224827377,100.0,100.0,100.0,100.0,100.0,[],129184.9503255456,522.6656155438238,False
VS09,MS Flats,10,27036666.619999997,283.86,282.68,1.1799999999999962,0.0,109511.96930000099,0.0,3372356.569086097,0.07690903165945584,8,1.3,89510.765,86277.69,28433.29334599812,0.3176522214506615,0.41569787923624185,80.0,0.11237166458563093,7.690903165945584,0.42735076414810524,0.835588215786445,1.3767337807606264,2.006644518272425,0.18350823725441792,1.025137757196309,6.20755357405543,4.231608669949848,100.0,100.0,100.0,0.0,80.0,[],137945.26264599912,510.2154958109963,False
VS09,MS Pipes,9,22667465.04,297.96,296.52,1.4400000000000013,0.0,112563.3451999994,0.0,449953.87819337146,0.0779468627368261,8,1.3333333333333333,80211.52,77432.20000000001,22789.185685222918,0.28411362464173373,0.48328634716069313,88.88888888888889,0.09581600723112564,7.79468627368261,0.47163284245038556,0.7744255024799029,1.4036433365292424,1.9185185185185185,0.177946498431435,1.2470140641608212,6.168317743894221,6.597865126401695,100.0,100.0,100.0,0.0,80.0,[],135352.5308852223,597.1224865523045,False
VS09,MS Rods,10,14926921.61,188.43,188.06,0.3700000000000032,0.0,32701.334999999788,0.0,-417837.7965343758,-0.025319057389874326,9,1.2,77965.63500000001,84956.685,19194.63246635427,0.24619349879410676,0.1963593907551893,90.0,0.1309122082282818,-2.5319057389874327,0.2811251051607368,0.788919666446106,1.3100671140939597,1.8925081433224755,0.19586859968285186,1.1907554122490775,-0.6076523625665812,4.23647940347009,100.0,100.0,100.0,100.0,100.0,[],51895.96746635406,347.6669123229492,False
VS09,MS Sheets,5,8255176.25,120.05000000000001,119.66999999999999,0.380000000000007,0.0,26016.052600000286,0.0,-1980266.2628364416,-0.1067283900250012,5,2.0,78846.85,84617.63,11831.522327844723,0.15005700706933406,0.31653477717618234,100.0,0.1253923348118443,-10.67283900250012,0.3835956555740071,0.8023629291376927,1.7651006711409394,1.8790035587188612,0.22558685870191814,1.0203835613807282,-3.7159923061124993,3.3331616484574305,100.0,92.93539132189042,100.0,100.0,98.2338478304726,[],37847.57492784501,458.4708282617832,False
VS09,SS Pipes,13,24669003.86,278.3,276.81,1.4899999999999913,0.0,131817.6897000001,0.0,1149177.585547145,0.15061170701539328,11,1.8461538461538463,102017.93,85324.15,16456.06717662535,0.16130563692701227,0.535393460294643,84.61538461538461,0.05827305260901422,15.061170701539329,0.5118554252049733,0.7141696463660475,1.7583892617449663,1.8642857142857143,0.13258092204873026,0.9358124398726226,11.777749503965937,5.667625820953892,100.0,93.15910496842287,100.0,0.0,78.28977624210572,[],148273.75687662547,601.0528747658377,False
VS09,SS Sheets,8,14600638.629999999,166.22,165.26,0.9600000000000097,0.0,82639.12260000047,0.0,1001001.3159550749,0.08319013496899769,8,1.5,86379.595,80915.5,24925.239038033124,0.2885547106123052,0.5775478281795269,100.0,0.1746065052718778,8.31901349689977,0.5287434842534904,0.7465648567993546,1.5116159008776457,1.870503597122302,0.23275068885653707,1.2767407456151725,6.365875378967213,4.2377431374054195,99.44016532515153,100.0,100.0,0.0,79.83204959754545,[],107564.36163803359,736.7099779938434,False
VS09,Spring Steel,8,19596398.78,220.98,219.92000000000002,1.0600000000000014,0.0,99710.36379999976,0.0,3222816.825897814,0.1683203596848225,3,0.5,89275.39,77387.17249999999,265750.04535080184,2.9767447148738513,0.47968141913295387,37.5,1.3535579823908017,16.832035968482252,0.46851800176329156,0.804445441279379,0.8962312854930304,1.7963636363636364,0.9582592901604902,0.7936961818042867,11.604658438402586,4.334171972882552,100.0,100.0,64.63250869342623,0.0,71.15812717335656,[],365460.4091508016,1864.936579693351,False
VS09,Square/Rect Tubes,5,12251296.28,147.7,146.95999999999998,0.7400000000000091,0.0,69966.06590000028,0.0,586238.2188794783,0.10538954427720108,5,1.6,82352.03,79509.11,382038.0576653036,4.639084885525027,0.5010155721056258,100.0,3.1566990239010804,10.538954427720109,0.47583605303872883,0.7314050445852145,1.5651006711409396,1.7634408602150538,1.7412402032465362,0.9819051603032114,6.889904408997614,4.949009299696743,100.0,99.60205798855709,12.433781154356483,0.0,58.00895978572839,[],452004.12356530386,3689.439168189832,False
VS09,Structural Steel,10,18124527.740000002,183.8,182.73,1.0699999999999958,0.0,101653.92069999983,0.0,3941611.690644592,0.20924030602599056,7,1.2,92931.595,78863.2625,44726.10242077904,0.4812798319105471,0.5821545157780174,70.0,0.263383041597191,20.924030602599057,0.5383218551759554,0.719847459996229,1.3100671140939597,1.7732793522267207,0.28418248859545797,1.472881334942787,15.029638531824412,5.830589040692322,98.80160726365386,100.0,100.0,0.0,79.64048217909615,[],146380.02312077887,807.6349641801969,False
VS10,Angles & Channels,7,15228357.68,200.83,199.39000000000001,1.4400000000000048,0.0,112398.89269999985,0.0,-2208482.5129414233,0.015525764750896376,5,1.1428571428571428,81207.83,83981.43,35427.854232604936,0.4362615554756843,0.7170243489518522,71.42857142857143,0.21879811197937923,1.5525764750896376,0.6451301875492431,0.7113026493123651,1.2986577181208052,1.7416666666666667,0.294790066612251,1.9498939866506468,1.1943366598878347,4.309025190384596,91.68105177210134,100.0,100.0,81.66337998562341,93.83699152875508,[],147826.7469326048,970.7333518095089,False
VS10,CR Sheets,9,15854982.620000001,169.16,168.28,0.8799999999999968,0.0,77083.53840000054,0.0,1547598.5497767436,0.12051891854789469,7,1.1111111111111112,98457.76,80444.78,41133.25720229927,0.4177756756024032,0.5202175455190333,77.77777777777777,0.2482622270040428,12.051891854789469,0.5288821226856609,0.7884562788332824,1.255992329817833,1.6705426356589148,0.30287528989483875,1.1175594422605428,7.995073663295128,2.9946127341416036,99.43092276300682,100.0,100.0,0.0,79.82927682890204,[],118216.79560229981,745.6128993366239,False
VS10,ERW Pipes,6,12235992.22,139.82,139.17,0.6500000000000057,0.0,62015.75650000022,0.0,333227.40698940936,0.03664876001187353,3,1.1666666666666667,88296.47,90586.505,32337.626227180488,0.36623917385576665,0.46488342154198664,50.0,0.26315957020605496,3.6648760011873533,0.5010629397436248,0.8606405037702413,1.3258084197681512,1.8619246861924685,0.32589558515706246,1.0307966997896014,2.313932781831879,1.2392765482212764,100.0,100.0,100.0,63.003444619889336,92.60068892397787,[],94353.38272718071,771.1134579912368,False
VS10,Fasteners & Fittings,11,23858955.71,295.15,293.65,1.4999999999999951,0.0,119057.99829999878,0.0,-563725.7149611901,-0.059539562295562704,7,1.2727272727272727,78877.36,86221.745,111375.6326207477,1.4120101461401307,0.5082161612739269,63.63636363636363,0.4808479980044716,-5.953956229556271,0.5195480988713218,0.6608902615277615,1.348993288590604,1.9425287356321839,0.4559513745962841,0.9250530699946431,-3.8768446207557763,1.8480269950795833,100.0,100.0,98.11970306437328,100.0,99.52992576609333,[],230433.63092074648,965.8160806433152,False
VS10,GI Pipes,8,14277835.77,159.28,158.18,1.1000000000000076,0.0,95065.93360000034,0.0,1800370.914621921,0.07501456374671744,7,1.875,83073.34,80503.38750000001,40308.43746478289,0.48521508181545236,0.6906077348066346,87.5,0.3067486925119815,7.501456374671744,0.6344041297216176,0.8113484045650325,1.7372225090345894,1.7452471482889733,0.34306796581440074,1.0856301861243616,4.882742737723116,4.14215938962826,92.39612229394304,93.8646633921021,100.0,20.189945355035377,80.2229916072155,[],135374.37106478322,948.1434948931566,False
VS10,GI Sheets,7,16592933.65,191.65,190.65,1.0000000000000036,0.0,86549.45649999916,0.0,2572993.701852384,0.15772147668251155,5,1.2857142857142858,79124.32,78760.91,35137.98717770327,0.4440858029200537,0.5217845030002627,71.42857142857143,0.2329324956307651,15.772147668251154,0.531240277410816,0.823990501850067,1.3819910514541387,1.9690265486725664,0.30303512374222613,1.3393373707505076,9.489086522565387,4.348862850517769,99.27371244799649,100.0,100.0,0.0,79.78211373439895,[],121687.44367770242,733.3690729107593,False
VS10,GI Wire,8,15386861.459999999,182.36,180.99,1.3700000000000028,0.0,115657.45260000048,0.0,-31348.682464544545,-0.027012876549057624,6,1.125,79747.95499999999,87622.73,26479.954987846944,0.3320455676618535,0.7512612415003305,75.0,0.1834607258201301,-2.7012876549057623,0.671729364610046,0.7928518581395263,1.275684047496128,1.9775280898876404,0.2671984478501845,0.9750811560699817,-1.3958689727861189,3.049089196998296,89.90777330138116,100.0,100.0,100.0,96.97233199041435,[],142137.40758784744,923.7582853225186,False
VS10,HR Coils,9,24243868.93,278.98,277.35,1.6300000000000012,0.0,137615.92289999925,0.0,3073830.5369426752,0.1898899627430721,6,1.2222222222222223,92040.08,77747.015,40659.601399872816,0.4417597355399171,0.5842712739264467,66.66666666666667,0.15927879413734164,18.98899627430721,0.5700595195189981,0.7659538489832981,1.3274209012464044,1.9323843416370108,0.24567165448053088,1.0275266204297402,12.454640790127957,6.042133537357304,96.68576297411768,100.0,100.0,0.0,79.00572889223531,[],178275.52429987205,735.3427161919244,False
VS10,Hex Bars,3,7952698.35,83.26,82.93,0.33000000000000185,0.0,29034.89680000022,0.0,815372.9090017511,0.11136396034340533,3,1.0,89482.36,85630.59,16779.650764192025,0.18751909051339308,0.3963487869325028,100.0,0.22611731642758115,11.136396034340533,0.4889297710906827,0.750579496975409,1.322986577181208,1.728744939271255,0.33553074559676266,0.6783321114707905,4.609149087006019,2.0995196224827377,100.0,100.0,100.0,24.749839533653674,84.94996790673073,[],45814.547564192246,576.088084168215,True
VS10,MS Flats,5,16125012.66,162.76,161.75,1.0099999999999891,0.0,95356.88559999946,0.0,3380657.436900493,0.2382838526964574,3,1.4,105199.83,82299.18,420323.07791348756,3.995472976652981,0.6205455885967002,60.0,2.4701533085953518,23.82838526964574,0.5825119750911454,0.835588215786445,1.4583892617449663,2.006644518272425,1.4356660558468115,1.025137757196309,12.260593094125525,4.231608669949848,95.85559926930786,100.0,32.8053909810048,0.0,61.95802752604356,[],515679.963513487,3198.012766791136,False
VS10,MS Pipes,9,14636264.100000001,176.08,175.06,1.0200000000000031,0.0,80193.55660000106,0.0,951188.6673161259,0.10918357030949796,8,1.6666666666666667,74894.53,79671.62,33477.270755316786,0.4469922003024358,0.5792821444797837,88.88888888888889,0.2553365704915091,10.918357030949796,0.5668522220175719,0.7744255024799029,1.6131351869606902,1.9185185185185185,0.3074230821367814,1.2470140641608212,7.26637270511248,6.597865126401695,96.8995828075461,98.00090746123206,100.0,0.0,78.57010170757184,[],113670.82735531784,776.6382635533191,False
VS10,MS Rods,12,16306975.8,220.26999999999998,219.0,1.2699999999999885,0.0,92574.98839999997,0.0,-2386715.4320372012,-0.11051512605795628,8,1.4166666666666667,76750.005,88110.89,271782.3172435517,3.5411374532620776,0.5765651246197796,66.66666666666667,1.6169577412155607,-11.051512605795628,0.5671278413744298,0.788919666446106,1.4461113304382156,1.8925081433224755,1.2593757005928286,1.1907554122490775,-7.5973027456777045,4.23647940347009,96.88120818375556,100.0,44.55808133127033,100.0,85.20388278794425,[],364357.3056435517,2234.364667687504,False
VS10,MS Sheets,9,10496939.6,139.65,139.14,0.5099999999999989,0.0,38393.50420000008,0.0,-976097.4681117923,-0.01304602889084498,8,2.2222222222222223,84922.89,85099.04,19255.796240213458,0.22674447655059146,0.3651987110633719,88.88888888888889,0.16296138892524903,-1.304602889084498,0.42922715767845,0.8023629291376927,1.9702780441035475,1.8790035587188612,0.24803903684418563,1.0203835613807282,-0.5912443863381378,3.3331616484574305,100.0,86.09614555647016,100.0,100.0,96.52403638911754,[],57649.30044021354,549.2010303671133,False
VS10,SS Pipes,8,19321615.86,212.59,211.51999999999998,1.0700000000000038,0.0,92511.50230000133,0.0,2595725.6837528106,0.14955628936285428,7,2.5,100876.88,82285.0025,26021.666188149826,0.2579547086324421,0.5033162425325762,87.5,0.1219528690584541,14.955628936285429,0.5191478267837356,0.7141696463660475,2.121837893649974,1.8642857142857143,0.2293474590737685,0.9358124398726226,9.469925852562307,5.667625820953892,100.0,81.04415057158927,100.0,0.0,75.26103764289732,[],118533.16848815116,613.4744078705183,False
VS10,SS Sheets,11,24612558.62,335.65,333.69,1.960000000000012,0.0,140919.8083999997,0.0,-1693108.3740523874,-0.03042153133581905,10,1.8181818181818181,66525.42,80209.9,25680.900581776965,0.3860313934399357,0.5839416058394197,90.9090909090909,0.11568563440316931,-3.042153133581905,0.571609342010098,0.7465648567993546,1.723993288590604,1.870503597122302,0.20490224962038875,1.2767407456151725,-1.8749799922734,4.2377431374054195,96.58244147471102,94.30563740690161,100.0,100.0,97.55114179413872,[],166600.70898177667,676.8930916690556,False
VS10,Spring Steel,8,21719990.41,271.62,270.44,1.179999999999998,0.0,83749.1332000012,0.0,-288526.6351380604,-0.030556439617641006,6,1.375,79782.64,84700.34,15362.86025627041,0.1925589358320358,0.4344304543111693,75.0,0.0712020913444889,-3.0556439617641007,0.47675657249363906,0.804445441279379,1.4295302013422817,1.7963636363636364,0.1981162112497899,0.7936961818042867,-1.6139343923912504,4.334171972882552,100.0,100.0,100.0,100.0,100.0,[],99111.99345627162,456.3169300969854,False
VS10,Square/Rect Tubes,11,25537858.150000002,283.89,282.57,1.3200000000000003,0.0,119703.79770000058,0.0,2746709.9954424147,0.10995505006566843,9,1.5454545454545454,95637.93,84792.12,39021.376813788556,0.4080115160772359,0.4649688259537146,81.81818181818181,0.14439307643317972,10.995505006566843,0.4898155558386758,0.7314050445852145,1.536493288590604,1.7634408602150538,0.22463861601602092,0.9819051603032114,7.775909979078865,4.949009299696743,100.0,100.0,100.0,0.0,80.0,[],158725.17451378913,621.5289222044219,False
VS10,Structural Steel,8,17302929.46,192.28,191.4,0.8799999999999994,0.0,72327.04850000114,0.0,1492450.1029807436,0.022419629639176687,7,1.625,72329.73,85952.26250000001,55415.23528177824,0.7661474096720428,0.4576659038901599,87.5,0.4002860029634497,2.241962963917669,0.4910553106960948,0.719847459996229,1.5833763551884357,1.7732793522267207,0.40062938763068884,1.472881334942787,1.6461314080283,5.830589040692322,100.0,98.99286852030723,100.0,74.13346751661565,94.57491063339994,[],127742.28378177938,738.2696905578171,False
VS11,Angles & Channels,7,12307284.54,141.06,140.49,0.5700000000000021,0.0,48246.04239999945,0.0,943231.1779673153,0.17722293613293166,5,1.4285714285714286,102953.32,83351.9,61304.408171052724,0.5954582928559538,0.40408336877924433,71.42857142857143,0.4238438983955824,17.722293613293168,0.44228477663782334,0.7113026493123651,1.5042892156862744,1.7416666666666667,0.6187904533033607,1.9498939866506468,11.312167873164185,4.309025190384596,100.0,100.0,87.26376448390153,0.0,76.81594112097538,[],109550.45057105218,890.1269017954484,False
VS11,CR Sheets,6,11873008.620000001,159.53,158.85,0.6800000000000042,0.0,44873.06150000048,0.0,-2287143.2535581696,-0.16056418059111197,5,2.0,71710.94,86890.00749999999,280005.1430684675,3.904636350722323,0.42625211558954684,83.33333333333333,2.4580650618333793,-16.056418059111195,0.45784967561240464,0.7884562788332824,1.8228609625668448,1.6705426356589148,1.7460880474428662,1.1175594422605428,-7.695322651795374,2.9946127341416036,100.0,91.01004827436024,12.110591541267812,100.0,75.78015995390702,[],324878.204568468,2736.275319645712,False
VS11,ERW Pipes,9,17422009.939999998,190.60000000000002,189.35,1.250000000000004,0.0,119132.88270000057,0.0,1786355.7147681355,0.10402636902763662,8,1.6666666666666667,90262.75,84318.07,487870.37223900954,5.4050023098012145,0.6558237145855215,88.88888888888889,2.8545034643787774,10.402636902763662,0.5986605121049189,0.8606405037702413,1.646533613445378,1.8619246861924685,2.153507809305732,1.0307966997896014,7.5224065221279295,1.2392765482212764,94.7790301350563,96.88762657840914,0.0,0.0,52.65561568511917,"[""quality_rejection""]",607003.2549390101,3484.1172575924397,False
VS11,Fasteners & Fittings,8,16864359.58,213.62,212.49,1.1299999999999963,0.0,91475.31069999939,0.0,-138848.53142422508,0.004962130758885529,7,2.0,79119.58,82686.755,55896.320266970186,0.7064789811443662,0.5289766875760679,87.5,0.33247634295466433,0.49621307588855296,0.5162036337544395,0.6608902615277615,1.8501131221719456,1.9425287356321839,0.5475683765006589,0.9250530699946431,1.2045895224635754,1.8480269950795833,100.0,90.10164295419023,92.01190293741497,81.4924989426944,91.82688626144017,[],147371.6309669696,873.8643781157423,False
VS11,GI Pipes,13,17089112.92,246.55,245.59,0.9600000000000071,0.0,66260.24170000007,0.0,-1459564.4868264922,-0.016187358150493117,9,1.3846153846153846,67913.19,77966.54,41012.120763870844,0.6038903600886786,0.3893733522612075,69.23076923076923,0.2458937090633489,-1.6187358150493116,0.4189270731997149,0.8113484045650325,1.4473039215686274,1.7452471482889733,0.42528868714971035,1.0856301861243616,-0.5196448005957219,4.14215938962826,100.0,100.0,100.0,100.0,100.0,[],107272.36246387092,627.7234106067976,False
VS11,GI Sheets,2,5838595.640000001,63.21,62.76,0.45000000000000284,0.0,42881.81840000022,0.0,862434.4338191397,0.19736134914746925,2,2.0,87599.9,75959.6525,61154.78698647185,0.6981148036295916,0.7119126720455669,100.0,1.1123562836672907,19.736134914746923,0.557522726041472,0.823990501850067,1.7216386554621848,1.9690265486725664,0.9547558168865475,1.3393373707505076,7.308889859201701,4.348862850517769,97.52154920595275,94.38412517784892,64.86607357835572,0.0,69.06901445083699,[],104036.60538647207,1781.877215022756,True
VS11,GI Wire,8,14334276.45,154.23,153.43,0.8000000000000025,0.0,75275.4368999998,0.0,1748828.1681011256,0.216279647801121,7,1.125,101951.14,85354.36,48113.79103028666,0.47192989730459767,0.5187058289567545,87.5,0.3075864546077023,21.627964780112098,0.5098831053733236,0.7928518581395263,1.3116515837104072,1.9775280898876404,0.5322515221332977,0.9750811560699817,14.208744417370372,3.049089196998296,100.0,100.0,93.03302656190571,0.0,78.25825664047643,[],123389.22793028646,860.7984390470331,False
VS11,HR Coils,6,10715081.09,135.56,134.76,0.7999999999999949,0.0,59625.1464000002,0.0,558668.7592694408,0.08351886449775081,6,2.1666666666666665,79096.93,77515.105,45255.19095987752,0.5721485139799677,0.590144585423425,100.0,0.4245685025081387,8.351886449775082,0.5472455682490655,0.7659538489832981,1.9137700534759359,1.9323843416370108,0.636908105992735,1.0275266204297402,5.618297989415323,6.042133537357304,98.20669305877986,87.97974524405721,86.05592097127656,7.930691160165271,74.55706270350045,[],104880.33735987771,978.810486630463,False
VS11,Hex Bars,9,25884582.9,273.78,271.88,1.9000000000000186,0.0,175649.2015000005,0.0,2334100.032724304,0.11196519924565698,7,1.0,87243.55,89482.36,19926.20445319732,0.22839745119492866,0.6939878734750597,77.77777777777777,0.08400671295973541,11.196519924565699,0.6231946142481934,0.750579496975409,1.2179621848739495,1.728744939271255,0.3724741833934907,0.6783321114707905,8.032759893286382,2.0995196224827377,93.14342332550466,100.0,100.0,0.0,77.9430269976514,[],195575.4059531978,755.5671524967776,False
VS11,MS Flats,9,18938858.85,194.41,193.59,0.819999999999995,0.0,77358.48379999981,0.0,3319122.6338175437,0.18100183829641117,7,1.4444444444444444,94199.1,79160.495,65461.9286955865,0.6949315725477897,0.4217890026233192,77.77777777777777,0.3589708004275994,18.100183829641118,0.44820962584350305,0.835588215786445,1.5036764705882353,2.006644518272425,0.5492368110514033,1.025137757196309,12.470829546549151,4.231608669949848,100.0,100.0,91.90067396736535,0.0,77.97516849184134,[],142820.41249558632,754.1130837224985,False
VS11,MS Pipes,10,17096865.53,200.97,199.86,1.1099999999999919,0.0,95212.9311999997,0.0,1902114.349646122,0.20753356579898502,7,1.5,94968.72,76256.695,523039.7476612926,5.507494969515148,0.5523212419764104,70.0,2.7556764582783684,20.7533565798985,0.5334697438642183,0.7744255024799029,1.5367647058823528,1.9185185185185185,2.1343561822436627,1.2470140641608212,14.614901665593539,6.597865126401695,99.12508135110299,100.0,0.0,0.0,54.737524405330895,[],618252.6788612923,3616.1755953244156,False
VS11,MS Rods,13,24498973.810000002,317.5,315.88,1.6199999999999957,0.0,119428.76350000035,0.0,-523.1162662728457,-0.04658789987737607,9,1.4615384615384615,67597.05,78204.08,37909.89995281829,0.5608218103129987,0.5102362204724396,69.23076923076923,0.1775426776981761,-4.658789987737607,0.5062169224633825,0.788919666446106,1.502859477124183,1.8925081433224755,0.3759240533859745,1.1907554122490775,-2.715239480870602,4.23647940347009,100.0,100.0,100.0,100.0,100.0,[],157338.66345281864,642.2255261507977,False
VS11,MS Sheets,3,4196687.720000001,51.19,50.96,0.2300000000000022,0.0,20298.97480000026,0.0,280553.80481162027,0.09726536532872691,2,1.0,71149.98,79645.78,80145.79589127688,1.126434552634827,0.44930650517679666,66.66666666666667,2.2104288709474624,9.726536532872691,0.478344156716195,0.8023629291376927,1.3814338235294117,1.8790035587188612,1.3862330954642048,1.0203835613807282,5.108696097942016,3.3331616484574305,100.0,100.0,36.100921673178576,16.4240560180537,67.31004162190538,[],100444.77069127714,2393.4297091630424,True
VS11,SS Pipes,11,29625527.490000002,379.31,377.82,1.4899999999999984,0.0,113033.31490000128,0.0,-1513773.0070500798,-0.01937083074812592,11,1.8181818181818181,77543.22,84749.935,23896.803135535087,0.3081739852373307,0.39281853892594404,100.0,0.08156635044130292,-1.937083074812592,0.4249898541490347,0.7141696463660475,1.7532169117647058,1.8642857142857143,0.334738000357849,0.9358124398726226,-0.6011221648762785,5.667625820953892,100.0,93.33151663443154,100.0,100.0,98.33287915860788,[],136930.11803553638,462.20313910615323,False
VS11,SS Sheets,7,11862424.92,148.51,147.79999999999998,0.7100000000000035,0.0,55954.52119999961,0.0,279616.3358610571,-0.013455938378482484,6,1.5714285714285714,77699.33,80641.285,401039.72885686887,5.1614309783220635,0.47808228402128045,85.71428571428571,3.4921725157794747,-1.3455938378482484,0.4854508105290111,0.7465648567993546,1.5876225490196079,1.870503597122302,2.4086488134439645,1.2767407456151725,0.1892335266650266,4.2377431374054195,100.0,98.85132872593482,0.0,98.4150988726702,74.39585195601775,[],456994.2500568685,3852.4522021326184,False
VS11,Spring Steel,4,13412831.61,149.37,148.75,0.6199999999999903,0.0,57116.65649999911,0.0,1524018.4640537046,0.12181436851507357,4,2.75,91113.91,86656.56,29637.863203782257,0.325283627974941,0.41507665528552606,100.0,0.21867806922685107,12.181436851507357,0.4599044843712527,0.804445441279379,2.116830065359477,1.7963636363636364,0.5925878253087395,0.7936961818042867,6.712856287883054,4.334171972882552,100.0,81.2110781812725,89.0106063502096,0.0,72.55542113287052,[],86754.51970378136,646.8024219367752,True
VS11,Square/Rect Tubes,7,7117541.97,107.63,107.36,0.26999999999999424,0.0,21022.792499999763,0.0,-1153579.703724739,-0.0009083400119797977,6,1.8571428571428572,77547.01,79509.11,48258.64990328338,0.6223147727202297,0.25085942581064224,85.71428571428571,0.579652359091123,-0.09083400119797977,0.35290414323947217,0.7314050445852145,1.7542892156862744,1.7634408602150538,0.7096787220424261,0.9819051603032114,0.9211767647110166,4.949009299696743,100.0,93.29577317037926,81.20454656796382,86.21604490523704,90.86828891563319,[],69281.44240328314,973.3900087319493,False
VS11,Structural Steel,4,7622061.4,96.25999999999999,95.69,0.5700000000000038,0.0,49590.838000000454,0.0,-259671.64055700134,-0.11545347310537754,3,2.0,63733.435,86551.61,70561.92114843606,1.107141348154796,0.5921462705173529,75.0,1.1570084106539829,-11.545347310537753,0.5386020911409535,0.719847459996229,1.7834967320261437,1.7732793522267207,1.009623532609687,1.472881334942787,-3.8323811174703284,5.830589040692322,98.78292486598733,92.32218929238361,61.20822586347976,100.0,88.01748124876204,[],120152.75914843651,1576.381412362232,True
VS12,Angles & Channels,4,8313285.07,91.80000000000001,88.55000000000001,3.249999999999997,1.6400000000000001,295914.84859999956,169736.9522,1032006.9196269684,0.08742056637323724,4,5.75,85047.84,81486.91,1453498.7678890293,17.09036664410324,3.540305010893243,100.0,21.152305639868143,8.742056637323724,3.5641085210619914,0.7113026493123651,5.3824640967498105,1.7416666666666667,13.447221336591525,1.9498939866506468,3.830518834882275,4.309025190384596,0.0,0.0,0.0,37.72701040238273,7.5454020804765465,"[""short_delivery"", ""late_delivery"", ""quality_rejection""]",1919150.568689029,23085.345354204594,True
VS12,CR Sheets,6,8823151.379999999,101.24,98.01,3.2300000000000013,2.16,283914.72520000016,191930.4345,1156730.0197394835,0.15978068888464744,6,4.833333333333333,91360.23000000001,81210.705,758646.0870653371,8.303898611740983,3.1904385618332687,100.0,10.676358138701135,15.978068888464744,3.368944365180415,0.7884562788332824,4.949288806431664,1.6705426356589148,9.13399257291436,1.1175594422605428,8.670441481403095,2.9946127341416036,0.0,0.0,0.0,0.0,0.0,"[""short_delivery"", ""late_delivery"", ""quality_rejection""]",1234491.2467653374,13991.500242913631,False
VS12,ERW Pipes,9,13849163.04,183.15,176.44,6.710000000000004,2.62,514298.3510000006,197537.8192,-1784702.8257275731,-0.11784258237063423,9,4.555555555555555,59836.6,92247.4,307406.57491203997,5.137433860079616,3.663663663663666,100.0,4.3966412718655725,-11.784258237063423,3.634909258496996,0.8606405037702413,4.745869776482022,1.8619246861924685,5.427538636902951,1.0307966997896014,-7.61084865492323,1.2392765482212764,0.0,0.0,0.0,100.0,20.0,"[""short_delivery"", ""late_delivery"", ""quality_rejection""]",1019242.7451120405,7359.598137217399,False
VS12,Fasteners & Fittings,6,12655321.88,159.10999999999999,153.32999999999998,5.779999999999998,4.61,451476.34200000006,388551.0088,-1109954.3526782035,-0.10005347157010579,6,6.0,77997.23000000001,90947.28,1085881.1436989112,13.922047535520313,3.632706932310979,100.0,12.086380705354669,-10.00534715701058,3.6101816581682566,0.6608902615277615,5.5856524427953,1.9425287356321839,9.903095791089015,0.9250530699946431,-5.50233090703799,1.8480269950795833,0.0,0.0,0.0,100.0,20.0,"[""short_delivery"", ""late_delivery"", ""quality_rejection""]",1925908.4944989113,15218.170764526703,False
VS12,GI Pipes,8,22515074.95,285.69,275.68,10.009999999999991,5.19,804229.7487000003,435713.8041,-318878.95685974555,-0.03961767141803495,8,3.25,70125.745,82599.9325,639083.0059897597,9.113386331792407,3.5037978228149362,100.0,5.188401890522492,-3.9617671418034948,3.534318402192649,0.8113484045650325,3.9570905285191,1.7452471482889733,5.994075738002392,1.0856301861243616,-2.475976474598644,4.14215938962826,0.0,19.869062742618404,0.0,100.0,24.967265685654603,"[""short_delivery"", ""late_delivery"", ""quality_rejection""]",1879026.55878976,8345.637591536244,False
VS12,GI Sheets,9,19352449.35,244.43,235.39,9.039999999999996,4.48,717384.9125000001,404845.87850000005,-268955.75485094974,0.025058746062762302,9,4.333333333333333,76202.52,83770.24,1238587.83661196,16.253896020918468,3.698400360021272,100.0,8.80831641994922,2.50587460627623,3.657239991869743,0.823990501850067,4.6030126336248784,1.9690265486725664,8.263615517813866,1.3393373707505076,1.5756653157951177,4.348862850517769,0.0,0.0,0.0,75.3079023871687,15.06158047743374,"[""short_delivery"", ""late_delivery"", ""quality_rejection""]",2360818.6276119603,12199.06888743238,False
VS12,GI Wire,5,10260923.92,125.78,121.56,4.220000000000001,4.37,347743.02740000054,355475.0601,-117336.16005021776,0.14158574578088418,5,6.4,88418.41,85088.38,825816.3432095858,9.339868735590084,3.35506439815551,100.0,11.27827306317052,14.158574578088418,3.46910786367625,0.7928518581395263,5.74421768707483,1.9775280898876404,9.280713478570375,0.9750811560699817,7.029931585508767,3.049089196998296,0.0,0.0,0.0,0.0,0.0,"[""short_delivery"", ""late_delivery"", ""quality_rejection""]",1529034.4307095865,14901.52780227988,False
VS12,HR Coils,13,36721494.48,402.35,388.59000000000003,13.760000000000005,10.53,1213410.4336999985,966041.0781,4830202.213042067,0.04540524196293205,13,4.076923076923077,80850.81,80489.33499999999,858422.1826157084,10.617360328433426,3.419908040263453,100.0,5.442075279454804,4.540524196293205,3.4652533983005465,0.7659538489832981,4.357898715041572,1.9323843416370108,5.95348600570909,1.0275266204297402,3.2518476398031804,6.042133537357304,0.0,6.508789858536002,0.0,47.37153032036764,11.101503528707529,"[""short_delivery"", ""late_delivery"", ""quality_rejection""]",3037873.694415707,8272.739814743258,False
VS12,Hex Bars,6,8384642.34,103.06,98.93,4.1299999999999955,3.84,329966.8893999996,296682.53609999997,-559315.638976096,-0.04496793395356947,6,4.0,78170.73,90344.505,152250.60743751447,1.9476677195865317,4.007374345041719,100.0,5.850265561090197,-4.4967933953569466,3.814545701475933,0.750579496975409,4.494743351886209,1.728744939271255,6.501578439672031,0.6783321114707905,-2.497665218863282,2.0995196224827377,0.0,1.947301963714787,0.0,100.0,20.486825490928698,"[""short_delivery"", ""late_delivery"", ""quality_rejection""]",778900.032937514,9289.603555558626,False
VS12,MS Flats,11,26847446.98,296.04,284.93,11.109999999999989,8.26,1017562.9401999996,719879.2861,2133747.0354713197,0.07718888280085018,11,5.363636363636363,88474.79,88991.78,764211.070189564,8.63761383541644,3.752871233617075,100.0,5.93044391093126,7.718888280085018,3.6998337634857985,0.835588215786445,5.277636054421769,2.006644518272425,6.353165780630938,1.025137757196309,5.275888377848799,4.231608669949848,0.0,0.0,0.0,13.637518019607331,2.727503603921466,"[""short_delivery"", ""late_delivery"", ""quality_rejection""]",2501653.296489564,9318.030494121731,False
VS12,MS Pipes,7,15192617.56,165.73000000000002,160.75,4.980000000000002,3.2199999999999998,443462.84820000007,257164.2122,2690125.397328396,0.2928533427877383,7,6.714285714285714,98815.19,73911.095,955975.652284168,9.674379539058398,3.0048874675677317,100.0,8.021386960533995,29.285334278773828,3.2458307432465894,0.7744255024799029,6.036848072562358,1.9185185185185185,7.713789849465759,1.2470140641608212,17.041981909671865,6.597865126401695,0.0,0.0,0.0,0.0,0.0,"[""short_delivery"", ""late_delivery"", ""quality_rejection""]",1656602.712684168,10903.997985480573,False
VS12,MS Rods,9,29392549.92,315.07,302.45,12.620000000000003,8.43,1179076.6560000011,771433.0334000001,4317516.786174992,0.1549948338584305,9,5.222222222222222,86991.89,81152.645,975145.9498073068,11.209619078368188,4.0054591043260235,100.0,6.493509366297963,15.49948338584305,3.854634898922797,0.788919666446106,5.17444120505345,1.8925081433224755,6.7755252690380585,1.1907554122490775,9.928699531230931,4.23647940347009,0.0,0.0,0.0,0.0,0.0,"[""short_delivery"", ""late_delivery"", ""quality_rejection""]",2925655.639207308,9953.731973477272,False
VS12,MS Sheets,12,23433074.45,318.48,306.36,12.120000000000001,7.5,895219.083,575435.8069000001,-2284816.4590724315,-0.05547921089835376,12,5.75,72997.98999999999,85099.04,429483.4663396116,5.8834971529984825,3.8055764883195176,100.0,4.368552406645281,-5.547921089835376,3.7401573238717156,0.8023629291376927,5.555422168867547,1.8790035587188612,5.225788138211443,1.0203835613807282,-3.945212359610525,3.3331616484574305,0.0,0.0,0.0,100.0,20.0,"[""short_delivery"", ""late_delivery"", ""quality_rejection""]",1900138.3562396117,8108.788116104893,False
VS12,SS Pipes,9,25074038.16,302.75,293.63,9.119999999999994,10.95,793411.5395999998,947423.6921999999,2024121.625076125,0.07504651418197678,9,4.777777777777778,85253.62,78343.28,521665.68315984454,6.118985717672101,3.012386457473161,100.0,5.81309325262136,7.504651418197677,3.216231054517386,0.7141696463660475,4.888726919339164,1.8642857142857143,6.338114910245957,0.9358124398726226,4.789164694887477,5.667625820953892,0.0,0.0,0.0,21.74957940229604,4.349915880459208,"[""short_delivery"", ""late_delivery"", ""quality_rejection""]",2262500.914959844,9023.280975017246,False
VS12,SS Sheets,7,13231955.94,141.67000000000002,136.9,4.77,3.3200000000000003,475391.6813000003,268826.6406,1820840.6746252875,0.22250183495570067,7,6.428571428571429,99309.04,74788.455,1870687.8388232207,18.83703476363502,3.366979600479988,100.0,16.18483182150111,22.250183495570067,3.4570511541120723,0.7465648567993546,5.870181405895692,1.870503597122302,12.475799351696578,1.2767407456151725,12.938143952803003,4.2377431374054195,0.0,0.0,0.0,0.0,0.0,"[""short_delivery"", ""late_delivery"", ""quality_rejection""]",2614906.160723221,19762.053112785845,False
VS12,Spring Steel,13,31578679.68,386.13,370.69,15.440000000000005,8.38,1250696.4182000011,669704.6248,196706.35305340306,0.01602282502569632,13,4.769230769230769,83587.05,83912.005,156655.81767769798,1.8741637332301833,3.998653303291639,100.0,2.7662369454881937,1.6022825025696321,3.883236088265347,0.804445441279379,4.857898715041572,1.7963636363636364,4.020936097844316,0.7936961818042867,1.1297841943361555,4.334171972882552,0.0,0.0,0.0,82.73925441148472,16.547850882296945,"[""short_delivery"", ""late_delivery"", ""quality_rejection""]",2077056.860677699,6577.40248080473,False
VS12,Square/Rect Tubes,5,8802255.27,101.24,98.27,2.970000000000002,2.1100000000000003,246258.52920000054,218279.2163,745311.3072107105,0.04418394521337591,5,5.4,61370.92,80689.1,850662.6360156301,13.861005114729094,2.933623073883842,100.0,16.252167614459243,4.418394521337591,3.2583872015404163,0.7314050445852145,5.24421768707483,1.7634408602150538,11.767660754214736,0.9819051603032114,2.1598415571333534,4.949009299696743,0.0,0.0,0.0,65.57163169819809,13.114326339639618,"[""short_delivery"", ""late_delivery"", ""quality_rejection""]",1315200.3815156305,14941.62962983043,False
VS12,Structural Steel,8,19657396.82,245.97,236.99,8.980000000000004,5.1899999999999995,675186.8673999998,394106.0911,-73009.26144234923,0.038027880561866984,8,5.75,77794.16,88108.60250000001,1099764.2923709804,14.136848991890655,3.65085172988576,100.0,8.155132702599543,3.8027880561866985,3.624813114236233,0.719847459996229,5.495552066980638,1.7732793522267207,7.819756237742116,1.472881334942787,2.302211339549167,5.830589040692322,0.0,0.0,0.0,63.198801991267864,12.639760398253573,"[""short_delivery"", ""late_delivery"", ""quality_rejection""]",2169057.2508709803,11034.305664848354,False
VS13,Angles & Channels,11,31208233.23,335.41,333.38,2.030000000000003,0.0,188332.39850000007,0.0,3764874.047495199,0.13884440961396782,6,1.2727272727272727,89329.15,81864.44,36131.00705970834,0.40447051225393216,0.6052294207089839,54.54545454545455,0.12132416829261869,13.884440961396782,0.5847101480269434,0.7113026493123651,1.3686974789915967,1.7416666666666667,0.24226166735243088,1.9498939866506468,10.025893050977402,4.309025190384596,95.70905440692133,100.0,100.0,0.0,78.7127163220764,[],224463.40555970842,719.2441940094678,False
VS13,CR Sheets,7,13786789.34,149.98,148.89,1.0899999999999963,0.0,101181.3898999999,0.0,1212953.125126676,0.1156411909772062,4,1.4285714285714286,86571.28,86675.20000000001,35754.66885906049,0.4130084348881118,0.7267635684757944,57.142857142857146,0.27739165483787487,11.564119097720619,0.6487653099969027,0.7884562788332824,1.4915966386554622,1.6705426356589148,0.37361353419043436,1.1175594422605428,7.386189327026513,2.9946127341416036,91.43871027559071,100.0,100.0,0.0,77.43161308267722,[],136936.0587590604,993.241104814476,False
VS13,ERW Pipes,6,10416576.3,122.74000000000001,122.13999999999999,0.6000000000000076,0.0,47360.380400000126,0.0,402562.1146911852,-0.062357998310308055,4,1.5,72059.66,81416.16,261330.5397892948,3.6265858011166694,0.48883819455760763,66.66666666666667,2.9692040290786554,-6.235799831030805,0.5118970825434471,0.8606405037702413,1.5362872421695952,1.8619246861924685,1.8506222728083657,1.0307966997896014,-2.702669158719183,1.2392765482212764,100.0,100.0,5.141643183567856,100.0,76.28541079589196,[],308690.9201892949,2963.458542412778,False
VS13,Fasteners & Fittings,7,13825814.49,164.51,163.67,0.8400000000000039,0.0,81759.61919999952,0.0,-969426.4205982101,-0.05686125093598333,6,1.8571428571428572,74301.19,82356.33,36294.39622509494,0.48847664788538303,0.5106072579174542,85.71428571428571,0.2984521585418116,-5.686125093598333,0.522674128837871,0.6608902615277615,1.7415966386554622,1.9425287356321839,0.38589882801773073,0.9250530699946431,-2.676453117909542,1.8480269950795833,99.84478901952615,93.71885907140634,100.0,100.0,98.38315147370943,[],118054.01542509446,853.8666239915277,False
VS13,GI Pipes,5,16062425.48,182.03,180.86,1.1699999999999946,0.0,100109.21199999936,0.0,1611443.373611758,0.1108033642592908,4,1.8,90367.61,82440.8,36901.705112649106,0.4083510132961258,0.6427511948579875,80.0,0.22578293337173821,11.08033642592908,0.591159471492221,0.8113484045650325,1.6899159663865546,1.7452471482889733,0.367053549327878,1.0856301861243616,6.308712036991922,4.14215938962826,95.27909950923615,95.4415481470366,100.0,0.0,77.44411688953,[],137010.91711264846,852.9902117413494,False
VS13,GI Sheets,6,14894068.87,184.88,184.05,0.830000000000001,0.0,65675.47320000024,0.0,437627.6481347056,0.10835860913375818,5,2.0,81668.8,80461.98000000001,38296.45453299845,0.4689239285136851,0.44893985287754273,83.33333333333333,0.2547807272554659,10.835860913375818,0.4901343507179572,0.823990501850067,1.809014514896868,1.9690265486725664,0.37002774454117127,1.3393373707505076,6.609145792775339,4.348862850517769,100.0,91.47159653002615,100.0,0.0,77.86789913250654,[],103971.92773299868,698.0760505439954,False
VS13,GI Wire,1,2205624.3,28.9,28.8,0.09999999999999787,0.0,7631.9159999997355,0.0,-172719.66357526145,-0.07285560629428485,1,2.0,76319.18,84993.08,247384.56896272127,3.2414468939881336,0.3460207612456674,100.0,11.255023937458796,-7.285560629428485,0.5073099169796568,0.7928518581395263,1.6498599439775912,1.9775280898876404,2.299440793979814,0.9750811560699817,0.06664626847422284,3.049089196998296,100.0,96.77674889400204,0.0,100.0,74.1941872235005,"[""quality_rejection""]",255016.484962721,11562.099899004605,True
VS13,HR Coils,8,20874342.61,236.58,235.38,1.200000000000001,0.0,111555.60869999952,0.0,2555272.217371341,0.12762554571612908,4,1.375,87263.13,79388.76749999999,37836.501310204236,0.43359092563152657,0.5072279989855445,50.0,0.18420890714229185,12.762554571612908,0.5196663640397406,0.7659538489832981,1.453781512605042,1.9323843416370108,0.3088686218121864,1.0275266204297402,8.445067293321314,6.042133537357304,100.0,100.0,100.0,0.0,80.0,[],149392.11001020376,715.6733641932102,False
VS13,Hex Bars,6,12398796.53,157.82,157.06,0.759999999999998,0.0,66814.74499999918,0.0,193923.6069289765,-0.011506329160426744,4,1.8333333333333333,70142.54000000001,78395.0,12492.72067729042,0.17810476605623946,0.48156127233557094,66.66666666666667,0.11339918888083501,-1.1506329160426745,0.5079278522405181,0.750579496975409,1.7181054239877769,1.728744939271255,0.2929105417913726,0.6783321114707905,0.07105824945616135,2.0995196224827377,100.0,94.50189956032918,100.0,100.0,98.6254748900823,[],79307.4656772896,639.6384155945949,False
VS13,MS Flats,5,13619217.14,139.92000000000002,138.86,1.0599999999999952,0.0,102053.05179999955,0.0,2802524.191665079,0.22773703126708494,3,1.0,87705.27,82012.42499999999,84231.45937607191,0.9603922247325835,0.757575757575754,60.0,0.6916262600695545,22.773703126708494,0.6485717528511044,0.835588215786445,1.2899159663865547,2.006644518272425,0.5999752126767861,1.025137757196309,12.15539538738163,4.231608669949848,91.4516140853106,100.0,88.51811385900649,0.0,74.5650126903448,[],186284.51117607148,1367.8063082565072,False
VS13,MS Pipes,10,14342711.059999999,160.91,160.52,0.38999999999999724,0.0,33004.9781999995,0.0,2699400.7393372357,0.21426860014821428,5,1.2,90697.68,74894.53,39826.89395169467,0.439117008855074,0.24237151202535406,50.0,0.2735590635777934,21.42686001482143,0.3414369240590542,0.7744255024799029,1.326610644257703,1.9185185185185185,0.35181409747986814,1.2470140641608212,14.796935892565873,6.597865126401695,100.0,100.0,100.0,0.0,80.0,[],72831.87215169417,507.79710925651307,False
VS13,MS Rods,9,22205296.990000002,248.03,246.75,1.2800000000000011,0.0,110390.21590000065,0.0,2347124.119851095,0.1175002630861001,9,1.8888888888888888,89429.27,85065.68,33202.30853597884,0.3712689205220935,0.5160666048461884,100.0,0.15046359494309766,11.75002630861001,0.5244598703034263,0.788919666446106,1.7785114045618247,1.8925081433224755,0.27827094149342624,1.1907554122490775,8.102548215554567,4.23647940347009,99.72573958848912,92.48836687452759,100.0,0.0,78.03981359517863,[],143592.5244359795,646.6588782876688,False
VS13,MS Sheets,7,14910681.500000002,201.14,199.85,1.290000000000001,0.0,93961.79230000084,0.0,-2032633.6178665464,-0.17522930433177425,3,1.1428571428571428,69276.07,86165.755,117747.12212638019,1.6996795881518707,0.6413443372775186,42.857142857142854,0.8504776523151718,-17.522930433177425,0.5989374251312419,0.8023629291376927,1.3249299719887955,1.8790035587188612,0.7079136993855242,1.0203835613807282,-9.581256232664012,3.3331616484574305,94.76056926663475,100.0,81.32221474509062,100.0,93.75872446626308,[],211708.91442638103,1419.8473384759845,False
VS13,SS Pipes,5,9115030.52,102.98,102.24,0.7400000000000022,0.0,67726.3726000006,0.0,1131956.6637364947,0.04398501108944221,4,2.0,98043.6,79315.11,23975.47844522817,0.24453894435973555,0.7185861332297555,80.0,0.2391812836069401,4.398501108944221,0.629076940678105,0.7141696463660475,1.7899159663865547,1.8642857142857143,0.3737527244454789,0.9358124398726226,2.9677943784994927,5.667625820953892,92.75126823017722,92.10821481370324,100.0,52.105751342095765,86.27358444089813,[],91701.85104522877,1006.0509489685041,False
VS13,SS Sheets,8,15217146.2,166.17,165.49,0.6799999999999926,0.0,63963.63149999885,0.0,1313418.444018195,0.05891859589501514,8,2.5,93357.63500000001,86636.4375,44349.60069789634,0.475050601891279,0.4092194740326128,100.0,0.28705698343783853,5.8918595895015144,0.4593534256071673,0.7465648567993546,2.1460892049127342,1.870503597122302,0.37215974568636895,1.2767407456151725,4.216947304329688,4.2377431374054195,100.0,80.23577352949727,100.0,31.286535911592527,81.31625056469282,[],108313.2321978952,711.7841333343778,False
VS13,Spring Steel,5,8638981.620000001,123.84,123.05000000000001,0.7900000000000036,0.0,58824.17800000042,0.0,-1408972.8057980998,-0.12845409256530652,3,1.6,63392.0,84700.34,13482.961854535937,0.21269185156701062,0.6379198966408297,60.0,0.1728499403226417,-12.845409256530651,0.5887438223836421,0.804445441279379,1.5899159663865547,1.7963636363636364,0.3405870528033297,0.7936961818042867,-5.654160804237942,4.334171972882552,95.44014278314141,98.77488148036991,100.0,100.0,98.3257632050349,[],72307.13985453636,836.9868467729922,False
VS13,Square/Rect Tubes,8,15272245.35,185.47,184.61,0.8600000000000021,0.0,77154.95369999972,0.0,1008314.878762106,-0.012627469117283921,6,1.125,78145.935,78961.6,32449.140381388046,0.41523772645868334,0.46368684962527745,75.0,0.22492699553582327,-1.262746911728392,0.4928718105872687,0.7314050445852145,1.2999353587588882,1.7634408602150538,0.33392590697743646,0.9819051603032114,-0.18588746565794728,4.949009299696743,100.0,100.0,100.0,100.0,100.0,[],109604.09408138777,717.6684997493691,False
VS13,Structural Steel,5,8914078.530000001,120.36,119.82000000000001,0.5399999999999974,0.0,40610.72599999927,0.0,-312071.0287154609,-0.13463429890242823,4,1.6,61059.19,75586.74,45520.10983040398,0.7455079215823855,0.4486540378863388,80.0,0.6221898861478764,-13.463429890242823,0.4941108930063967,0.719847459996229,1.5899159663865547,1.7732793522267207,0.565257025715947,1.472881334942787,-5.96317112109403,5.830589040692322,100.0,98.77488148036991,90.83265965639576,100.0,97.40188528419142,[],86130.83583040324,966.2337564172573,False
VS14,Angles & Channels,12,17680774.34,222.33,221.56,0.770000000000006,0.0,60933.87789999947,0.0,-75236.47595474316,0.0017569598630277395,9,1.25,73880.445,83410.595,25941.903516928614,0.35113355796555656,0.34633202896595416,75.0,0.15848237857264696,0.17569598630277394,0.38350492677880926,0.7113026493123651,1.3480392156862744,1.7416666666666667,0.2829242592217453,1.9498939866506468,-1.2170048064680776,4.309025190384596,100.0,100.0,100.0,100.0,100.0,[],86875.78141692808,491.35733393975363,False
VS14,CR Sheets,8,18127852.04,222.79,221.82999999999998,0.9599999999999946,0.0,86185.85609999986,0.0,310511.73587495415,0.03131493127742367,6,1.5,79623.545,84422.3,29620.67508283645,0.37200899662074144,0.43089905291978753,75.0,0.1677000390482538,3.131493127742367,0.4469839870005083,0.7884562788332824,1.532051282051282,1.6705426356589148,0.3268864750987644,1.1175594422605428,0.17342395971910235,2.9946127341416036,100.0,100.0,100.0,98.67859165510228,99.73571833102045,[],115806.5311828363,638.8320630999386,False
VS14,ERW Pipes,7,14148026.440000001,213.4,211.84,1.5599999999999972,0.0,101291.10100000064,0.0,-4207502.933652353,-0.20759201125374957,7,2.142857142857143,71115.74,91173.59,17932.956947929248,0.25216579266318884,0.7310215557638224,100.0,0.1190359670804328,-20.759201125374958,0.6233958581662554,0.8606405037702413,1.909722222222222,1.8619246861924685,0.31176463612174465,1.0307966997896014,-14.009320118601275,1.2392765482212764,93.13000706430053,88.11467295251434,100.0,100.0,94.96767035741875,[],119224.05794792989,842.690381259493,False
VS14,Fasteners & Fittings,7,15103631.39,181.9,181.32,0.5800000000000063,0.0,47132.03710000095,0.0,879555.3195656035,0.11413529157159667,5,1.1428571428571428,85835.3,76951.54,38740.38437146196,0.4513339426956271,0.3188565145684476,71.42857142857143,0.24891569749372772,11.413529157159667,0.3829662508022868,0.6608902615277615,1.3263888888888888,1.9425287356321839,0.3875278121961667,0.9250530699946431,4.758105879543922,1.8480269950795833,100.0,100.0,100.0,22.267226324688615,84.45344526493773,[],85872.4214714629,568.554801518252,False
VS14,GI Pipes,9,16327827.19,223.25,221.94,1.3100000000000076,0.0,94224.12029999949,0.0,-1589786.8452198058,-0.10182685622855425,8,1.6666666666666667,70162.78,83847.475,25284.78447541291,0.36037318469155455,0.586786114221728,88.88888888888889,0.16237414827951452,-10.182685622855425,0.5460481739745614,0.8113484045650325,1.6369047619047616,1.7452471482889733,0.31209222845810974,1.0856301861243616,-8.174400296520675,4.14215938962826,98.28651934374679,97.20858829642968,100.0,100.0,98.78810287723145,[],119508.9047754124,731.9339149339221,False
VS14,GI Sheets,8,20964231.7,295.01,293.66999999999996,1.3400000000000087,0.0,87803.03630000143,0.0,-3823098.1249564732,-0.09833687574904466,6,1.375,73376.745,89427.39,26132.66109415287,0.356143640524704,0.4542218907833663,75.0,0.1212734159174257,-9.833687574904467,0.46133650260886444,0.823990501850067,1.4551282051282048,1.9690265486725664,0.29831624547979324,1.3393373707505076,-7.8051487803712565,4.348862850517769,100.0,100.0,100.0,100.0,100.0,[],113935.6973941543,543.4766178154495,False
VS14,GI Wire,7,17871587.28,203.05,201.95,1.100000000000005,0.0,100021.7779000015,0.0,799029.0010078319,0.04658924091725742,5,1.7142857142857142,86817.2,88196.605,25947.41537588203,0.2988741329584694,0.5417384880571312,71.42857142857143,0.14799412377245327,4.658924091725742,0.5129807353373522,0.7928518581395263,1.659722222222222,1.9775280898876404,0.32865689419208993,0.9750811560699817,0.8179195913741323,3.049089196998296,100.0,96.44800628584768,100.0,87.93699779418512,96.69940113029894,[],125969.19327588353,704.8573319329895,False
VS14,HR Coils,6,10399301.09,132.31,131.37,0.94,0.0,72213.21199999948,0.0,-199479.1336136331,-0.08178336505101978,6,2.5,71881.455,81425.65,26346.127944176216,0.3665219067167772,0.7104527246617791,100.0,0.2789997006293501,-8.178336505101978,0.6023923414199075,0.7659538489832981,2.083333333333333,1.9323843416370108,0.41653836978854614,1.0275266204297402,-6.533404779654771,6.042133537357304,94.53024151405705,82.3276359154773,100.0,100.0,93.94098143308644,[],98559.33994417569,947.7496525122314,False
VS14,Hex Bars,6,13292940.61,161.04,160.4,0.6399999999999975,0.0,53390.335499998415,0.0,796410.091320499,0.031635409022478383,5,1.3333333333333333,84034.975,82916.33,12901.422996367626,0.15352444617693556,0.39741679085941223,83.33333333333333,0.09571349512277777,3.1635409022478385,0.4316454684367983,0.750579496975409,1.446969696969697,1.728744939271255,0.31656407587587027,0.6783321114707905,-0.3469261938275979,2.0995196224827377,100.0,100.0,100.0,100.0,100.0,[],66291.75849636603,498.69897445036463,False
VS14,MS Flats,9,22657035.75,276.07,274.88,1.189999999999996,0.0,94796.2944999995,0.0,-383753.4783931952,-0.027883583081662937,8,2.2222222222222223,74683.94,88001.69,31022.41475771277,0.4153826747452366,0.431050095990146,88.88888888888889,0.15111418609765592,-2.7883583081662935,0.44593216225425863,0.835588215786445,1.9940476190476188,2.006644518272425,0.3048536813412007,1.025137757196309,-3.420904165649089,4.231608669949848,100.0,85.30382639166778,100.0,100.0,96.32595659791694,[],125818.70925771227,555.3184919951952,False
VS14,MS Pipes,5,14204573.540000001,142.39,141.99,0.4000000000000039,0.0,42847.5400000005,0.0,2449848.4206018047,0.11002072083803975,3,1.4,96275.36,78995.08499999999,34068.200882010315,0.35386209806964436,0.2809186038345417,60.0,0.24921621104982347,11.002072083803975,0.37681924268210165,0.7744255024799029,1.4916666666666667,1.9185185185185185,0.4154004919147024,1.2470140641608212,3.2212926873429266,6.597865126401695,100.0,100.0,100.0,47.880779528038545,89.5761559056077,[],76915.74088201081,541.4857451750769,False
VS14,MS Rods,9,11850422.76,137.85,136.99,0.8600000000000003,0.0,71888.16739999957,0.0,1193398.7180587947,0.13046583275684379,6,1.4444444444444444,90345.09,81266.41500000001,33064.07284036716,0.3659753157627842,0.6238665215814293,66.66666666666667,0.2671547673281146,13.046583275684378,0.5698855787057979,0.788919666446106,1.4940476190476188,1.8925081433224755,0.37945119784649556,1.1907554122490775,6.7587011382549145,4.23647940347009,96.69735902833102,100.0,100.0,0.0,79.0092077084993,[],104952.24024036672,885.6413173260219,False
VS14,MS Sheets,5,2935251.31,32.62,32.400000000000006,0.2199999999999971,0.0,19216.60320000004,0.0,172872.0269618418,0.05287970443868336,4,1.2,96508.95,84296.23999999999,199937.19843399548,2.0716959249271234,0.6744328632740562,80.0,6.394123225083714,5.287970443868336,0.5735763724018589,0.8023629291376927,1.3916666666666666,1.8790035587188612,3.487853998931648,1.0203835613807282,0.3642418673751074,3.3331616484574305,96.4513061152603,100.0,0.0,95.49829319416887,73.03505047341186,"[""quality_rejection""]",219153.80163399552,7466.270465066091,False
VS14,SS Pipes,7,12386127.370000001,148.82999999999998,148.35,0.4800000000000004,0.0,39782.43390000006,0.0,626954.9924736533,-0.07118381998853714,6,2.2857142857142856,70177.1,78873.91500000001,629053.5831548726,8.963801341960163,0.3225156218504337,85.71428571428571,6.042333226801594,-7.118381998853714,0.385100730050112,0.7141696463660475,1.9930555555555554,1.8642857142857143,3.7670213709590885,0.9358124398726226,-6.052175628130551,5.667625820953892,100.0,85.33689517473655,0.0,100.0,71.33422379368415,"[""quality_rejection""]",668836.0170548727,5399.880019600288,False
VS14,SS Sheets,9,21173608.32,236.74,235.13,1.6099999999999977,0.0,148198.43489999988,0.0,3120929.2054063235,0.0811894553315147,9,1.6666666666666667,73281.22,81963.79,32123.33458320592,0.4383569840022576,0.6800709639266697,100.0,0.18643175434961834,8.11894553315147,0.6060170059277381,0.7465648567993546,1.6369047619047616,1.870503597122302,0.3275578323603194,1.2767407456151725,3.5909340180551874,4.2377431374054195,94.28859721353501,97.20858829642968,100.0,41.72009068283419,85.93274437473475,[],180321.7694832058,851.6345762043727,False
VS14,Spring Steel,6,8508267.86,124.36,124.0,0.36000000000000254,0.0,24122.34479999973,0.0,-1988486.0463830382,-0.05813346994586909,5,1.6666666666666667,75222.59,82344.035,15115.369982692084,0.20094189767584558,0.2894821486008383,83.33333333333333,0.16204991748052064,-5.813346994586909,0.37277202720484887,0.804445441279379,1.6287878787878787,1.7963636363636364,0.3527475789800936,0.7936961818042867,-5.243410501192006,4.334171972882552,100.0,97.47915106699246,100.0,100.0,99.36978776674812,[],39237.714782691815,461.1715971844335,False
VS14,Square/Rect Tubes,12,16470910.85,219.69,219.01,0.6799999999999997,0.0,52124.2159999999,0.0,-489311.1845653288,-0.013340958241381396,8,1.0,71505.095,81071.3075,252090.78997800234,3.5254940921063365,0.3095270608584823,66.66666666666667,1.6097411497677443,-1.3340958241381395,0.35752494929118206,0.7314050445852145,1.1715686274509802,1.7634408602150538,1.307342215359461,0.9819051603032114,-2.2827402020734286,4.949009299696743,100.0,100.0,41.3603136801615,100.0,85.34007842004037,[],304215.0059780022,1846.9835016926354,False
VS14,Structural Steel,12,22108153.43,270.27,268.99,1.2799999999999967,0.0,109400.98169999942,0.0,-712859.8590620034,0.012248101929258194,8,1.5,76618.14,87919.39749999999,48800.08991861653,0.6369260584845382,0.4736004736004724,66.66666666666667,0.23678428881539768,1.2248101929258193,0.4733414759325868,0.719847459996229,1.5245098039215685,1.7732793522267207,0.33819619586368693,1.472881334942787,-0.4764536017929868,5.830589040692322,100.0,100.0,100.0,100.0,100.0,[],158201.07161861594,715.5779523582579,False
VS15,Angles & Channels,5,10686632.26,125.14,124.19,0.9500000000000046,0.0,80622.46200000052,0.0,658626.4303531961,0.08652692619137374,3,1.4,85996.14,81864.44,10248.85177460593,0.11917804420763456,0.7591497522774528,60.0,0.09596428392594779,8.652692619137374,0.6462611841106881,0.7113026493123651,1.4105263157894736,1.7416666666666667,0.10280396414765687,1.9498939866506468,4.86905505903899,4.309025190384596,91.60565200133834,100.0,100.0,20.418073333104157,81.56531026702234,[],90871.31377460645,850.3269464482017,False
VS15,CR Sheets,11,17035872.93,213.61,212.37,1.2400000000000002,0.0,91355.24049999932,0.0,-162732.5775459162,-0.010560562527568328,7,1.0,91879.35,86216.07,10035.792222487002,0.10922794101707295,0.580497167735593,63.63636363636363,0.05143284880965906,-1.056056252756833,0.5657707453006963,0.7884562788332824,1.131578947368421,1.6705426356589148,0.06962372242206746,1.1175594422605428,-0.38684570535138374,2.9946127341416036,96.9716812553378,100.0,100.0,100.0,99.09150437660134,[],101391.03272248631,595.1619452616234,False
VS15,ERW Pipes,8,13607720.55,172.82,171.92,0.8999999999999977,0.0,74563.91750000004,0.0,-715286.6539913835,-0.01162513093511756,4,0.875,81707.345,86292.35500000001,7535.367596061885,0.09222387040065841,0.5207730586737633,50.0,0.053643479758409975,-1.162513093511756,0.5256190422392095,0.8606405037702413,1.0850202429149798,1.8619246861924685,0.07518200460877765,1.0307966997896014,-0.29792440410700205,1.2392765482212764,99.64846145943692,100.0,100.0,100.0,99.89453843783107,[],82099.28509606193,603.3287117735669,False
VS15,Fasteners & Fittings,10,23033606.03,249.34,248.07,1.2700000000000014,0.0,119370.2333000009,0.0,2580119.631888082,0.07535556614073384,8,1.9,98655.855,79603.5025,13640.715907655856,0.13826564989635798,0.509344669928612,80.0,0.0557365460943919,7.535556614073384,0.5173539852670491,0.6608902615277615,1.7403508771929823,1.9425287356321839,0.07370557885271657,0.9250530699946431,5.385510242362457,1.8480269950795833,100.0,93.760384453489,100.0,11.810486944379706,80.80219350224819,[],133010.94920765675,577.4647227812151,False
VS15,GI Pipes,7,9618515.5,154.55,153.56,0.9900000000000058,0.0,59947.254799999966,0.0,-3165127.895818286,-0.15834821848855601,7,1.5714285714285714,66888.25,82204.42,8114.819099533879,0.1213190522929495,0.6405693950177973,100.0,0.0790043320480265,-15.8348218488556,0.5959040704036832,0.8113484045650325,1.5087719298245614,1.7452471482889733,0.09177071218191794,1.0856301861243616,-8.784722120607183,4.14215938962826,94.96279291513868,100.0,100.0,100.0,98.4888378745416,[],68062.07389953385,707.6151605674893,False
VS15,GI Sheets,7,17060645.17,203.9,202.84,1.0600000000000067,0.0,92286.5542000006,0.0,1184852.7940412755,0.021774910872029467,4,1.2857142857142858,90254.23,78673.78,10406.491615168501,0.11530198213611152,0.5198626777832304,57.142857142857146,0.0568438089805322,2.177491087202947,0.5254918186835191,0.823990501850067,1.3421052631578947,1.9690265486725664,0.07884374039254625,1.3393373707505076,1.7224604254269709,4.348862850517769,99.65694302981628,100.0,100.0,72.8613172266378,94.46934635427245,[],102693.0458151691,601.9294393142172,False
VS15,GI Wire,9,20476227.49,241.34,240.19,1.1500000000000048,0.0,90836.80580000079,0.0,1387545.2548029856,0.04228888347475394,7,1.7777777777777777,95128.13,87533.73999999999,8587.275818052738,0.09027062571347443,0.47650617386260247,77.77777777777777,0.0375830074996771,4.228888347475394,0.49681561746307423,0.7928518581395263,1.650375939849624,1.9775280898876404,0.06331894923885169,0.9750811560699817,3.1062201872843973,3.049089196998296,100.0,96.75954903160094,100.0,49.79865452901403,89.14961816370305,[],99424.08161805352,485.5585906466872,False
VS15,HR Coils,13,21229219.25,267.69,266.51,1.1800000000000057,0.0,108664.17050000036,0.0,-929741.29558559,-0.08785201348574533,10,1.4615384615384615,65181.27,84287.64499999999,6979.370416374532,0.10707631834075237,0.44080839777354613,76.92307692307692,0.04017722349658638,-8.785201348574532,0.466520680598651,0.7659538489832981,1.4502923976608186,1.9323843416370108,0.059473451516802917,1.0275266204297402,-6.0433627798203275,6.042133537357304,100.0,100.0,100.0,100.0,100.0,[],115643.54091637488,544.7376069488513,False
VS15,Hex Bars,11,17316132.39,193.1,192.12,0.9799999999999951,0.0,87921.99340000033,0.0,910492.0802248145,0.11862554836375877,7,1.2727272727272727,98296.15,85164.79,4739.844438549636,0.04822004156367911,0.5075090626618307,63.63636363636363,0.025098918157234598,11.862554836375876,0.5155914230624847,0.750579496975409,1.319078947368421,1.728744939271255,0.05151914509852564,0.6783321114707905,8.494699418427354,2.0995196224827377,100.0,100.0,100.0,0.0,80.0,[],92661.83783854997,535.1185573752128,False
VS15,MS Flats,11,29366956.41,319.09000000000003,317.47,1.620000000000008,0.0,148333.28329999954,0.0,3069703.5417355015,0.10482818703478243,10,2.090909090909091,103626.19,87729.095,12637.775406605486,0.1219554188627941,0.507693754113262,90.9090909090909,0.038414785290828764,10.482818703478243,0.5157183984353437,0.835588215786445,1.881578947368421,2.006644518272425,0.060673803752871625,1.025137757196309,7.546130827060231,4.231608669949848,100.0,89.0527821143077,100.0,0.0,77.26319552857693,[],160971.05870660502,548.1366759947631,False
VS15,MS Pipes,9,19976894.05,210.1,209.07,1.0299999999999996,0.0,103130.12309999965,0.0,3789051.6202926734,0.2302548474943776,6,1.7777777777777777,103264.43,77203.74,11951.795393431628,0.1157397120521716,0.4902427415516419,66.66666666666667,0.0553593112604255,23.025484749437762,0.5056462681203139,0.7744255024799029,1.650375939849624,1.9185185185185185,0.07474657308504708,1.2470140641608212,15.189746445688778,6.597865126401695,100.0,96.75954903160094,100.0,0.0,79.18988725790024,[],115081.91849343128,576.0751306253801,False
VS15,MS Rods,7,16894021.27,197.54000000000002,196.53,1.0100000000000087,0.0,78636.72639999946,0.0,1673038.1337011403,0.08886836571615778,4,1.1428571428571428,94582.38,81883.22,9587.766330963655,0.10136947633336837,0.5112888528905581,57.142857142857146,0.05157964500756545,8.886836571615778,0.5204904208294603,0.788919666446106,1.2587719298245614,1.8925081433224755,0.07577297807498232,1.1907554122490775,5.636245291334455,4.23647940347009,99.9903695534202,100.0,100.0,7.631569461513054,81.52342475832867,[],88224.49273096312,522.2231659411373,False
VS15,MS Sheets,9,9120856.31,88.7,88.07,0.630000000000003,0.0,64848.55590000053,0.0,2479172.8872429766,0.319145932201204,7,1.6666666666666667,100049.62,79433.5,207350.79900993023,2.072479625709026,0.7102593010146595,77.77777777777777,2.3532186053242037,31.914593220120402,0.6470854849179679,0.8023629291376927,1.5789473684210527,1.8790035587188612,1.551941833554619,1.0203835613807282,20.904173319699048,3.3331616484574305,91.55069861418636,99.14050141255332,25.053672467150978,0.0,58.513753054181976,[],272199.3549099307,2984.3618368540083,False
VS15,SS Pipes,12,26634315.57,326.64,325.25,1.3900000000000043,0.0,118410.74879999878,0.0,992204.8544460735,0.07976399638841174,8,1.4166666666666667,83075.565,80847.66,5159.703017802387,0.06210855162769446,0.4255449424442825,66.66666666666667,0.019095634628038264,7.9763996388411735,0.4572589640618239,0.7141696463660475,1.4179566563467492,1.8642857142857143,0.04572740219901699,0.9358124398726226,5.949640185929241,5.667625820953892,100.0,100.0,100.0,2.408321218266618,80.48166424365333,[],123570.45181780116,463.95204522164175,False
VS15,SS Sheets,5,8977292.41,129.26999999999998,128.43,0.8399999999999981,0.0,67061.78789999972,0.0,-2472165.328154365,-0.15337409894877213,3,1.0,52010.43,87418.56,6881.431303047781,0.13230867929851342,0.6498027384543963,60.0,0.1030200726454204,-15.337409894877213,0.5915876771991598,0.7465648567993546,1.2105263157894737,1.870503597122302,0.10633185850739317,1.2767407456151725,-7.1259961979683055,4.2377431374054195,95.2505524621069,100.0,100.0,100.0,98.57516573863207,[],73943.2192030475,823.6694966143751,False
VS15,Spring Steel,8,21411762.34,236.43,235.22,1.2099999999999937,0.0,121792.93209999963,0.0,2194644.2591849505,0.1564737954194592,3,0.875,96408.545,81057.245,5652.112368195524,0.058626674307713324,0.511779385018819,37.5,0.024924187699903632,15.647379541945918,0.5200844738361668,0.804445441279379,1.0850202429149798,1.7963636363636364,0.05750859411123529,0.7936961818042867,10.046624910020798,4.334171972882552,100.0,100.0,100.0,0.0,80.0,[],127445.04446819515,595.2104382837791,False
VS15,Square/Rect Tubes,8,14615500.81,194.24,192.98000000000002,1.2599999999999985,0.0,94951.05709999951,0.0,-1134083.9265273167,0.023728449581497134,4,0.875,83314.65,87415.98999999999,9018.742610450996,0.10824918079174546,0.6486820428336071,50.0,0.05609347123626565,2.3728449581497135,0.6043322632606518,0.7314050445852145,1.0850202429149798,1.7634408602150538,0.07668969167207346,0.9819051603032114,1.8776805507615946,4.949009299696743,94.40091339134077,100.0,100.0,70.2743151377274,92.3751370449477,[],103969.7997104505,711.3666583310908,False
VS15,Structural Steel,2,5900045.83,74.36,73.88,0.480000000000004,0.0,31395.253600001102,0.0,-129926.59203578287,-0.06267274644459804,2,2.5,76704.39,83532.91500000001,16097.441273058148,0.20986336340147088,0.6455083378160354,100.0,0.28405977720827136,-6.267274644459804,0.5654113936216697,0.719847459996229,1.7293233082706767,1.7732793522267207,0.15947682518048176,1.472881334942787,-1.0153516848880837,5.830589040692322,96.99563803393957,94.12797008423252,100.0,100.0,97.63068393124,[],47492.69487305925,804.9546773276378,True
VS16,Angles & Channels,5,11325480.01,135.68,134.78,0.8999999999999959,0.0,71534.07199999958,0.0,-38764.360492094536,0.018338150995024227,5,2.0,83020.35,87705.6,50012.144830100304,0.60240826291506,0.6633254716981102,100.0,0.4469567168089182,1.8338150995024227,0.5731379081200755,0.7113026493123651,1.8533834586466162,1.7416666666666667,0.6385878016402083,1.9498939866506468,3.752312210521789,4.309025190384596,96.48053706737919,89.99263173836786,85.943941261445,39.03045414172416,80.7343951985118,[],121546.21683009987,1073.210289742941,False
VS16,CR Sheets,4,4501105.05,56.18,55.849999999999994,0.3300000000000072,0.0,27484.07450000028,0.0,-107694.15482954285,0.10997654885626904,3,2.0,92662.86499999999,84370.34,53786.36226693231,0.5804521829422424,0.5873976504094112,75.0,1.0393056095653401,10.997654885626904,0.5293713693719831,0.7884562788332824,1.8370927318295738,1.6705426356589148,0.9231463189576503,1.1175594422605428,8.038296238912599,2.9946127341416036,99.39830631725201,90.53565596560261,66.9733734402822,0.0,69.19674924664682,[],81270.43676693259,1805.5663190294256,True
VS16,ERW Pipes,5,8819813.34,113.91,113.39999999999999,0.5100000000000087,0.0,40990.55160000053,0.0,-1134924.9625633303,-0.13121974933507433,4,2.0,59795.39,91473.56,344869.8724601423,5.767499341674037,0.44772188569924387,80.0,5.085978255444477,-13.121974933507433,0.46533611512064227,0.8606405037702413,1.8533834586466162,1.8619246861924685,2.9580985709579877,1.0307966997896014,-3.7255828059831395,1.2392765482212764,100.0,89.99263173836786,0.0,100.0,72.49815793459197,"[""quality_rejection""]",385860.42406014283,4374.927327658646,False
VS16,Fasteners & Fittings,4,15896286.24,153.73000000000002,152.85,0.8800000000000026,0.0,94639.32209999976,0.0,3901451.019870493,0.29938557052581705,4,1.75,108323.955,80390.535,74153.67610017605,0.684554733070594,0.5724321863006586,100.0,0.44786047305894283,29.938557052581704,0.5227200519903152,0.6608902615277615,1.7259816207184628,1.9425287356321839,0.660281813843696,0.9250530699946431,16.456474979781397,1.8480269950795833,99.84172747602987,94.23935966930631,84.4976737812125,0.0,74.63677660543865,[],168792.99820017582,1061.8391972298546,True
VS16,GI Pipes,10,20262167.23,221.97,221.16,0.8100000000000058,0.0,68767.9071000003,0.0,3404548.5158099933,0.20131414569877698,7,1.6,89971.835,77743.6225,52782.53971214562,0.5866562542838614,0.3649141775915691,70.0,0.2652632728720661,20.1314145698777,0.4042595665750596,0.8113484045650325,1.6355889724310775,1.7452471482889733,0.4535818107385436,1.0856301861243616,15.311212820432186,4.14215938962826,100.0,97.25244794555249,98.27767398822266,0.0,78.88253048344379,[],121550.44681214592,599.8886764303244,False
VS16,GI Sheets,6,13867905.59,147.2,146.56,0.6400000000000023,0.0,62437.98330000066,0.0,2557855.151780868,0.2572329115599122,5,1.8333333333333333,92054.245,84928.285,59164.86653703857,0.642717416638837,0.43478260869565377,83.33333333333333,0.43853535523938114,25.72329115599122,0.45667703408037513,0.823990501850067,1.7758031442241966,1.9690265486725664,0.6165733239812528,1.3393373707505076,16.608526685786646,4.348862850517769,100.0,92.5786422191152,87.41157310537538,0.0,74.99755383112264,[],121602.84983703923,876.8652847242179,False
VS16,GI Wire,13,28625103.92,347.28,344.84,2.440000000000003,0.0,205347.50700000126,0.0,-180384.99022693065,0.03044740839195289,8,1.5384615384615385,84223.13,86516.535,317439.9921759429,3.769035800212399,0.7026030868463498,61.53846153846154,1.092981034744345,3.044740839195289,0.6415884362062639,0.7928518581395263,1.5852130325814535,1.9775280898876404,1.0199915491129987,0.9750811560699817,3.774204306513585,3.049089196998296,91.91716852829995,98.93164594053997,60.51702476325897,38.66558587519423,75.17043540947856,[],522787.4991759442,1826.3252445720523,False
VS16,HR Coils,6,12569325.3,139.67,139.37,0.3000000000000025,0.0,31520.02060000063,0.0,2929343.1108267517,0.29743058783304155,4,1.6666666666666667,95462.14,68040.1975,56301.359383149145,0.5897768411974542,0.21479200973723958,66.66666666666667,0.423173452821593,29.743058783304154,0.33668216192124006,0.7659538489832981,1.6848940533151058,1.9323843416370108,0.608194104480641,1.0275266204297402,18.80112720977552,6.042133537357304,100.0,95.60894524941823,87.9701877387495,0.0,75.89478324704193,[],87821.37998314977,698.6960547767013,False
VS16,Hex Bars,12,22476344.54,269.34,268.27,1.069999999999995,0.0,103541.88230000006,0.0,439849.2271551338,0.06078813054448604,11,2.1666666666666665,85097.855,82508.47,18090.174534266633,0.2125808521761992,0.3972673943714246,91.66666666666667,0.07924138076422978,6.078813054448604,0.4224682620686646,0.750579496975409,2.0314020344980097,1.728744939271255,0.3001171177369559,0.6783321114707905,5.95881195653465,2.0995196224827377,100.0,84.05867920998809,100.0,2.2554583748431667,76.46576147746565,[],121632.0568342667,541.155865526996,False
VS16,MS Flats,8,21050935.97,214.96,213.85,1.1100000000000014,0.0,99696.21739999812,0.0,2539973.5510064396,0.11887597794671032,7,2.375,104225.195,88893.215,53842.460331561975,0.5165973575924897,0.5163751395608491,87.5,0.24156995912671952,11.88759779467103,0.5035194491689997,0.835588215786445,2.1179872758820126,2.006644518272425,0.4679733927208653,1.025137757196309,9.496525305005694,4.231608669949848,100.0,81.17250449718799,97.31823518940121,0.0,74.6226849216473,[],153538.67773156008,729.3674635197709,False
VS16,MS Pipes,7,16071832.84,208.73000000000002,208.13,0.5999999999999996,0.0,40999.87300000002,0.0,101450.10031866538,-0.014272879036620794,6,1.0,76091.75,79293.04000000001,47100.49768417708,0.6189961156653261,0.2874526900780911,85.71428571428571,0.29740840612373326,-1.4272879036620794,0.36891004610473677,0.7744255024799029,1.294486215538847,1.9185185185185185,0.5194127729353021,1.2470140641608212,1.5302526068392683,6.597865126401695,100.0,100.0,93.88894317510542,76.06478086976618,93.6851919677296,[],88100.37068417709,548.1662954141146,False
VS16,MS Rods,7,14224516.86,182.39,181.56,0.8299999999999965,0.0,69399.36199999985,0.0,-811418.7601329657,0.020784543372723435,7,2.5714285714285716,86216.41,86573.73,494685.5775367012,5.7377195076517475,0.4550688085969607,100.0,3.1602332604382837,2.0784543372723436,0.46668611524074405,0.788919666446106,2.2111528822055138,1.8925081433224755,2.1893939379521234,1.1907554122490775,3.575268914051015,4.23647940347009,100.0,78.06698428640462,0.0,41.9811757495704,57.91298122151523,[],564084.9395367011,3965.5824172343882,False
VS16,MS Sheets,7,20020956.69,234.62,233.73000000000002,0.8900000000000006,0.0,70539.84420000063,0.0,799241.3798118907,-0.03148133788523106,3,1.0,89481.71,86800.52,439534.340287211,4.912002020158209,0.37933679993180486,42.857142857142854,2.1015710521363147,-3.148133788523106,0.42250911018606985,0.8023629291376927,1.294486215538847,1.8790035587188612,1.5718409831093079,1.0203835613807282,0.526425840670336,3.3331616484574305,100.0,100.0,23.727062496838368,92.79522697258172,79.49081101872594,[],510074.18448721163,2547.7013530626223,False
VS16,SS Pipes,8,14646140.32,165.35,164.55,0.7999999999999972,0.0,73598.15750000009,0.0,1905366.1720237983,0.10072771146711204,5,1.375,83741.215,78622.47750000001,26219.320565588016,0.31309935693658153,0.4838221953432097,62.5,0.1902761208973452,10.072771146711204,0.4834868681119909,0.7141696463660475,1.5026026604973972,1.8642857142857143,0.43640795381048103,0.9358124398726226,8.379708906261186,5.667625820953892,100.0,100.0,99.42259778342682,0.0,79.8556494458567,[],99817.4780655881,681.5275279677786,False
VS16,SS Sheets,8,12814175.709999999,152.27,151.41,0.8599999999999977,0.0,67782.38459999854,0.0,550687.5289594281,0.09467515393511942,7,1.875,72327.88,83334.22,48694.05253022371,0.6732404230598728,0.5647862349773414,87.5,0.4446472644210242,9.467515393511942,0.5333108925022257,0.7465648567993546,1.810294968189705,1.870503597122302,0.5929440421327451,1.2767407456151725,8.007243827369333,4.2377431374054195,99.1356714419025,91.42891475359825,88.98685856194255,0.0,74.84464476145595,[],116476.43713022224,908.9655063753005,False
VS16,Spring Steel,8,20792800.35,244.99,243.39,1.5999999999999979,0.0,144871.6792999995,0.0,1059916.019182758,0.05876356226219828,6,1.375,90962.92,85678.45,23511.17258893415,0.2584698533087345,0.6530878811380046,75.0,0.10619575714233721,5.876356226219828,0.5876503670626338,0.804445441279379,1.5026026604973972,1.7963636363636364,0.38466619149970693,0.7936961818042867,5.797299724420338,4.334171972882552,95.51303980454196,100.0,100.0,4.947328910081694,79.64337772337893,[],168382.85188893366,809.8132481175564,False
VS16,Square/Rect Tubes,6,15180652.35,179.59,178.55,1.0400000000000011,0.0,80710.99529999959,0.0,1081964.0016174193,-0.005125120585621201,5,1.5,69033.44,79985.13500000001,36389.455612224745,0.5271279486032384,0.5790968316721428,83.33333333333333,0.29522707846722956,-0.5125120585621201,0.5353938829766419,0.7314050445852145,1.593984962406015,1.7634408602150538,0.5384051730146245,0.9819051603032114,2.2980885687575503,4.949009299696743,98.99680541027476,98.63924827972124,92.62278316981725,63.267514837794806,90.16805245302601,[],117100.45091222433,771.3795706033959,False
VS16,Structural Steel,9,20834120.080000002,213.44,212.72,0.7200000000000073,0.0,69359.26070000106,0.0,4466052.414765338,0.28346829385801153,6,1.3333333333333333,97079.11,78614.97,91611.82771179706,0.9436821960130976,0.33733133433283696,66.66666666666667,0.44362645544053103,28.346829385801154,0.3893381236932668,0.719847459996229,1.4667024704618687,1.7732793522267207,0.5816951808087337,1.472881334942787,20.24825079142258,5.830589040692322,100.0,100.0,89.73678265020997,0.0,77.4341956625525,[],160971.08841179812,772.6320468236357,False
VS17,Angles & Channels,5,9817072.33,130.57999999999998,130.27,0.30999999999999517,0.0,26677.29810000048,0.0,-20081.01837340044,0.06720063452698874,4,1.4,81646.64,80729.19,49403.49284313903,0.6050891113601127,0.2374023587073022,80.0,0.4644884557919034,6.720063452698874,0.38450503702138256,0.7113026493123651,1.4439024390243902,1.7416666666666667,0.751477274856371,1.9498939866506468,3.1485105092187085,4.309025190384596,100.0,100.0,78.4179763803675,49.093815830108845,84.42325726111365,[],76080.79094313951,774.984520697114,False
VS17,CR Sheets,2,6714376.779999999,67.86,67.52,0.33999999999999986,0.0,33470.5410000002,0.0,1578836.233678822,0.37792518954896015,2,1.5,103028.905,77377.78,476908.43459378986,4.6288799691095415,0.5010315355142939,100.0,6.855568674629061,37.79251895489602,0.522871663957986,0.7884562788332824,1.4912891986062717,1.6705426356589148,2.7004954026946164,1.1175594422605428,10.495689391212109,2.9946127341416036,99.83162001151848,100.0,0.0,0.0,54.94948600345555,"[""quality_rejection""]",510378.97559379006,7601.285902126424,True
VS17,ERW Pipes,5,12861367.26,140.51,139.57,0.939999999999996,0.0,100357.92909999983,0.0,651393.2593969965,0.04617079222515845,4,1.6,88544.67,91181.14,42607.5175360708,0.48119799346556713,0.6689915308518939,80.0,0.34477179441539524,4.617079222515845,0.6002996230936783,0.8606405037702413,1.5439024390243903,1.8619246861924685,0.6916189441681169,1.0307966997896014,2.0970183941271943,1.2392765482212764,94.669756069139,100.0,82.40853175958443,66.6186844149674,87.3267966436313,[],142965.44663607064,1111.5882452148455,False
VS17,Fasteners & Fittings,4,5684784.93,86.82,86.28999999999999,0.5300000000000065,0.0,34097.575300000375,0.0,-1875313.7082064508,-0.055448294464705575,4,1.75,73760.49,83829.5375,55547.827877687145,0.7530837698839467,0.6104584197189663,100.0,0.872735855700483,-5.544829446470557,0.5666524728392422,0.6608902615277615,1.6043360433604337,1.9425287356321839,0.9648082102673471,0.9250530699946431,-2.6993922174655016,1.8480269950795833,96.91289941943474,98.29421224790728,64.19591401963575,100.0,89.69640139271618,[],89645.40317768752,1576.935702608674,True
VS17,GI Pipes,6,11215042.96,134.42000000000002,133.61,0.810000000000004,0.0,68967.8776000007,0.0,542481.7869219701,0.07870782580889282,3,1.1666666666666667,83086.54000000001,82504.515,396820.02341344,4.775984454442801,0.6025889004612438,50.0,3.5745711057875913,7.870782580889283,0.5703247254040706,0.8113484045650325,1.312638580931264,1.7452471482889733,2.421796100393613,1.0856301861243616,4.100862119457128,4.14215938962826,96.66808258177952,100.0,0.0,33.22128899280186,60.64468257309423,"[""quality_rejection""]",465787.9010134407,4153.242236117485,False
VS17,GI Sheets,4,8137818.93,92.07,91.33,0.740000000000004,0.0,64394.67620000075,0.0,455617.3850081506,0.009892758805294534,2,1.0,77281.42499999999,82724.18,56032.777128547066,0.7250484463575442,0.8037362876072597,50.0,0.7938776375315277,0.9892758805294534,0.6525537474562615,0.823990501850067,1.2710027100271004,1.9690265486725664,0.929760113303367,1.3393373707505076,0.20465459453450327,4.348862850517769,91.18614777830012,100.0,66.53245381723443,98.1580810748456,88.62057400276777,[],120427.45332854782,1479.8492613861565,True
VS17,GI Wire,5,7301083.85,123.27000000000001,122.59,0.6800000000000068,0.0,41362.24250000017,0.0,-2412339.1629503155,-0.18222337142148706,4,1.0,54853.02,87572.94,27836.57075302808,0.5074756276505483,0.5516346231848842,80.0,0.4139616833759265,-18.222337142148707,0.5416211692601735,0.7928518581395263,1.2439024390243902,1.9775280898876404,0.7262138886483825,0.9750811560699817,-9.32268978820508,3.049089196998296,98.58165299137266,100.0,80.10220212756673,100.0,94.60004642930348,[],69198.81325302825,947.7882280865498,False
VS17,HR Coils,8,20324747.25,226.34,225.4,0.9399999999999924,0.0,81035.32959999901,0.0,3755024.616584059,0.2421783464418058,6,2.0,81495.045,76185.0825,413645.69987024844,5.07571595144525,0.41530440929574636,75.0,2.251870430987245,24.21783464418058,0.46003645008025273,0.7659538489832981,1.8030018761726079,1.9323843416370108,1.7851764551924734,1.0275266204297402,14.74057422939518,6.042133537357304,100.0,91.67201782083481,9.504697691294018,0.0,55.294178878032206,[],494681.02947024745,2433.885269939814,False
VS17,Hex Bars,6,16222370.67,199.07999999999998,198.19,0.8899999999999988,0.0,64612.56780000054,0.0,-509189.4027564281,-0.04905936050871476,4,1.1666666666666667,79774.79000000001,87688.875,75480.97097798862,0.9461757402055035,0.44705645971468705,66.66666666666667,0.4774084162699952,-4.905936050871476,0.48548884863322156,0.750579496975409,1.312638580931264,1.728744939271255,0.7324346333840149,0.6783321114707905,-2.8682571342305585,2.0995196224827377,100.0,100.0,79.68748581185791,100.0,94.92187145296448,[],140093.53877798916,863.5824049876009,False
VS17,MS Flats,7,13447328.18,165.4,164.56,0.8400000000000063,0.0,70928.67920000074,0.0,23815.55773419202,0.08076869974468015,5,2.0,96035.01,87729.095,68623.0422307903,0.7145627644625674,0.5078597339782384,71.42857142857143,0.43422627884210463,8.076869974468014,0.5177547262104153,0.835588215786445,1.7865853658536583,2.006644518272425,0.6859928684582437,1.025137757196309,4.5352398041640685,4.231608669949848,100.0,92.21923483146647,82.78360347357598,25.981660914352833,78.94704175913117,[],139551.72143079105,1037.765417507577,False
VS17,MS Pipes,8,14818465.28,181.95000000000002,181.03,0.9200000000000028,0.0,75115.91789999971,0.0,908581.9553976991,0.015158921128828023,7,1.75,79363.76000000001,77938.06,50762.46817084101,0.6396177319577727,0.5056334157735657,87.5,0.3533214008494574,1.5158921128828022,0.51562353098968,0.7744255024799029,1.649155722326454,1.9185185185185185,0.6168385904922964,1.2470140641608212,0.7701480562888564,6.597865126401695,100.0,96.80022294903995,87.3938886713058,88.73319004560638,93.79516591420771,[],125878.38607084073,849.4697911850203,False
VS17,MS Rods,10,23740432.15,275.34,273.65,1.6899999999999933,0.0,147720.25639999984,0.0,2455958.4675008412,0.17581024712006926,7,1.7,93919.23000000001,80579.97499999999,935659.0478421986,9.962379885803989,0.6137865911236992,70.0,3.6405554123164587,17.581024712006926,0.5863936325276204,0.788919666446106,1.6292682926829267,1.8925081433224755,2.773192306184585,1.1907554122490775,11.57966899658413,4.23647940347009,95.59682210687619,97.46313727049085,0.0,0.0,53.04483094968557,"[""quality_rejection""]",1083379.3042421984,4563.435481700776,False
VS17,MS Sheets,11,21095118.42,270.11,268.56,1.5499999999999976,0.0,122089.96520000011,0.0,-1239271.8095774762,-0.04475886637811758,8,1.3636363636363635,76874.11,84617.63,22087.402474848855,0.2873191309121999,0.5738402872903623,72.72727272727273,0.10698508002390524,-4.475886637811758,0.5606426085544562,0.8023629291376927,1.4024390243902438,1.8790035587188612,0.3980728968666969,1.0203835613807282,-3.209372824202289,3.3331616484574305,97.31355703842047,100.0,100.0,100.0,99.19406711152614,[],144177.36767484897,683.4631823548159,False
VS17,SS Pipes,8,17641288.21,220.81,219.63,1.1800000000000015,0.0,94625.11879999956,0.0,276498.1244384512,-0.008500135849248008,8,1.75,75771.315,81254.8,25861.244776391435,0.3413065323782679,0.5343960871337355,100.0,0.1554006886027719,-0.8500135849248007,0.5333236364420922,0.7141696463660475,1.649155722326454,1.8642857142857143,0.49504122910972065,0.9358124398726226,-0.6857939115927454,5.667625820953892,99.1348218459114,96.80022294903995,95.51371276347751,100.0,97.81893048190278,[],120486.363576391,682.9793955074837,False
VS17,SS Sheets,7,13346627.52,162.57999999999998,161.8,0.779999999999994,0.0,67127.16329999932,0.0,593886.7042819599,0.12348564693334249,6,1.2857142857142858,89705.41,83442.11,57927.701344697874,0.6457548250958094,0.4797638085865384,85.71428571428571,0.3991068140270762,12.348564693334248,0.5013654363985903,0.7465648567993546,1.3699186991869918,1.870503597122302,0.6655065139828106,1.2767407456151725,7.027061723502705,4.2377431374054195,100.0,100.0,84.14936043860486,0.0,76.03734010965121,[],125054.8646446972,936.9772585419182,False
VS17,Spring Steel,14,30521702.6,411.63,409.52,2.110000000000017,0.0,145627.79530000064,0.0,-2029721.7262510052,-0.044806093198051386,11,1.5714285714285714,74125.09,84027.89,20842.266332239367,0.28117694470575844,0.5125962636348218,78.57142857142857,0.06866012519675681,-4.480609319805138,0.5175992772402537,0.804445441279379,1.5494223363286264,1.7963636363636364,0.32387222222940987,0.7936961818042867,-3.4128285604515374,4.334171972882552,100.0,100.0,100.0,100.0,100.0,[],166470.06163224002,545.415384632704,False
VS17,Square/Rect Tubes,5,12015351.72,143.51999999999998,142.70999999999998,0.8099999999999987,0.0,68849.15880000032,0.0,1203718.4844975544,0.07652210866326634,4,1.6,84962.08,77622.48999999999,49746.16429746783,0.5855101981668508,0.5643812709030093,80.0,0.4102797268354361,7.652210866326634,0.547994493119236,0.7314050445852145,1.5439024390243903,1.7634408602150538,0.7243729103781373,0.9819051603032114,3.6145842160325885,4.949009299696743,98.15676473410181,100.0,80.22493401224973,41.325920716544175,82.76844706660182,[],118595.32309746815,987.0316396985851,False
VS17,Structural Steel,8,13291924.51,171.2,170.23000000000002,0.97,0.0,72808.86679999955,0.0,-1122295.3271097147,-0.02744994974305265,4,0.75,84014.48,85392.08,95274.74071138036,1.134027618945929,0.566588785046729,50.0,0.6661737760359097,-2.744994974305265,0.5531345274654729,0.719847459996229,1.0337711069418387,1.7732793522267207,0.8093631290685745,1.472881334942787,-1.8519363050576465,5.830589040692322,97.81409577768602,100.0,74.55891943288727,100.0,92.98395859152762,[],168083.60751137993,1264.5543343623756,False
VS18,Angles & Channels,2,4089901.0100000002,51.910000000000004,51.51,0.4000000000000039,0.0,30830.064500000095,0.0,-200068.61136738557,0.052829520884490486,1,0.5,89076.41500000001,86932.705,37008.55889383256,0.41546978393587747,0.770564438451173,50.0,0.8065808268993934,5.282952088449049,0.592712317106485,0.7113026493123651,1.2088744588744587,1.7416666666666667,0.5395803401012765,1.9498939866506468,2.8601327873636637,4.309025190384596,95.17557646828521,100.0,92.54443869737379,53.90011119435958,87.46880485370093,[],67838.62339383265,1658.6861938214156,True
VS18,CR Sheets,7,17187909.44,173.22,172.45000000000002,0.769999999999996,0.0,84512.09739999927,0.0,2763815.3059280305,0.15548052248883434,5,1.4285714285714286,95251.95,81103.58,33078.94139867542,0.34727836436603576,0.4445214178501305,71.42857142857143,0.20137916170834197,15.548052248883435,0.4766256056494969,0.7884562788332824,1.4551767676767675,1.6705426356589148,0.2977962382390452,1.1175594422605428,9.857615923069298,2.9946127341416036,100.0,100.0,100.0,0.0,80.0,[],117591.0387986747,684.1497461291876,False
VS18,ERW Pipes,4,10556044.32,130.52,129.99,0.5300000000000065,0.0,43961.998399999575,0.0,-508023.5208555517,-0.13457628487512108,4,1.5,67369.215,85304.575,21531.796883860523,0.31960884335464684,0.40606803555011217,100.0,0.2458718696473935,-13.457628487512107,0.4702366094492775,0.8606405037702413,1.4957912457912457,1.8619246861924685,0.3497098006110803,1.0307966997896014,-4.930609846155653,1.2392765482212764,100.0,100.0,100.0,100.0,100.0,[],65493.7952838601,620.4388054696998,True
VS18,Fasteners & Fittings,5,6684007.710000001,88.67999999999999,88.26,0.4199999999999986,0.0,29051.16389999978,0.0,-981186.8668884835,-0.13952425933183724,5,2.0,71287.87,90805.4,33265.52401649472,0.46663652619295143,0.47361299052773864,100.0,0.5287066918116377,-13.952425933183724,0.4975922295481743,0.6608902615277615,1.746212121212121,1.9425287356321839,0.4807434185968337,0.9250530699946431,-6.030710433127107,1.8480269950795833,100.0,93.56500965285105,96.46690013100331,100.0,97.50797744596358,[],62316.6879164945,932.3251950063128,False
VS18,GI Pipes,12,25723265.279999997,298.54,296.54,2.0000000000000115,0.0,167477.75659999956,0.0,2181265.2262720386,0.08935865990365775,9,1.5,89648.76000000001,80480.53,35792.18480405258,0.3992490783369739,0.6699269779594063,75.0,0.13463582597186682,8.935865990365775,0.626293004609172,0.8113484045650325,1.4977718360071302,1.7452471482889733,0.2223253316807383,1.0856301861243616,6.863848071708049,4.14215938962826,92.93686396810608,100.0,100.0,0.0,77.88105919043183,[],203269.94140405214,790.2182681375828,False
VS18,GI Sheets,3,9102396.2,91.16999999999999,90.69999999999999,0.46999999999999886,0.0,41337.65940000024,0.0,1791630.0323705135,0.03080233956901768,3,2.6666666666666665,82163.05,85922.18,34864.701857703054,0.4243355359581107,0.5155204562904453,100.0,0.4678451333606513,3.0802339569017683,0.5193023389642981,0.823990501850067,1.9327651515151514,1.9690265486725664,0.44592951587401286,1.3393373707505076,2.3369659006691066,4.348862850517769,100.0,87.34657530941669,98.78782697919138,62.619559305935546,89.05751243333913,[],76202.36125770329,837.1681432379675,True
VS18,GI Wire,10,24016214.919999998,297.2,295.84,1.3600000000000128,0.0,103147.70910000021,0.0,-1271753.6835139343,0.0052982973210107375,7,1.5,83227.095,87499.68,56187.41484137803,0.6751096483828737,0.45760430686406894,70.0,0.22820093577030615,0.5298297321010738,0.4789266940989159,0.7928518581395263,1.4974747474747474,1.9775280898876404,0.2963940056408807,0.9750811560699817,0.9835548437105525,3.049089196998296,100.0,100.0,100.0,85.17641025524478,97.03528205104895,[],159335.12394137823,663.448109838027,False
VS18,HR Coils,8,15641431.34,208.12,207.19,0.9300000000000104,0.0,62838.910000000265,0.0,-872655.0632464875,-0.028665828352970844,5,1.625,81922.93,81657.0425,220227.17011353985,2.688223799045516,0.44685758216414107,62.5,1.2974679275281218,-2.8665828352970846,0.475593692319706,0.7659538489832981,1.574009324009324,1.9323843416370108,0.9648957036257786,1.0275266204297402,-1.0367413344407022,6.042133537357304,100.0,99.30510289294428,64.19008112907365,100.0,90.87379600550447,[],283066.0801135401,1809.7198009599813,False
VS18,Hex Bars,6,12816242.79,149.79000000000002,149.14,0.650000000000003,0.0,58443.13210000034,0.0,-263400.24019806896,-0.003488643291979165,4,1.3333333333333333,82726.765,89445.0325,12009.570394896244,0.14517152211737328,0.43394085052406894,66.66666666666667,0.09733909220690176,-0.3488643291979165,0.47377294963522393,0.750579496975409,1.4056473829201102,1.728744939271255,0.24981229819559633,0.6783321114707905,0.6692581235872773,2.0995196224827377,100.0,100.0,100.0,90.41468892396603,98.0829377847932,[],70452.70249489658,549.7141685694968,False
VS18,MS Flats,10,18547392.04,234.57,233.34,1.2299999999999973,0.0,97476.57490000059,0.0,-188769.14964218187,0.08502235076760907,8,1.3,83905.29999999999,83588.8425,428819.55100872845,5.110756424310842,0.524363729377157,80.0,2.1902616029445623,8.502235076760908,0.5234329757743079,0.835588215786445,1.364141414141414,2.006644518272425,1.6044344504237182,1.025137757196309,6.298491740150442,4.231608669949848,99.79419922376368,100.0,21.554164675877686,0.0,60.32680093609852,[],526296.125908729,2837.574817924262,False
VS18,MS Pipes,6,17175300.37,206.3,205.48,0.8200000000000074,0.0,66731.31900000048,0.0,761443.0644744609,0.01309342555639705,5,1.1666666666666667,78604.345,84960.9,30892.631618827334,0.39301429989432946,0.3974793989335954,83.33333333333333,0.1912664492380424,1.3093425556397051,0.4538848851313293,0.7744255024799029,1.314738292011019,1.9185185185185185,0.30104540203076396,1.2470140641608212,1.5737346062259798,6.597865126401695,100.0,100.0,100.0,75.34008087998765,95.06801617599753,[],97623.95061882782,568.3973410406668,False
VS18,MS Rods,13,25683624.53,274.18,272.74,1.4399999999999928,0.0,140413.4762000008,0.0,3486145.6256697904,0.07714942866623647,9,1.4615384615384615,94384.66,84935.24,32476.963133801288,0.3440915412928466,0.5252024217667199,69.23076923076923,0.12616101096019894,7.714942866623647,0.5241938236561338,0.788919666446106,1.4701178451178452,1.8925081433224755,0.21133299274404083,1.1907554122490775,6.0971823667086085,4.23647940347009,99.74347603164196,100.0,100.0,0.0,79.92304280949259,[],172890.4393338021,673.1543639094076,False
VS18,MS Sheets,7,21564348.93,228.67,227.13,1.5400000000000027,0.0,142972.1171000006,0.0,2507150.4218288525,0.19411388565791365,4,1.1428571428571428,96233.05,81743.37,18541.538627698552,0.19267329288325116,0.6734595705601972,57.142857142857146,0.08482952180832613,19.411388565791366,0.6101728613970357,0.8023629291376927,1.288510101010101,1.8790035587188612,0.2298089482973693,1.0203835613807282,12.111228774598928,3.3331616484574305,94.0115401822485,100.0,100.0,0.0,78.20346205467455,[],161513.65572769917,748.984614615486,False
VS18,SS Pipes,10,26280034.76,321.55,319.54,2.010000000000005,0.0,160320.38200000057,0.0,762142.5196354149,0.01939952930879877,10,1.8,86094.765,85324.15,18328.762031984257,0.21289055184695907,0.6250971855076987,100.0,0.06662406955215593,1.939952930879877,0.590588613194669,0.7141696463660475,1.6974747474747474,1.8642857142857143,0.18867609482878053,0.9358124398726226,1.9236369762297547,5.667625820953892,95.31715672907295,95.18958877743017,100.0,69.50837471325806,91.29421915573104,[],178649.14403198482,679.7903642954877,False
VS18,SS Sheets,4,9320258.11,120.03,119.72,0.31000000000000494,0.0,25635.78629999992,0.0,-1081906.177328436,-0.06567360985933604,3,2.25,73233.62,84056.27249999999,31790.930226578785,0.43410294652345177,0.258268766141802,75.0,0.3625985186463847,-6.567360985933604,0.4045480452678063,0.7465648567993546,1.829124579124579,1.870503597122302,0.40158831127729866,1.2767407456151725,-1.868268734342985,4.2377431374054195,100.0,90.80126105576912,100.0,100.0,97.70031526394229,[],57426.716526578704,616.1494225676407,True
VS18,Spring Steel,9,20024799.009999998,222.53,221.14000000000001,1.3899999999999952,0.0,122584.60089999903,0.0,2773499.8426269563,0.15798893584332796,6,1.2222222222222223,85990.94,76858.975,110998.66565468318,1.2908181449660066,0.6246348806902419,66.66666666666667,0.5837108370109462,15.798893584332795,0.5878265192182305,0.804445441279379,1.3187229437229437,1.7963636363636364,0.5298070185720475,0.7936961818042867,10.831790542403052,4.334171972882552,95.50129632750219,100.0,93.19599346598906,0.0,76.94938726474793,[],233583.26655468222,1166.46996775366,False
VS18,Square/Rect Tubes,11,24090562.89,243.06,241.69,1.3700000000000019,0.0,139824.5550000008,0.0,5101153.486536244,0.24276347968600298,9,1.5454545454545454,100566.82,78973.08,37627.77185710778,0.3741569223040738,0.5636468361721394,81.81818181818181,0.15480860701893906,24.276347968600298,0.5504982837960364,0.7314050445852145,1.5288825757575757,1.7634408602150538,0.2416747127574049,0.9819051603032114,17.280928311828177,4.949009299696743,97.98984535564847,100.0,100.0,0.0,79.39695360669454,[],177452.3268571086,736.6051497732713,False
VS18,Structural Steel,5,7634560.029999999,124.49000000000001,124.05999999999999,0.4300000000000068,0.0,25113.171900000016,0.0,-2266292.1921458766,-0.18324740903891834,3,1.2,65222.96,86002.65,44482.53959723414,0.6820073728213829,0.3454092698208746,60.0,0.5497399426256513,-18.324740903891833,0.43349036919474226,0.719847459996229,1.3462121212121212,1.7732793522267207,0.4912600440038405,1.472881334942787,-8.216867918481162,5.830589040692322,100.0,100.0,95.7657917705362,100.0,98.94144794263406,[],69595.71149723415,911.5877172195627,False
VS19,Angles & Channels,5,7540236.37,80.47,77.6,2.8700000000000006,1.01,273740.86799999984,94715.2295,894649.5175556121,0.1101197434499995,5,5.2,87125.81,83024.46,1863693.2771276934,21.390828700791342,3.5665465390828888,100.0,28.867047294834208,11.01197434499995,3.566356001441025,0.7113026493123651,5.10709219858156,1.7416666666666667,18.247153580666502,1.9498939866506468,6.861158081211549,4.309025190384596,0.0,0.0,0.0,0.0,0.0,"[""short_delivery"", ""late_delivery"", ""quality_rejection""]",2232149.374627693,29603.175087569478,False
VS19,CR Sheets,12,28009448.2,340.22,326.63,13.590000000000005,8.540000000000001,1134916.9606000027,668463.2013,-206941.81093350577,0.04610140631574724,12,4.5,84450.275,85781.64,330971.0070296691,3.919122904332391,3.994474163776381,100.0,3.8144453676430192,4.6101406315747235,3.8685010167242573,0.7884562788332824,4.651230705047976,1.6705426356589148,4.9358613967182485,1.1175594422605428,4.051376274471319,2.9946127341416036,0.0,0.0,0.0,34.04605307589866,6.809210615179733,"[""short_delivery"", ""late_delivery"", ""quality_rejection""]",2134351.168929672,7620.111448427863,False
VS19,ERW Pipes,9,21891397.16,239.10999999999999,231.1,8.010000000000005,6.8999999999999995,721605.0036000006,591724.4732,1677299.408455284,0.139011662580084,9,5.111111111111111,104591.67,88011.0,339140.18355943216,3.242516192345262,3.3499226297519993,100.0,4.388799737059828,13.901166258008399,3.4271522133402716,0.8606405037702413,5.0764944275582575,1.8619246861924685,5.54539264043089,1.0307966997896014,9.904443243513667,1.2392765482212764,0.0,0.0,0.0,0.0,0.0,"[""short_delivery"", ""late_delivery"", ""quality_rejection""]",1652469.660359433,7548.48878891489,False
VS19,Fasteners & Fittings,5,12205166.59,139.15,135.01,4.139999999999999,3.96,371541.70679999935,371728.9362,712367.2164437107,-0.003409409790813456,5,5.6,68959.21,84165.26000000001,665684.5227770752,9.653308423589468,2.975206611570247,100.0,10.083185263009755,-0.3409409790813456,3.2706860376847047,0.6608902615277615,5.30709219858156,1.9425287356321839,8.855222564754277,0.9250530699946431,1.1847004191709007,1.8480269950795833,0.0,0.0,0.0,81.8239839975723,16.364796799514462,"[""short_delivery"", ""late_delivery"", ""quality_rejection""]",1408955.1657770746,11543.924086472258,False
VS19,GI Pipes,7,15686178.23,196.58,188.22,8.360000000000003,3.64,681090.7488999999,281778.7684,-404863.39146846865,-0.053252245467389214,7,4.571428571428571,65322.55,86484.08,1007465.3821971533,15.422934074024257,4.252721538305018,100.0,10.12800662736386,-5.325224546738921,3.966656507260911,0.8113484045650325,4.755910165484633,1.7452471482889733,9.086028810336751,1.0856301861243616,-1.977071895004726,4.14215938962826,0.0,0.0,0.0,100.0,20.0,"[""short_delivery"", ""late_delivery"", ""quality_rejection""]",1970334.8994971532,12560.96208143845,False
VS19,GI Sheets,7,7660364.63,99.18,96.44999999999999,2.730000000000005,2.99,212596.9228,226716.5533,-478697.142523536,-0.00206816636403618,7,4.571428571428571,78664.88,88196.065,615589.4861400074,7.8254678090147385,2.752571082879618,100.0,11.213548791098745,-0.206816636403618,3.091568741596094,0.823990501850067,4.755910165484633,1.9690265486725664,9.719261739182102,1.3393373707505076,1.0086660526908675,4.348862850517769,0.0,0.0,0.0,84.75789010557286,16.95157802111457,"[""short_delivery"", ""late_delivery"", ""quality_rejection""]",1054902.9622400072,13770.923620381334,False
VS19,GI Wire,10,26709998.509999998,280.56,270.38,10.179999999999994,6.36,967700.0794999988,607171.9558,3858393.2913613473,0.14251814281227757,10,5.0,91006.855,85623.01749999999,571577.4928967775,6.280598235119513,3.628457370972339,100.0,4.675123246955955,14.251814281227757,3.6076934019146134,0.7928518581395263,5.004728132387707,1.9775280898876404,5.659168786803571,0.9750811560699817,10.404656793292888,3.049089196998296,0.0,0.0,0.0,0.0,0.0,"[""short_delivery"", ""late_delivery"", ""quality_rejection""]",2146449.5281967763,8036.127472613537,False
VS19,HR Coils,8,18534651.2,196.65,190.51,6.140000000000007,4.02,573414.9180000005,361158.08139999997,3206042.0257244837,0.17524975311828236,8,3.875,90199.75,76658.2675,1175221.2812440456,13.029096879359928,3.122298499872874,100.0,8.949187380903853,17.524975311828236,3.293016562921446,0.7659538489832981,4.313147845062739,1.9323843416370108,8.440753721517295,1.0275266204297402,11.827039352441663,6.042133537357304,0.0,8.000485524497114,0.0,0.0,2.0001213811242784,"[""short_delivery"", ""late_delivery"", ""quality_rejection""]",2109794.280644046,11382.972670368063,False
VS19,Hex Bars,4,10393935.760000002,130.64,125.98,4.659999999999997,3.06,385061.63099999935,205738.9279,65532.4360541997,-0.07089096969196629,4,5.25,64660.06,82775.985,282203.5540416521,4.364418375758577,3.5670545009185526,100.0,5.893330985679138,-7.089096969196628,3.5665605914077805,0.750579496975409,5.1189913317572895,1.728744939271255,6.856624808356729,0.6783321114707905,-1.6449643099634197,2.0995196224827377,0.0,0.0,0.0,100.0,20.0,"[""short_delivery"", ""late_delivery"", ""quality_rejection""]",873004.1129416515,8399.167871532538,True
VS19,MS Flats,9,17345557.73,208.69,202.24,6.449999999999996,5.19,521552.7263999988,417620.42850000004,531825.3063544608,-0.03450731579377625,9,5.111111111111111,71917.88,83912.19,515290.2089386736,7.164980515814337,3.0907087066941377,100.0,6.109068688594905,-3.450731579377625,3.260514691374503,0.835588215786445,5.0764944275582575,2.006644518272425,6.651279823560581,1.025137757196309,-1.2503482233773493,4.231608669949848,0.0,0.0,0.0,100.0,20.0,"[""short_delivery"", ""late_delivery"", ""quality_rejection""]",1454463.3638386724,8385.22108356946,False
VS19,MS Pipes,10,14595784.55,179.22,171.84,7.379999999999999,5.21,590650.7335999995,389585.5915,813358.494322774,0.0844393301356184,10,5.7,84797.01999999999,76853.16,1011435.2502001947,11.92772163691831,4.117843990626046,100.0,9.973068922787657,8.44393301356184,3.9339511483504177,0.7744255024799029,5.471394799054374,1.9185185185185185,9.191132570691373,1.2470140641608212,6.5327359481822755,6.597865126401695,0.0,0.0,0.0,0.0,0.0,"[""short_delivery"", ""late_delivery"", ""quality_rejection""]",1991671.575300194,13645.52599743735,False
VS19,MS Rods,10,18405488.34,221.72,213.75,7.970000000000004,6.14,669763.1745000002,531223.5365,651793.7248066476,-0.03680675061448779,10,5.6,78699.70499999999,83647.6,778145.319276306,9.887525236292895,3.5946238499007777,100.0,7.498257420487904,-3.6806750614487793,3.585137721200239,0.788919666446106,5.4047281323877066,1.8925081433224755,7.54125823582487,1.1907554122490775,-1.550336101824804,4.23647940347009,0.0,0.0,0.0,100.0,20.0,"[""short_delivery"", ""late_delivery"", ""quality_rejection""]",1979132.030276306,10752.944957049187,False
VS19,MS Sheets,8,21252782.87,238.14999999999998,228.51,9.639999999999983,5.92,858335.7357999997,482878.6841,741320.7891978255,0.03736292522641688,8,5.125,89743.11499999999,93711.6125,522938.7350232017,5.827062443990291,4.047868990132263,100.0,5.14072138811881,3.7362925226416883,3.86259840308107,0.8023629291376927,5.082378614293508,1.8790035587188612,6.097082341341884,1.0203835613807282,3.341696097557634,3.3331616484574305,0.0,0.0,0.0,45.874056024460074,9.174811204892015,"[""short_delivery"", ""late_delivery"", ""quality_rejection""]",1864153.1549232013,8771.336753054595,False
VS19,SS Pipes,6,11916905.68,165.70999999999998,160.91,4.799999999999995,4.52,354233.8844999993,345784.4469,-861567.8952869682,-0.043485315867658164,6,4.166666666666667,68673.805,78789.8125,645748.0161197882,9.40311980848867,2.8966266368957796,100.0,8.652737436137388,-4.348531586765817,3.200962467306408,0.7141696463660475,4.551901998710509,1.8642857142857143,8.186611268119849,0.9358124398726226,-1.1399527666799243,5.667625820953892,0.0,0.04201373623811122,0.0,100.0,20.01050343405953,"[""short_delivery"", ""late_delivery"", ""quality_rejection""]",1345766.3475197875,11292.91767223073,False
VS19,SS Sheets,7,19531826.16,208.65,201.14000000000001,7.509999999999991,4.91,682193.1749999982,493420.4267,4072115.092119536,0.33362100805305495,7,5.142857142857143,110859.45,75013.48,767534.2517741622,6.923489623790865,3.599329019889763,100.0,5.883210511977162,33.362100805305495,3.585510871518679,0.7465648567993546,5.089243498817967,1.870503597122302,6.609897743027845,1.2767407456151725,20.590534560354516,4.2377431374054195,0.0,0.0,0.0,0.0,0.0,"[""short_delivery"", ""late_delivery"", ""quality_rejection""]",1943147.8534741602,9948.623531442285,False
VS19,Spring Steel,9,15588925.46,194.87,187.36,7.510000000000005,5.0,593518.2649000004,392264.30319999997,383829.71327977534,0.01363093764175535,9,5.444444444444445,79006.5,80164.795,260020.22971365994,3.2911245241044718,3.8538512854723685,100.0,4.425237256674035,1.363093764175535,3.751106349160509,0.804445441279379,5.290780141843972,1.7963636363636364,5.568816760182879,0.7936961818042867,1.8442537831925392,4.334171972882552,0.0,0.0,0.0,70.831427930545,14.166285586109002,"[""short_delivery"", ""late_delivery"", ""quality_rejection""]",1245802.7978136602,7991.588650611588,False
VS19,Square/Rect Tubes,10,18724372.13,203.83999999999997,197.03,6.809999999999996,7.109999999999999,645822.7941000004,653631.7861,2269247.338838817,0.18734167175909328,10,5.3,95301.855,78973.08,602131.7232645496,6.318153232846829,3.340855572998429,100.0,6.815283577550032,18.734167175909327,3.4159588699320067,0.7314050445852145,5.204728132387706,1.7634408602150538,7.085942340532955,0.9819051603032114,13.392892056413935,4.949009299696743,0.0,0.0,0.0,0.0,0.0,"[""short_delivery"", ""late_delivery"", ""quality_rejection""]",1901586.30346455,10155.674594919248,False
VS19,Structural Steel,5,10520657.76,116.98,113.03999999999999,3.9400000000000013,3.33,351843.1022000003,292641.3019,1485913.3018890782,0.15963896340809786,5,4.8,89753.72,80757.605,1738361.8941397527,19.368131974248563,3.3680971106172004,100.0,20.079734584437865,15.963896340809786,3.4671312872081814,0.719847459996229,4.9070921985815605,1.7732793522267207,13.853497225468335,1.472881334942787,9.337119079116466,5.830589040692322,0.0,0.0,0.0,0.0,0.0,"[""short_delivery"", ""late_delivery"", ""quality_rejection""]",2382846.298239753,22649.214075753312,False
VS20,Angles & Channels,8,20062869.3,227.2,226.18,1.0200000000000076,0.0,90041.71060000139,0.0,2177602.2834621267,0.1279257247239675,7,1.75,86875.86499999999,80106.31,15527.47536785392,0.1787317498116873,0.44894366197183433,87.5,0.07902190724718688,12.792572472396749,0.4584265160418672,0.7113026493123651,1.6688488816148388,1.7416666666666667,0.12221451597509603,1.9498939866506468,8.950161321943126,4.309025190384596,100.0,96.14378430609378,100.0,0.0,79.03594607652344,[],105569.1859678553,526.1918641310957,False
VS20,CR Sheets,10,23621222.88,249.87,248.92999999999998,0.9400000000000057,0.0,84244.50949999964,0.0,3190412.833394304,0.06528272602592562,9,2.1,93464.275,83205.43,18781.756948436727,0.20095118641252743,0.3761956217232984,90.0,0.08072598176697363,6.528272602592562,0.40866344200017213,0.7884562788332824,1.9130023640661937,1.6705426356589148,0.11759155115789932,1.1175594422605428,5.286282895467484,2.9946127341416036,100.0,88.00533489104862,100.0,13.46427605929591,79.69418893462134,[],103026.26644843636,436.1597491028642,False
VS20,ERW Pipes,5,9575215.99,132.67000000000002,132.46,0.20999999999999908,0.0,14485.968200000003,0.0,-1135514.0686136107,-0.10626863831257105,3,1.4,69659.93,84892.84,11232.981243655266,0.1612545583042542,0.15828748021406425,60.0,0.1217383046234744,-10.626863831257104,0.3159432813839919,0.8606405037702413,1.4695035460992907,1.8619246861924685,0.15653049728161253,1.0307966997896014,-3.9122801750198883,1.2392765482212764,100.0,100.0,100.0,100.0,100.0,[],25718.94944365527,268.5991571418878,False
VS20,Fasteners & Fittings,9,17887628.89,207.85,207.10999999999999,0.7399999999999967,0.0,57990.079000000376,0.0,836780.1029843009,0.054847516889425005,7,1.6666666666666667,88286.81,82699.02,19146.839313666573,0.2168708928736532,0.3560259802742346,77.77777777777777,0.10471290274426787,5.4847516889425005,0.39801637394555067,0.6608902615277615,1.6210739614994931,1.9425287356321839,0.13564496959979744,0.9250530699946431,4.526734471897796,1.8480269950795833,100.0,97.73628164327197,100.0,26.123416452124047,84.6587537012428,[],77136.91831366695,431.23053808875693,False
VS20,GI Pipes,10,16914851.330000002,212.32,211.3,1.0199999999999947,0.0,82766.04789999942,0.0,330153.3649290526,0.06946470590311796,6,1.2,85025.235,77874.91,16925.512015482065,0.19906457201185115,0.4804069329314218,60.0,0.09420945196964087,6.946470590311796,0.47813764947225434,0.8113484045650325,1.3130023640661936,1.7452471482889733,0.1265805312930108,1.0856301861243616,5.565081553946973,4.14215938962826,100.0,100.0,100.0,8.817631751304445,81.76352635026089,[],99691.55991548148,589.3729597177694,False
VS20,GI Sheets,8,22501170.33,248.57999999999998,247.17,1.410000000000002,0.0,130484.58160000027,0.0,308199.21188760566,0.05834948292541969,6,1.625,96618.73,89263.22750000001,18279.127843610633,0.18918824376609622,0.5672218199372444,75.0,0.07654175011777166,5.834948292541969,0.5312130747898117,0.823990501850067,1.591925804691762,1.9690265486725664,0.12068826543391743,1.3393373707505076,4.668546442032492,4.348862850517769,99.27552595606343,98.70788687019635,100.0,23.759883616545796,84.21160622767727,[],148763.7094436109,661.1376531169564,False
VS20,GI Wire,7,14221019.55,152.55,152.16,0.3900000000000108,0.0,31446.978600001137,0.0,2156852.88266694,0.03320757666117248,4,1.4285714285714286,92558.79,81069.91,14797.743917345026,0.159873999188462,0.2556538839724751,57.142857142857146,0.10506966297874738,3.320757666117248,0.34646438338141033,0.7928518581395263,1.4745862884160754,1.9775280898876404,0.14100842421249873,0.9750811560699817,3.1047350890756142,3.049089196998296,100.0,100.0,100.0,49.82340616582708,89.96468123316542,[],46244.72251734616,325.18570384319713,False
VS20,HR Coils,5,9852951.68,101.05000000000001,100.66,0.3899999999999988,0.0,32492.3400000002,0.0,1895953.4409999698,0.13282653121303417,4,2.2,89006.95,78489.85500000001,16355.550538862755,0.183755881297615,0.38594755071746534,80.0,0.182551044404545,13.282653121303417,0.42977331663569246,0.7659538489832981,1.8695035460992906,1.9323843416370108,0.18693686717214786,1.0275266204297402,8.042478301260372,6.042133537357304,100.0,89.45529548994539,100.0,0.0,77.36382387248635,[],48847.89053886296,495.76910681513624,False
VS20,Hex Bars,7,16132761.69,170.03,169.22,0.8099999999999987,0.0,77796.43579999893,0.0,1782356.819399335,0.09532722084683336,6,1.7142857142857142,94094.7,88341.35,7519.799080323277,0.07991735007735055,0.47638652002587706,85.71428571428571,0.047226894029872686,9.532722084683336,0.4752250877458948,0.750579496975409,1.6412529550827422,1.728744939271255,0.10726680899232184,0.6783321114707905,6.7283809999058315,2.0995196224827377,100.0,97.06364852383034,100.0,0.0,79.26591213095759,[],85316.23488032221,528.8383757209161,False
VS20,MS Flats,10,23029541.56,295.11,294.15999999999997,0.9500000000000002,0.0,80424.17740000124,0.0,-757694.2149658287,-0.03234549254739917,7,1.7,70594.32,85713.5325,13689.528352921052,0.19391826924490596,0.3219138626274949,70.0,0.06592271867177929,-3.234549254739917,0.3724756026029698,0.835588215786445,1.646335697399527,2.006644518272425,0.10772270909443642,1.025137757196309,-1.2222650094208352,4.231608669949848,100.0,96.89422377993752,100.0,100.0,99.22355594498438,[],94113.7057529223,408.66512912436065,False
VS20,MS Pipes,8,17520691.29,218.49,217.3,1.1899999999999924,0.0,95780.59569999867,0.0,1514382.5457906048,0.16613007570054805,6,2.0,88328.065,76969.59,17801.204335922957,0.20153508781068574,0.5446473522815655,75.0,0.09274509333211492,16.613007570054805,0.5173210946940093,0.7744255024799029,1.8226950354609928,1.9185185185185185,0.13065955356582099,1.2470140641608212,11.301198305117312,6.597865126401695,100.0,91.01557917788865,100.0,0.0,77.75389479447216,[],113581.80003592162,648.2723664034241,False
VS20,MS Rods,7,13569544.61,163.51,162.54,0.9700000000000053,0.0,85527.06020000062,0.0,462386.9806220877,0.006671311483198938,7,2.0,87536.69,81950.345,15127.268788091369,0.1728106099064446,0.5932358877132929,100.0,0.10631881992521508,0.6671311483198938,0.5433872188968873,0.788919666446106,1.8079196217494087,1.8925081433224755,0.14173709909793825,1.1907554122490775,1.556786287027158,4.23647940347009,98.46391634892507,91.5080929682748,100.0,75.62255286663469,92.54070872007317,[],100654.32898809199,741.7664474452249,False
VS20,MS Sheets,9,25186088.03,311.9,310.06,1.8399999999999963,0.0,146450.1083999998,0.0,-1142622.6992579617,-0.048039623532390184,8,1.4444444444444444,73152.87,90985.07,122757.95769716662,1.67810172994124,0.5899326707277962,88.88888888888889,0.541218386744901,-4.803962353239019,0.5483849606656974,0.8023629291376927,1.4782168186423503,1.8790035587188612,0.41625563788591874,1.0203835613807282,-2.0874388409331806,3.3331616484574305,98.13073356433773,100.0,100.0,100.0,99.43922006930131,[],269208.0660971664,1068.8760627553734,False
VS20,SS Pipes,14,29228427.16,313.31,311.57,1.740000000000006,0.0,169037.80680000054,0.0,5898359.780684629,0.2567655957746185,9,1.1428571428571428,99821.16500000001,78782.025,9646.057568119748,0.0966333900042115,0.5553605055695656,64.28571428571429,0.031014985397891805,25.67655957746185,0.5338443416180798,0.7141696463660475,1.2471071295259424,1.8642857142857143,0.07320122343522309,0.9358124398726226,19.65701849950276,5.667625820953892,99.10010816751223,100.0,100.0,0.0,79.73003245025367,[],178683.8643681203,611.3358867720896,False
VS20,SS Sheets,1,604308.07,6.28,6.27,0.010000000000000675,0.0,962.2719999999972,0.0,82127.41222994679,0.15756814124776308,0,0.0,96227.4,85832.04,21788.181924386074,0.2264238867971708,0.15923566878981965,0.0,3.6112262647076685,15.756814124776309,0.421205180259903,0.7465648567993546,1.2825059101654845,1.870503597122302,0.761306619067737,1.2767407456151725,4.961388588477157,4.2377431374054195,100.0,100.0,77.76268676627643,18.879181175801353,78.21650792672938,[],22750.45392438607,3764.711254705911,True
VS20,Spring Steel,7,13795667.89,184.13,183.05,1.0800000000000074,0.0,81209.96259999977,0.0,-576858.1185915507,-0.02752450839543267,6,1.2857142857142858,77644.38,84200.995,7148.47699674244,0.0920668952053251,0.5865421169825706,85.71428571428571,0.05029603671419017,-2.752450839543267,0.5394825193039661,0.804445441279379,1.3912529550827422,1.7963636363636364,0.10905714222484038,0.7936961818042867,-0.43796987255968584,4.334171972882552,98.72422965511981,100.0,100.0,100.0,99.61726889653595,[],88358.4395967422,640.4796078107256,False
VS20,Square/Rect Tubes,6,16817048.56,198.29000000000002,196.99,1.300000000000007,0.0,106806.20910000068,0.0,509079.0205822589,-0.01813040178153989,5,1.5,84941.91,81902.77249999999,14468.123267382525,0.17032962017668926,0.6556054263956864,83.33333333333333,0.08646612527371401,-1.8130401781539889,0.5728752701039742,0.7314050445852145,1.5177304964539005,1.7634408602150538,0.1341282001219125,0.9819051603032114,0.2848433033784276,4.949009299696743,96.49804626845261,100.0,100.0,96.82160259411351,98.3137343993585,[],121274.3323673832,721.1392173525555,False
VS20,Structural Steel,10,24339256.45,304.08,302.58,1.5,0.0,117209.84520000045,0.0,335828.9596779231,0.06930606354272056,5,0.8,77200.68,81410.995,203708.83455563837,2.6386922311518295,0.49329123914759276,50.0,0.8720643238653677,6.930606354272056,0.48672718694970174,0.719847459996229,1.046335697399527,1.7732793522267207,0.645150445890162,1.472881334942787,5.554505396587147,5.830589040692322,100.0,100.0,85.50643164478143,8.993901040634855,78.17538811932232,[],320918.6797556388,1318.5229401518502,False
VS21,Angles & Channels,10,17183937.76,234.35,233.37,0.9799999999999993,0.0,83969.84239999967,0.0,-1630819.6278287196,-0.09050638613451426,7,1.4,72210.795,83351.9,13597.916678368338,0.18830864108847353,0.4181779389801576,70.0,0.08069102330568348,-9.050638613451426,0.43626878902580823,0.7113026493123651,1.4380952380952379,1.7416666666666667,0.15416881784045375,1.9498939866506468,-7.525159396560695,4.309025190384596,100.0,100.0,100.0,100.0,100.0,[],97567.759078368,567.7846395922235,False
VS21,CR Sheets,9,22696487.009999998,251.60000000000002,250.19,1.4099999999999988,0.0,129088.02240000089,0.0,2489132.671107505,0.08861160655788441,6,1.2222222222222223,93453.67,83192.42499999999,15977.321255189394,0.17096515583806815,0.560413354531001,66.66666666666667,0.06833412839764505,8.861160655788442,0.5289980454546112,0.7884562788332824,1.3265306122448979,1.6705426356589148,0.1514735135806269,1.1175594422605428,4.098531506299986,2.9946127341416036,99.42319457841015,100.0,100.0,33.26013254542089,86.47898488260722,[],145065.34365519029,639.153290953243,False
VS21,ERW Pipes,7,21495009.09,232.46,231.26,1.1999999999999993,0.0,114960.85229999921,0.0,2634237.5685160616,0.09362365638154378,5,1.2857142857142858,88197.53,87062.02,13087.823186833883,0.1483921736451563,0.5162178439301381,71.42857142857143,0.06416681382217258,9.362365638154378,0.49798144609137623,0.8606405037702413,1.3809523809523807,1.8619246861924685,0.1628991442754316,1.0307966997896014,3.5971295544320405,1.2392765482212764,100.0,100.0,100.0,41.616831743219976,88.32336634864399,[],128048.67548683309,595.7135209884813,False
VS21,Fasteners & Fittings,10,21673872.21,269.87,268.0,1.8699999999999957,0.0,150625.16140000068,0.0,-236342.83239512285,0.023536581647614737,8,1.5,79910.8,83289.64,16051.009224163476,0.20086157595923798,0.6929262237373535,80.0,0.07494834923852163,2.3536581647614736,0.6194343121972722,0.6608902615277615,1.5047619047619045,1.9425287356321839,0.15034036846234583,0.9250530699946431,0.07770512224790475,1.8480269950795833,93.39411012889941,100.0,100.0,100.0,98.01823303866982,[],166676.17062416417,769.0188860081138,False
VS21,GI Pipes,10,17491834.8,211.78,210.49,1.2900000000000085,0.0,102298.45140000046,0.0,200069.99034292944,0.009683050320835246,8,1.6,81599.97,84553.2875,16815.08781343468,0.20606732837566824,0.6091226744735143,80.0,0.09789886853326439,0.9683050320835246,0.5635652793547128,0.8113484045650325,1.5714285714285714,1.7452471482889733,0.16564071465884098,1.0856301861243616,-0.8458636328707279,4.14215938962826,97.11871231840337,99.39112797896937,100.0,100.0,98.98339569026336,[],119113.53921343514,680.9665228111755,False
VS21,GI Sheets,8,14128848.05,174.51999999999998,173.87,0.6500000000000021,0.0,53738.529800000746,0.0,-1999.9678429099731,-0.06128749381209181,6,1.125,71028.355,84193.745,14794.782528213636,0.20829403311133474,0.37245014898006085,75.0,0.11979871922202491,-6.128749381209181,0.41091181826354106,0.823990501850067,1.2747252747252746,1.9690265486725664,0.18953936833278234,1.3393373707505076,-5.49238460488997,4.348862850517769,100.0,100.0,100.0,100.0,100.0,[],68533.31232821438,485.05944777440203,False
VS21,GI Wire,10,22072182.82,232.53,231.61,0.9199999999999964,0.0,93065.9441000009,0.0,2364277.104643091,0.09763424614601945,9,2.1,98018.27,86516.535,14379.170156188946,0.14669887722145009,0.39564787339267893,90.0,0.06333874928606281,9.763424614601945,0.42124874530082246,0.7928518581395263,1.9047619047619047,1.9775280898876404,0.14260063516070662,0.9750811560699817,5.017549422141553,3.049089196998296,100.0,88.28001686785825,100.0,17.94316728139478,80.65863767324352,[],107445.11425618985,486.78970780738507,False
VS21,HR Coils,7,9603914.85,149.97,149.37,0.6000000000000023,0.0,36279.01370000001,0.0,-1840855.4130224888,-0.14283821855776488,3,0.5714285714285714,65176.16,76742.01,12700.0116347013,0.19485670273764671,0.40008001600320214,42.857142857142854,0.13045236843920915,-14.283821855776488,0.43023437980066354,0.7659538489832981,0.9642857142857143,1.9323843416370108,0.20156571780203625,1.0275266204297402,-10.196479817027631,6.042133537357304,100.0,100.0,100.0,100.0,100.0,[],48979.02533470131,509.99020815663846,False
VS21,Hex Bars,7,11190356.14,173.05,172.42000000000002,0.6299999999999992,0.0,52480.55889999951,0.0,-2714291.6990441545,-0.13943369859300522,5,1.7142857142857142,56489.81,84476.66,247797.51367943225,4.386587840876651,0.3640566310314933,71.42857142857143,2.544129359051532,-13.943369859300523,0.40922073856716673,0.750579496975409,1.6309523809523807,1.728744939271255,1.6095439623258914,0.6783321114707905,-9.997882819083319,2.0995196224827377,100.0,97.40700099484239,21.21353054906615,100.0,79.65513288597714,"[""quality_rejection""]",300278.07257943176,2683.3647546398083,False
VS21,MS Flats,3,5150482.55,59.66,59.3,0.360000000000003,0.0,36552.79350000032,0.0,302228.87443692365,-0.0698282333659574,3,2.3333333333333335,62520.84,88321.38,232289.97836501722,3.7154007906006576,0.6034193764666493,100.0,6.265431350085426,-6.98282333659574,0.521563821873187,0.835588215786445,1.8214285714285714,2.006644518272425,2.5377395106007814,1.025137757196309,-5.414934352960423,4.231608669949848,99.91880948383842,91.05779464563602,0.0,100.0,72.74009150656053,"[""quality_rejection""]",268842.77186501754,5219.758911036744,True
VS21,MS Pipes,6,12629305.24,192.34,191.61,0.7299999999999898,0.0,45621.95349999983,0.0,-2468283.1822082433,-0.17035141975108728,4,1.8333333333333333,50940.345,82811.85,11047.965134912567,0.2168804536936797,0.37953623791202545,66.66666666666667,0.11318848373972114,-17.03514197510873,0.42176998845979097,0.7744255024799029,1.6883116883116882,1.9185185185185185,0.19861390336257256,1.2470140641608212,-11.325623333140776,6.597865126401695,100.0,95.49502408286547,100.0,100.0,98.87375602071637,[],56669.91863491239,448.71762585502603,False
VS21,MS Rods,6,10988852.67,110.46,110.13,0.32999999999999496,0.0,32937.27219999983,0.0,2249572.3521192386,0.15950142494276492,3,1.0,101456.51000000001,83561.86,17142.099759418896,0.16896007717413988,0.2987506789788113,50.0,0.1534187570817578,15.950142494276493,0.3777051381325833,0.788919666446106,1.2337662337662338,1.8925081433224755,0.22055768882186524,1.1907554122490775,6.666350013796618,4.23647940347009,100.0,100.0,100.0,0.0,80.0,[],50079.37195941873,455.72885052993183,False
VS21,MS Sheets,13,26511754.59,345.22,343.46,1.7600000000000062,0.0,136703.78460000214,0.0,-1321543.9812266803,-0.0084560225844885,11,1.7692307692307692,81568.56,85904.855,6289.735689874698,0.07710980419262886,0.5098198250391073,84.61538461538461,0.022450883419504124,-0.84560225844885,0.4994394539496635,0.8023629291376927,1.6984126984126984,1.8790035587188612,0.09986019550019581,1.0203835613807282,-1.8535463429850674,3.3331616484574305,100.0,95.15832374616512,100.0,100.0,98.78958093654128,[],142993.52028987685,539.3589466304609,False
VS21,SS Pipes,6,13286187.06,168.61,167.89,0.7200000000000024,0.0,44444.175000000745,0.0,-210454.44119615987,-0.053660375822348415,5,1.6666666666666667,66824.38,82838.715,6993.588135881276,0.10465623677887136,0.4270209358875526,83.33333333333333,0.062336194400423706,-5.366037582234841,0.44767073281007846,0.7141696463660475,1.5974025974025972,1.8642857142857143,0.17087629099568302,0.9358124398726226,-4.96065730066411,5.667625820953892,100.0,98.5253271131685,100.0,100.0,99.63133177829212,[],51437.76313588202,387.15218221443604,False
VS21,SS Sheets,7,19073919.66,213.14,212.05,1.0899999999999928,0.0,101023.81949999905,0.0,1664469.3835489475,0.06791279272411616,7,2.0,96645.0,83334.22,18000.464102917435,0.18625344407799094,0.5114009571173843,100.0,0.08783468242300917,6.791279272411615,0.49517159545060313,0.7465648567993546,1.7976190476190474,1.870503597122302,0.17670540095925294,1.2767407456151725,2.0973291744154285,4.2377431374054195,100.0,91.85144543928683,100.0,66.61350474349683,91.28556230852107,[],119024.28360291649,624.0158589559483,False
VS21,Spring Steel,7,18322791.84,215.68,215.03,0.649999999999995,0.0,62185.90040000039,0.0,1729122.414357201,0.11896157500085434,6,1.5714285714285714,91020.72,76463.89499999999,8767.386948100177,0.09632297951609455,0.30137240356082856,85.71428571428571,0.04479513533743874,11.896157500085435,0.372654939209279,0.804445441279379,1.5476190476190474,1.7963636363636364,0.1515989984926702,0.7936961818042867,5.075174807225157,4.334171972882552,100.0,100.0,100.0,16.982744196668044,83.3965488393336,[],70953.28734810057,387.24059066808985,False
VS21,Square/Rect Tubes,7,17982995.68,198.59,197.33,1.2600000000000033,0.0,114164.4261000005,0.0,2649709.5203896756,0.0792009917706864,5,1.5714285714285714,91742.45,77622.48999999999,14802.239444053892,0.16134558695624426,0.6344730348960186,71.42857142857143,0.0817643475174805,7.92009917706864,0.5669636408214732,0.7314050445852145,1.5476190476190474,1.7634408602150538,0.1731643722643612,0.9819051603032114,2.7558074521320264,4.949009299696743,96.89215488728601,100.0,100.0,55.638866781553546,90.19541982249652,[],128966.6655440544,717.1589641623848,False
VS21,Structural Steel,7,12570675.83,196.18,195.48,0.6999999999999993,0.0,38887.374699999695,0.0,-2967184.1171147805,-0.16095873821941278,4,1.1428571428571428,70272.0,86002.65,21168.845895524963,0.30124154564442396,0.3568151697420732,57.142857142857146,0.15410351219788418,-16.09587382194128,0.404996552815005,0.719847459996229,1.2976190476190477,1.7732793522267207,0.21536221832793,1.472881334942787,-11.25351013062376,5.830589040692322,100.0,100.0,100.0,100.0,100.0,[],60056.22059552466,477.7485427808113,False
VS22,Angles & Channels,11,21433326.78,275.96999999999997,274.59999999999997,1.3700000000000045,0.0,112640.48070000042,0.0,-1143156.6254639125,-0.04155635348017488,9,1.9090909090909092,72103.87,84819.14,8624.059438989065,0.11960605497304187,0.4964307714606677,81.81818181818181,0.04355646575857315,-4.155635348017488,0.48348103331987363,0.7113026493123651,1.8544921875,1.7416666666666667,0.0770512594722352,1.9498939866506468,-2.8693981582850765,4.309025190384596,100.0,89.95567410992174,100.0,100.0,97.48891852748044,[],121264.54013898948,565.775632423729,False
VS22,CR Sheets,3,6064800.56,60.7,60.370000000000005,0.32999999999999563,0.0,32935.665499999304,0.0,877811.6231556466,0.14355488215341,1,0.3333333333333333,100294.91,88323.84,13302.755808271906,0.13263640007525712,0.5436573311367308,33.333333333333336,0.21970581427075883,14.355488215341,0.4882412550576032,0.7884562788332824,1.208984375,1.6705426356589148,0.1766020588779669,1.1175594422605428,5.358510367706768,2.9946127341416036,100.0,100.0,100.0,12.26048485530784,82.45209697106156,[],46238.42130827121,762.4062959833128,True
VS22,ERW Pipes,2,4821219.4,65.23,64.97,0.259999999999998,0.0,18682.458200000226,0.0,-1000091.4836965305,-0.22711918109142262,2,1.5,69027.855,92223.08,7615.841115500165,0.11032996919142518,0.3985896060095018,100.0,0.1698167911211716,-22.711918109142264,0.43887675129566245,0.8606405037702413,1.6674107142857142,1.8619246861924685,0.15619037292197172,1.0307966997896014,-6.517459703236198,1.2392765482212764,100.0,96.1917232170646,100.0,100.0,99.04793080426614,[],26298.299315500393,545.4698725285224,True
VS22,Fasteners & Fittings,10,21773740.580000002,270.59000000000003,269.59,1.0000000000000049,0.0,79372.6460000001,0.0,684211.6897271725,0.010053393388431087,9,2.3,84186.83,80760.0875,11228.541134132882,0.1333764572693007,0.36956280719908524,90.0,0.04947381478144616,1.0053393388431087,0.3980390746027657,0.6608902615277615,2.111458333333333,1.9425287356321839,0.08322914506839468,0.9250530699946431,0.6570007789374819,1.8480269950795833,100.0,81.3901359154773,100.0,90.61897800146261,93.47132957916185,[],90601.18713413298,416.10299709988084,False
VS22,GI Pipes,9,14563925.64,171.47,170.69,0.7800000000000016,0.0,71220.7112999995,0.0,903144.7013760639,0.02554287093531536,6,1.4444444444444444,92931.1,84462.44,11770.805405818583,0.12666163863140092,0.45489006823351114,66.66666666666667,0.0742056585807024,2.554287093531536,0.4549263329394453,0.8113484045650325,1.5479910714285714,1.7452471482889733,0.10153928253127001,1.0856301861243616,1.627871581243926,4.14215938962826,100.0,100.0,100.0,74.43779796302188,94.88755959260438,[],82991.51670581808,569.8430406557478,False
VS22,GI Sheets,7,16781158.45,184.29,183.25,1.0400000000000027,0.0,99165.49580000062,0.0,2141270.5094306828,0.10336723337530139,7,2.4285714285714284,88614.37,79662.56,12425.987469165972,0.1402254224587499,0.5643279613652411,100.0,0.07652137651227825,10.336723337530138,0.5187711480506101,0.823990501850067,2.1393229166666665,1.9690265486725664,0.10744572198311719,1.3393373707505076,6.013223471528509,4.348862850517769,100.0,80.46131647103286,100.0,1.3485997916121817,75.38504907608065,[],111591.48326916658,664.9808092907112,False
VS22,GI Wire,8,19048658.11,257.36,256.24,1.1200000000000045,0.0,87181.79240000038,0.0,-1389205.7700617993,0.019293062022209283,8,1.75,78171.725,87616.76749999999,8512.763487140091,0.10889824277435468,0.43518806341311955,100.0,0.04249853370838069,1.9293062022209282,0.4428048118735069,0.7928518581395263,1.7439903846153846,1.9775280898876404,0.08412979214450032,0.9750811560699817,1.1720052241075822,3.049089196998296,100.0,93.63906753940893,100.0,82.03557058196095,94.81688100124443,[],95694.55588714048,502.36901378844937,False
VS22,HR Coils,13,23094795.06,293.6,292.37,1.2300000000000129,0.0,98186.85139999934,0.0,204352.64271325874,0.07100979340991197,12,1.6923076923076923,89692.18,83850.315,11938.307670775763,0.133103105206895,0.4189373297002768,92.3076923076923,0.04552556869955707,7.100979340991197,0.4289524073974573,0.7659538489832981,1.7039930555555556,1.9323843416370108,0.07475174562809447,1.0275266204297402,5.117463873806483,6.042133537357304,100.0,94.97231184140323,100.0,16.277926420312593,81.99866324441332,[],110125.1590707751,476.83973286912163,False
VS22,Hex Bars,6,16177466.19,162.35,161.59,0.7600000000000069,0.0,77852.45879999944,0.0,2652132.2819521306,0.17739447642393216,5,1.6666666666666667,101378.32,84956.8275,5309.567998191245,0.05237380140242258,0.46812442254389086,83.33333333333333,0.032411536235177035,17.739447642393216,0.4621549620285435,0.750579496975409,1.6974431818181819,1.728744939271255,0.08619711323841099,0.6783321114707905,9.65802764999913,2.0995196224827377,100.0,95.19064096598234,100.0,0.0,78.79766024149558,[],83162.02679819068,514.0608907567786,False
VS22,MS Flats,6,8584117.65,136.42000000000002,135.84,0.5799999999999967,0.0,36414.61209999985,0.0,-2858742.64314961,-0.21789460808210045,4,1.1666666666666667,61576.585,85808.73000000001,9448.699311671322,0.153446302870991,0.42515760152470067,66.66666666666667,0.1129610592395399,-21.789460808210045,0.4387185141998943,0.835588215786445,1.4247159090909092,2.006644518272425,0.1301332166953362,1.025137757196309,-11.903195141239014,4.231608669949848,100.0,100.0,100.0,100.0,100.0,[],45863.31141167117,534.2810208533334,False
VS22,MS Pipes,4,6781408.54,92.06,91.74000000000001,0.31999999999999673,0.0,22502.851700000116,0.0,-201595.45907886897,0.021214792394865012,3,1.75,68227.465,76225.065,185341.72777220057,2.7165266622789015,0.34759939170106097,75.0,2.961114739785155,2.121479239486501,0.4072617348727641,0.7744255024799029,1.7413194444444444,1.9185185185185185,1.3997953319280088,1.2470140641608212,0.9208372503974608,6.597865126401695,100.0,93.72809887844026,35.19677257559165,86.22170347712964,79.47555855893391,[],207844.57947220068,3064.9175351438225,True
VS22,MS Rods,7,18440713.01,220.77,220.01999999999998,0.7500000000000036,0.0,68337.75290000095,0.0,1778428.4451085473,0.07435078692063571,6,1.7142857142857142,88158.28,76423.21,8814.77290493689,0.09998803180979587,0.3397200706617763,85.71428571428571,0.04544497400681569,7.435078692063571,0.38774987847358894,0.788919666446106,1.72265625,1.8925081433224755,0.08931782052159738,1.1907554122490775,4.320597428339679,4.23647940347009,100.0,94.35020535992174,100.0,29.55903384475933,84.4993581089323,[],77152.52580493785,418.3814680218693,False
VS22,MS Sheets,6,15808504.07,185.09,184.18,0.9100000000000081,0.0,81053.0182000004,0.0,107452.40917253293,-0.016341742744377986,4,1.6666666666666667,82214.955,88127.105,5576.323032252227,0.06782613980938415,0.4916527094926836,66.66666666666667,0.03682600706340762,-1.6341742744377985,0.47498857309152137,0.8023629291376927,1.6974431818181819,1.8790035587188612,0.08860500641744586,1.0203835613807282,-0.9094024864541499,3.3331616484574305,100.0,95.19064096598234,100.0,100.0,98.79766024149558,[],86629.34123225263,547.9920228293469,False
VS22,SS Pipes,10,23675355.0,269.76,268.4,1.3599999999999923,0.0,126256.24989999912,0.0,2951748.865916376,0.11824315981905893,9,1.7,85098.58499999999,77543.22,5777.4286204462815,0.06789100688861374,0.5041518386714088,90.0,0.025294711955519283,11.824315981905894,0.4877650955843148,0.7141696463660475,1.7114583333333333,1.8642857142857143,0.06710974318444343,0.9358124398726226,7.869651874312672,5.667625820953892,100.0,94.72346924881063,100.0,0.0,78.68086731220265,[],132033.6785204454,557.6840495969137,False
VS22,SS Sheets,9,16658185.55,209.44,208.4,1.04,0.0,75320.25690000039,0.0,-70537.19140221609,0.04258841569589386,8,2.3333333333333335,91897.1,80974.0,12663.729566971177,0.13780336449105768,0.4965622612681436,88.88888888888889,0.06612445513006607,4.258841569589386,0.48171559989028045,0.7465648567993546,2.119419642857143,1.870503597122302,0.09634422317014667,1.2767407456151725,2.7236566015668298,4.2377431374054195,100.0,81.12475893135031,100.0,56.17471429097349,86.51613259103227,[],87983.98646697156,528.1726884532845,False
VS22,Spring Steel,4,11836836.379999999,130.73,130.03,0.6999999999999993,0.0,59238.19469999941,0.0,346820.8732784929,0.13238790444552184,4,1.5,103281.95999999999,92511.245,7124.510533793728,0.06898117090142102,0.5354547540732804,100.0,0.05305019680183113,13.238790444552183,0.49075300703819497,0.804445441279379,1.6302083333333333,1.7963636363636364,0.10732220171319813,0.7936961818042867,5.8618644526488755,4.334171972882552,100.0,97.43180258214397,100.0,3.871250106272728,80.13220066679054,[],66362.70523379314,560.6456244163539,True
VS22,Square/Rect Tubes,10,11570731.74,122.7,121.95,0.7500000000000062,0.0,66842.79640000063,0.0,2174095.5896001286,0.05868097341193758,7,1.4,86198.65,81323.29000000001,10778.954851543327,0.12504783835411956,0.6112469437652862,70.0,0.10254025285290656,5.868097341193758,0.5591618323135664,0.7314050445852145,1.5114583333333333,1.7634408602150538,0.11860677044936828,0.9819051603032114,3.8988394471712486,4.949009299696743,97.4122754544798,100.0,100.0,36.58833353089984,86.54134934252392,[],77621.75125154396,670.8456560547999,False
VS22,Structural Steel,3,4152192.77,49.769999999999996,49.7,0.06999999999999673,0.0,5822.62069999997,0.0,69657.20403032447,0.15966310551261362,2,1.3333333333333333,93071.52,81589.58,22749.691481799437,0.2444323621425699,0.1406469760900075,66.66666666666667,0.4918156179930983,15.966310551261362,0.337112371915082,0.719847459996229,1.583984375,1.7732793522267207,0.2786432352738442,1.472881334942787,5.962568743676904,5.830589040692322,100.0,98.97260119325507,100.0,2.1928452558055866,80.18171934947489,[],28572.312181799407,688.1258593829546,True
VS23,Angles & Channels,6,16425033.649999999,204.54000000000002,203.62,0.9200000000000053,0.0,72650.74180000054,0.0,-476917.54123933916,-0.012830864672166667,4,1.3333333333333333,81852.92,81427.235,17182.73565531888,0.2099220853125201,0.4497897721717049,66.66666666666667,0.1030950227445831,-1.2830864672166666,0.47787669971831587,0.7113026493123651,1.3771306818181819,1.7416666666666667,0.19756341429658789,1.9498939866506468,0.0609293712261658,4.309025190384596,100.0,100.0,100.0,100.0,100.0,[],89833.47745531943,546.9302490915715,False
VS23,CR Sheets,3,4945340.84,60.260000000000005,59.98,0.2800000000000029,0.0,21096.07280000043,0.0,-685492.1298395693,-0.057369567103416064,2,1.3333333333333333,86272.82,96166.51,423923.40714349144,4.913753916279674,0.4646531695984117,66.66666666666667,8.192320634010795,-5.736956710341606,0.49398307158331,0.7884562788332824,1.3935546875,1.6705426356589148,3.266448665353419,1.1175594422605428,-1.1052660305296245,2.9946127341416036,100.0,100.0,0.0,100.0,75.0,"[""quality_rejection""]",445019.47994349187,8998.762559376835,True
VS23,ERW Pipes,6,13937143.11,146.17,145.59,0.5800000000000018,0.0,52925.96700000041,0.0,1388681.0884717265,0.07736571854604897,2,0.8333333333333334,93795.12,88197.53,14277.4362916484,0.15221939362781775,0.3967982486146281,33.333333333333336,0.10455346770232692,7.736571854604897,0.4489722323235467,0.8606405037702413,1.1044034090909092,1.8619246861924685,0.19835892972808453,1.0307966997896014,4.980743001310655,1.2392765482212764,100.0,100.0,100.0,18.556607628576405,83.71132152571528,[],67203.4032916488,482.1892317617797,False
VS23,Fasteners & Fittings,11,17365788.16,225.2,224.25,0.9500000000000051,0.0,70186.46219999995,0.0,-1574271.5410525776,-0.028622619595948525,9,2.1818181818181817,78034.76,81162.64,21609.10833919035,0.27691644517379627,0.42184724689165415,81.81818181818181,0.12348559428039967,-2.8622619595948526,0.44988904872996505,0.6608902615277615,1.94677734375,1.9425287356321839,0.18206055986746028,0.9250530699946431,-1.4447587292972222,1.8480269950795833,100.0,86.87950223492174,100.0,100.0,96.71987555873044,[],91795.5705391903,528.6000824922553,False
VS23,GI Pipes,7,9418867.72,120.78,120.15,0.6299999999999981,0.0,48567.34690000025,0.0,226782.29004638034,0.019368256172961725,6,1.8571428571428572,68715.63,75812.54,17587.425526485775,0.2559450524791197,0.521609538002979,85.71428571428571,0.2130212671486639,1.9368256172961724,0.5174309858243415,0.8113484045650325,1.6790364583333333,1.7452471482889733,0.25381469090296793,1.0856301861243616,1.8272101006550858,4.14215938962826,100.0,95.8041984154773,100.0,71.11548930616922,93.17414746510316,[],66154.77242648603,702.3643859655567,False
VS23,GI Sheets,6,12189715.14,160.85,160.05,0.7999999999999972,0.0,57939.66189999995,0.0,-1747371.636022981,-0.05760336492539103,5,1.6666666666666667,84243.72,90677.0275,20953.55658273797,0.24872544306849187,0.4973577867578472,83.33333333333333,0.1554048379059618,-5.760336492539103,0.5038228894925753,0.823990501850067,1.5589488636363635,1.9690265486725664,0.22609604074824896,1.3393373707505076,-2.381207006222436,4.348862850517769,100.0,99.80711823870962,100.0,100.0,99.9517795596774,[],78893.21848273792,647.2113382194912,False
VS23,GI Wire,4,10957671.719999999,122.66,122.22999999999999,0.43000000000000327,0.0,39942.61549999914,0.0,1286539.4085034523,0.08092822132847352,4,2.0,75583.785,81970.95499999999,14524.099975322291,0.19215893958369895,0.3505625305723164,100.0,0.15721094623553872,8.092822132847353,0.4400172429067234,0.7928518581395263,1.6831597222222223,1.9775280898876404,0.24260791174856924,0.9750811560699817,4.526670046464137,3.049089196998296,100.0,95.66675628584767,100.0,26.124490209351713,84.14158711333226,[],54466.715475321434,497.06467639387756,True
VS23,HR Coils,6,7799375.03,105.13000000000001,104.38,0.7499999999999982,0.0,54877.91839999973,0.0,-486458.2672049881,0.05797493682149076,2,1.0,81635.14,79298.5025,14922.538920317154,0.1827955329079751,0.7134024541044405,33.333333333333336,0.17512505547803708,5.797493682149076,0.6216654353179898,0.7659538489832981,1.1953125,1.9323843416370108,0.23685252306029006,1.0275266204297402,3.923063998152935,6.042133537357304,93.24536858751823,100.0,100.0,36.184591014538405,85.21052877916316,[],69800.45732031688,894.9493651969814,False
VS23,Hex Bars,9,14935735.32,175.15,174.07999999999998,1.0700000000000052,0.0,89132.6864999998,0.0,1275595.5867322478,0.01737897446881562,7,1.4444444444444444,74370.47,85741.64,8126.590163160527,0.10927173329898987,0.6109049386240395,77.77777777777777,0.0627709864998793,1.737897446881562,0.5754321079634,0.750579496975409,1.4391741071428572,1.728744939271255,0.15139759280670587,0.6783321114707905,1.714987064908706,2.0995196224827377,96.32759041115754,100.0,100.0,72.98587323527555,93.49545177040237,[],97259.27666316033,651.1850577113757,False
VS23,MS Flats,5,8642613.42,86.19,85.55,0.6400000000000006,0.0,65280.74270000029,0.0,1878797.9168070224,0.1586562388830781,3,1.0,81096.64,82299.18,17496.72288191733,0.21575151426640274,0.7425455389256301,60.0,0.2521934707964965,15.865623888307809,0.6270632758499396,0.835588215786445,1.21484375,2.006644518272425,0.2815594774777451,1.025137757196309,8.769686132832685,4.231608669949848,92.88551255205492,100.0,100.0,0.0,77.86565376561647,[],82777.46558191763,957.7828089633289,False
VS23,MS Pipes,10,25281399.439999998,307.75,306.05,1.6999999999999984,0.0,135036.50359999947,0.0,167145.65078560333,0.03622239997866282,6,0.9,78102.9,86308.6425,17089.478454938537,0.21880722040972278,0.5523964256701863,60.0,0.0714939455676271,3.622239997866282,0.5387912880382072,0.7744255024799029,1.0765625,1.9185185185185185,0.15130445843141596,1.2470140641608212,2.972742791030043,6.597865126401695,98.77031173950374,100.0,100.0,52.02327779991993,90.0357490818351,[],152125.982054938,601.730859147954,False
VS23,MS Rods,7,13242394.08,140.95000000000002,140.22,0.7299999999999969,0.0,68753.00909999997,0.0,2238749.379157653,0.09324682735864864,6,2.0,92527.93,78901.15,19613.449087986795,0.21197328296425522,0.517914153955301,85.71428571428571,0.15117193193856454,9.324682735864865,0.5152753451298627,0.788919666446106,1.7623697916666667,1.8925081433224755,0.21773591203041,1.1907554122490775,6.1367934198201555,4.23647940347009,100.0,93.02642063769952,100.0,0.0,78.25660515942488,[],88366.45818798676,667.2997167592732,False
VS23,MS Sheets,8,25606776.259999998,263.86,261.89,1.969999999999981,0.0,189859.11159999925,0.0,4058688.996875085,0.19265975442379188,7,2.0,104382.82999999999,79762.8,11861.554384277439,0.11363511014481442,0.746608049723331,87.5,0.04339039678674804,19.265975442379187,0.6562130355121456,0.8023629291376927,1.7806490384615385,1.8790035587188612,0.14628850731453483,1.0203835613807282,12.499734263524717,3.3331616484574305,90.94219524124118,92.41711241120379,100.0,0.0,75.3869366751733,[],201720.66598427668,787.7628325256304,False
VS23,SS Pipes,14,28702122.74,386.05,384.3,1.7499999999999911,0.0,131359.7819999989,0.0,-1587438.3615151427,0.06294036639301906,10,1.1428571428571428,75245.82,80805.3575,9128.303280963866,0.12131309461394486,0.453309156844966,71.42857142857143,0.031567289777243004,6.294036639301906,0.4686438557737247,0.7141696463660475,1.2183388157894737,1.8642857142857143,0.10508260408823002,0.9358124398726226,5.0781713072112895,5.667625820953892,100.0,100.0,100.0,16.932802530232482,83.3865605060465,[],140488.08528096275,489.4693209752568,False
VS23,SS Sheets,10,7644410.68,115.35,114.71,0.6400000000000023,0.0,43317.01430000004,0.0,-1627611.2624489882,-0.09696316920378556,6,1.2,71945.59,81820.1825,18354.37794169434,0.25511470462184466,0.5548331166016491,60.0,0.22239970762953942,-9.696316920378557,0.5404157486591824,0.7465648567993546,1.2765625,1.870503597122302,0.25190829980602414,1.2767407456151725,-5.906295154466517,4.2377431374054195,98.66201436477205,100.0,100.0,100.0,99.59860430943161,[],61671.39224169438,806.7514269352989,False
VS23,Spring Steel,7,11593001.379999999,123.85,123.17,0.6800000000000006,0.0,63976.95769999997,0.0,1891756.8439494537,0.10668192212217957,4,1.1428571428571428,95633.01,79151.56,12058.847950730558,0.12609503717106216,0.5490512716996372,57.142857142857146,0.10237479676143717,10.668192212217956,0.5334386638140588,0.804445441279379,1.2623697916666667,1.7963636363636364,0.18927091651041902,0.7936961818042867,6.920507281026126,4.334171972882552,99.12715335444696,100.0,100.0,0.0,79.73814600633409,[],76035.80565073053,655.8767928890778,False
VS23,Square/Rect Tubes,5,8980327.58,102.78,102.48,0.3000000000000034,0.0,26089.36769999945,0.0,979371.3812958898,0.1707324248616629,4,1.6,86770.56,77547.01,19006.018390456426,0.21903763661841558,0.2918855808523092,80.0,0.2137369600101635,17.07324248616629,0.40173329681327913,0.7314050445852145,1.51484375,1.7634408602150538,0.26233122208457854,0.9819051603032114,9.373495431761928,4.949009299696743,100.0,100.0,100.0,0.0,80.0,[],45095.386090455875,502.15747353011227,False
VS23,Structural Steel,4,10059107.45,98.25,98.0,0.25000000000000355,0.0,27947.717600000207,0.0,2578913.170306056,0.31563073315150725,2,1.0,97430.93,81478.185,106088.35226175623,1.088857021705081,0.254452926208655,50.0,1.1110785935766132,31.563073315150724,0.3973018631895406,0.719847459996229,1.2387152777777777,1.7732793522267207,0.6665490883446024,1.472881334942787,14.957892794154525,5.830589040692322,100.0,100.0,84.07985548115208,0.0,76.01996387028802,[],134036.06986175643,1332.484721214072,True
VS24,Angles & Channels,5,8431077.62,105.00999999999999,104.17999999999999,0.8299999999999987,0.0,67597.7244000001,0.0,123272.26557233674,0.011746836040054031,3,1.4,86909.28,84332.47,18190.96243705661,0.20930978184443147,0.7904009141986466,60.0,0.20091167387639805,1.1746836040054032,0.6379472472364762,0.7113026493123651,1.4830882352941177,1.7416666666666667,0.2588209831081879,1.9498939866506468,-1.5181571387900676,4.309025190384596,92.15991445961915,100.0,100.0,100.0,97.64797433788574,[],85788.68683705671,1017.5293207306129,False
VS24,CR Sheets,7,13534052.85,177.91,176.93,0.9800000000000102,0.0,75662.80550000077,0.0,-1221989.4665119469,-0.06461025719633783,3,0.7142857142857143,72338.59,86678.465,13533.95672563621,0.1870917960335723,0.5508403125175708,42.857142857142854,0.10574339910335855,-6.461025719633782,0.5236125074162105,0.7884562788332824,1.0692401960784315,1.6705426356589148,0.19365460461861658,1.1175594422605428,-5.523514120447014,2.9946127341416036,99.78223044763685,100.0,100.0,100.0,99.93466913429106,[],89196.76222563698,659.0543365998234,False
VS24,ERW Pipes,7,12617738.43,153.45,152.94,0.5100000000000033,0.0,40826.163700000936,0.0,-554118.5820803049,-0.03581252696680437,4,1.1428571428571428,80360.77,90708.14499999999,10610.021162406534,0.13202985937549544,0.33235581622678617,57.142857142857146,0.08632787980613015,-3.581252696680437,0.39616321791325276,0.8606405037702413,1.3192401960784315,1.8619246861924685,0.18232888502856667,1.0307966997896014,-3.8436465237242294,1.2392765482212764,100.0,100.0,100.0,100.0,100.0,[],51436.18486240747,407.6497951496009,False
VS24,Fasteners & Fittings,11,19667168.22,303.02,301.59000000000003,1.4300000000000042,0.0,96775.89439999999,0.0,-5193779.3434318155,-0.062098399826977096,11,2.1818181818181817,70949.37,78739.14499999999,15526.936796889622,0.21884530894199095,0.47191604514553637,100.0,0.07256384792002087,-6.2098399826977095,0.4761590248732769,0.6608902615277615,1.9894301470588236,1.9425287356321839,0.1488658618012574,0.9250530699946431,-5.585201826100156,1.8480269950795833,100.0,85.45774212462763,100.0,100.0,96.36443553115691,[],112302.83119688962,571.0167825924541,False
VS24,GI Pipes,9,24069920.560000002,261.56,260.21,1.3500000000000023,0.0,125687.33210000204,0.0,3358119.536720018,0.05516856763193014,6,0.8888888888888888,72419.31,83847.475,13329.584436204106,0.18406119080952452,0.5161339654381413,66.66666666666667,0.07073563306926119,5.516856763193014,0.5051909707367715,0.8113484045650325,1.1307773109243697,1.7452471482889733,0.15859086852308854,1.0856301861243616,2.042622961486388,4.14215938962826,100.0,100.0,100.0,67.52527495898084,93.50505499179617,[],139016.91653620615,577.5545298941615,False
VS24,GI Sheets,2,2890478.85,26.5,26.259999999999998,0.24000000000000066,0.0,26388.11520000006,0.0,595207.5701010091,0.07507337552833902,1,1.5,90926.97,86397.85,22069.21949974214,0.24271367999771837,0.905660377358493,50.0,0.9242714394429489,7.507337552833902,0.6055412365840738,0.823990501850067,1.5472689075630253,1.9690265486725664,0.49031347722654095,1.3393373707505076,-0.8629020431799841,4.348862850517769,94.3203151697793,100.0,95.82889622235616,100.0,97.25331860652284,[],48457.3346997422,1676.4466102127749,True
VS24,GI Wire,6,10684660.350000001,118.47,118.1,0.3700000000000001,0.0,33974.90749999997,0.0,1464944.792640718,0.028263845177689335,5,2.0,85632.345,86502.345,14369.126365238135,0.1678002204101515,0.31231535409808403,83.33333333333333,0.14208316715508174,2.8263845177689335,0.39103272963273034,0.7928518581395263,1.8028074866310162,1.9775280898876404,0.22146822405730718,0.9750811560699817,-0.3724256637558263,3.049089196998296,100.0,91.6784974722212,100.0,100.0,97.9196243680553,[],48344.0338652381,452.46205570997023,False
VS24,HR Coils,6,10547538.32,165.07,164.37,0.6999999999999993,0.0,46481.798599999514,0.0,-3186287.3391344496,-0.13093018442337498,4,0.6666666666666666,57680.33,86768.19750000001,11842.593410835803,0.2053142450959591,0.42406251893136204,66.66666666666667,0.1249098041588849,-13.093018442337497,0.45198572863270026,0.7659538489832981,1.075534759358289,1.9323843416370108,0.21210093515029077,1.0275266204297402,-9.055736369268425,6.042133537357304,100.0,100.0,100.0,100.0,100.0,[],58324.39201083532,552.9668652660113,False
VS24,Hex Bars,7,10237402.52,131.97,131.38,0.5899999999999934,0.0,45297.36139999975,0.0,-676656.7766688078,-0.07805210256633274,4,1.1428571428571428,52806.97,84655.14,4528.190855976079,0.08574987082152372,0.44707130408425655,57.142857142857146,0.06526858792930715,-7.805210256633274,0.4630805858301105,0.750579496975409,1.3192401960784315,1.728744939271255,0.1700442981004199,0.6783321114707905,-6.307621767030052,2.0995196224827377,100.0,100.0,100.0,100.0,100.0,[],49825.552255975825,486.70111543075114,False
VS24,MS Flats,10,18791944.03,262.46,260.65,1.8100000000000058,0.0,130011.52589999935,0.0,-2412466.738238842,-0.13636758968324963,8,1.7,72752.65,84567.70999999999,16156.541444341312,0.22207495458022922,0.689628895831748,80.0,0.08520044296191416,-13.636758968324964,0.621583790645934,0.835588215786445,1.6553921568627452,2.006644518272425,0.1623770594212687,1.025137757196309,-10.49483860607849,4.231608669949848,93.25081156565528,96.59234179783024,100.0,100.0,97.12332891915415,[],146168.06734434067,777.8230241160454,False
VS24,MS Pipes,5,8542936.48,110.73,109.82,0.910000000000001,0.0,69954.49359999999,0.0,-146143.80748523062,0.0589543043586566,4,1.8,77227.49,77730.51500000001,16864.25926871754,0.21837119487785422,0.8218188386164553,80.0,0.19884465022569134,5.89543043586566,0.6536562094453806,0.7744255024799029,1.6830882352941177,1.9185185185185185,0.2577874712828346,1.2470140641608212,0.8422162771400608,6.597865126401695,91.11265031235885,95.66913918345115,100.0,87.53205303141964,93.75749049585436,[],86818.75286871752,1016.2635888955775,False
VS24,MS Rods,9,17295909.0,206.13,205.23000000000002,0.8999999999999919,0.0,79890.94770000101,0.0,159673.09451597056,0.042594761071197286,4,1.0,77721.89,84328.75,13025.46877282004,0.16759073631405566,0.4366176684616465,44.44444444444444,0.08165996019785395,4.2594761071197285,0.45407335125188203,0.788919666446106,1.2022058823529413,1.8925081433224755,0.16561365024861247,1.1907554122490775,1.2343068254392762,4.23647940347009,100.0,100.0,100.0,80.99721055976605,96.1994421119532,[],92916.41647282105,537.2161502053523,False
VS24,MS Sheets,10,17542728.24,215.28,214.47,0.8099999999999989,0.0,68945.02720000074,0.0,307679.0113434717,0.03558297354446238,9,1.8,78010.805,78644.51749999999,7635.596805981075,0.09787870803257415,0.3762541806020062,90.0,0.04563748218052601,3.558297354446238,0.41266731382610616,0.8023629291376927,1.7220588235294119,1.8790035587188612,0.1360017522336766,1.0203835613807282,0.9685322757689794,3.3331616484574305,100.0,94.37011957560802,100.0,85.42678638760432,95.67788717142287,[],76580.62400598181,436.53770929066053,False
VS24,SS Pipes,4,11202765.57,130.06,129.53,0.5300000000000082,0.0,46395.72610000032,0.0,1722568.7603337388,0.2353681231477874,4,2.0,91849.735,73651.935,458405.33744574257,4.990818290828412,0.40750422881747517,100.0,3.8530211463200894,23.53681231477874,0.45083164629349226,0.7141696463660475,1.7589869281045754,1.8642857142857143,1.8884151163311387,0.9358124398726226,8.121362205687474,5.667625820953892,100.0,93.1391827564359,2.622120282049656,0.0,53.94032575962139,"[""quality_rejection""]",504801.0635457429,4506.039695212,True
VS24,SS Sheets,9,18906314.31,244.5,243.37,1.1299999999999955,0.0,93206.90029999928,0.0,-609861.4540760652,-0.03210696076533767,9,2.2222222222222223,72950.83,76899.175,204421.40724385675,2.802180691348635,0.4621676891615523,100.0,1.1514076062574004,-3.2106960765337673,0.4704983645589643,0.7465648567993546,1.987920168067227,1.870503597122302,0.8533085655726066,1.2767407456151725,-3.5679467211951144,4.2377431374054195,100.0,85.50807475768084,71.6292236659518,100.0,89.28432460590817,[],297628.30754385603,1574.2270157141807,False
VS24,Spring Steel,12,30937226.52,331.27,330.2,1.0700000000000038,0.0,95666.26450000168,0.0,3337239.6131102266,0.11146612214981083,12,1.8333333333333333,97016.095,83912.005,9884.592259572777,0.10188610724408952,0.3229993660760117,100.0,0.030855877420984106,11.146612214981083,0.3707917820166865,0.804445441279379,1.7547577854671281,1.7963636363636364,0.11493658769127636,0.7936961818042867,6.629668068932077,4.334171972882552,100.0,93.28015417768414,100.0,0.0,78.32003854442104,[],105550.85675957445,341.17750242200594,False
VS24,Square/Rect Tubes,7,16895580.69,176.09,175.41,0.6800000000000059,0.0,55379.80190000011,0.0,3059150.313255055,0.1697117475017387,5,2.0,106809.0,82352.03,21035.598982292788,0.19694594071934748,0.3861661650292498,71.42857142857143,0.11227748744048087,16.97117475017387,0.42755258804802326,0.7314050445852145,1.8192401960784315,1.7634408602150538,0.1974661561486046,0.9819051603032114,8.145269486940782,4.949009299696743,100.0,91.13074049064069,100.0,0.0,77.78268512266017,[],76415.40088229289,452.280405653775,False
VS24,Structural Steel,10,25812290.86,305.9,304.11,1.79,0.0,136070.40619999997,0.0,1200357.0841245088,-0.007709107099250689,8,1.7,74512.315,84416.505,27262.659911077586,0.3658812628634285,0.5851585485452763,80.0,0.1203121445738149,-0.7709107099250689,0.5519368924549528,0.719847459996229,1.6553921568627452,1.7732793522267207,0.18578486049586918,1.472881334942787,-1.9176064338118919,5.830589040692322,97.8939381117207,96.59234179783024,100.0,100.0,98.51626688297378,[],163333.06611107755,632.7724532353948,False
VS25,Angles & Channels,7,9083032.219999999,113.41,113.04,0.3700000000000012,0.0,31796.43179999967,0.0,-174716.6840224486,0.0015450195319085616,4,1.0,77097.77,83024.46,371173.63800869137,4.814323916355705,0.3262498897804437,57.142857142857146,4.258956047731515,0.15450195319085616,0.3933999814850793,0.7113026493123651,1.1576576576576576,1.7416666666666667,2.629830558511778,1.9498939866506468,0.14666508137605222,4.309025190384596,100.0,100.0,0.0,99.12457296081978,74.82491459216396,[],402970.06980869104,4436.514811886147,False
VS25,CR Sheets,6,15173689.5,177.42000000000002,176.65,0.7699999999999871,0.0,71834.00999999931,0.0,458733.0440108478,0.08091765112963151,4,1.0,93562.655,86140.4675,29828.14113583726,0.3188039195321815,0.4339984218239134,66.66666666666667,0.18047207445920266,8.09176511296315,0.45827646184557513,0.7884562788332824,1.171990171990172,1.6705426356589148,0.2571006195250858,1.1175594422605428,4.475368907450503,2.9946127341416036,100.0,100.0,100.0,26.979509192912264,85.39590183858246,[],101662.15113583657,669.9896629348885,False
VS25,ERW Pipes,7,10549189.03,123.88999999999999,123.27,0.619999999999993,0.0,51301.466600000334,0.0,-123131.30137953986,-0.046299030703966966,5,1.1428571428571428,85283.54,88907.53,166250.12514280266,1.9493811483763768,0.5004439422067908,71.42857142857143,1.5813913753357483,-4.629903070396697,0.49501317873378187,0.8606405037702413,1.2409909909909909,1.8619246861924685,1.0679178329475805,1.0307966997896014,-2.6442378490500205,1.2392765482212764,100.0,100.0,57.321939174286875,100.0,89.33048479357171,[],217551.591742803,2062.2589198480123,False
VS25,Fasteners & Fittings,4,8399355.36,126.32999999999998,125.81,0.5199999999999925,0.0,33933.48739999998,0.0,-1817355.3688747096,-0.19123930030708494,3,0.75,70512.955,79319.47,30058.01832699552,0.42627653779359437,0.4116203593762309,75.0,0.33882564008711097,-19.123930030708493,0.4537257763180855,0.6608902615277615,1.099099099099099,1.9425287356321839,0.34450854759657457,0.9250530699946431,-8.424139202073038,1.8480269950795833,100.0,100.0,100.0,100.0,100.0,[],63991.5057269955,761.8621070819357,True
VS25,GI Pipes,9,20682061.5,245.12,244.13,0.9900000000000038,0.0,66540.39750000148,0.0,1579864.2470863797,-0.010438330586522064,7,1.2222222222222223,74393.76,81687.88,23788.39831429646,0.3197633553445405,0.4038838120104454,77.77777777777777,0.1309807706322617,-1.0438330586522064,0.4337146326751325,0.8113484045650325,1.2779922779922779,1.7452471482889733,0.2088643788365059,1.0856301861243616,-0.6225735874066588,4.14215938962826,100.0,100.0,100.0,100.0,100.0,[],90328.79581429793,436.74947883845107,False
VS25,GI Sheets,6,9588728.32,120.21000000000001,119.92,0.28999999999999826,0.0,22821.852500000503,0.0,-191780.91351936923,-0.012362460518607302,4,1.1666666666666667,80565.32,82656.17,31838.26876593484,0.3951857792650093,0.24124448881124552,66.66666666666667,0.3295411768387336,-1.23624605186073,0.35313795292957445,0.823990501850067,1.2628992628992628,1.9690265486725664,0.3384110390048299,1.3393373707505076,-0.6126371824534315,4.348862850517769,100.0,100.0,100.0,100.0,100.0,[],54660.12126593535,570.0455726952472,False
VS25,GI Wire,6,8886646.06,106.58,106.16,0.41999999999999904,0.0,35540.14320000028,0.0,881184.9342963072,0.05280927494373971,4,1.6666666666666667,80025.62,85801.51749999999,24917.41388466345,0.3113679579697533,0.3940701820228927,66.66666666666667,0.2933006386301369,5.28092749437397,0.4364974219541093,0.7928518581395263,1.5356265356265355,1.9775280898876404,0.3186434727092317,0.9750811560699817,2.9421847518564053,3.049089196998296,100.0,100.0,100.0,52.532578452813894,90.50651569056278,[],60457.55708466373,680.3191741459289,False
VS25,HR Coils,7,16654838.92,187.61,186.73000000000002,0.8799999999999901,0.0,76976.42849999963,0.0,2820761.671477964,0.23635265698864633,4,1.1428571428571428,90779.04,74220.88,35414.696092853024,0.39011974672626004,0.4690581525504984,57.142857142857146,0.20892183726570984,23.635265698864632,0.47670480143427785,0.7659538489832981,1.2409909909909909,1.9323843416370108,0.2673106024067247,1.0275266204297402,13.84377726635242,6.042133537357304,100.0,100.0,100.0,0.0,80.0,[],112391.12459285266,674.8256475653302,False
VS25,Hex Bars,6,13813967.33,172.3,171.42,0.8800000000000026,0.0,71231.30830000062,0.0,-98827.04143225309,0.03659606690125066,5,1.5,84039.955,82228.41750000001,12580.307302870351,0.14969436029410477,0.5107370864770763,83.33333333333333,0.0873260764753849,3.659606690125066,0.5001339152927549,0.750579496975409,1.4447174447174447,1.728744939271255,0.20629371153391246,0.6783321114707905,2.0578279495388205,2.0995196224827377,100.0,100.0,100.0,67.27185849144031,93.45437169828807,[],83811.61560287097,606.7164747150952,False
VS25,MS Flats,10,24067368.61,279.91999999999996,278.49,1.429999999999986,0.0,131046.53129999814,0.0,1519283.312115324,0.12242471173199528,8,1.3,90457.235,84497.44499999999,48242.98976143233,0.5333237276314308,0.510860245784505,80.0,0.19150552178944694,12.242471173199528,0.5030435338135264,0.835588215786445,1.3261261261261261,2.006644518272425,0.24402197239434645,1.025137757196309,8.20687860241146,4.231608669949848,100.0,100.0,100.0,0.0,80.0,[],179289.52106143045,744.9485814869499,False
VS25,MS Pipes,14,30642401.92,385.42,383.41,2.009999999999999,0.0,151825.29380000057,0.0,1935720.331801353,0.06324858518528635,10,1.3571428571428572,76671.78,77442.64,120493.83310330604,1.5715538768410755,0.5215090031653777,71.42857142857143,0.4098885988474676,6.324858518528635,0.5125356101933228,0.7744255024799029,1.3627311522048364,1.9185185185185185,0.39387972378343544,1.2470140641608212,4.696130871767238,6.597865126401695,100.0,100.0,100.0,23.300143120966688,84.66002862419333,[],272319.1269033066,888.7003297400341,False
VS25,MS Rods,11,20814902.61,268.48,267.2,1.280000000000003,0.0,102517.86710000172,0.0,-382895.04317415244,-0.01974445986962803,8,1.4545454545454546,71624.37,86573.73,22769.40787546392,0.31790028834409184,0.4767580452920153,72.72727272727273,0.11897465881141163,-1.9744459869628033,0.4800868154731259,0.788919666446106,1.4307432432432432,1.8925081433224755,0.19087472593414095,1.1907554122490775,-1.3150274095258876,4.23647940347009,100.0,100.0,100.0,100.0,100.0,[],125287.27497546564,601.9114156953802,False
VS25,MS Sheets,8,19696717.47,234.92000000000002,233.58,1.3399999999999936,0.0,112806.0002999996,0.0,-20383.048400251428,0.03412798680844151,6,1.375,83497.63500000001,84055.535,13360.225931772588,0.16000723771125477,0.5704069470458001,75.0,0.06850211392724324,3.412798680844151,0.5384850865941728,0.8023629291376927,1.3762993762993763,1.8790035587188612,0.1764070214952826,1.0203835613807282,2.152373596225372,3.3331616484574305,98.79072516910603,100.0,100.0,65.69609771333111,92.77643709339803,[],126166.22623177219,640.5444278922898,False
VS25,SS Pipes,7,13264047.98,144.22,143.32,0.899999999999995,0.0,83367.25789999918,0.0,2168413.122885489,0.1329827653407652,6,1.4285714285714286,104059.42,83654.505,20096.340349389335,0.1931237013370758,0.6240465954791257,85.71428571428571,0.13475000093293035,13.29827653407652,0.5671147264759772,0.7141696463660475,1.4076576576576576,1.8642857142857143,0.22404369787927,0.9358124398726226,7.8138669202260225,5.667625820953892,96.88208251031908,100.0,100.0,0.0,79.06462475309573,[],103463.59824938851,780.0303376872171,False
VS25,SS Sheets,10,25719355.490000002,290.57,289.06,1.5100000000000033,0.0,131931.67940000142,0.0,3497656.650141019,0.1317636633469858,8,1.8,88837.94,78003.92,26461.439029395715,0.2978619160844535,0.5196682382902583,80.0,0.10304501352122518,13.17636633469858,0.5089155288173619,0.7465648567993546,1.6594594594594594,1.870503597122302,0.18504830021553195,1.2767407456151725,8.829475376744162,4.2377431374054195,100.0,96.45676504460643,100.0,0.0,79.1141912611516,[],158393.11842939715,615.8518182579743,False
VS25,Spring Steel,7,18368936.509999998,197.09,196.22,0.8699999999999957,0.0,77167.39079999994,0.0,2230622.028114549,0.07904419868398672,5,1.7142857142857142,98112.73,80378.43,15607.153787074109,0.15907368785960913,0.4414227002892058,71.42857142857143,0.08106904895505511,7.904419868398673,0.4605841209485239,0.804445441279379,1.5743243243243243,1.7963636363636364,0.19272980922550942,0.7936961818042867,4.667450531913945,4.334171972882552,100.0,99.29460288244427,100.0,23.778148785188215,84.57928047764871,[],92774.54458707405,505.0621441070791,False
VS25,Square/Rect Tubes,14,29171433.68,400.37,398.45,1.9200000000000088,0.0,137560.77400000056,0.0,-3287579.5647272645,-0.11258499706153942,9,1.3571428571428572,60158.085,83670.9075,17546.78478707892,0.2916779147321415,0.47955641032045576,64.28571428571429,0.07320314085384402,-11.258499706153941,0.4816231733602224,0.7314050445852145,1.3627311522048364,1.7634408602150538,0.14579570210392334,0.9819051603032114,-8.260027820104135,4.949009299696743,100.0,100.0,100.0,100.0,100.0,[],155107.55878707947,531.7104414152313,False
VS25,Structural Steel,9,19820278.32,219.66,218.17,1.4900000000000007,0.0,128492.05210000186,0.0,2052048.7988159643,0.11234447366736806,9,1.8888888888888888,87948.08,80799.325,50788.88367673599,0.5774871228199182,0.6783210416097608,100.0,0.26469593565564387,11.234447366736806,0.6101385659889781,0.719847459996229,1.7065637065637065,1.7732793522267207,0.29482412778010875,1.472881334942787,7.270606686057706,5.830589040692322,94.01382654278568,94.88662347446486,100.0,0.0,76.92580383145192,[],179280.93577673787,904.5328873905432,False
VS26,Angles & Channels,13,23239580.72,284.1,282.41,1.689999999999993,0.0,138538.1206999997,0.0,-268273.33862736303,-0.0006054828308973962,9,1.5384615384615385,77310.29,84332.47,12757.017542019004,0.16501060262507106,0.5948609644491352,69.23076923076923,0.058429447478867975,-0.06054828308973962,0.5807185808299326,0.7113026493123651,1.5663082437275986,1.7416666666666667,0.1246069375288108,1.9498939866506468,0.2675746983934344,4.309025190384596,95.97515888672204,99.56180556900179,100.0,97.10941267719674,98.10488159370641,[],151295.1382420187,651.0235277687863,False
VS26,CR Sheets,8,18963121.53,198.47,197.6,0.8700000000000001,0.0,80630.904600001,0.0,3155155.8901304957,0.15062166255065926,8,2.5,92972.975,81453.525,15006.26757583829,0.16140461866298553,0.4383534035370586,100.0,0.08168249932337324,15.062166255065925,0.47896685733819216,0.7884562788332824,2.1687344913151367,1.6705426356589148,0.16436938868309975,1.1175594422605428,9.700061714751987,2.9946127341416036,100.0,79.48093064941718,100.0,0.0,74.8702326623543,[],95637.17217583928,504.33243295171394,False
VS26,ERW Pipes,8,19057454.71,201.12,199.43,1.6899999999999995,0.0,158847.61810000008,0.0,2817560.4616166493,0.20090686098419533,7,2.25,101273.58,85443.15,13649.290738720569,0.1347764218340121,0.8402943516308669,87.5,0.06758081624329944,20.090686098419532,0.726315133088228,0.8606405037702413,2.0148883374689825,1.8619246861924685,0.1556914298645928,1.0307966997896014,12.794535464508053,1.2392765482212764,86.26872206950235,84.60913577762233,100.0,0.0,72.03290056525628,[],172496.90883872064,905.1413814889272,False
VS26,Fasteners & Fittings,5,9812681.790000001,109.14,108.67,0.4700000000000011,0.0,42239.42370000036,0.0,12549.159486453747,-0.04714979700421077,5,2.2,74306.56,92282.92,15311.210175753162,0.2060546225764342,0.4306395455378423,100.0,0.1896150019107704,-4.714979700421077,0.48729396447892415,0.6608902615277615,1.9193548387096775,1.9425287356321839,0.24314170678471628,0.9250530699946431,-1.797142625085695,1.8480269950795833,100.0,87.79358573626583,100.0,100.0,96.94839643406645,[],57550.63387575353,586.4924095918687,False
VS26,GI Pipes,13,24689483.73,274.46,273.0,1.4600000000000062,0.0,131422.5870000011,0.0,2760655.5122054205,0.14959981611164805,10,1.3846153846153846,98745.59,80697.185,467297.87145117315,4.7323416818024295,0.531953654448738,76.92307692307692,1.7334584915027214,14.959981611164805,0.5352855236074235,0.8113484045650325,1.4551971326164876,1.7452471482889733,1.3343501359904826,1.0856301861243616,11.115735177577271,4.14215938962826,99.00402936822265,100.0,39.559785638093395,0.0,64.59115521999014,[],598720.4584511742,2425.0019360415936,False
VS26,GI Sheets,9,13139224.14,141.13,140.41,0.7199999999999938,0.0,69670.36779999908,0.0,1177544.703573529,0.04181057977512404,4,0.7777777777777778,96796.08,85922.18,19406.535618200003,0.20048885882775422,0.5101679302770451,44.44444444444444,0.14278816240136333,4.181057977512404,0.5222323778281025,0.823990501850067,1.0852534562211982,1.9690265486725664,0.19774539427897006,1.3393373707505076,3.088071003490005,4.348862850517769,99.87423908684406,100.0,100.0,50.10114092558724,89.98249991117066,[],89076.90341819907,677.946448504676,False
VS26,GI Wire,6,14856464.44,178.26,177.28,0.9800000000000075,0.0,79008.0037000014,0.0,-547496.3347153347,-0.0906438814139817,6,2.1666666666666665,81777.53,89937.78,11171.871321131459,0.1366129708384621,0.5497587793111228,100.0,0.07706056568054045,-9.06438814139817,0.547117690269706,0.7928518581395263,1.9266862170087977,1.9775280898876404,0.17688231385241396,0.9750811560699817,-4.434805145194599,3.049089196998296,98.21521825740382,87.54920645962848,100.0,100.0,96.35186709212826,[],90179.87502113286,607.0076456302066,False
VS26,HR Coils,8,12836023.44,185.04,183.88,1.160000000000004,0.0,83392.29780000076,0.0,-1490642.9932884816,-0.08896595035261357,6,1.75,61388.47,75916.43,9757.106283546369,0.15894037241107928,0.6268914829226135,75.0,0.08643700914241857,-8.896595035261356,0.5949902908062259,0.7659538489832981,1.707196029776675,1.9323843416370108,0.16729524087943531,1.0275266204297402,-5.043791386987878,6.042133537357304,95.02371155496915,94.86554603403258,100.0,100.0,97.2234999749989,[],93149.40408354712,725.6873946901045,False
VS26,Hex Bars,6,15986951.91,194.74,193.77,0.9699999999999944,0.0,76926.3449999995,0.0,-540526.8176210809,0.024384867070515803,4,1.5,83948.91500000001,87741.72,6195.450092380883,0.07380024021014306,0.4981000308103083,66.66666666666667,0.03808651504884299,2.43848670705158,0.5189401910874435,0.750579496975409,1.5630498533724342,1.728744939271255,0.15562374078057897,0.6783321114707905,1.8394902266870832,2.0995196224827377,100.0,99.6704185808406,100.0,70.91082053896926,94.099768753004,[],83121.79509238039,519.9352294316145,False
VS26,MS Flats,9,22706259.7,278.07,276.56,1.5099999999999927,0.0,116907.57329999944,0.0,-832521.7477871221,-0.006318757379975022,9,2.2222222222222223,90879.64,88321.38,17996.04150365119,0.19802060729610274,0.5430287337720692,100.0,0.07160131880825236,-0.6318757379975022,0.5433571800749037,0.835588215786445,2.013824884792627,2.006644518272425,0.15198242339768445,1.025137757196309,-0.005957813623506082,4.231608669949848,98.46591893705731,84.64458420016751,100.0,100.0,95.70092173115907,[],134903.61480365062,594.1252173895052,False
VS26,MS Pipes,8,21360686.22,244.08,242.99,1.089999999999998,0.0,89516.79529999965,0.0,3372200.945536943,0.21543989736842706,7,1.375,93986.85500000001,74414.98999999999,16781.526317475083,0.17855184448373215,0.44657489347754753,87.5,0.07348114921755304,21.543989736842704,0.4840262357631084,0.7744255024799029,1.4764267990074442,1.9185185185185185,0.159322404002595,1.2470140641608212,13.68887616507616,6.597865126401695,100.0,100.0,100.0,0.0,80.0,[],106298.32161747474,497.63533119992974,False
VS26,MS Rods,7,6045069.2,73.84,73.47,0.36999999999999833,0.0,28241.168699999515,0.0,687938.2151256357,0.08749409203923962,3,0.7142857142857143,78103.21,76327.05,12549.9900474979,0.16068468949608983,0.5010834236186326,42.857142857142854,0.21870789369278595,8.749409203923962,0.5189438235358714,0.788919666446106,1.0994623655913978,1.8925081433224755,0.25119144284523437,1.1907554122490775,5.570778056559681,4.23647940347009,100.0,100.0,100.0,8.722690041092617,81.74453800821853,[],40791.158747497415,674.783983407459,False
VS26,MS Sheets,12,32217939.78,351.82,350.25,1.5700000000000147,0.0,137922.23120000088,0.0,3562783.1758386916,0.11925929560622013,9,1.3333333333333333,89550.655,84052.015,382530.5347587705,4.271666519455056,0.44625092376784004,75.0,1.2196050019857405,11.925929560622013,0.47498547072435937,0.8023629291376927,1.4231499051233398,1.8790035587188612,0.9481530636542469,1.0203835613807282,8.747919234041918,3.3331616484574305,100.0,100.0,65.30625712717577,0.0,71.32656428179394,[],520452.76595877134,1615.4129330201738,False
VS26,SS Pipes,6,11958359.12,134.8,134.06,0.740000000000006,0.0,63865.52939999988,0.0,1314217.944523594,0.11468410904336741,4,1.1666666666666667,97113.245,81089.065,9564.079631384446,0.0984837818094169,0.5489614243323486,66.66666666666667,0.07346246591781061,11.468410904336741,0.5466827693721928,0.7141696463660475,1.381231671554252,1.8642857142857143,0.17491971398183404,0.9358124398726226,6.764903425206262,5.667625820953892,98.2442129839047,100.0,100.0,0.0,79.47326389517141,[],73429.60903138433,614.0441869535051,False
VS26,SS Sheets,10,25069489.009999998,307.5,305.55,1.9500000000000017,0.0,168239.26590000058,0.0,-225865.70060136076,0.09905857217010608,10,1.9,87326.065,83442.11,14088.025867044944,0.16132669973214692,0.6341463414634152,100.0,0.05279878898122956,9.905857217010608,0.6040803554489453,0.7465648567993546,1.8129032258064517,1.870503597122302,0.13408866320704044,1.2767407456151725,6.977469628090301,4.2377431374054195,94.41770724545452,91.34197283304002,100.0,0.0,76.16080538189635,[],182327.29176704554,727.287627180262,False
VS26,Spring Steel,9,22862617.71,269.64,268.01,1.630000000000006,0.0,134949.5021000019,0.0,2483529.0126569006,0.15264855759336915,8,1.8888888888888888,101099.23,76997.0,8952.782674107983,0.08855441009894915,0.6045097166592517,88.88888888888889,0.03304145744522561,15.264855759336914,0.5828806690738066,0.804445441279379,1.7995391705069126,1.7963636363636364,0.1271939410928815,0.7936961818042867,10.213369577520046,4.334171972882552,95.83101967046377,91.78744134302465,100.0,0.0,76.6961662368953,[],143902.2847741099,629.4217337639675,False
VS26,Square/Rect Tubes,14,27955110.13,411.79,409.62,2.1699999999999973,0.0,155042.65729999996,0.0,-4975609.068510311,-0.14182414005550542,10,1.5714285714285714,63086.399999999994,81847.4875,9955.956419708424,0.15781462279839115,0.5269676291313526,71.42857142857143,0.03852707943908773,-14.182414005550543,0.5314362486809983,0.7314050445852145,1.5891341256366724,1.7634408602150538,0.10645900897055467,0.9819051603032114,-10.155280201392587,4.949009299696743,99.260647696651,98.80094283869933,100.0,100.0,99.47843001867012,[],164998.61371970837,590.2270209361125,False
VS26,Structural Steel,4,6922745.390000001,92.52,92.18,0.3399999999999981,0.0,28713.265900000464,0.0,-649977.3561969266,-0.053218553435049346,3,1.75,77263.69,85592.26000000001,24156.49133064798,0.3126499825551689,0.3674881106787701,75.0,0.3391733375517128,-5.321855343504935,0.46552159553501216,0.719847459996229,1.6881720430107527,1.7732793522267207,0.31555948983335136,1.472881334942787,-1.7426610136412561,5.830589040692322,100.0,95.49967892622998,100.0,100.0,98.8749197315575,[],52869.75723064844,763.7108437791101,True
VS27,Angles & Channels,5,10761622.52,121.55,120.96,0.5899999999999963,0.0,60537.974699999555,0.0,1025376.2282498421,0.07904941260943595,4,0.8,87034.28,81325.75,20714.141539484626,0.23799980351976974,0.4853969559851882,80.0,0.19675909682520648,7.904941260943595,0.5142348207830583,0.7113026493123651,1.2688524590163934,1.7416666666666667,0.23929136457565722,1.9498939866506468,4.333648246747372,4.309025190384596,100.0,100.0,100.0,29.34152020463111,85.86830404092622,[],81252.11623948418,755.0173413765509,False
VS27,CR Sheets,7,9490192.14,111.65,111.13,0.520000000000002,0.0,48015.28680000041,0.0,-530715.3730520904,-0.09035029834819243,4,1.7142857142857142,80227.49,92676.45,18625.21949151396,0.23215508164986787,0.46574115539632954,57.142857142857146,0.208904059794716,-9.035029834819243,0.497962626306579,0.7884562788332824,1.7240437158469948,1.6705426356589148,0.2392872150161293,1.1175594422605428,-4.952786056748246,2.9946127341416036,100.0,94.30395649835525,100.0,100.0,98.57598912458882,[],66640.50629151436,702.203973412011,False
VS27,ERW Pipes,8,12235463.68,149.98000000000002,149.48,0.5000000000000038,0.0,39209.194599999944,0.0,-1060182.306073439,-0.05199470886617049,7,2.125,86631.175,92580.69,16273.384316971698,0.18784674589686332,0.3333777837044964,87.5,0.12566680886865356,-5.199470886617049,0.4140296690415856,0.8606405037702413,1.9760403530895336,1.8619246861924685,0.1857271255830591,1.0307966997896014,-2.9064608407831263,1.2392765482212764,100.0,85.90406859027063,100.0,100.0,96.47601714756766,[],55482.578916971645,453.45710116129936,False
VS27,Fasteners & Fittings,7,13905257.93,182.5,181.47,1.0300000000000016,0.0,81077.0135000007,0.0,-891873.9365141655,0.04137743776287296,5,1.7142857142857142,80526.75,80048.09,21671.619603195915,0.2691232367281172,0.5643835616438365,71.42857142857143,0.14830177810553657,4.137743776287296,0.555504029950958,0.6608902615277615,1.7240437158469948,1.9425287356321839,0.20393588403077467,0.9250530699946431,2.731331883063902,1.8480269950795833,97.65612894532035,94.30395649835525,100.0,56.04679293268895,89.08218639472271,[],102748.63310319661,738.9192895265957,False
VS27,GI Pipes,8,22562439.87,263.37,261.81,1.5600000000000023,0.0,129973.87419999926,0.0,1505645.3681035081,0.055744937683488704,6,1.5,85724.72,81722.7875,19907.736113427018,0.2322286513554902,0.5923225879940777,75.0,0.08870121513902839,5.57449376834887,0.5733803178351741,0.8113484045650325,1.591424968474149,1.7452471482889733,0.16297906790328978,1.0856301861243616,3.723671254580516,4.14215938962826,96.46437641970594,98.72458141078344,100.0,39.50780340741205,86.52201896009005,[],149881.6103134263,664.2969961449753,False
VS27,GI Sheets,4,10765999.6,113.7,112.86,0.8399999999999999,0.0,79774.72729999968,0.0,1680078.6252391539,0.30455910484895415,4,2.0,99564.25,78254.79,25944.088179795075,0.2605763432135036,0.7387862796833772,100.0,0.23088458551612936,30.455910484895416,0.6300565051820166,0.823990501850067,1.8542805100182151,1.9690265486725664,0.2591840559661175,1.3393373707505076,13.959490900259713,4.348862850517769,92.68596392991645,89.96273002598124,100.0,0.0,75.29647168547024,[],105718.81547979475,981.9693424454033,True
VS27,GI Wire,5,6109014.8100000005,82.12,81.62,0.5,0.0,37371.37830000033,0.0,-833734.7387664707,-0.03952395717370978,4,1.0,100920.73,87494.54,19995.526863955853,0.19813101692740284,0.6088650754992694,80.0,0.24274812169493115,-3.9523957173709783,0.5759688805400989,0.7928518581395263,1.3688524590163935,1.9775280898876404,0.26228587701051953,0.9750811560699817,-1.595020242409914,3.049089196998296,96.29180557271097,100.0,100.0,100.0,98.8875416718133,[],57366.90516395618,939.0532998880744,False
VS27,HR Coils,9,10088668.99,144.8,144.04,0.7600000000000029,0.0,53377.30899999966,0.0,-974382.0649247358,-0.021824787870806828,5,1.2222222222222223,76219.24,81925.275,18110.653200250614,0.2376126185494714,0.5248618784530406,55.55555555555556,0.16496293984273216,-2.182478787080683,0.5313657381415718,0.7659538489832981,1.4063231850117097,1.9323843416370108,0.2066989014439378,1.0275266204297402,-1.1307523514978854,6.042133537357304,99.26534839927943,100.0,100.0,100.0,99.77960451978383,[],71487.96220025027,708.5965678040377,False
VS27,Hex Bars,3,8479994.75,78.03999999999999,77.43,0.6099999999999994,0.0,66343.17609999957,0.0,2207561.4135468886,0.34119887216034894,2,1.3333333333333333,110805.65,85630.59,11267.639536076764,0.10168831224830831,0.7816504356740127,66.66666666666667,0.1313293455357204,34.1198872160349,0.6325393418658349,0.750579496975409,1.5860655737704918,1.728744939271255,0.22538827477971263,0.6783321114707905,13.271429726357555,2.0995196224827377,92.52044148432856,98.90322790090535,100.0,0.0,77.4819394205249,[],77610.81563607634,915.2224491185721,True
VS27,MS Flats,10,21841518.03,255.49,253.83,1.6599999999999995,0.0,138603.27119999944,0.0,835741.7876036582,0.016578552460583134,8,1.9,85372.64000000001,88026.5625,24189.495284536013,0.28334013431628696,0.649731887745117,80.0,0.11162594426044477,1.6578552460583134,0.6141788203570542,0.835588215786445,1.8459016393442624,2.006644518272425,0.16835850694899918,1.025137757196309,1.3593552415559256,4.231608669949848,93.74447625158061,90.24202571511299,100.0,78.91307029115522,91.46646336248347,[],162792.76648453544,745.3363189359574,False
VS27,MS Pipes,5,10671928.540000001,129.01,128.73,0.2800000000000029,0.0,20941.021200000076,0.0,1691853.9353225254,0.21545059515970308,4,1.8,76022.99,69581.54,20285.153441832226,0.26682919787596127,0.21703743895822256,80.0,0.20727817748462773,21.54505951597031,0.3800550622695754,0.7744255024799029,1.7688524590163937,1.9185185185185185,0.24455090490536788,1.2470140641608212,11.15370737426073,6.597865126401695,100.0,92.81033172604195,100.0,0.0,78.20258293151049,[],41226.1746418323,386.3048228566221,False
VS27,MS Rods,8,9001109.44,149.46,148.65,0.8099999999999938,0.0,46184.16480000013,0.0,-2981399.1277911016,-0.18605286887056025,8,2.125,63433.325,86522.9825,30992.541684437507,0.48858453635273746,0.5419510236852628,100.0,0.3286811546267995,-18.605286887056025,0.5423824321066726,0.788919666446106,1.9760403530895336,1.8925081433224755,0.3106590306649951,1.1907554122490775,-11.156193764130187,4.23647940347009,98.53090213493938,85.90406859027063,100.0,100.0,96.03528778804947,[],77176.70648443763,857.4132666521343,False
VS27,MS Sheets,9,23259852.71,246.42000000000002,244.69,1.730000000000008,0.0,162691.74969999795,0.0,2518594.8103930447,0.08323324622083826,9,1.8888888888888888,99203.99,90053.32999999999,12473.029550570698,0.12573112785655796,0.7020534047561107,100.0,0.05138384398894845,8.323324622083826,0.6452745764792598,0.8023629291376927,1.8348946135831383,1.8790035587188612,0.13368376839507687,1.0203835613807282,5.622978411536442,3.3331616484574305,91.67142584343357,90.60892657381713,100.0,7.852684124813292,76.72419622144702,[],175164.77925056865,753.0777663749387,False
VS27,SS Pipes,7,12664029.02,141.35999999999999,140.78,0.5799999999999943,0.0,53942.20000000077,0.0,1975998.538906193,0.09904675602294574,7,2.142857142857143,87945.88,79143.34,10341.441465026559,0.11758869733325267,0.4102999434069004,100.0,0.08352656437935264,9.904675602294574,0.4656219193127454,0.7141696463660475,1.9740437158469948,1.8642857142857143,0.1661503426905007,0.9358124398726226,6.095375448234814,5.667625820953892,100.0,85.97062316502192,100.0,0.0,76.49265579125549,[],64283.64146502733,507.6081345321122,False
VS27,SS Sheets,5,10272864.01,132.14,131.51,0.6299999999999955,0.0,49366.91899999953,0.0,-94128.71475714748,-0.07743515098911571,5,1.6,54701.08,82999.08,14123.341368735924,0.2581912709719063,0.4767670652338395,100.0,0.19632824193742401,-7.743515098911572,0.5099198754073839,0.7465648567993546,1.6688524590163936,1.870503597122302,0.23907593713176603,1.2767407456151725,-3.4905799331802108,4.2377431374054195,100.0,96.1436650593753,100.0,100.0,99.03591626484382,[],63490.26036873546,618.0385558197949,False
VS27,Spring Steel,7,17073803.81,209.84,208.9,0.9400000000000048,0.0,73329.25699999963,0.0,375220.10598645214,0.10224183797701066,6,2.0,87606.43,79906.195,366444.66611075116,4.18285126001312,0.4479603507434259,85.71428571428571,2.0023222881824414,10.224183797701066,0.4875904902590518,0.804445441279379,1.8907103825136613,1.7963636363636364,1.2854478482423024,0.7936961818042867,6.2817552288886,4.334171972882552,100.0,88.7484009427997,42.819938154638734,0.0,62.89208477435962,[],439773.9231107508,2575.7231839174497,False
VS27,Square/Rect Tubes,7,19201657.0,207.15,206.26000000000002,0.8900000000000015,0.0,78186.72079999914,0.0,3504596.536355336,0.18188673053665103,5,2.0,100413.3,82352.03,20167.518288425257,0.2008450901267587,0.42964035722906174,71.42857142857143,0.09737471643884353,18.188673053665102,0.4769038273756728,0.7314050445852145,1.8907103825136613,1.7634408602150538,0.1742284313918704,0.9819051603032114,10.927707294867623,4.949009299696743,100.0,88.7484009427997,100.0,0.0,77.18710023569993,[],98354.2390884244,512.2174564852627,False
VS27,Structural Steel,8,21138581.78,229.46,227.88,1.5799999999999912,0.0,145512.91990000056,0.0,3579193.817037643,0.1721611430656684,7,1.75,93384.54000000001,78452.235,35657.04897389494,0.381830321955807,0.6885731717946444,87.5,0.16755762767939575,17.21611430656684,0.6326114463278305,0.719847459996229,1.7452711223203028,1.7732793522267207,0.2115060910050543,1.472881334942787,10.887745431945422,5.830589040692322,92.51563452019552,93.59637628257832,100.0,0.0,76.15378442670324,[],181169.9688738955,857.0582963390059,False
VS28,Angles & Channels,6,16554883.280000001,214.56,213.85,0.7100000000000009,0.0,52444.9463999992,0.0,-1192891.968880956,-0.08221369083273776,4,1.5,77136.25,83757.1925,34940.4586262361,0.4529706671796477,0.3309097688292323,66.66666666666667,0.211817005929225,-8.221369083273776,0.38555544854434304,0.7113026493123651,1.6363636363636365,1.7416666666666667,0.3638964722103394,1.9498939866506468,-4.63837273159679,4.309025190384596,100.0,97.2266258144672,100.0,100.0,99.3066564536168,[],87385.4050262353,527.8527401748935,False
VS28,CR Sheets,11,23116026.61,293.13,291.42,1.7099999999999982,0.0,136979.66240000018,0.0,-1363386.5844800381,-0.07317810366994609,9,1.6363636363636365,70016.74,88589.57,27962.363961361305,0.3993668365788139,0.5833589192508437,81.81818181818181,0.13704167063990594,-7.3178103669946095,0.5420374645482288,0.7884562788332824,1.6875,1.6705426356589148,0.26496359598608427,1.1175594422605428,-5.136862474053921,2.9946127341416036,98.55389997216896,95.52208035992174,100.0,100.0,98.44669008163113,[],164942.0263613615,713.5396975620695,False
VS28,ERW Pipes,7,16862544.07,185.2,183.9,1.3000000000000052,0.0,113052.40399999893,0.0,2068345.5125924274,0.1802390828995867,6,2.2857142857142856,102483.94,89152.41500000001,37302.683407981545,0.36398564895125557,0.7019438444924434,85.71428571428571,0.1979258558734397,18.02390828995867,0.5974381860382904,0.8606405037702413,2.0833333333333335,1.8619246861924685,0.34312001248770513,1.0307966997896014,10.372789373482387,1.2392765482212764,94.8605185394982,82.32763591547729,100.0,0.0,74.04006454071879,[],150355.08740798046,891.6512643870615,False
VS28,Fasteners & Fittings,11,28646184.32,297.88,296.08,1.8000000000000043,0.0,175654.38470000098,0.0,5777675.148508113,0.23909793423223605,10,1.5454545454545454,101030.95,78877.36,47498.97947083751,0.4701428569249078,0.6042701759097637,90.9090909090909,0.1587891302772588,23.909793423223604,0.5564139535012362,0.6608902615277615,1.625,1.9425287356321839,0.2799149744867644,0.9250530699946431,16.3321151317211,1.8480269950795833,97.59546737530181,97.60541369325507,100.0,0.0,78.67999363590431,[],223153.3641708385,778.9985628733066,False
VS28,GI Pipes,5,12476928.97,139.18,138.46,0.7199999999999953,0.0,71301.1189000007,0.0,1678809.653765203,0.10315866915092978,5,2.2,97404.73,83820.465,44401.18590938955,0.45584219482349114,0.5173157062796345,100.0,0.32922302096164313,10.315866915092977,0.4842229852410552,0.8113484045650325,2.0,1.7452471482889733,0.43780742635465986,1.0856301861243616,4.988544902754286,4.14215938962826,100.0,85.10541369325507,99.3292996138149,18.42657593784921,79.79399351433733,[],115702.30480939025,927.3299951261183,False
VS28,GI Sheets,4,8474879.620000001,105.4,105.24,0.16000000000000192,0.0,14564.694600000046,0.0,-68890.02318242511,0.033569943886598494,3,1.75,82949.37,90522.905,42447.36051297633,0.5117261350264183,0.1518026565464914,75.0,0.4862468025716632,3.3569943886598494,0.3180957719109272,0.823990501850067,1.7777777777777777,1.9690265486725664,0.5196607076694484,1.3393373707505076,1.3037880007463738,4.348862850517769,100.0,92.51282110066249,93.872414192829,79.83919097131442,92.56414701763576,[],57012.05511297638,672.7181702785812,True
VS28,GI Wire,7,13007625.88,174.56,173.83,0.7299999999999969,0.0,54271.0136999996,0.0,-847817.1501232259,-0.06476302180125608,7,2.142857142857143,61575.84,85775.08499999999,57192.35049042793,0.9288115353428866,0.4181943171402365,100.0,0.5343217714680357,-6.476302180125608,0.4319176284161696,0.7928518581395263,2.0,1.9775280898876404,0.5393509632512195,0.9750811560699817,-3.9190000674001073,3.049089196998296,100.0,85.10541369325507,92.5597304873776,100.0,94.41628604515816,[],111463.36419042753,856.9078263682928,False
VS28,HR Coils,5,8496531.629999999,114.96,114.18,0.7799999999999958,0.0,53983.403099999996,0.0,-321416.1334210333,0.05041699740581196,5,2.4,81159.26,80489.33499999999,38787.76462476562,0.47792161516462356,0.678496868475988,100.0,0.41856858921406864,5.041699740581196,0.5648135663392319,0.7659538489832981,2.1,1.9323843416370108,0.48248021048087264,1.0275266204297402,2.3514613154983945,6.042133537357304,97.0354931861021,81.77208035992174,96.35111400540072,62.37796905878075,86.1170403589174,[],92771.16772476562,1091.8710335544956,False
VS28,Hex Bars,7,14845734.54,176.1,175.66,0.4400000000000004,0.0,42006.09819999919,0.0,652620.1031245786,0.0701520809469046,5,1.8571428571428572,101578.02,82278.59,17247.95869042368,0.1698001072517822,0.24985803520726885,71.42857142857143,0.09666407107581818,7.01520809469046,0.33372146395527175,0.750579496975409,1.8333333333333333,1.728744939271255,0.28405063802242586,0.6783321114707905,3.951047592909266,2.0995196224827377,100.0,90.66096924881063,100.0,35.718197768599545,84.80888186592256,[],59254.05689042287,399.13186330235214,False
VS28,MS Flats,8,15309372.56,175.82999999999998,175.15,0.6800000000000042,0.0,53578.96480000054,0.0,1051394.6677816163,0.11852756036985193,8,2.125,87685.775,84649.65999999999,412614.78303300607,4.705606844816119,0.3867371893306058,100.0,2.6866153838516236,11.852756036985193,0.41150375658901733,0.835588215786445,2.0,2.006644518272425,1.8634524791962594,1.025137757196309,7.163704826766116,4.231608669949848,100.0,85.10541369325507,4.2862960910415975,0.0,52.347927446074166,[],466193.7478330066,3045.1525430314996,False
VS28,MS Pipes,10,20630208.17,280.88,279.59,1.2900000000000151,0.0,99065.68440000084,0.0,-1386244.3643433996,-0.05471190563309024,8,1.6,69540.31,81080.91,34676.36435092816,0.49865127651757896,0.4592708630019991,80.0,0.17835089828591116,-5.471190563309023,0.45655733006882465,0.7744255024799029,1.6666666666666667,1.9185185185185185,0.30103120943983297,1.2470140641608212,-3.7603860787341508,6.597865126401695,100.0,96.21652480436619,100.0,100.0,99.05413120109155,[],133742.048750929,648.2825943822214,False
VS28,MS Rods,12,24354729.35,294.73,293.32,1.4100000000000033,0.0,120050.4071000003,0.0,1638764.8220070715,0.1309244989699856,7,1.5,87478.68,81266.41500000001,31788.398502110882,0.3633845241161719,0.47840396294914095,58.333333333333336,0.12388671898137595,13.09244989699856,0.4703822868471806,0.788919666446106,1.588235294117647,1.8925081433224755,0.2481529286185232,1.1907554122490775,9.142089012709452,4.23647940347009,100.0,98.83090388933351,100.0,0.0,79.70772597233338,[],151838.80560211118,623.4469019139857,False
VS28,MS Sheets,14,29329155.72,355.22,353.89,1.329999999999996,0.0,99079.68740000037,0.0,320369.7319526761,-0.026562729646301162,12,1.6428571428571428,74468.04000000001,85426.2675,184488.15567842463,2.4774138768581073,0.3744158549631203,85.71428571428571,0.7000519587606622,-2.656272964630116,0.3946038573945297,0.8023629291376927,1.6842105263157894,1.8790035587188612,0.6596150832309292,1.0203835613807282,-2.0464056343549295,3.3331616484574305,100.0,95.63172948272877,84.54212248873029,100.0,95.04346299286476,[],283567.84307842504,966.8462528740838,False
VS28,SS Pipes,9,11046328.26,166.26,165.83,0.42999999999999616,0.0,25102.177299999865,0.0,-1983400.1377652534,-0.054997959013259184,7,1.4444444444444444,70250.26,87945.88,240986.93057281128,3.4304062443727794,0.25863105978587525,77.77777777777777,2.0686282604913337,-5.499795901325919,0.3273807756489469,0.7141696463660475,1.5714285714285714,1.8642857142857143,1.524972393082885,0.9358124398726226,-3.656574904275378,5.667625820953892,100.0,99.39112797896937,26.851635165266575,100.0,81.56069078605898,[],266089.10787281115,2408.8466466848517,False
VS28,SS Sheets,10,14626712.22,185.7,184.76,0.940000000000007,0.0,71630.1593000002,0.0,419172.39413932874,0.01310804177269712,7,1.8,75328.53,79423.08499999999,39127.67196144401,0.5194269948111826,0.5061927840603162,70.0,0.2811360656046669,1.310804177269712,0.4878386107743694,0.7465648567993546,1.8,1.870503597122302,0.3695546543190035,1.2767407456151725,0.7609437483183392,4.2377431374054195,100.0,91.77208035992173,100.0,88.88659517844832,95.7203391256701,[],110757.83126144421,757.2298517639408,False
VS28,Spring Steel,5,7454616.88,91.6,91.28,0.3200000000000005,0.0,30003.125100000354,0.0,256557.18802518476,-0.001424869380926269,5,2.6,74620.04,80102.33,200331.35234997908,2.684685673580168,0.3493449781659394,100.0,2.941154331266617,-0.1424869380926269,0.40023762118420764,0.804445441279379,2.2,1.7963636363636364,1.7437730815071468,0.7936961818042867,-0.24063202383851667,4.334171972882552,100.0,78.4387470265884,12.26492260364912,100.0,72.67591740755938,"[""quality_rejection""]",230334.47744997943,3089.823141252826,False
VS28,Square/Rect Tubes,10,14169502.67,189.4,188.39999999999998,1.000000000000011,0.0,75251.35140000001,0.0,-1193863.9826561818,-0.05293350558225731,9,2.0,76960.155,87072.765,35989.53786431057,0.4676385834242482,0.5279831045406606,90.0,0.24821580861159673,-5.293350558225731,0.5023654910945989,0.7314050445852145,1.9333333333333333,1.7634408602150538,0.3476078163236233,0.9819051603032114,-3.6418260753452896,4.949009299696743,100.0,87.3276359154773,100.0,100.0,96.83190897886932,[],111240.8892643106,785.0726440796852,False
VS28,Structural Steel,9,19965774.28,250.14,249.24,0.9000000000000066,0.0,74987.7242000011,0.0,856270.8570913817,0.10828013769334249,6,1.5555555555555556,80546.13,79776.34,56148.014214959294,0.697091396134852,0.3597985128328163,66.66666666666667,0.2796868063452303,10.82801376933425,0.39241699546483755,0.719847459996229,1.6428571428571428,1.7732793522267207,0.3749386011318183,1.472881334942787,6.839874169720444,5.830589040692322,100.0,97.01017559801699,100.0,0.0,79.25254389950425,[],131135.7384149604,656.8026692875163,False
VS29,Angles & Channels,8,22348687.71,251.61,250.16,1.4500000000000002,0.0,134175.64310000057,0.0,1827937.211850328,0.13651146503505,6,1.5,98902.18,80729.19,25093.00345967865,0.2537153727013768,0.5762887007670602,75.0,0.10142123948727887,13.651146503504998,0.5511031094683982,0.7113026493123651,1.4496644295302015,1.7416666666666667,0.21160187905110447,1.9498939866506468,7.9419443538420404,4.309025190384596,97.94952364415767,100.0,100.0,0.0,79.38485709324729,[],159268.6465596792,712.6532377487823,False
VS29,CR Sheets,12,24393830.96,308.62,307.25,1.37,0.0,114698.91319999966,0.0,-2035118.8138833079,-0.08014053470366482,8,1.1666666666666667,68550.055,87185.60500000001,17476.871639025245,0.2549505122793154,0.4439116065063832,66.66666666666667,0.08297819764989924,-8.014053470366482,0.46358647617819376,0.7884562788332824,1.2262139755230952,1.6705426356589148,0.1726584049155834,1.1175594422605428,-6.007796298381838,2.9946127341416036,100.0,100.0,100.0,100.0,100.0,[],132175.7848390249,541.8410296265532,False
VS29,ERW Pipes,7,12194844.48,138.86,138.12,0.7400000000000042,0.0,70045.21800000005,0.0,189087.08311276446,0.06496193555840192,6,1.8571428571428572,100928.07,90107.3,22043.024743316593,0.21840331181718417,0.5329108454558579,85.71428571428571,0.1581257687642515,6.496193555840192,0.5237005612619751,0.8606405037702413,1.6538031319910516,1.8619246861924685,0.25386124109299063,1.0307966997896014,3.292454955232324,1.2392765482212764,99.77636019125255,96.64530929355337,100.0,46.69474172988192,88.43318372674048,[],92088.24274331664,755.1407719413297,False
VS29,Fasteners & Fittings,5,12245699.809999999,130.37,129.62,0.749999999999996,0.0,75834.86799999885,0.0,1909792.0519668248,0.03684195172235655,4,1.4,97087.38,92401.58,32313.745187535656,0.3328315707719752,0.5752857252435346,80.0,0.25677485787067983,3.684195172235655,0.5430459443170369,0.6608902615277615,1.3845637583892618,1.9425287356321839,0.32233288011195266,0.9250530699946431,1.2457080433084813,1.8480269950795833,98.48666798758175,100.0,100.0,80.80719026194596,95.70743844866371,[],108148.6131875345,883.1558413608909,False
VS29,GI Pipes,5,7492453.85,107.62,106.97,0.6499999999999935,0.0,44319.02669999987,0.0,-1101982.9194766686,-0.06698399112837858,4,1.6,79848.9,80474.45999999999,146758.06050413378,1.8379471790360769,0.6039769559561359,80.0,1.7181893792989407,-6.6983991128378575,0.5573915596733375,0.8113484045650325,1.4845637583892617,1.7452471482889733,1.053040140826083,1.0856301861243616,-3.9455890992282745,4.14215938962826,97.53029363049505,100.0,58.313785315720025,100.0,88.83753441807852,[],191077.08720413366,2550.2604491068523,False
VS29,GI Sheets,13,22270405.63,289.64,288.22,1.4200000000000073,0.0,107804.40709999992,0.0,-891832.8363376715,0.03284364885067965,11,2.1538461538461537,80672.18,85862.19,22374.04195065324,0.277345200670829,0.49026377572158797,84.61538461538461,0.09622691023205503,3.2843648850679648,0.49596999451851886,0.823990501850067,1.935868754660701,1.9690265486725664,0.177244685821269,1.3393373707505076,2.040713782099449,4.348862850517769,100.0,87.24312187123171,100.0,67.55709461542982,90.3221993908939,[],130178.44905065317,584.5355994562241,False
VS29,GI Wire,10,18114116.6,179.2,178.09,1.1099999999999928,0.0,110959.45999999938,0.0,3438151.281329952,0.20878463527540742,7,1.2,105262.87,84622.615,21618.884639416003,0.20537996578865847,0.6194196428571388,70.0,0.11532369351937698,20.87846352754074,0.5832151497016056,0.7928518581395263,1.2563758389261745,1.9775280898876404,0.20617942979732645,0.9750811560699817,13.521382656487598,3.049089196998296,95.80872096194385,100.0,100.0,0.0,78.74261628858315,[],132578.3446394154,731.9062119729061,False
VS29,HR Coils,6,13265463.71,143.76,143.10999999999999,0.6500000000000021,0.0,62237.20549999998,0.0,2007199.9312855932,0.10967615320244685,5,1.6666666666666667,83367.72,80669.66249999999,24513.134455314655,0.2940362823322343,0.452142459654982,83.33333333333333,0.20546173036980947,10.967615320244684,0.4788077795347807,0.7659538489832981,1.5314215985356925,1.9323843416370108,0.2883840812713622,1.0275266204297402,5.440163317579513,6.042133537357304,100.0,100.0,100.0,10.899602357428773,82.17992047148576,[],86750.33995531464,653.9563324116518,False
VS29,Hex Bars,4,7298612.68,86.36,85.88999999999999,0.4700000000000033,0.0,41429.22620000108,0.0,116237.71499559504,-0.02078731896634868,3,1.25,78885.35999999999,86213.075,10072.047622927657,0.127679554519719,0.5442334414080631,75.0,0.14865473805998256,-2.078731896634868,0.5256627313983275,0.750579496975409,1.3161819537658463,1.728744939271255,0.2815637182228953,0.6783321114707905,-1.5865358905147704,2.0995196224827377,99.64554884882905,100.0,100.0,100.0,99.89366465464872,[],51501.273822928735,705.6310025062014,True
VS29,MS Flats,7,14769803.23,151.2,150.29000000000002,0.9100000000000064,0.0,91910.04199999972,0.0,2313844.728009017,0.02765669398657395,5,1.7142857142857142,82303.0,86521.055,26873.376085105017,0.32651757633506695,0.6018518518518561,71.42857142857143,0.2172583514106507,2.765669398657395,0.5639161483263073,0.835588215786445,1.570469798657718,2.006644518272425,0.2883552476367235,1.025137757196309,1.1163158635423587,4.231608669949848,97.0953210536304,99.42308707133114,100.0,82.96372659138133,95.57711340219817,[],118783.41808510474,804.2315543096422,False
VS29,MS Pipes,14,21954115.36,300.6,298.68,1.92,0.0,135789.85310000062,0.0,-1648809.4070061133,-0.04563144727347473,7,1.1428571428571428,70080.35500000001,78485.375,16881.50415945863,0.24088782312045404,0.6387225548902196,50.0,0.08065080458030469,-4.563144727347472,0.60506034660083,0.7744255024799029,1.2024019780996114,1.9185185185185185,0.16150346188896805,1.2470140641608212,-3.676206400576741,6.597865126401695,94.35237450199556,100.0,100.0,100.0,98.30571235059867,[],152671.35725945924,695.4111097440241,False
VS29,MS Rods,5,8006709.76,97.64,97.11,0.5300000000000029,0.0,42906.46470000042,0.0,472349.4141003773,0.057286402586113006,3,0.8,85445.26,80805.02,321431.43791924656,3.761840480317417,0.5428103236378563,60.0,3.8737931009344213,5.728640258611301,0.5268082435141977,0.788919666446106,1.0845637583892618,1.8925081433224755,2.130842001643823,1.1907554122490775,2.267930586496304,4.23647940347009,99.5691813744377,100.0,0.0,63.77014787548225,67.62478398742776,[],364337.902619247,4550.407265159153,False
VS29,MS Sheets,9,19553117.29,227.6,226.95999999999998,0.640000000000005,0.0,47221.36290000024,0.0,875985.0790972972,-0.006094522375243229,7,1.4444444444444444,68212.63,85904.855,8229.08947086808,0.12063879476378614,0.2811950790861182,77.77777777777777,0.05315420988887299,-0.6094522375243229,0.36319903776626855,0.8023629291376927,1.4175455417066156,1.8790035587188612,0.17270302862614173,1.0203835613807282,-0.8177832547008835,3.3331616484574305,100.0,100.0,100.0,100.0,100.0,[],55450.45237086832,283.5888086204403,False
VS29,SS Pipes,10,20534425.43,243.5,242.15,1.3499999999999925,0.0,119000.67249999935,0.0,1198569.0163176982,0.03906637147157636,7,1.0,87932.195,82711.29000000001,13647.18343708808,0.15520121426615222,0.5544147843942475,70.0,0.06409300609793607,3.9066371471576358,0.5398785773930115,0.7141696463660475,1.1230425055928412,1.8642857142857143,0.17202563818303254,0.9358124398726226,2.206831736232193,5.667625820953892,98.69782578251679,100.0,100.0,64.78846204655075,92.56704014406519,[],132647.8559370874,645.9779280860425,False
VS29,SS Sheets,11,23937161.77,312.55,311.28,1.2699999999999942,0.0,103394.91589999944,0.0,-2432875.2303335536,-0.05793838044358254,8,0.9090909090909091,78295.34,86355.51999999999,23968.570739918996,0.3061302338034294,0.4063349864021738,72.72727272727273,0.09834561610236103,-5.793838044358254,0.43898222921103797,0.7465648567993546,1.0528523489932886,1.870503597122302,0.18882851805575618,1.2767407456151725,-4.356007119752141,4.2377431374054195,100.0,100.0,100.0,100.0,100.0,[],127363.48663991844,532.0743029758053,False
VS29,Spring Steel,7,13061643.66,134.72,134.39,0.33000000000000007,0.0,23365.773299999884,0.0,1679847.999473191,0.07954348309246338,5,0.8571428571428571,93935.45,89135.5,13458.506102525153,0.14327398338460243,0.2449524940617578,71.42857142857143,0.10661059854498285,7.954348309246338,0.3557248562820834,0.804445441279379,1.070469798657718,1.7963636363636364,0.2238107251317506,0.7936961818042867,4.143045228052575,4.334171972882552,100.0,100.0,100.0,32.51823718287774,86.50364743657555,[],36824.27940252503,281.9268413767539,False
VS29,Square/Rect Tubes,9,22705178.810000002,274.79,273.11,1.6799999999999982,0.0,138388.78579999995,0.0,1098554.474514349,0.012758138368624612,7,1.4444444444444444,72023.73,82371.685,16246.694861509097,0.22557419424832756,0.6113759598238648,77.77777777777777,0.0825946300934889,1.2758138368624612,0.5754581753833914,0.7314050445852145,1.4175455417066156,1.7634408602150538,0.19162901304339483,0.9819051603032114,0.39417350740490636,4.949009299696743,96.32585258315812,100.0,100.0,94.99943252700554,97.89764228034855,[],154635.48066150906,681.0581936197007,False
VS29,Structural Steel,7,14294557.709999999,180.44,179.5,0.940000000000003,0.0,78564.1249999993,0.0,-323782.0250779565,0.07847078981590547,5,1.5714285714285714,86886.52,81589.58,404237.4239366668,4.652475711268753,0.5209487918421654,71.42857142857143,2.5919084742444305,7.847078981590546,0.5167226966539878,0.719847459996229,1.4871364653243848,1.7732793522267207,1.6735678192897616,1.472881334942787,4.080471453586696,5.830589040692322,100.0,100.0,16.94527341814146,33.56113342397571,65.9485450393305,[],482801.5489366661,3377.5200235745256,False
VS30,Angles & Channels,8,16837177.93,226.99,225.86,1.1300000000000043,0.0,81034.01799999911,0.0,-1776912.4389753286,-0.10577125437168362,7,1.625,78495.335,84575.805,8543.720613295776,0.10884367349086128,0.4978192871932703,87.5,0.04819077016331412,-10.577125437168363,0.49418508660138927,0.7113026493123651,1.6787330316742082,1.7416666666666667,0.09147503002731308,1.9498939866506468,-6.389915766334179,4.309025190384596,100.0,95.81431263744814,100.0,100.0,98.95357815936204,[],89577.73861329489,532.0234720195471,False
VS30,CR Sheets,10,20176652.849999998,220.05,218.53,1.519999999999993,0.0,141717.69819999902,0.0,2322811.628003763,0.050853530839626994,6,1.1,83012.935,83617.15,9021.161907791886,0.10867176191025996,0.6907521017950433,60.0,0.04972853242587286,5.0853530839626995,0.6232915230814887,0.7884562788332824,1.3215686274509804,1.6705426356589148,0.08672897022048572,1.1175594422605428,3.4934419583086385,2.9946127341416036,93.1369627366183,100.0,100.0,43.34495834527667,86.61008049004081,[],150738.8601077909,747.0954733098405,False
VS30,ERW Pipes,3,7975713.66,81.59,81.14,0.4499999999999993,0.0,44867.80710000027,0.0,1472620.7459836435,0.3020084046106829,2,1.0,99883.36,86738.965,9218.236277784485,0.09229000984532842,0.551538178698369,66.66666666666667,0.11374169317886175,30.20084046106829,0.5120582955458757,0.8606405037702413,1.4779411764705883,1.8619246861924685,0.1431092885731428,1.0307966997896014,11.518827489775932,1.2392765482212764,100.0,100.0,100.0,0.0,80.0,[],54086.04337778475,678.1342169922478,True
VS30,Fasteners & Fittings,3,7250396.3,88.08,87.56,0.5200000000000067,0.0,45938.27790000092,0.0,-15042.711294917273,-0.08749097669787886,2,1.6666666666666667,64880.58,85835.3,8865.812193478485,0.13664816488197984,0.590372388737519,66.66666666666667,0.1560623171333712,-8.749097669787886,0.5266211243105569,0.6608902615277615,1.7279411764705883,1.9425287356321839,0.15897952255608386,0.9250530699946431,-3.0873993092951353,1.8480269950795833,99.58165598801376,94.17404114423546,100.0,100.0,98.41800708246299,[],54804.090093479404,755.8771662382014,True
VS30,GI Pipes,7,11619527.9,150.82999999999998,150.19,0.6400000000000077,0.0,41986.31670000014,0.0,-471288.1374268274,-0.09226106929449372,4,1.4285714285714286,66593.38,81658.29000000001,7638.707303221792,0.11470670663092625,0.4243187694755737,57.142857142857146,0.07637439685127255,-9.226106929449372,0.4510069345500762,0.8113484045650325,1.5686274509803921,1.7452471482889733,0.11152250058395542,1.0856301861243616,-5.252887497595252,4.14215938962826,100.0,99.48449866057534,100.0,100.0,99.87112466514384,[],49625.02400322193,427.08296266685613,False
VS30,GI Sheets,8,13475563.02,171.39,170.38,1.0100000000000016,0.0,81668.76849999977,0.0,-1049098.4056448475,0.0034652305451686113,7,2.0,84324.75,90965.28,9706.593631856884,0.11510966391073658,0.5892992589999426,87.5,0.06756054930786277,0.34652305451686116,0.5504804538670338,0.823990501850067,1.909502262443439,1.9690265486725664,0.10339489411626612,1.3393373707505076,0.3323294593182667,4.348862850517769,97.99103401758197,88.12200494514045,100.0,96.03016666178287,95.63384477391628,[],91375.36213185666,678.0819621134959,False
VS30,GI Wire,7,18704344.34,221.44,220.13,1.3100000000000014,0.0,106171.35400000069,0.0,-119439.56447218952,0.022343534519901998,5,2.0,88175.32,86817.2,7725.981803463922,0.08762068346861596,0.5915823699421972,71.42857142857143,0.03980406281225456,2.2343534519902,0.5485773681556065,0.7928518581395263,1.9019607843137256,1.9775280898876404,0.0901898057278616,0.9750811560699817,1.4323810582444982,3.049089196998296,98.11790639834378,88.37338754946423,100.0,77.69597334634568,92.06791347613832,[],113897.33580346461,608.9351956587461,False
VS30,HR Coils,3,9498701.75,101.94,101.66,0.28000000000000114,0.0,25680.12119999947,0.0,1052635.218443511,0.13261983409686606,3,2.6666666666666665,92232.02,86528.27,10114.121851416157,0.1096595504621514,0.27467137531881614,100.0,0.107868926285807,13.261983409686607,0.4082332442785433,0.7659538489832981,2.1029411764705883,1.9323843416370108,0.1409070009882473,1.0275266204297402,5.1667560955078,6.042133537357304,100.0,81.67404114423546,100.0,15.456389391957314,78.50978816445033,[],35794.24305141563,376.83300300923366,True
VS30,Hex Bars,6,15929471.33,164.5,163.76,0.7399999999999993,0.0,73989.15550000046,0.0,1804456.1832508296,0.14079715821863248,6,2.5,101571.095,86771.225,4392.066680486094,0.04324130482679245,0.449848024316109,100.0,0.02640529117415269,14.079715821863248,0.4673581794698683,0.750579496975409,2.165775401069519,1.728744939271255,0.0874619069175885,0.6783321114707905,7.82058122419837,2.0995196224827377,100.0,79.57956699093778,100.0,0.0,74.89489174773445,[],78381.22218048655,492.0516227859431,False
VS30,MS Flats,13,33656862.86,348.73,347.39,1.3399999999999954,0.0,130360.83220000006,0.0,5584460.90885972,0.21631782788494022,11,1.8461538461538463,110973.0,83912.19,13852.3653937558,0.12482644781844052,0.38425142660510864,84.61538461538461,0.03593265431314676,21.63178278849402,0.41317335411879497,0.835588215786445,1.823529411764706,2.006644518272425,0.07059854083997029,1.025137757196309,15.70895971030138,4.231608669949848,100.0,90.98776663443154,100.0,0.0,77.74694165860788,[],144213.19759375587,428.48080700102383,False
VS30,MS Pipes,13,22053587.1,296.86,295.45,1.410000000000003,0.0,106736.96410000038,0.0,-296995.8950060057,0.008347233497727239,9,1.3846153846153846,71232.34,77283.72,7320.964000268766,0.10277584591870442,0.47497136697433234,69.23076923076923,0.034786206098732245,0.8347233497727239,0.4786933110521232,0.7744255024799029,1.4901960784313726,1.9185185185185185,0.06977055046289313,1.2470140641608212,0.6888612267804438,6.597865126401695,100.0,100.0,100.0,90.08797053741326,98.01759410748265,[],114057.92810026914,517.1853793357233,False
VS30,MS Rods,9,14729893.55,204.12,203.16,0.9600000000000044,0.0,71899.29950000008,0.0,-1514637.5229143044,-0.1263662779912743,8,2.2222222222222223,64583.06,86991.89,5721.665942409341,0.08859391212508887,0.4703115814226947,88.88888888888889,0.04360795044550545,-12.636627799127432,0.476761147219725,0.788919666446106,2.058823529411765,1.8925081433224755,0.08543719878986475,1.1907554122490775,-8.012967975510309,4.23647940347009,100.0,83.14462937952958,100.0,100.0,95.7861573448824,[],77620.96544240942,526.9621615317744,False
VS30,MS Sheets,9,16557675.58,217.20000000000002,216.17000000000002,1.0300000000000011,0.0,84298.39680000045,0.0,-1668405.4941866104,-0.0899728557472841,9,2.4444444444444446,73818.65,86165.755,3713.526273517373,0.050306071345349354,0.47421731123388633,100.0,0.02327153228725047,-8.99728557472841,0.47927197352691964,0.8023629291376927,2.2016806722689077,1.8790035587188612,0.07236378711670081,1.0203835613807282,-5.673390831253793,3.3331616484574305,100.0,78.38272461762482,100.0,100.0,94.59568115440621,[],88011.92307351783,531.5475753120043,False
VS30,SS Pipes,10,17572621.12,203.43,202.66,0.7700000000000033,0.0,66973.16369999971,0.0,1098390.6136775143,0.05604192656475353,10,2.2,84192.985,81946.6375,4994.36676433443,0.05932046196407491,0.3785085778892019,100.0,0.029270927644367367,5.604192656475353,0.4151291738109278,0.7141696463660475,2.054901960784314,1.8642857142857143,0.0730905670328154,0.9358124398726226,3.839335006650407,5.667625820953892,100.0,83.27534833377794,100.0,37.5800742062472,83.33485192469394,[],71967.53046433414,409.54351643321684,False
VS30,SS Sheets,10,15307410.040000001,203.38,202.70000000000002,0.6799999999999846,0.0,56268.53079999937,0.0,-901327.6951307751,0.039323573921490884,5,1.1,90708.73999999999,81963.79,396123.90759640426,4.36698721199748,0.3343494935588478,50.0,2.1544090833732015,3.9323573921490884,0.38568978425735845,0.7465648567993546,1.3215686274509804,1.870503597122302,1.4898493375187047,1.2767407456151725,2.724778163766231,4.2377431374054195,100.0,100.0,29.19317220287857,56.15602158765014,73.52949736824968,[],452392.4383964036,2955.3819830673565,False
VS30,Spring Steel,12,32271830.64,374.95,373.19,1.7600000000000033,0.0,147928.85150000016,0.0,2516994.294593416,0.044296046175664266,10,1.8333333333333333,83250.79999999999,80757.315,3725.4707147837394,0.044749968946649635,0.4693959194559284,83.33333333333333,0.011991202590275633,4.429604617566427,0.47497663892606107,0.804445441279379,1.8131487889273357,1.7963636363636364,0.055737862360697936,0.7936961818042867,3.217844349752924,4.334171972882552,100.0,91.33378739567722,100.0,47.93825182120525,87.42109721316037,[],151654.3222147839,469.92785722794656,False
VS30,Square/Rect Tubes,8,22222423.5,246.95,245.58,1.370000000000001,0.0,122586.39979999955,0.0,2718124.8170392485,0.14774032016031832,6,2.0,91681.89,83581.9025,9517.952233838154,0.10381496535289744,0.5547681716946755,75.0,0.04227337949055193,14.774032016031832,0.5292305539868694,0.7314050445852145,1.909502262443439,1.7634408602150538,0.08783355884407483,0.9819051603032114,9.210796512558248,4.949009299696743,99.40769400959293,88.12200494514045,100.0,0.0,76.852809439163,[],132104.3520338377,594.4641997927799,False
VS30,Structural Steel,14,21672828.2,247.25,245.76,1.4900000000000078,0.0,137359.72770000002,0.0,2287596.3103069556,0.09473561188881355,9,1.4285714285714286,84955.545,79578.725,14548.134315152462,0.17124408200962588,0.6026289180990931,64.28571428571429,0.06967939534896886,9.473561188881355,0.5725608779820632,0.719847459996229,1.5170278637770898,1.7732793522267207,0.09364004020705902,1.472881334942787,7.061997641017976,5.830589040692322,96.51900574324667,100.0,100.0,0.0,78.955701722974,[],151907.86201515247,700.9138844885618,False
VS31,Angles & Channels,7,8108788.35,110.92,110.55,0.36999999999999833,0.0,29586.149500000058,0.0,-1154007.2611987996,0.016938776357722736,5,1.4285714285714286,77102.07,83981.43,40527.87682061389,0.52563928336313,0.33357374684457114,71.42857142857143,0.4754765114094347,1.6938776357722736,0.38907712594942473,0.7113026493123651,1.4362373737373737,1.7416666666666667,0.4987394394033535,1.9498939866506468,1.5987650154518862,4.309025190384596,100.0,100.0,95.26716541056867,74.9229073928892,93.80137283122001,[],70114.02632061395,864.6671154095908,False
VS31,CR Sheets,9,24093042.76,288.98,287.74,1.2400000000000002,0.0,106789.63719999907,0.0,370288.47849488724,0.010608974291298558,7,1.6666666666666667,88323.84,84930.77,388079.2897121278,4.393822661153861,0.4290954391307358,77.77777777777777,1.5270114204329814,1.0608974291298559,0.44255487397555143,0.7884562788332824,1.5882034632034632,1.6705426356589148,1.1714028912050736,1.1175594422605428,1.2054366855132446,2.9946127341416036,100.0,98.8319649198063,50.422935290453985,81.47837955853325,83.60940096427171,[],494868.9269121269,2053.9909875299077,False
VS31,ERW Pipes,7,11794459.09,144.81,143.94,0.8700000000000006,0.0,67115.9390999999,0.0,-1093326.245373701,-0.09582568515869967,4,1.4285714285714286,75053.06,93572.6,31774.734012815516,0.42336360453278676,0.6007872384503836,57.142857142857146,0.2941250552541245,-9.582568515869967,0.544951662719482,0.8606405037702413,1.4362373737373737,1.8619246861924685,0.39295108997942263,1.0307966997896014,-4.979161906339421,1.2392765482212764,98.35962009408541,100.0,100.0,100.0,99.50788602822563,[],98890.67311281542,838.4502617560516,False
VS31,Fasteners & Fittings,8,24738794.759999998,266.56,265.4,1.1600000000000001,0.0,113502.9711999998,0.0,3134365.4077638946,0.1627456333851578,6,1.0,101467.245,77981.59,53961.599844124314,0.5318129988068989,0.4351740696278512,75.0,0.20038168756853766,16.27456333851578,0.4473309108079929,0.6608902615277615,1.171911421911422,1.9425287356321839,0.3276608610401924,0.9250530699946431,10.57881103408792,1.8480269950795833,100.0,100.0,100.0,0.0,80.0,[],167464.5710441241,676.9310011613683,False
VS31,GI Pipes,6,15367189.870000001,178.23000000000002,177.2,1.0299999999999976,0.0,87637.61529999878,0.0,1230598.950984279,0.0651766968455893,5,1.6666666666666667,85137.645,81550.875,44041.93617141625,0.5173027298490139,0.5779049542725677,83.33333333333333,0.291931563120211,6.51766968455893,0.5273944553742278,0.8113484045650325,1.5668044077134986,1.7452471482889733,0.4007388246995878,1.0856301861243616,4.221277712942754,4.14215938962826,99.53010058376903,99.54526676947178,100.0,31.214362434708086,85.98821935444026,[],131679.55147141503,856.8876455966833,False
VS31,GI Sheets,9,26417311.830000002,288.77,287.75,1.0199999999999854,0.0,96841.3356000011,0.0,3348175.938682309,0.1521972512042729,6,1.4444444444444444,93544.44,78758.395,186502.35342531334,1.99372996861506,0.3532222876337519,66.66666666666667,0.6928687988236525,15.219725120427292,0.3937792765846333,0.823990501850067,1.4453463203463204,1.9690265486725664,0.6351683487419336,1.3393373707505076,10.30754020134731,4.348862850517769,100.0,100.0,86.17190478799665,0.0,76.54297619699916,[],283343.6890253144,1072.5682115147838,False
VS31,GI Wire,11,26452947.55,316.90999999999997,315.54,1.3699999999999868,0.0,111351.5318999989,0.0,1078821.5755085591,-0.06054691413777964,9,1.7272727272727273,69954.17,85088.38,23905.359887784794,0.3417288760310471,0.4322993909942845,81.81818181818181,0.10829970084016198,-6.054691413777964,0.44307516152613924,0.7928518581395263,1.6396780303030303,1.9775280898876404,0.24048965013849882,0.9750811560699817,-3.7045980510338046,3.049089196998296,100.0,97.1161460164874,100.0,100.0,99.27903650412185,[],135256.89178778368,511.31123112888673,False
VS31,HR Coils,10,20680681.3,256.6,255.39,1.2099999999999973,0.0,87307.96369999909,0.0,-269150.31093100406,0.08486024763674287,7,1.7,87038.01000000001,80849.17,43725.32172624486,0.5023704209947454,0.4715510522213551,70.0,0.19670716198549096,8.486024763674287,0.4699613203796434,0.7659538489832981,1.6156565656565656,1.9323843416370108,0.308240620855274,1.0275266204297402,6.145885624783973,6.042133537357304,100.0,97.9168615047029,100.0,0.0,79.47921537617572,[],131033.28542624395,633.602363120619,False
VS31,Hex Bars,5,13791931.469999999,176.07999999999998,175.26,0.8199999999999896,0.0,71198.2835999988,0.0,34913.44707925315,0.09488910152668187,5,2.2,93453.07,75904.63,16974.763884683478,0.18163944624487433,0.4656974102680541,100.0,0.10363998986926527,9.488910152668186,0.466239633482137,0.750579496975409,1.8234848484848485,1.728744939271255,0.3174737642320526,0.6783321114707905,5.477258749835765,2.0995196224827377,100.0,90.98925207709347,100.0,10.281345153157895,79.80358204990495,[],88173.04748468228,639.3089153355711,False
VS31,MS Flats,6,11722780.17,128.82,128.22,0.5999999999999934,0.0,50586.399499999825,0.0,575761.6795181336,0.11032697302385985,4,0.8333333333333334,98931.855,89315.53,62307.70548156075,0.6298042777178366,0.46576618537493675,66.66666666666667,0.49119035853832216,11.032697302385985,0.4662278541573381,0.835588215786445,1.112258953168044,2.006644518272425,0.5094254403821938,1.025137757196309,6.684020049939331,4.231608669949848,100.0,100.0,94.55476534531265,0.0,78.63869133632816,[],112894.10498156058,963.0318349777651,False
VS31,MS Pipes,5,8904907.92,111.14,110.39,0.7499999999999964,0.0,60156.50689999969,0.0,520551.5269210554,0.08014570467169477,4,1.4,77527.62,75362.115,177421.4400104355,2.28849331387234,0.6748245456181361,80.0,2.0730983910429748,8.014570467169477,0.570803201157178,0.7744255024799029,1.4234848484848484,1.9185185185185185,1.3022029648189073,1.2470140641608212,4.740088907086411,6.597865126401695,96.63618419823902,100.0,41.70293038286508,22.567509198980463,68.93008969498406,[],237577.9469104352,2667.943891669519,False
VS31,MS Rods,3,6063404.34,72.04,71.73,0.3100000000000005,0.0,23555.218899999745,0.0,582836.9050998809,0.015553556562878107,1,1.0,76281.72,81856.66,114431.99177785104,1.5001233818253052,0.43031649083842377,33.333333333333336,2.0913472491639555,1.5553556562878106,0.45310734449954626,0.788919666446106,1.2793560606060606,1.8925081433224755,1.1163224300582582,1.1907554122490775,1.4992629629850192,4.23647940347009,100.0,100.0,54.09496603357502,76.58127493400366,83.83999649519448,[],137987.2106778508,2275.7382312038058,True
VS31,MS Sheets,6,13800646.69,169.76,169.12,0.6400000000000006,0.0,56761.0275999998,0.0,-334211.76304181386,0.024385213016374193,3,1.0,83757.055,86200.88,20802.667670509734,0.2483691394176853,0.3770028275212068,50.0,0.14685970873798798,2.438521301637419,0.4178114771462127,0.8023629291376927,1.2031680440771348,1.8790035587188612,0.32160872230928433,1.0203835613807282,1.9962876858946579,3.3331616484574305,100.0,100.0,100.0,68.29752955217636,93.65950591043527,[],77563.69527050953,562.0294252349238,False
VS31,SS Pipes,8,14314861.379999999,205.05,203.82,1.230000000000011,0.0,84180.77210000041,0.0,-1369336.3922880418,0.013069542616065848,5,1.375,82447.025,77912.975,163998.4447324032,1.9891372033424277,0.599853694220927,62.5,0.9759283698078833,1.3069542616065848,0.5486722182498858,0.7141696463660475,1.4026806526806526,1.8642857142857143,0.8049203578028666,0.9358124398726226,1.367974679066877,5.667625820953892,98.11158305872517,100.0,74.85510418393446,78.76941299930603,88.90113356346237,[],248179.21683240362,1733.7172204765259,False
VS31,SS Sheets,8,12251881.72,148.03,147.05,0.9800000000000022,0.0,83399.06669999979,0.0,230311.02487326763,0.017610738546435613,7,1.75,84416.055,80807.6425,45669.70980185233,0.5410073925138096,0.6620279673039264,87.5,0.3679071013354706,1.7610738546435614,0.5869333093778853,0.7465648567993546,1.6334498834498834,1.870503597122302,0.43075342335830497,1.2767407456151725,1.6474328901665547,4.2377431374054195,95.56084365019186,97.3237509115923,99.79956648023857,74.11177614764473,92.77143767254422,[],129068.77650185212,1053.4608434160766,False
VS31,Spring Steel,11,19279927.64,217.92000000000002,217.03,0.8899999999999926,0.0,84562.66849999985,0.0,695279.9774329413,0.02819877366993541,6,1.0,87874.29,87386.79999999999,19396.298296524288,0.220727795314469,0.40840675477239013,54.54545454545455,0.10170381758948947,2.819877366993541,0.42664897412358693,0.804445441279379,1.1396780303030303,1.7963636363636364,0.23595498040366147,0.7936961818042867,2.3966679857466042,4.334171972882552,100.0,100.0,100.0,61.62452455464391,92.32490491092878,[],103958.96679652414,539.2082830271667,False
VS31,Square/Rect Tubes,8,20188519.69,215.87,214.81,1.059999999999988,0.0,93421.47180000017,0.0,4229980.85263591,0.25566518028881724,6,1.625,95517.525,78505.4125,43891.51109347905,0.4595126506207008,0.49103627183026266,75.0,0.213915856161585,25.566518028881724,0.4817076506248616,0.7314050445852145,1.5565268065268065,1.7634408602150538,0.33598958017437536,0.9819051603032114,16.29693699739004,4.949009299696743,100.0,99.88785347569485,100.0,0.0,79.97196336892371,[],137312.98289347923,680.1537953349526,False
VS31,Structural Steel,5,11959554.239999998,135.51999999999998,135.05,0.46999999999999265,0.0,40772.37559999933,0.0,1639380.2224768074,0.12012327539571181,3,1.6,75846.32,81589.58,65290.578569900725,0.8608272434298818,0.34681227863045505,60.0,0.6374137307885093,12.012327539571181,0.4067970676633374,0.719847459996229,1.5234848484848484,1.7732793522267207,0.5843606346916745,1.472881334942787,6.738967443287263,5.830589040692322,100.0,100.0,89.5590857246806,0.0,77.38977143117015,[],106062.95416990005,886.8470516665349,False
VS32,Angles & Channels,6,14364742.379999999,165.51,164.65,0.8600000000000012,0.0,81168.25139999925,0.0,1015372.8528186753,0.09415670544561415,4,1.6666666666666667,88785.41500000001,80739.06,47873.55327014218,0.5392051528974909,0.5196060660987258,66.66666666666667,0.3274856683252298,9.415670544561415,0.4817716487401111,0.7113026493123651,1.6277641277641275,1.7416666666666667,0.4930335015369863,1.9498939866506468,4.168593306632584,4.309025190384596,100.0,97.5132761011175,95.64756126832647,32.092435873210924,84.70869651700318,[],129041.80467014143,898.3231390895395,False
VS32,CR Sheets,8,20403704.3,199.32,198.52,0.799999999999994,0.0,84965.00709999973,0.0,3643613.8736176835,0.11031188479695651,6,1.25,97928.36,86676.8325,334420.41871263884,3.4149496500568257,0.40136463977523285,75.0,1.720204337123124,11.03118847969565,0.414828373673133,0.7884562788332824,1.3773388773388773,1.6705426356589148,1.3246222464569586,1.1175594422605428,5.970000841781164,2.9946127341416036,100.0,100.0,40.208311606995,2.0689769540679137,65.46587329256232,[],419385.4258126386,2055.437677621306,False
VS32,ERW Pipes,12,24191098.21,292.65,291.68,0.9699999999999949,0.0,69682.59069999895,0.0,17396.487372279604,0.017820153672685236,6,1.0,84020.605,90107.3,142589.71980654288,1.697080374588387,0.33145395523662907,50.0,0.5818295305089094,1.7820153672685235,0.3623117177875539,0.8606405037702413,1.1709062003179649,1.8619246861924685,0.6141416984154343,1.0307966997896014,0.6320404419301303,1.2392765482212764,100.0,100.0,87.57368147642994,91.03498361825181,95.10041709275785,[],212272.31050654183,877.4810827678494,False
VS32,Fasteners & Fittings,10,16991717.77,187.63,186.81,0.8200000000000047,0.0,74087.36930000113,0.0,1133450.6695145867,0.13799866722750412,9,1.9,90294.405,79617.44750000001,54021.47412411227,0.598281522804345,0.4370303256408915,90.0,0.3202620431477678,13.799866722750412,0.43681033306385214,0.6608902615277615,1.7936936936936936,1.9425287356321839,0.44407166256220987,0.9250530699946431,8.490611355539603,1.8480269950795833,100.0,91.98229057013195,98.9116838666449,0.0,77.72349360919422,[],128108.8434241134,753.9487481971836,False
VS32,GI Pipes,4,8961061.15,115.16,114.64,0.5199999999999996,0.0,36057.78019999969,0.0,-62075.647979689995,0.0622015407761832,4,1.25,81957.91,78589.42499999999,44379.309397304474,0.5414890325693331,0.45154567558179887,100.0,0.4723386536717839,6.22015407761832,0.4431149379862292,0.8113484045650325,1.4339339339339339,1.7452471482889733,0.5942010135158451,1.0856301861243616,1.5823466017848014,4.14215938962826,100.0,100.0,88.90306046973589,75.19654762067395,92.26507464156876,[],80437.08959730416,897.6290670363761,True
VS32,GI Sheets,8,12671145.05,154.21,153.42,0.7900000000000049,0.0,60997.18820000088,0.0,-339809.3369469698,0.007177726514721192,6,1.875,67711.215,88701.47,166343.64580002538,2.456663136232682,0.512288437844501,75.0,1.601266546886118,0.7177726514721192,0.48308917248499034,0.823990501850067,1.7619542619542619,1.9690265486725664,1.2514297601572626,1.3393373707505076,-0.37671659097177795,4.348862850517769,100.0,93.04027162811302,45.087810693641394,100.0,84.5320205804386,[],227340.83400002625,1794.1617202150665,False
VS32,GI Wire,13,31542922.52,389.78,388.62,1.1599999999999948,0.0,91776.4293999999,0.0,-811800.7530309286,-0.0119187139079517,11,1.3846153846153846,76172.28,87572.94,28055.929084361498,0.3683220337419531,0.29760377648930036,84.61538461538461,0.09477691156964466,-1.1918713907951701,0.3361500463283207,0.7928518581395263,1.439189189189189,1.9775280898876404,0.2605863531867139,0.9750811560699817,-1.4518791652637377,3.049089196998296,100.0,100.0,100.0,100.0,100.0,[],119832.35848436141,379.90252300934037,False
VS32,HR Coils,12,22375668.91,284.33,283.11,1.219999999999997,0.0,92703.71040000071,0.0,-300896.69998733624,-0.0026781716590152625,11,2.0833333333333335,77389.87,79404.685,38586.11189428654,0.4985938326849049,0.42907888720852433,91.66666666666667,0.17611311245978767,-0.26781716590152627,0.43122343447359757,0.7659538489832981,1.935612082670906,1.9323843416370108,0.3277536386160542,1.0275266204297402,-0.8149001697193166,6.042133537357304,100.0,87.25167760422488,100.0,100.0,96.81291940105622,[],131289.82229428727,586.7526142899442,False
VS32,Hex Bars,6,13458564.66,160.42,159.71,0.7099999999999973,0.0,55848.81399999978,0.0,425892.2065354204,-0.01622289810465125,5,2.0,83642.405,84565.9,18359.977406097307,0.21950561328428214,0.44258820595935505,83.33333333333333,0.13744011851748927,-1.6222898104651249,0.4397619068459088,0.750579496975409,1.8095823095823094,1.728744939271255,0.38937229255094596,0.6783321114707905,-1.8521123415637106,2.0995196224827377,100.0,91.45267004051144,100.0,100.0,97.86316751012785,[],74208.7914060971,551.387115051369,False
VS32,MS Flats,8,19518358.65,258.37,256.94,1.4300000000000033,0.0,103055.95429999963,0.0,-3220324.8037312008,-0.09687673571748517,6,1.75,69362.225,90115.61249999999,42049.35104598483,0.6062284052448552,0.5534698300886339,75.0,0.23594162265309226,-9.687673571748517,0.5084315677121491,0.835588215786445,1.685031185031185,2.006644518272425,0.41122980678309295,1.025137757196309,-6.780068112953709,4.231608669949848,100.0,95.60437419221557,100.0,100.0,98.9010935480539,[],145105.30534598447,743.42985467164,False
VS32,MS Pipes,10,17686771.87,230.18,229.0,1.1800000000000026,0.0,88427.05489999987,0.0,351677.6874936851,0.04069969247542897,9,1.9,81686.535,77420.32500000001,45368.87337530015,0.5554021036061837,0.512642279954819,90.0,0.24253366969702345,4.069969247542897,0.48721830260647053,0.7744255024799029,1.7936936936936936,1.9185185185185185,0.39225274692838036,1.2470140641608212,2.0040130387345934,6.597865126401695,100.0,91.98229057013195,100.0,68.16877367151075,91.62932737683515,[],133795.92827530002,756.4745520478068,False
VS32,MS Rods,9,19850759.12,227.17000000000002,226.17000000000002,1.0000000000000053,0.0,81742.60499999998,0.0,1332397.8507597297,0.1072677849040571,6,1.2222222222222223,94204.35,84328.75,48651.36697578226,0.5164450152862607,0.4401989699344127,66.66666666666667,0.2283437305063716,10.72677849040571,0.438831604925613,0.788919666446106,1.3503861003861002,1.8925081433224755,0.39382486296520103,1.1907554122490775,6.135822108517237,4.23647940347009,100.0,100.0,100.0,0.0,80.0,[],130393.97197578225,656.8714636429594,False
VS32,MS Sheets,6,18349261.36,204.25,203.41,0.8400000000000061,0.0,82423.35500000167,0.0,1457596.879280905,-0.029902387735413205,5,1.6666666666666667,75481.38,87969.6325,277205.83459698403,3.672506180954615,0.4112607099143237,83.33333333333333,1.8054698298778895,-2.9902387735413205,0.4226741817304372,0.8023629291376927,1.6277641277641275,1.8790035587188612,1.2992066805657096,1.0203835613807282,-2.5982663214234534,3.3331616484574305,100.0,97.5132761011175,41.902682666411586,100.0,84.85398969188228,[],359629.1895969857,1959.9109879210184,False
VS32,SS Pipes,4,9333345.52,117.95,117.72,0.23000000000000043,0.0,18122.75020000036,0.0,92347.78775329847,0.014917054007151452,3,1.5,77452.11499999999,82011.15,23700.677536359217,0.30600426516899143,0.19499788045782146,75.0,0.2599424610677807,1.4917054007151451,0.3290936957089059,0.7141696463660475,1.545045045045045,1.8642857142857143,0.4998027056918437,0.9358124398726226,-0.5191861435054985,5.667625820953892,100.0,100.0,95.19628099133598,100.0,98.799070247834,[],41823.427736359576,448.1075692176837,True
VS32,SS Sheets,8,21333111.240000002,259.82,258.55,1.270000000000005,0.0,94067.38570000196,0.0,1425202.9337259848,0.030485949417439165,8,1.75,73602.84,79358.755,44396.50170027133,0.6031900630501666,0.4887999384189073,100.0,0.23329725896351444,3.0485949417439167,0.46863471130000967,0.7465648567993546,1.685031185031185,1.870503597122302,0.40960250605104503,1.2767407456151725,1.0576355876570205,4.2377431374054195,100.0,95.60437419221557,100.0,83.9417311894703,95.68943978594795,[],138463.8874002733,649.0562292697878,False
VS32,Spring Steel,12,25334792.84,331.03,329.31,1.7200000000000042,0.0,126495.00820000155,0.0,-140053.9977684544,0.037999843721540305,9,1.3333333333333333,77768.48999999999,79264.015,337429.1777396712,4.338893268207615,0.519590369452921,75.0,1.3175710631950486,3.7999843721540305,0.49511389252846577,0.804445441279379,1.4062003179650238,1.7963636363636364,1.1334886626644738,0.7936961818042867,2.0564891512610766,4.334171972882552,100.0,100.0,52.95055052649398,67.29417179606938,81.69647199083737,[],463924.18593967275,1831.1741835409962,False
VS32,Square/Rect Tubes,6,8941426.93,126.06,125.37,0.690000000000003,0.0,44732.84580000036,0.0,-1334133.1375534534,-0.15543788459260913,4,1.1666666666666667,68191.48,84122.105,33824.359982652495,0.496020323692234,0.5473584007615446,66.66666666666667,0.39564514931182415,-15.543788459260913,0.49690928582892135,0.7314050445852145,1.355036855036855,1.7634408602150538,0.5302114002569468,0.9819051603032114,-9.445657059088687,4.949009299696743,100.0,100.0,93.16903468699577,100.0,98.29225867174894,[],78557.20578265286,878.5757172502316,False
VS32,Structural Steel,6,7279533.28,88.81,88.47,0.34000000000000474,0.0,27198.824400000405,0.0,-3806.5918638332223,-0.016638305759043497,6,1.8333333333333333,76719.785,83806.0975,359828.07858119096,4.690160153357975,0.3828397702961432,100.0,5.301413081675116,-1.6638305759043497,0.4071718510296115,0.719847459996229,1.7186732186732185,1.7732793522267207,3.2060848179096513,1.472881334942787,-1.874770940894197,5.830589040692322,100.0,94.48297307081445,0.0,100.0,73.62074326770362,"[""quality_rejection""]",387026.90298119135,5316.644461871206,False
VS33,Angles & Channels,8,19633002.75,224.61,223.66,0.9500000000000028,0.0,80270.91450000042,0.0,1444810.5855508933,0.1282225764091363,6,1.625,93004.17,83167.26000000001,26317.249677077005,0.28296849138137575,0.4229553448199113,75.0,0.12651725448510048,12.822257640913632,0.4469799376575958,0.7113026493123651,1.5930710510863182,1.7416666666666667,0.22095098561305399,1.9498939866506468,8.101055844575491,4.309025190384596,100.0,98.6697119903778,100.0,0.0,79.66742799759444,[],106588.16417707743,542.903016590661,False
VS33,CR Sheets,8,12868263.98,161.32,160.47,0.8499999999999952,0.0,58883.42890000006,0.0,-495536.4513034795,0.02555960984741091,4,1.0,86349.33499999999,83425.97,27117.965613925073,0.31404950152685107,0.5269030498388266,50.0,0.1957060519267471,2.555960984741091,0.5109477561307745,0.7884562788332824,1.2084556664709336,1.6705426356589148,0.2635287071156057,1.1175594422605428,1.7833348253923886,2.9946127341416036,100.0,100.0,100.0,71.84674389388084,94.36934877877617,[],86001.39451392513,668.3216527698644,False
VS33,ERW Pipes,9,14919692.620000001,208.04,207.35999999999999,0.6800000000000077,0.0,48255.02820000105,0.0,-3118043.2345945593,-0.05774726729751118,8,2.0,64697.78,88907.53,135029.28087376032,2.0870774990078536,0.3268602191886213,88.88888888888889,1.0064995654937565,-5.7747267297511184,0.3834884574062176,0.8606405037702413,1.8364231188658668,1.8619246861924685,0.7799086333237647,1.0307966997896014,-3.516919693970553,1.2392765482212764,100.0,90.55797639772618,76.52255248254124,100.0,91.77013222006686,[],183284.30907376137,1228.472420591741,False
VS33,Fasteners & Fittings,3,8148600.75,85.33,84.92,0.4099999999999948,0.0,38072.27659999949,0.0,831093.8490174529,-0.0320099375319429,2,1.6666666666666667,78820.49,98262.53,29237.74514254029,0.37094092085116814,0.48048751904370657,66.66666666666667,0.4368122007196987,-3.20099375319429,0.48356987351507186,0.6608902615277615,1.588740458015267,1.9425287356321839,0.39633267240599923,0.9250530699946431,-0.8584145509263185,1.8480269950795833,100.0,98.81406509274618,100.0,100.0,99.70351627318655,[],67310.02174253977,826.0316563250417,True
VS33,GI Pipes,2,4280501.970000001,56.17,55.900000000000006,0.269999999999996,0.0,22260.044999999925,0.0,245639.8590146228,0.005154161109056865,2,2.5,72151.765,74115.92499999999,24423.868200686986,0.33850687090866016,0.48068363895317073,100.0,0.6055579086022542,0.5154161109056865,0.48406624412797095,0.8113484045650325,1.8157033805888767,1.7452471482889733,0.4387629420419152,1.0856301861243616,0.5380710105690995,4.14215938962826,100.0,91.24863434029253,99.26559856799788,92.60114080760232,96.14878638859307,[],46683.91320068691,1090.6177249274085,True
VS33,GI Sheets,5,9232365.04,121.17,120.75,0.4199999999999975,0.0,33490.59909999982,0.0,-592596.542246878,-0.02216087648641384,5,2.0,78586.65,82465.31,25891.250513201114,0.3294611809156023,0.34662045060658375,100.0,0.27284569848083007,-2.216087648641384,0.4160198684022374,0.823990501850067,1.7709923664122136,1.9690265486725664,0.3224453269493048,1.3393373707505076,-0.8344773391034597,4.348862850517769,100.0,92.73900147951463,100.0,100.0,98.18475036987866,[],59381.84961320093,643.1921761750544,False
VS33,GI Wire,9,24571554.880000003,257.57,256.25,1.3200000000000145,0.0,125005.88860000041,0.0,4091005.759191777,0.188860706766841,8,1.5555555555555556,90413.33,87533.73999999999,21629.187254150664,0.23922564575545072,0.5124820437162769,88.88888888888889,0.09335634956310271,18.8860706766841,0.5028167731739962,0.7928518581395263,1.5507088331515813,1.9775280898876404,0.1928879945112016,0.9750811560699817,12.33645006730923,3.049089196998296,100.0,100.0,100.0,0.0,80.0,[],146635.07585415107,596.7675898829852,False
VS33,HR Coils,9,21223052.54,281.58,280.22,1.3599999999999923,0.0,107137.28109999932,0.0,139483.27444392513,0.007479003059767061,9,2.111111111111111,66845.4,78489.85500000001,53983.16263178257,0.807582311300143,0.48298884863981545,100.0,0.2881958144672554,0.7479003059767061,0.4838568620534138,0.7659538489832981,1.9078516902944382,1.9323843416370108,0.31814193623529974,1.0275266204297402,0.6761976861401912,6.042133537357304,100.0,88.1770240167738,100.0,90.29902954808414,95.10406191381028,[],161120.4437317819,759.1765766404776,False
VS33,Hex Bars,8,23467352.5,262.86,261.39,1.4699999999999918,0.0,130388.97919999994,0.0,1716612.0270694143,0.04292365121635276,7,1.5,93235.26999999999,86826.75,11041.552576845474,0.11842677751504849,0.559233051814651,87.5,0.04530654482384502,4.292365121635276,0.5308431419620511,0.750579496975409,1.5161479741632413,1.728744939271255,0.1709751642830506,0.6783321114707905,2.8518912173272715,2.0995196224827377,99.30018814458082,100.0,100.0,54.03747069496612,90.59755058236746,[],141430.53177684543,602.6693116611489,False
VS33,MS Flats,5,15085433.33,169.22,168.22,0.9999999999999964,0.0,91142.13270000019,0.0,853759.6002188837,0.04200024109558102,5,2.0,85042.54,88001.69,29988.060223268254,0.3526242304529975,0.5909466966079638,100.0,0.20962087174711538,4.200024109558102,0.5381829914029275,0.835588215786445,1.7709923664122136,2.006644518272425,0.29083291358244745,1.025137757196309,2.3735785399962834,4.231608669949848,98.81086484852239,92.73900147951463,100.0,62.0093486504826,90.22987955453189,[],121130.19292326845,802.9613089229599,False
VS33,MS Pipes,2,3706960.65,41.169999999999995,40.93,0.23999999999999755,0.0,20792.022599999793,0.0,876830.790386982,0.3687773332005164,2,3.0,96961.35,72905.43,32862.63335317626,0.3389250804900742,0.5829487490891367,100.0,0.8280602992672226,36.87773332005164,0.5132848470239612,0.7744255024799029,1.9585605234460195,1.9185185185185185,0.5023350536604776,1.2470140641608212,10.927304498896515,6.597865126401695,100.0,86.48672957838775,95.02745779342706,0.0,75.37854684295371,[],53654.65595317605,1447.4029000867881,True
VS33,MS Rods,13,24414037.34,300.29,298.84000000000003,1.4500000000000068,0.0,120982.99059999935,0.0,-797264.3350567797,0.021377005655689344,12,1.5384615384615385,85520.42,85065.68,16255.804647851324,0.19008097303370733,0.48286656232308994,92.3076923076923,0.06360626858309039,2.1377005655689345,0.48357565228831245,0.788919666446106,1.539440203562341,1.8925081433224755,0.14928368159272626,1.1907554122490775,1.6958762335871373,4.23647940347009,100.0,100.0,100.0,73.30438709063503,94.660877418127,[],137238.79524785068,562.1306846409971,False
VS33,MS Sheets,11,14677434.32,200.67999999999998,199.82,0.8599999999999974,0.0,69673.4469000003,0.0,-1080058.7576690651,0.03146208843093505,8,1.1818181818181819,84617.63,82161.405,12738.6008668413,0.1505431062869676,0.4285429539565465,72.72727272727273,0.07533935856619338,3.146208843093505,0.4463168077819667,0.8023629291376927,1.2943702290076335,1.8790035587188612,0.16805985758231407,1.0203835613807282,2.3339976328875545,3.3331616484574305,100.0,100.0,100.0,62.66903043562808,92.53380608712561,[],82412.0477668416,561.4881045970274,False
VS33,SS Pipes,9,15482899.700000001,175.95,175.03,0.9200000000000035,0.0,76369.0829000001,0.0,2347061.3352278485,0.14936982567337562,7,1.5555555555555556,88360.03,76764.21,13138.647736314027,0.1486944689393386,0.522875816993466,77.77777777777777,0.08495370447314095,14.936982567337562,0.5094984845664748,0.7141696463660475,1.5507088331515813,1.8642857142857143,0.18748629409622616,0.9358124398726226,9.7977505684436,5.667625820953892,100.0,100.0,100.0,0.0,80.0,[],89507.73063631413,578.1070236882961,False
VS33,SS Sheets,10,21744511.47,277.53,275.93,1.5999999999999996,0.0,127528.21330000088,0.0,39349.11732394295,-0.023552471733173357,7,0.9,75141.525,79956.6525,21627.959862087926,0.2878296635859856,0.5765142507116348,70.0,0.10431256608052245,-2.355247173317336,0.5461492625403869,0.7465648567993546,1.1139949109414757,1.870503597122302,0.19355669585960816,1.2767407456151725,-1.387787125400069,4.2377431374054195,98.2797801060251,100.0,100.0,100.0,99.48393403180754,[],149156.1731620888,685.9486053198913,False
VS33,Spring Steel,6,15253057.969999999,159.91,159.13,0.7799999999999994,0.0,71576.1901999996,0.0,2808195.444286492,0.1793821555425504,3,0.6666666666666666,90708.1,76268.7325,461451.4964438319,5.087213781832404,0.4877743730848599,50.0,3.196891712331053,17.93821555425504,0.4867038790453286,0.804445441279379,1.0645385149201942,1.7963636363636364,1.912870459188656,0.7936961818042867,10.03317801615478,4.334171972882552,100.0,100.0,0.991764091548486,0.0,55.24794102288712,"[""quality_rejection""]",533027.6866438314,3494.562780081216,False
VS33,Square/Rect Tubes,7,9935178.81,138.19,137.65,0.5399999999999956,0.0,41783.201999999816,0.0,-1023475.4645199366,0.040750466650748225,5,1.2857142857142858,83625.86,84480.6,22520.23396529803,0.26929748722820945,0.3907663362037742,71.42857142857143,0.19563929330055171,4.075046665074822,0.43020506536798947,0.7314050445852145,1.3924936386768447,1.7634408602150538,0.2691416525160633,0.9819051603032114,2.60508262564134,4.949009299696743,100.0,100.0,100.0,58.150947223064975,91.630189444613,[],64303.435965297846,647.2297801079822,False
VS33,Structural Steel,7,13525549.66,186.89,185.95000000000002,0.9399999999999942,0.0,71581.2011999985,0.0,-1799646.4892086815,-0.059104118890479285,7,1.8571428571428572,75293.46,84732.155,40344.83576278571,0.535834530154222,0.5029696612980867,100.0,0.2881605432396999,-5.9104118890479285,0.49565700500633847,0.719847459996229,1.725826972010178,1.7732793522267207,0.3231123816472331,1.472881334942787,-3.2197681975969314,5.830589040692322,100.0,94.24451462624914,100.0,100.0,98.56112865656229,[],111926.03696278422,827.5156261766607,False
VS34,Angles & Channels,7,16209227.15,210.2,208.82999999999998,1.37,0.0,104091.48570000008,0.0,-1262160.4268714976,-0.06355287086569499,5,1.4285714285714286,73019.31,84162.485,27684.231079731613,0.37913575299097746,0.6517602283539486,71.42857142857143,0.18155234065554637,-6.355287086569499,0.5966063293966758,0.7113026493123651,1.4872685185185184,1.7416666666666667,0.29704158898665384,1.9498939866506468,-2.8154593070936103,4.309025190384596,94.91597564893917,100.0,100.0,100.0,98.47479269468175,[],131775.71677973168,812.9673028842196,False
VS34,CR Sheets,11,20677600.05,247.29,246.23,1.0600000000000005,0.0,87270.40049999999,0.0,-434336.1886468193,-0.007979126663154777,6,1.0909090909090908,72406.67,91899.23,22466.406855238318,0.3102809016798911,0.428646528367504,54.54545454545455,0.12601263114969383,-0.7979126663154777,0.45700413539531337,0.7884562788332824,1.2404513888888888,1.6705426356589148,0.22998572661860336,1.1175594422605428,0.12027866196205717,2.9946127341416036,100.0,100.0,100.0,99.56434661771969,99.91286932354394,[],109736.8073552383,530.7037910100128,False
VS34,ERW Pipes,8,12802544.5,149.44,148.78,0.660000000000001,0.0,56661.21859999979,0.0,455622.7514648521,0.12054333624300194,7,1.875,92175.9,87472.19,26981.58115801505,0.29271839122823917,0.44164882226980795,87.5,0.19674579327076164,12.054333624300194,0.4715496101877641,0.8606405037702413,1.7574786324786325,1.8619246861924685,0.29750761764747036,1.0307966997896014,8.241243608866517,1.2392765482212764,100.0,93.18945927730066,100.0,0.0,78.29736481932517,[],83642.79975801484,653.3294983510101,False
VS34,Fasteners & Fittings,7,21030135.06,232.82999999999998,231.61,1.2199999999999922,0.0,110734.7723000001,0.0,2376848.218351268,0.10100435281792744,7,2.2857142857142856,96527.99,80357.535,419154.7232178082,4.342312765632105,0.5239874586608222,100.0,1.8748382045818852,10.100435281792745,0.522072213742352,0.6608902615277615,1.9872685185185184,1.9425287356321839,1.2847916762770184,0.9250530699946431,6.783712074451032,1.8480269950795833,99.88491669256075,85.52979640930445,42.86368295232433,0.0,62.06384484817542,[],529889.4955178082,2519.6675818106146,False
VS34,GI Pipes,5,4973760.82,90.52,89.89,0.6300000000000026,0.0,33276.26150000031,0.0,-1909577.186972696,-0.15609109521801623,3,1.4,51330.11,77185.845,20764.242418143185,0.40452362985669005,0.6959787892178553,60.0,0.4500207251715319,-15.609109521801622,0.6076848300371747,0.8113484045650325,1.484722222222222,1.7452471482889733,0.4543736309108681,1.0856301861243616,-6.734404968814493,4.14215938962826,94.17740893957257,100.0,98.22488597673436,100.0,97.80944417605537,[],54040.5039181435,1086.5119147032785,False
VS34,GI Sheets,6,19005457.25,205.39000000000001,204.32999999999998,1.0600000000000058,0.0,99824.03080000076,0.0,2069177.6078526084,0.08531927259396355,4,0.8333333333333334,90060.81,83461.435,35166.035903426375,0.3904699047613093,0.5160913384293324,66.66666666666667,0.19109768744741806,8.531927259396355,0.517591125896224,0.823990501850067,1.1679292929292928,1.9690265486725664,0.31274716435777544,1.3393373707505076,5.626641952476482,4.348862850517769,100.0,100.0,100.0,7.791625109145938,81.55832502182919,[],134990.06670342715,710.2700289067086,False
VS34,GI Wire,9,21221688.18,239.89,238.56,1.3300000000000083,0.0,122670.00039999923,0.0,998809.1283335317,0.050131071403813815,8,1.8888888888888888,97187.21,87117.595,27097.163489868748,0.27881408973329663,0.5544207761890901,88.88888888888889,0.11687378006928933,5.013107140381382,0.541910095713163,0.7928518581395263,1.7748015873015872,1.9775280898876404,0.238964050276759,0.9750811560699817,3.9871044417354002,3.049089196998296,98.56239122784002,92.61202744986883,100.0,35.11725028816398,84.745174288452,[],149767.16388986798,705.7269083381093,False
VS34,HR Coils,14,25004027.65,287.11,285.52,1.589999999999998,0.0,138561.43539999792,0.0,3198152.018056757,0.13047105532018813,12,2.142857142857143,87656.645,78017.6075,27504.022784761444,0.3137699690053326,0.5537947128278353,85.71428571428571,0.10989421721957573,13.047105532018813,0.5447410702037981,0.7659538489832981,1.9919590643274854,1.9323843416370108,0.20169219601710958,1.0275266204297402,10.176893440480345,6.042133537357304,98.37365959513102,85.3734448823389,100.0,0.0,75.85545909912403,[],166065.45818475937,664.154833410446,False
VS34,Hex Bars,6,13927565.06,164.97,164.06,0.9100000000000108,0.0,73468.1268000009,0.0,282107.57292735856,0.051089750466127404,4,1.6666666666666667,88706.505,86616.595,123169.94706820133,1.3885108771696206,0.5516154452324731,66.66666666666667,0.8463433360780328,5.10897504661274,0.5369679114252098,0.750579496975409,1.6224747474747474,1.728744939271255,0.6701538817926562,0.6783321114707905,3.7595771091399643,2.0995196224827377,98.89187018037023,97.68958877743016,83.83953591794848,38.90937249808791,82.83171672757332,[],196638.07386820222,1411.862540372884,False
VS34,MS Flats,12,27211879.99,313.84,312.52,1.3199999999999898,0.0,113716.88639999984,0.0,3112546.284710532,0.07318634359606328,8,1.3333333333333333,80996.255,82640.57250000001,34750.478997196966,0.42903809561561784,0.4205964822839631,66.66666666666667,0.13728340445911233,7.318634359606328,0.44965365539353097,0.835588215786445,1.4027777777777777,2.006644518272425,0.23182550216237469,1.025137757196309,5.795594719772889,4.231608669949848,100.0,100.0,100.0,4.9757456542058325,80.99514913084116,[],148467.36539719682,545.5976046188525,False
VS34,MS Pipes,5,9501487.73,130.05,129.59,0.46000000000000285,0.0,31908.694400000342,0.0,91601.97142832109,0.03173974592043157,3,0.6,75237.98,76126.155,28416.035941357724,0.37768206883488536,0.3537101114955808,60.0,0.29144383736004736,3.173974592043157,0.43655049117603734,0.7744255024799029,1.0847222222222221,1.9185185185185185,0.37508518700512583,1.2470140641608212,2.6571370881078957,6.597865126401695,100.0,100.0,100.0,57.28337284862239,91.45667456972448,[],60324.73034135807,634.897734497817,False
VS34,MS Rods,15,36290571.2,409.29,406.66,2.6299999999999866,0.0,233127.51019999862,0.0,3249343.177178162,0.12833934321637042,15,2.2,93239.89,85541.4,160170.12546693426,1.7178283400691943,0.6425761684868886,100.0,0.42242372991422666,12.833934321637042,0.61177984407929,0.788919666446106,2.042361111111111,1.8925081433224755,0.4314994315982211,1.1907554122490775,10.16052563727094,4.23647940347009,93.90440800343156,83.69337665621805,99.7498325975775,0.0,74.03212471447836,[],393297.6356669329,1083.746060373205,False
VS34,MS Sheets,5,6599524.399999999,83.97999999999999,83.61,0.36999999999999567,0.0,26586.907199999812,0.0,7444.446738237981,0.11753146303236561,3,1.4,82564.52,82161.405,333493.63957703655,4.03918825637255,0.4405810907358844,60.0,4.830987030705119,11.753146303236562,0.47998598079618915,0.8023629291376927,1.484722222222222,1.8790035587188612,2.6448567836776613,1.0203835613807282,6.946722943704598,3.3331616484574305,100.0,100.0,0.0,0.0,55.0,"[""quality_rejection""]",360080.5467770364,5456.159034384908,False
VS34,SS Pipes,7,13166366.290000001,155.34,154.78,0.5600000000000032,0.0,43057.82320000179,0.0,967780.7639830449,0.0077743820703582035,4,0.8571428571428571,68610.34,80580.905,13968.642795509044,0.20359384307830342,0.3604995493755653,57.142857142857146,0.13153756498145977,0.7774382070358203,0.42670426665928557,0.7141696463660475,1.1539351851851851,1.8642857142857143,0.26786630317677,0.9358124398726226,1.3452971141761594,5.667625820953892,100.0,100.0,100.0,79.14737241415133,95.82947448283026,[],57026.46599551084,433.12228096542526,False
VS34,SS Sheets,8,19422519.34,211.76999999999998,210.75,1.0199999999999965,0.0,101118.78969999863,0.0,3619781.574327423,0.21600708393095513,4,1.375,95835.535,76753.72,39474.33906305224,0.41189668386629485,0.4816546253010325,50.0,0.1954432663659762,21.600708393095513,0.4961685658992869,0.7465648567993546,1.4497863247863247,1.870503597122302,0.29670606262914084,1.2767407456151725,14.115935774279022,4.2377431374054195,100.0,100.0,100.0,0.0,80.0,[],140593.12876305086,723.8665916707532,False
VS34,Spring Steel,5,12514640.780000001,138.67000000000002,137.67,0.9999999999999982,0.0,89144.97790000029,0.0,971404.4573724526,0.17241271706640837,3,1.4,100137.76,83587.05,18302.815333949082,0.1827763606250937,0.7211365111415577,60.0,0.13276411754564807,17.241271706640838,0.6202636909990259,0.804445441279379,1.484722222222222,1.7963636363636364,0.2957453270979262,0.7936961818042867,9.690785645406738,4.334171972882552,93.3388182087825,100.0,100.0,0.0,78.00164546263474,[],107447.79323394937,858.5767272334713,False
VS34,Square/Rect Tubes,8,10356019.91,153.35,152.56,0.7899999999999996,0.0,44986.697000000306,0.0,-2160382.6516086985,-0.12174948550375134,6,1.375,70090.305,85000.985,24806.939468425935,0.3539282568170582,0.5151613955004888,75.0,0.23199282696451115,-12.174948550375134,0.51678811679126,0.7314050445852145,1.4497863247863247,1.7634408602150538,0.319198099920547,0.9819051603032114,-6.669083883241377,4.949009299696743,100.0,100.0,100.0,100.0,100.0,[],69793.63646842624,673.9426640251239,False
VS34,Structural Steel,6,13760705.17,168.74,168.06,0.6800000000000068,0.0,56714.397099999944,0.0,290215.8151506108,0.12887688449253545,5,1.6666666666666667,85308.85,83464.5075,49348.10758050802,0.5784641051955104,0.4029868436648138,83.33333333333333,0.34420094323188766,12.887688449253545,0.4558977651155775,0.719847459996229,1.6224747474747474,1.7732793522267207,0.39625803114930436,1.472881334942787,8.002511692398587,5.830589040692322,100.0,97.68958877743016,100.0,0.0,79.42239719435754,[],106062.50468050796,770.7635863875424,False
