gr_id,po_id,receipt_date,quantity_received,quality_grade,rejection_qty,rejection_reason,invoice_amount_billed
GR-2021-0000,PO-2021-0000,2021-06-16,5.78,B,0.0,,544683.05
GR-2021-0001,PO-2021-0001,2021-02-06,9.06,A,0.0,,745021.18
GR-2021-0002,PO-2021-0002,2023-04-12,19.42,A,0.0,,2326836.99
GR-2021-0003,PO-2021-0003,2023-08-10,33.7,B,1.55,Dimensional deviation,3645770.67
GR-2021-0004,PO-2021-0004,2023-10-07,15.5,B,0.0,,1828330.73
GR-2021-0005,PO-2021-0005,2021-05-18,3.43,A,0.0,,279426.62
GR-2021-0006,PO-2021-0006,2021-12-01,4.9,A,0.0,,290558.77
GR-2021-0007,PO-2021-0007,2021-05-27,6.86,A,0.0,,767870.55
GR-2021-0008,PO-2021-0008,2021-04-01,32.91,A,0.0,,2902288.98
GR-2021-0009,PO-2021-0009,2022-07-04,12.64,B,0.0,,948486.04
GR-2021-0010,PO-2021-0010,2022-09-13,46.32,A,0.0,,5358176.86
GR-2021-0011,PO-2021-0011,2023-08-03,27.16,B,0.0,,2267616.51
GR-2021-0012,PO-2021-0012,2022-12-30,18.94,A,0.0,,1086040.6
GR-2021-0013,PO-2021-0013,2022-09-25,33.68,B,0.0,,2920855.08
GR-2021-0014,PO-2021-0014,2021-08-12,6.61,A,0.0,,353164.48
GR-2021-0015,PO-2021-0015,2021-11-24,30.49,A,0.0,,3027872.68
GR-2021-0016,PO-2021-0016,2022-06-30,13.18,A,0.0,,1504388.67
GR-2021-0017,PO-2021-0017,2021-07-17,3.13,A,0.0,,221252.9
GR-2021-0018,PO-2021-0018,2022-06-27,27.82,A,0.0,,2160454.86
GR-2021-0019,PO-2021-0019,2021-09-01,27.51,A,0.0,,2983599.09
GR-2021-0020,PO-2021-0020,2021-11-18,3.04,A,0.0,,220664.02
GR-2021-0021,PO-2021-0021,2021-04-03,34.34,A,0.0,,3270588.74
GR-2021-0022,PO-2021-0022,2023-05-01,43.14,B,0.0,,5127004.07
GR-2021-0023,PO-2021-0023,2022-01-16,9.78,A,0.0,,1119354.82
GR-2021-0024,PO-2021-0024,2023-05-06,8.74,A,0.0,,858843.57
GR-2021-0025,PO-2021-0025,2021-03-31,10.77,B,0.0,,1227668.33
GR-2021-0026,PO-2021-0026,2022-09-29,2.15,B,0.0,,128487.02
GR-2021-0027,PO-2021-0027,2022-08-08,18.18,B,0.0,,1515170.88
GR-2021-0028,PO-2021-0028,2022-11-25,43.86,A,0.0,,2840072.43
GR-2021-0029,PO-2021-0029,2022-07-16,28.88,B,0.84,Dimensional deviation,2229873.33
GR-2021-0030,PO-2021-0030,2022-10-14,6.63,A,0.0,,750127.21
GR-2021-0031,PO-2021-0031,2022-06-25,1.04,B,0.04,Dimensional deviation,128514.45
GR-2021-0032,PO-2021-0032,2022-02-18,4.43,A,0.0,,420042.99
GR-2021-0033,PO-2021-0033,2022-10-15,25.77,A,0.0,,2456188.67
GR-2021-0034,PO-2021-0034,2023-04-22,6.9,B,0.03,Dimensional deviation,576266.42
GR-2021-0035,PO-2021-0035,2022-01-02,27.58,A,0.0,,1254098.03
GR-2021-0036,PO-2021-0036,2022-03-15,23.58,A,0.0,,1858691.88
GR-2021-0037,PO-2021-0037,2023-11-29,33.15,B,0.0,,2205930.85
GR-2021-0038,PO-2021-0038,2022-11-26,33.91,B,0.0,,2100978.26
GR-2021-0039,PO-2021-0039,2021-11-15,12.97,A,0.0,,1048257.99
GR-2021-0040,PO-2021-0040,2021-06-13,44.02,A,0.0,,3916747.71
GR-2021-0041,PO-2021-0041,2023-03-04,12.95,B,0.0,,1220888.38
GR-2021-0042,PO-2021-0042,2021-08-21,9.56,A,0.0,,1124072.47
GR-2021-0043,PO-2021-0043,2023-08-22,13.12,B,0.0,,1434939.29
GR-2021-0044,PO-2021-0044,2021-10-18,49.12,A,0.0,,4430047.24
GR-2021-0045,PO-2021-0045,2023-07-02,41.5,A,0.0,,3589969.68
GR-2021-0046,PO-2021-0046,2023-09-08,37.52,B,0.0,,4086331.0
GR-2021-0047,PO-2021-0047,2023-12-12,14.36,A,0.0,,734730.68
GR-2021-0048,PO-2021-0048,2022-05-03,16.66,B,0.0,,1425475.37
GR-2021-0049,PO-2021-0049,2021-11-09,34.92,B,0.0,,3429350.4
GR-2021-0050,PO-2021-0050,2023-05-06,27.48,A,0.0,,2101890.9
GR-2021-0051,PO-2021-0051,2023-05-23,42.78,A,0.0,,4401993.98
GR-2021-0052,PO-2021-0052,2023-09-16,15.48,A,0.0,,1160511.87
GR-2021-0053,PO-2021-0053,2022-04-09,14.33,B,0.0,,1170050.67
GR-2021-0054,PO-2021-0054,2022-12-03,42.15,B,0.0,,4807069.85
GR-2021-0055,PO-2021-0055,2024-01-06,29.72,B,0.0,,2841749.4
GR-2021-0056,PO-2021-0056,2023-06-06,9.89,B,0.0,,638666.03
GR-2021-0057,PO-2021-0057,2022-03-20,17.37,A,0.0,,1946466.42
GR-2021-0058,PO-2021-0058,2023-05-20,24.02,A,0.0,,2433302.52
GR-2021-0059,PO-2021-0059,2023-01-04,39.07,B,0.0,,3687669.25
GR-2021-0060,PO-2021-0060,2021-03-12,41.94,A,0.0,,3858199.16
GR-2021-0061,PO-2021-0061,2021-10-01,28.45,A,0.0,,1756374.34
GR-2021-0062,PO-2021-0062,2022-06-26,30.56,B,0.0,,3599326.58
GR-2021-0063,PO-2021-0063,2021-09-02,6.24,A,0.0,,295633.04
GR-2021-0064,PO-2021-0064,2023-02-21,4.72,A,0.0,,456877.5
GR-2021-0065,PO-2021-0065,2022-05-19,42.29,B,0.0,,3840716.91
GR-2021-0066,PO-2021-0066,2021-04-09,21.81,B,0.0,,1600714.11
GR-2021-0067,PO-2021-0067,2022-12-08,41.05,B,0.0,,2184877.69
GR-2021-0068,PO-2021-0068,2023-08-14,9.56,A,0.0,,810181.63
GR-2021-0069,PO-2021-0069,2022-07-16,22.16,A,0.0,,2230134.51
GR-2021-0070,PO-2021-0070,2022-11-07,14.64,A,0.0,,1156144.9
GR-2021-0071,PO-2021-0071,2023-08-16,2.39,A,0.0,,262259.72
GR-2021-0072,PO-2021-0072,2023-10-08,40.0,B,0.0,,2827363.69
GR-2021-0073,PO-2021-0073,2022-08-03,47.38,A,0.0,,2440439.24
GR-2021-0074,PO-2021-0074,2023-04-28,38.04,B,0.0,,3692755.95
GR-2021-0075,PO-2021-0075,2023-10-17,5.53,A,0.0,,342605.7
GR-2021-0076,PO-2021-0076,2022-05-24,23.99,A,0.0,,2051775.0
GR-2021-0077,PO-2021-0077,2022-11-16,14.17,A,0.0,,911214.85
GR-2021-0078,PO-2021-0078,2022-02-15,37.06,B,0.0,,4350211.67
GR-2021-0079,PO-2021-0079,2022-01-29,36.91,B,0.0,,2444776.51
GR-2021-0080,PO-2021-0080,2023-12-21,40.69,B,1.75,Dimensional deviation,2922121.8
GR-2021-0081,PO-2021-0081,2022-01-08,35.52,B,0.0,,1944880.87
GR-2021-0082,PO-2021-0082,2021-04-30,31.16,B,1.22,Dimensional deviation,3404003.91
GR-2021-0083,PO-2021-0083,2021-01-31,23.32,C,0.67,Dimensional deviation,1794753.97
GR-2021-0084,PO-2021-0084,2022-06-06,40.97,A,0.0,,3098190.32
GR-2021-0085,PO-2021-0085,2021-04-26,40.73,A,0.0,,4734515.12
GR-2021-0086,PO-2021-0086,2022-06-08,38.2,A,0.0,,3479623.12
GR-2021-0087,PO-2021-0087,2022-04-23,23.02,A,0.0,,1804950.17
GR-2021-0088,PO-2021-0088,2023-06-14,30.67,A,0.0,,3102641.83
GR-2021-0089,PO-2021-0089,2022-03-10,33.21,A,0.0,,1894156.78
GR-2021-0090,PO-2021-0090,2021-06-16,20.92,A,0.0,,2032693.7
GR-2021-0091,PO-2021-0091,2022-09-01,14.47,B,0.43,Dimensional deviation,1041042.69
GR-2021-0092,PO-2021-0092,2021-06-09,39.25,A,0.0,,3638422.26
GR-2021-0093,PO-2021-0093,2022-02-20,27.41,A,0.0,,2590089.57
GR-2021-0094,PO-2021-0094,2021-11-04,9.09,A,0.0,,621487.23
GR-2021-0095,PO-2021-0095,2022-08-25,23.96,B,0.0,,1625329.95
GR-2021-0096,PO-2021-0096,2022-07-16,25.08,A,0.0,,1286035.13
GR-2021-0097,PO-2021-0097,2023-06-20,2.25,B,0.0,,141124.38
GR-2021-0098,PO-2021-0098,2021-02-26,38.08,B,0.0,,2231967.73
GR-2021-0099,PO-2021-0099,2023-07-05,49.48,A,0.0,,3872914.79
GR-2021-0100,PO-2021-0100,2021-07-12,20.92,A,0.0,,1451357.56
GR-2021-0101,PO-2021-0101,2021-12-06,34.84,A,0.0,,2330905.39
GR-2021-0102,PO-2021-0102,2021-04-04,16.4,B,0.0,,1136319.15
GR-2021-0103,PO-2021-0103,2023-04-20,33.0,A,0.0,,2847628.9
GR-2021-0104,PO-2021-0104,2021-05-08,18.54,A,0.0,,1905463.59
GR-2021-0105,PO-2021-0105,2023-07-03,14.03,B,0.0,,772498.2
GR-2021-0106,PO-2021-0106,2023-07-02,2.4,A,0.0,,222326.52
GR-2021-0107,PO-2021-0107,2022-05-12,27.73,A,0.0,,2418863.89
GR-2021-0108,PO-2021-0108,2022-04-12,47.19,A,0.0,,4436543.88
GR-2021-0109,PO-2021-0109,2023-11-04,33.88,B,1.59,Dimensional deviation,2817437.45
GR-2021-0110,PO-2021-0110,2023-09-08,27.93,B,0.0,,2066268.29
GR-2021-0111,PO-2021-0111,2023-11-16,14.41,A,0.0,,1515801.69
GR-2021-0112,PO-2021-0112,2022-12-07,40.92,A,0.0,,2728634.43
GR-2021-0113,PO-2021-0113,2023-10-11,27.23,B,0.0,,1941520.98
GR-2021-0114,PO-2021-0114,2023-02-21,43.44,B,0.0,,5170318.74
GR-2021-0115,PO-2021-0115,2023-03-10,3.11,A,0.0,,316678.07
GR-2021-0116,PO-2021-0116,2023-03-06,25.12,A,0.0,,1207311.4
GR-2021-0117,PO-2021-0117,2022-11-16,5.87,A,0.0,,667237.64
GR-2021-0118,PO-2021-0118,2021-10-30,4.64,A,0.0,,483879.25
GR-2021-0119,PO-2021-0119,2022-12-09,42.42,A,0.0,,4655480.14
GR-2021-0120,PO-2021-0120,2023-02-22,43.41,B,0.0,,2086543.81
GR-2021-0121,PO-2021-0121,2022-05-02,36.25,B,1.65,Dimensional deviation,3031624.85
GR-2021-0122,PO-2021-0122,2021-07-30,34.92,A,0.0,,3947615.57
GR-2021-0123,PO-2021-0123,2022-11-03,18.38,A,0.0,,1434716.03
GR-2021-0124,PO-2021-0124,2024-01-05,9.25,A,0.0,,475108.14
GR-2021-0125,PO-2021-0125,2022-05-20,12.31,B,0.0,,1149394.48
GR-2021-0126,PO-2021-0126,2022-06-12,44.9,A,0.0,,4327268.23
GR-2021-0127,PO-2021-0127,2021-06-12,49.06,B,0.0,,3330692.19
GR-2021-0128,PO-2021-0128,2022-06-08,10.68,A,0.0,,794647.41
GR-2021-0129,PO-2021-0129,2021-08-24,28.75,B,0.0,,2556978.03
GR-2021-0130,PO-2021-0130,2022-09-12,14.38,A,0.0,,1263575.63
GR-2021-0131,PO-2021-0131,2021-04-29,38.62,A,0.0,,2428718.91
GR-2021-0132,PO-2021-0132,2023-01-06,31.33,B,0.0,,3011051.81
GR-2021-0133,PO-2021-0133,2021-10-23,16.06,A,0.0,,1259916.48
GR-2021-0134,PO-2021-0134,2023-01-28,45.13,A,0.0,,3167294.09
GR-2021-0135,PO-2021-0135,2022-01-05,39.17,A,0.0,,4378443.71
GR-2021-0136,PO-2021-0136,2024-01-03,41.32,B,0.0,,2679531.36
GR-2021-0137,PO-2021-0137,2022-09-13,23.84,B,0.0,,1213006.43
GR-2021-0138,PO-2021-0138,2022-04-13,18.75,A,0.0,,1973377.76
GR-2021-0139,PO-2021-0139,2022-07-04,19.05,A,0.0,,1928412.08
GR-2021-0140,PO-2021-0140,2023-03-04,34.01,B,0.0,,2737891.43
GR-2021-0141,PO-2021-0141,2022-11-18,32.05,B,0.0,,2564618.85
GR-2021-0142,PO-2021-0142,2022-09-20,7.81,B,0.0,,910361.44
GR-2021-0143,PO-2021-0143,2023-10-15,12.43,B,0.0,,1067303.16
GR-2021-0144,PO-2021-0144,2023-07-26,21.52,A,0.0,,2168435.68
GR-2021-0145,PO-2021-0145,2023-05-07,30.99,A,0.0,,3597921.31
GR-2021-0146,PO-2021-0146,2021-03-20,22.52,B,0.0,,2643308.98
GR-2021-0147,PO-2021-0147,2021-07-27,45.17,A,0.0,,4218095.61
GR-2021-0148,PO-2021-0148,2023-04-08,48.36,A,0.0,,5627556.24
GR-2021-0149,PO-2021-0149,2021-07-14,3.47,A,0.0,,243645.9
GR-2021-0150,PO-2021-0150,2022-03-05,11.14,A,0.0,,682339.3
GR-2021-0151,PO-2021-0151,2022-11-12,14.56,B,0.0,,1733322.78
GR-2021-0152,PO-2021-0152,2022-06-04,32.11,B,0.56,Dimensional deviation,1629794.28
GR-2021-0153,PO-2021-0153,2023-01-10,1.76,A,0.0,,114877.53
GR-2021-0154,PO-2021-0154,2023-05-30,37.41,A,0.0,,3030170.61
GR-2021-0155,PO-2021-0155,2023-01-27,22.97,B,0.0,,1426415.72
GR-2021-0156,PO-2021-0156,2021-04-05,23.37,A,0.0,,2749557.94
GR-2021-0157,PO-2021-0157,2023-09-21,34.33,A,0.0,,2830882.94
GR-2021-0158,PO-2021-0158,2021-06-09,30.56,A,0.0,,1538225.3
GR-2021-0159,PO-2021-0159,2022-11-07,15.39,A,0.0,,1281057.3
GR-2021-0160,PO-2021-0160,2021-08-04,36.18,A,0.0,,2220122.83
GR-2021-0161,PO-2021-0161,2022-04-30,41.19,A,0.0,,3111543.73
GR-2021-0162,PO-2021-0162,2021-07-21,16.22,A,0.0,,1045743.87
GR-2021-0163,PO-2021-0163,2023-09-06,41.66,A,0.0,,2171196.78
GR-2021-0164,PO-2021-0164,2023-02-15,3.94,B,0.0,,459982.59
GR-2021-0165,PO-2021-0165,2022-11-22,18.3,B,0.0,,1739526.9
GR-2021-0166,PO-2021-0166,2023-05-29,30.35,A,0.0,,2171180.65
GR-2021-0167,PO-2021-0167,2023-11-12,33.16,B,0.0,,2051133.52
GR-2021-0168,PO-2021-0168,2023-01-03,38.23,A,0.0,,3378766.27
GR-2021-0169,PO-2021-0169,2023-06-15,2.41,A,0.0,,158498.58
GR-2021-0170,PO-2021-0170,2022-10-07,1.3,B,0.0,,143311.61
GR-2021-0171,PO-2021-0171,2023-04-05,37.15,A,0.0,,4398318.08
GR-2021-0172,PO-2021-0172,2023-12-31,21.44,A,0.0,,1522134.5
GR-2021-0173,PO-2021-0173,2022-10-19,43.94,A,0.0,,2509280.74
GR-2021-0174,PO-2021-0174,2021-04-25,22.55,A,0.0,,1744153.21
GR-2021-0175,PO-2021-0175,2023-07-06,11.49,B,0.0,,964404.21
GR-2021-0176,PO-2021-0176,2023-06-12,33.93,A,0.0,,3063073.95
GR-2021-0177,PO-2021-0177,2022-09-29,19.49,B,0.76,Dimensional deviation,1905559.52
GR-2021-0178,PO-2021-0178,2022-03-02,38.44,A,0.0,,3949245.9
GR-2021-0179,PO-2021-0179,2022-11-10,25.35,B,0.0,,1961078.93
GR-2021-0180,PO-2021-0180,2023-02-26,28.36,B,0.0,,2699040.45
GR-2021-0181,PO-2021-0181,2021-06-03,22.18,A,0.0,,1778002.72
GR-2021-0182,PO-2021-0182,2022-10-08,35.75,A,0.0,,2730218.58
GR-2021-0183,PO-2021-0183,2023-04-23,9.34,A,0.0,,1093389.48
GR-2021-0184,PO-2021-0184,2023-01-27,42.09,A,0.0,,2680481.6
GR-2021-0185,PO-2021-0185,2023-04-11,20.29,A,0.0,,1392037.33
GR-2021-0186,PO-2021-0186,2022-04-13,4.72,A,0.0,,438411.37
GR-2021-0187,PO-2021-0187,2023-11-24,18.13,B,0.0,,2126974.85
GR-2021-0188,PO-2021-0188,2021-11-13,8.11,B,0.0,,489126.29
GR-2021-0189,PO-2021-0189,2021-11-21,47.24,A,0.0,,4384698.18
GR-2021-0190,PO-2021-0190,2023-07-21,8.35,A,0.0,,421020.35
GR-2021-0191,PO-2021-0191,2022-09-24,18.1,B,0.0,,922798.48
GR-2021-0192,PO-2021-0192,2023-08-05,18.57,B,0.71,Dimensional deviation,1319491.63
GR-2021-0193,PO-2021-0193,2021-07-22,23.6,B,0.0,,2049200.19
GR-2021-0194,PO-2021-0194,2021-04-03,16.71,A,0.0,,1351259.01
GR-2021-0195,PO-2021-0195,2021-05-23,40.43,B,0.0,,4391906.03
GR-2021-0196,PO-2021-0196,2021-07-02,2.91,A,0.0,,286369.16
GR-2021-0197,PO-2021-0197,2023-12-22,18.79,A,0.0,,2143706.25
GR-2021-0198,PO-2021-0198,2023-04-24,39.46,A,0.0,,3711045.19
GR-2021-0199,PO-2021-0199,2022-11-24,34.01,A,0.0,,2270489.32
GR-2021-0200,PO-2021-0200,2021-11-13,29.3,B,0.0,,1643190.69
GR-2021-0201,PO-2021-0201,2022-10-05,30.03,B,0.0,,3478960.83
GR-2021-0202,PO-2021-0202,2023-02-25,33.65,A,0.0,,3626697.77
GR-2021-0203,PO-2021-0203,2023-12-25,25.68,B,0.0,,1201840.16
GR-2021-0204,PO-2021-0204,2022-01-13,47.11,A,0.0,,3864951.98
GR-2021-0205,PO-2021-0205,2021-10-23,15.37,B,0.0,,1612648.56
GR-2021-0206,PO-2021-0206,2023-12-31,42.09,C,1.97,Dimensional deviation,4174583.41
GR-2021-0207,PO-2021-0207,2023-02-25,9.78,A,0.0,,956059.32
GR-2021-0208,PO-2021-0208,2021-12-12,21.0,A,0.0,,2022716.16
GR-2021-0209,PO-2021-0209,2023-07-21,12.11,B,0.04,Dimensional deviation,816225.6
GR-2021-0210,PO-2021-0210,2023-09-01,34.22,A,0.0,,3005636.85
GR-2021-0211,PO-2021-0211,2023-08-15,24.51,C,1.17,Dimensional deviation,2037240.05
GR-2021-0212,PO-2021-0212,2022-02-24,3.55,A,0.0,,288517.71
GR-2021-0213,PO-2021-0213,2021-08-08,14.95,B,0.0,,1530439.39
GR-2021-0214,PO-2021-0214,2023-07-17,41.63,B,0.0,,2164371.85
GR-2021-0215,PO-2021-0215,2023-07-23,21.15,A,0.0,,1594077.29
GR-2021-0216,PO-2021-0216,2022-05-03,19.24,A,0.0,,912599.54
GR-2021-0217,PO-2021-0217,2022-11-29,2.88,B,0.0,,327757.56
GR-2021-0218,PO-2021-0218,2021-10-15,31.12,A,0.0,,3518059.51
GR-2021-0219,PO-2021-0219,2022-06-20,27.87,A,0.0,,2776243.39
GR-2021-0220,PO-2021-0220,2023-05-25,12.56,B,0.0,,684312.28
GR-2021-0221,PO-2021-0221,2023-05-23,6.37,A,0.0,,725857.11
GR-2021-0222,PO-2021-0222,2021-02-09,35.96,A,0.0,,2420471.93
GR-2021-0223,PO-2021-0223,2023-01-05,10.11,A,0.0,,968282.1
GR-2021-0224,PO-2021-0224,2023-01-22,27.39,B,0.0,,2876112.52
GR-2021-0225,PO-2021-0225,2021-02-21,3.1,A,0.0,,231670.39
GR-2021-0226,PO-2021-0226,2022-06-19,39.27,A,0.0,,2808897.93
GR-2021-0227,PO-2021-0227,2021-08-16,3.14,A,0.0,,272464.77
GR-2021-0228,PO-2021-0228,2022-01-01,31.66,A,0.0,,3383360.07
GR-2021-0229,PO-2021-0229,2023-08-03,10.37,C,0.01,Dimensional deviation,1180550.94
GR-2021-0230,PO-2021-0230,2022-10-19,20.38,A,0.0,,2177248.48
GR-2021-0231,PO-2021-0231,2022-06-12,14.66,C,0.04,Dimensional deviation,1712983.09
GR-2021-0232,PO-2021-0232,2022-11-22,40.02,B,0.0,,3124075.13
GR-2021-0233,PO-2021-0233,2023-06-30,48.36,A,0.0,,4004704.34
GR-2021-0234,PO-2021-0234,2023-01-29,40.24,A,0.0,,4007122.09
GR-2021-0235,PO-2021-0235,2023-06-11,14.66,B,0.45,Dimensional deviation,843412.63
GR-2021-0236,PO-2021-0236,2022-09-14,30.49,A,0.0,,2349549.42
GR-2021-0237,PO-2021-0237,2023-07-09,3.06,A,0.0,,339578.59
GR-2021-0238,PO-2021-0238,2023-06-21,4.67,A,0.0,,434366.9
GR-2021-0239,PO-2021-0239,2023-12-02,7.99,B,0.0,,724543.76
GR-2021-0240,PO-2021-0240,2023-06-27,4.12,C,0.15,Dimensional deviation,461278.82
GR-2021-0241,PO-2021-0241,2023-01-22,30.53,A,0.0,,2940243.77
GR-2021-0242,PO-2021-0242,2023-02-10,29.01,A,0.0,,2466740.35
GR-2021-0243,PO-2021-0243,2022-10-11,47.75,A,0.0,,2256574.04
GR-2021-0244,PO-2021-0244,2023-11-06,45.47,A,0.0,,2463355.52
GR-2021-0245,PO-2021-0245,2022-07-01,49.54,A,0.0,,3308958.21
GR-2021-0246,PO-2021-0246,2022-03-01,42.77,B,0.0,,3376267.93
GR-2021-0247,PO-2021-0247,2023-07-13,33.71,A,0.0,,3311828.01
GR-2021-0248,PO-2021-0248,2022-09-01,35.53,A,0.0,,4110029.96
GR-2021-0249,PO-2021-0249,2022-01-07,11.96,A,0.0,,1425430.43
GR-2021-0250,PO-2021-0250,2021-10-20,2.28,B,0.0,,198203.19
GR-2021-0251,PO-2021-0251,2023-09-01,4.22,B,0.0,,315917.64
GR-2021-0252,PO-2021-0252,2023-09-15,38.39,A,0.0,,4130174.91
GR-2021-0253,PO-2021-0253,2021-09-22,23.02,A,0.0,,2212988.32
GR-2021-0254,PO-2021-0254,2021-09-28,21.72,B,0.34,Dimensional deviation,2615949.43
GR-2021-0255,PO-2021-0255,2021-09-27,15.75,B,0.0,,908645.57
GR-2021-0256,PO-2021-0256,2022-04-17,44.63,A,0.0,,4863759.6
GR-2021-0257,PO-2021-0257,2022-02-14,31.5,A,0.0,,2880927.46
GR-2021-0258,PO-2021-0258,2023-11-08,9.32,B,0.0,,862339.48
GR-2021-0259,PO-2021-0259,2022-12-15,4.88,C,0.01,Dimensional deviation,601517.52
GR-2021-0260,PO-2021-0260,2022-07-10,31.21,B,0.0,,1479123.36
GR-2021-0261,PO-2021-0261,2022-08-26,12.88,A,0.0,,1372165.6
GR-2021-0262,PO-2021-0262,2022-09-13,34.66,A,0.0,,1975178.48
GR-2021-0263,PO-2021-0263,2023-10-03,17.64,B,0.0,,985546.9
GR-2021-0264,PO-2021-0264,2022-10-28,7.38,A,0.0,,539377.68
GR-2021-0265,PO-2021-0265,2021-08-12,23.75,A,0.0,,1552340.67
GR-2021-0266,PO-2021-0266,2021-10-28,15.11,A,0.0,,1123407.07
GR-2021-0267,PO-2021-0267,2023-05-21,40.61,A,0.0,,4700181.78
GR-2021-0268,PO-2021-0268,2022-10-13,25.27,B,0.0,,2125222.83
GR-2021-0269,PO-2021-0269,2022-10-07,5.39,B,0.0,,403008.0
GR-2021-0270,PO-2021-0270,2022-05-23,3.35,B,0.0,,223423.85
GR-2021-0271,PO-2021-0271,2023-09-01,1.37,B,0.0,,77258.68
GR-2021-0272,PO-2021-0272,2022-07-08,18.87,A,0.0,,1420575.73
GR-2021-0273,PO-2021-0273,2022-02-15,15.14,B,0.0,,1119999.06
GR-2021-0274,PO-2021-0274,2022-08-12,48.48,A,0.0,,3636196.81
GR-2021-0275,PO-2021-0275,2022-12-07,10.64,A,0.0,,894230.04
GR-2021-0276,PO-2021-0276,2021-04-06,7.52,C,0.27,Dimensional deviation,561112.06
GR-2021-0277,PO-2021-0277,2023-12-08,30.61,A,0.0,,2569288.58
GR-2021-0278,PO-2021-0278,2022-10-25,49.12,A,0.0,,4976240.98
GR-2021-0279,PO-2021-0279,2022-11-30,26.87,A,0.0,,2658050.67
GR-2021-0280,PO-2021-0280,2023-09-11,17.06,B,0.0,,916986.46
GR-2021-0281,PO-2021-0281,2022-10-09,13.97,B,0.0,,1319312.17
GR-2021-0282,PO-2021-0282,2022-04-24,9.36,A,0.0,,862775.69
GR-2021-0283,PO-2021-0283,2023-02-22,2.54,B,0.0,,296094.24
GR-2021-0284,PO-2021-0284,2022-02-12,16.36,B,0.0,,922569.66
GR-2021-0285,PO-2021-0285,2022-03-10,38.62,A,0.0,,4444102.56
GR-2021-0286,PO-2021-0286,2021-05-23,11.16,B,0.0,,774266.52
GR-2021-0287,PO-2021-0287,2023-09-19,16.27,A,0.0,,949274.69
GR-2021-0288,PO-2021-0288,2022-12-11,30.7,A,0.0,,1835477.93
GR-2021-0289,PO-2021-0289,2022-08-10,47.1,A,0.0,,5592894.48
GR-2021-0290,PO-2021-0290,2022-09-02,16.44,A,0.0,,1176278.77
GR-2021-0291,PO-2021-0291,2022-08-01,28.07,B,0.14,Dimensional deviation,2594814.7
GR-2021-0292,PO-2021-0292,2022-12-14,3.04,A,0.0,,356944.5
GR-2021-0293,PO-2021-0293,2022-12-24,37.5,A,0.0,,2296663.76
GR-2021-0294,PO-2021-0294,2022-07-19,6.3,A,0.0,,638599.31
GR-2021-0295,PO-2021-0295,2022-05-17,12.05,A,0.0,,753300.64
GR-2021-0296,PO-2021-0296,2023-04-30,5.93,B,0.0,,609648.18
GR-2021-0297,PO-2021-0297,2021-11-30,24.2,A,0.0,,1462404.89
GR-2021-0298,PO-2021-0298,2022-11-08,43.26,B,0.76,Dimensional deviation,2446358.49
GR-2021-0299,PO-2021-0299,2022-04-28,20.89,B,0.22,Dimensional deviation,2408620.71
GR-2021-0300,PO-2021-0300,2023-04-04,46.65,A,0.0,,5493625.37
GR-2021-0301,PO-2021-0301,2021-03-26,28.74,A,0.0,,1529360.87
GR-2021-0302,PO-2021-0302,2022-08-14,26.56,B,0.0,,2981126.21
GR-2021-0303,PO-2021-0303,2023-11-07,10.36,A,0.0,,558536.93
GR-2021-0304,PO-2021-0304,2023-08-08,1.67,A,0.0,,118778.96
GR-2021-0305,PO-2021-0305,2022-02-11,39.64,B,1.69,Dimensional deviation,3611903.27
GR-2021-0306,PO-2021-0306,2023-04-09,48.94,A,0.0,,3967724.85
GR-2021-0307,PO-2021-0307,2021-01-24,12.53,A,0.0,,1273208.15
GR-2021-0308,PO-2021-0308,2022-09-16,32.81,B,0.0,,3202510.85
GR-2021-0309,PO-2021-0309,2021-09-14,8.83,A,0.0,,851702.24
GR-2021-0310,PO-2021-0310,2022-10-04,18.92,B,0.0,,1170325.75
GR-2021-0311,PO-2021-0311,2023-09-16,37.51,B,0.0,,3403801.01
GR-2021-0312,PO-2021-0312,2023-09-08,34.19,A,0.0,,3079819.99
GR-2021-0313,PO-2021-0313,2021-07-02,26.78,A,0.0,,1938958.43
GR-2021-0314,PO-2021-0314,2021-09-01,44.85,A,0.0,,2721718.02
GR-2021-0315,PO-2021-0315,2021-11-16,42.61,A,0.0,,3349777.77
GR-2021-0316,PO-2021-0316,2022-03-01,44.96,A,0.0,,3532424.56
GR-2021-0317,PO-2021-0317,2023-07-30,21.26,B,0.0,,1864585.74
GR-2021-0318,PO-2021-0318,2023-08-19,20.2,B,0.0,,2167173.4
GR-2021-0319,PO-2021-0319,2022-04-03,21.61,A,0.0,,2122228.21
GR-2021-0320,PO-2021-0320,2021-05-20,2.55,B,0.0,,193702.45
GR-2021-0321,PO-2021-0321,2021-10-15,49.64,A,0.0,,3658508.41
GR-2021-0322,PO-2021-0322,2023-02-15,7.45,B,0.0,,823601.6
GR-2021-0323,PO-2021-0323,2022-01-07,7.19,A,0.0,,857247.35
GR-2021-0324,PO-2021-0324,2021-03-02,33.92,A,0.0,,2918335.6
GR-2021-0325,PO-2021-0325,2023-02-25,23.5,A,0.0,,1334865.74
GR-2021-0326,PO-2021-0326,2021-08-29,30.14,B,0.57,Dimensional deviation,3730200.81
GR-2021-0327,PO-2021-0327,2022-05-22,5.89,A,0.0,,282258.23
GR-2021-0328,PO-2021-0328,2021-04-19,20.51,A,0.0,,1295937.57
GR-2021-0329,PO-2021-0329,2021-05-11,49.31,A,0.0,,3108085.62
GR-2021-0330,PO-2021-0330,2022-10-30,15.77,A,0.0,,880206.13
GR-2021-0331,PO-2021-0331,2023-12-16,15.62,B,0.0,,779269.01
GR-2021-0332,PO-2021-0332,2022-01-10,25.15,A,0.0,,2982241.56
GR-2021-0333,PO-2021-0333,2023-02-28,34.9,B,0.0,,2655754.73
GR-2021-0334,PO-2021-0334,2023-02-23,23.4,B,0.05,Dimensional deviation,2735775.88
GR-2021-0335,PO-2021-0335,2021-11-03,28.54,B,0.0,,3358197.9
GR-2021-0336,PO-2021-0336,2024-01-05,12.87,B,0.0,,777228.22
GR-2021-0337,PO-2021-0337,2021-06-17,5.49,A,0.0,,549371.49
GR-2021-0338,PO-2021-0338,2021-04-23,33.82,B,0.0,,3068353.29
GR-2021-0339,PO-2021-0339,2022-01-28,11.22,A,0.0,,1270428.65
GR-2021-0340,PO-2021-0340,2021-02-17,47.89,B,0.0,,2589869.9
GR-2021-0341,PO-2021-0341,2023-09-18,20.38,A,0.0,,1286064.82
GR-2021-0342,PO-2021-0342,2022-08-10,27.04,A,0.0,,1953292.36
GR-2021-0343,PO-2021-0343,2023-01-22,23.69,A,0.0,,2507184.09
GR-2021-0344,PO-2021-0344,2023-09-02,19.06,B,0.0,,1457017.6
GR-2021-0345,PO-2021-0345,2022-04-13,13.76,A,0.0,,1586172.67
GR-2021-0346,PO-2021-0346,2023-05-22,10.13,B,0.07,Dimensional deviation,686906.78
GR-2021-0347,PO-2021-0347,2022-05-27,32.83,B,0.0,,3187704.58
GR-2021-0348,PO-2021-0348,2023-10-06,9.17,A,0.0,,966718.0
GR-2021-0349,PO-2021-0349,2021-10-28,45.87,A,0.0,,3934375.74
GR-2021-0350,PO-2021-0350,2021-05-17,41.72,A,0.0,,2129703.99
GR-2021-0351,PO-2021-0351,2021-04-14,7.68,A,0.0,,714422.28
GR-2021-0352,PO-2021-0352,2021-11-18,25.76,A,0.0,,1881683.49
GR-2021-0353,PO-2021-0353,2023-09-21,1.31,A,0.0,,114012.72
GR-2021-0354,PO-2021-0354,2021-02-15,27.23,A,0.0,,1812169.69
GR-2021-0355,PO-2021-0355,2023-06-14,44.47,B,0.01,Dimensional deviation,4032540.72
GR-2021-0356,PO-2021-0356,2022-02-07,40.65,A,0.0,,2663771.29
GR-2021-0357,PO-2021-0357,2021-06-25,23.45,B,0.0,,1485521.46
GR-2021-0358,PO-2021-0358,2022-04-24,32.94,A,0.0,,3612373.51
GR-2021-0359,PO-2021-0359,2021-03-10,19.56,B,0.0,,1692742.1
GR-2021-0360,PO-2021-0360,2021-02-07,25.34,B,0.0,,1976576.68
GR-2021-0361,PO-2021-0361,2022-11-25,45.71,A,0.0,,2865183.84
GR-2021-0362,PO-2021-0362,2023-09-09,45.94,A,0.0,,4458252.36
GR-2021-0363,PO-2021-0363,2021-03-17,1.72,B,0.04,Dimensional deviation,111436.24
GR-2021-0364,PO-2021-0364,2023-04-05,8.9,A,0.0,,564797.27
GR-2021-0365,PO-2021-0365,2022-11-15,39.61,A,0.0,,3841823.06
GR-2021-0366,PO-2021-0366,2023-10-28,5.75,A,0.0,,361358.53
GR-2021-0367,PO-2021-0367,2022-12-12,2.45,B,0.0,,160473.85
GR-2021-0368,PO-2021-0368,2023-10-07,27.91,A,0.0,,2055712.26
GR-2021-0369,PO-2021-0369,2023-02-22,39.9,A,0.0,,3949173.91
GR-2021-0370,PO-2021-0370,2022-07-17,35.72,A,0.0,,3319501.99
GR-2021-0371,PO-2021-0371,2023-03-16,6.21,A,0.0,,282323.56
GR-2021-0372,PO-2021-0372,2023-07-12,5.96,B,0.0,,309799.21
GR-2021-0373,PO-2021-0373,2023-07-23,6.03,A,0.0,,313431.74
GR-2021-0374,PO-2021-0374,2021-07-25,1.59,A,0.0,,121657.22
GR-2021-0375,PO-2021-0375,2021-06-30,9.29,A,0.0,,684796.12
GR-2021-0376,PO-2021-0376,2022-07-16,24.99,A,0.0,,1251585.21
GR-2021-0377,PO-2021-0377,2022-07-28,24.6,B,0.0,,1255519.84
GR-2021-0378,PO-2021-0378,2022-05-27,23.35,A,0.0,,1292990.48
GR-2021-0379,PO-2021-0379,2023-04-02,40.29,A,0.0,,2816511.45
GR-2021-0380,PO-2021-0380,2023-06-08,16.58,A,0.0,,1939127.32
GR-2021-0381,PO-2021-0381,2023-09-18,47.9,B,0.0,,5678000.86
GR-2021-0382,PO-2021-0382,2023-10-15,19.24,A,0.0,,2064186.66
GR-2021-0383,PO-2021-0383,2023-02-01,29.9,B,0.0,,2579383.84
GR-2021-0384,PO-2021-0384,2021-03-12,22.34,B,0.0,,1502784.4
GR-2021-0385,PO-2021-0385,2021-05-31,7.75,B,0.0,,529511.36
GR-2021-0386,PO-2021-0386,2021-11-25,4.62,A,0.0,,551177.78
GR-2021-0387,PO-2021-0387,2023-04-09,27.59,A,0.0,,2882964.49
GR-2021-0388,PO-2021-0388,2021-07-08,32.94,A,0.0,,2379404.43
GR-2021-0389,PO-2021-0389,2021-04-06,47.95,A,0.0,,3734371.09
GR-2021-0390,PO-2021-0390,2021-08-02,25.85,A,0.0,,2183333.78
GR-2021-0391,PO-2021-0391,2022-04-11,19.99,A,0.0,,2076010.76
GR-2021-0392,PO-2021-0392,2023-10-29,49.4,B,0.0,,4051458.64
GR-2021-0393,PO-2021-0393,2023-05-13,41.58,A,0.0,,4163039.05
GR-2021-0394,PO-2021-0394,2022-10-12,39.35,A,0.0,,3315416.74
GR-2021-0395,PO-2021-0395,2023-09-09,36.1,A,0.0,,2871602.19
GR-2021-0396,PO-2021-0396,2022-09-15,2.01,B,0.03,Dimensional deviation,155211.77
GR-2021-0397,PO-2021-0397,2021-12-17,9.5,A,0.0,,544447.22
GR-2021-0398,PO-2021-0398,2023-06-01,40.0,B,0.0,,3697581.68
GR-2021-0399,PO-2021-0399,2023-06-17,36.95,B,0.0,,4130055.3
GR-2021-0400,PO-2021-0400,2023-06-14,35.34,B,0.0,,2147214.34
GR-2021-0401,PO-2021-0401,2021-05-20,10.1,A,0.0,,705600.52
GR-2021-0402,PO-2021-0402,2021-09-03,26.86,A,0.0,,2496184.14
GR-2021-0403,PO-2021-0403,2023-03-22,17.87,A,0.0,,1956869.81
GR-2021-0404,PO-2021-0404,2021-12-29,33.76,A,0.0,,2323829.39
GR-2021-0405,PO-2021-0405,2022-09-30,19.16,A,0.0,,1072560.46
GR-2021-0406,PO-2021-0406,2023-05-19,21.69,A,0.0,,1771000.87
GR-2021-0407,PO-2021-0407,2022-01-03,15.08,A,0.0,,894340.71
GR-2021-0408,PO-2021-0408,2021-04-29,24.61,B,0.0,,1475957.34
GR-2021-0409,PO-2021-0409,2023-11-15,34.49,A,0.0,,2631752.27
GR-2021-0410,PO-2021-0410,2023-10-06,28.59,A,0.0,,3004633.71
GR-2021-0411,PO-2021-0411,2022-09-10,11.52,B,0.05,Dimensional deviation,833181.69
GR-2021-0412,PO-2021-0412,2023-08-04,25.99,A,0.0,,2289430.91
GR-2021-0413,PO-2021-0413,2023-01-30,26.57,C,0.31,Dimensional deviation,3443549.7
GR-2021-0414,PO-2021-0414,2022-05-28,22.96,B,0.0,,1639140.94
GR-2021-0415,PO-2021-0415,2023-07-06,11.28,A,0.0,,1131620.54
GR-2021-0416,PO-2021-0416,2022-12-28,31.17,A,0.0,,3239508.8
GR-2021-0417,PO-2021-0417,2021-05-10,14.69,B,0.0,,1261470.84
GR-2021-0418,PO-2021-0418,2022-09-13,45.59,B,0.53,Dimensional deviation,4143684.72
GR-2021-0419,PO-2021-0419,2021-07-28,45.96,A,0.0,,5496466.35
GR-2021-0420,PO-2021-0420,2021-09-25,8.14,B,0.0,,565014.73
GR-2021-0421,PO-2021-0421,2023-03-26,29.11,A,0.0,,1908354.51
GR-2021-0422,PO-2021-0422,2023-02-14,31.8,A,0.0,,3557850.63
GR-2021-0423,PO-2021-0423,2023-04-16,35.03,B,0.0,,3882389.95
GR-2021-0424,PO-2021-0424,2023-10-04,43.43,A,0.0,,4730066.43
GR-2021-0425,PO-2021-0425,2023-08-07,39.63,A,0.0,,2992399.31
GR-2021-0426,PO-2021-0426,2022-03-22,16.81,A,0.0,,1114652.65
GR-2021-0427,PO-2021-0427,2021-10-01,44.67,A,0.0,,4578195.13
GR-2021-0428,PO-2021-0428,2021-08-04,7.06,B,0.0,,775106.24
GR-2021-0429,PO-2021-0429,2023-07-30,10.9,A,0.0,,1054390.29
GR-2021-0430,PO-2021-0430,2022-09-17,5.56,A,0.0,,401221.86
GR-2021-0431,PO-2021-0431,2023-02-17,20.41,A,0.0,,1386787.34
GR-2021-0432,PO-2021-0432,2022-05-06,35.43,B,0.0,,1599490.56
GR-2021-0433,PO-2021-0433,2021-06-15,26.33,B,0.0,,2073151.53
GR-2021-0434,PO-2021-0434,2022-12-11,34.75,A,0.0,,2829771.48
GR-2021-0435,PO-2021-0435,2023-03-04,6.02,A,0.0,,439756.81
GR-2021-0436,PO-2021-0436,2021-10-12,32.41,A,0.0,,3107274.48
GR-2021-0437,PO-2021-0437,2024-01-08,22.43,A,0.0,,2237554.94
GR-2021-0438,PO-2021-0438,2021-11-14,42.71,A,0.0,,2221779.02
GR-2021-0439,PO-2021-0439,2021-10-29,18.13,A,0.0,,1407431.84
GR-2021-0440,PO-2021-0440,2021-10-28,32.41,A,0.0,,2073132.35
GR-2021-0441,PO-2021-0441,2022-08-13,11.06,A,0.0,,1002051.09
GR-2021-0442,PO-2021-0442,2023-03-23,37.84,C,0.74,Dimensional deviation,4284445.93
GR-2021-0443,PO-2021-0443,2023-10-16,12.8,A,0.0,,1189487.54
GR-2021-0444,PO-2021-0444,2024-01-01,46.48,A,0.0,,2567064.15
GR-2021-0445,PO-2021-0445,2023-05-28,34.4,B,0.0,,3521965.35
GR-2021-0446,PO-2021-0446,2021-06-05,1.66,A,0.0,,102783.61
GR-2021-0447,PO-2021-0447,2023-04-07,31.6,A,0.0,,2626001.71
GR-2021-0448,PO-2021-0448,2023-05-24,32.26,A,0.0,,2763649.22
GR-2021-0449,PO-2021-0449,2022-08-09,4.85,A,0.0,,555517.78
GR-2021-0450,PO-2021-0450,2021-11-28,29.66,A,0.0,,3040671.43
GR-2021-0451,PO-2021-0451,2021-05-22,36.75,B,0.0,,3988997.49
GR-2021-0452,PO-2021-0452,2022-05-20,6.64,A,0.0,,607360.7
GR-2021-0453,PO-2021-0453,2022-10-03,1.54,B,0.07,Dimensional deviation,93154.08
GR-2021-0454,PO-2021-0454,2021-12-16,26.37,B,0.0,,2762170.92
GR-2021-0455,PO-2021-0455,2022-06-22,7.2,A,0.0,,747878.65
GR-2021-0456,PO-2021-0456,2021-09-03,40.18,A,0.0,,2651910.8
GR-2021-0457,PO-2021-0457,2022-07-06,23.08,A,0.0,,1677816.46
GR-2021-0458,PO-2021-0458,2021-12-23,13.39,A,0.0,,711691.24
GR-2021-0459,PO-2021-0459,2021-08-30,1.13,B,0.0,,123623.9
GR-2021-0460,PO-2021-0460,2022-05-24,18.42,B,0.79,Dimensional deviation,2232817.53
GR-2021-0461,PO-2021-0461,2021-03-28,16.72,B,0.0,,1278196.65
GR-2021-0462,PO-2021-0462,2022-11-01,28.91,A,0.0,,1565236.58
GR-2021-0463,PO-2021-0463,2021-05-04,39.57,C,1.65,Dimensional deviation,4984584.81
GR-2021-0464,PO-2021-0464,2021-05-26,38.81,B,0.0,,2656960.64
GR-2021-0465,PO-2021-0465,2023-08-04,10.77,A,0.0,,945302.07
GR-2021-0466,PO-2021-0466,2022-05-28,29.71,A,0.0,,2459241.48
GR-2021-0467,PO-2021-0467,2022-02-13,1.3,A,0.0,,99236.05
GR-2021-0468,PO-2021-0468,2022-12-28,1.07,A,0.0,,100898.64
GR-2021-0469,PO-2021-0469,2022-10-05,26.92,A,0.0,,1694774.89
GR-2021-0470,PO-2021-0470,2021-05-16,5.54,A,0.0,,634371.42
GR-2021-0471,PO-2021-0471,2023-05-01,48.32,A,0.0,,2504174.4
GR-2021-0472,PO-2021-0472,2023-11-12,4.66,A,0.0,,409029.19
GR-2021-0473,PO-2021-0473,2021-10-13,13.68,A,0.0,,946347.99
GR-2021-0474,PO-2021-0474,2023-03-25,23.15,A,0.0,,1449858.28
GR-2021-0475,PO-2021-0475,2021-10-17,6.14,B,0.0,,486474.21
GR-2021-0476,PO-2021-0476,2023-04-24,18.53,A,0.0,,1907508.83
GR-2021-0477,PO-2021-0477,2022-10-10,42.52,A,0.0,,2214697.75
GR-2021-0478,PO-2021-0478,2022-09-26,40.16,B,1.02,Dimensional deviation,3036557.5
GR-2021-0479,PO-2021-0479,2022-05-31,26.01,A,0.0,,2505833.7
GR-2021-0480,PO-2021-0480,2022-01-06,42.57,A,0.0,,3717547.21
GR-2021-0481,PO-2021-0481,2022-06-01,5.94,B,0.0,,626169.02
GR-2021-0482,PO-2021-0482,2021-02-02,7.39,B,0.0,,791206.53
GR-2021-0483,PO-2021-0483,2021-07-06,2.06,A,0.0,,103159.28
GR-2021-0484,PO-2021-0484,2023-07-07,45.25,B,0.0,,4861597.55
GR-2021-0485,PO-2021-0485,2021-09-24,3.39,B,0.14,Dimensional deviation,413710.3
GR-2021-0486,PO-2021-0486,2023-03-29,19.63,B,0.0,,1520746.05
GR-2021-0487,PO-2021-0487,2022-03-24,14.23,C,0.43,Dimensional deviation,1702050.85
GR-2021-0488,PO-2021-0488,2022-05-30,20.68,B,0.97,Dimensional deviation,1901881.33
GR-2021-0489,PO-2021-0489,2021-07-15,7.71,A,0.0,,462886.1
GR-2021-0490,PO-2021-0490,2023-12-30,39.65,B,0.0,,4762250.54
GR-2021-0491,PO-2021-0491,2023-01-20,39.2,A,0.0,,2781832.58
GR-2021-0492,PO-2021-0492,2023-11-10,14.22,B,0.0,,669104.76
GR-2021-0493,PO-2021-0493,2022-04-08,3.85,A,0.0,,461941.97
GR-2021-0494,PO-2021-0494,2023-01-10,5.87,A,0.0,,557105.15
GR-2021-0495,PO-2021-0495,2024-01-08,28.93,A,0.0,,3467222.62
GR-2021-0496,PO-2021-0496,2023-01-17,12.23,C,0.01,Dimensional deviation,901498.64
GR-2021-0497,PO-2021-0497,2023-01-20,47.18,A,0.0,,4139239.34
GR-2021-0498,PO-2021-0498,2022-01-27,16.09,B,0.0,,1319973.26
GR-2021-0499,PO-2021-0499,2021-05-04,1.98,A,0.0,,160081.36
GR-2021-0500,PO-2021-0500,2022-02-26,36.05,B,0.0,,4115516.27
GR-2021-0501,PO-2021-0501,2021-05-20,29.72,A,0.0,,3384168.43
GR-2021-0502,PO-2021-0502,2021-08-30,48.03,B,0.0,,3510038.23
GR-2021-0503,PO-2021-0503,2023-03-27,15.74,A,0.0,,872142.97
GR-2021-0504,PO-2021-0504,2023-06-30,9.54,A,0.0,,1122435.57
GR-2021-0505,PO-2021-0505,2023-01-11,19.38,A,0.0,,1954969.57
GR-2021-0506,PO-2021-0506,2021-10-04,46.49,B,0.92,Dimensional deviation,5736718.87
GR-2021-0507,PO-2021-0507,2021-03-17,44.09,B,1.12,Dimensional deviation,5640198.39
GR-2021-0508,PO-2021-0508,2021-08-10,17.09,A,0.0,,875895.67
GR-2021-0509,PO-2021-0509,2022-11-02,41.12,B,0.0,,3930090.92
GR-2021-0510,PO-2021-0510,2022-11-26,13.93,A,0.0,,892017.84
GR-2021-0511,PO-2021-0511,2023-01-01,36.29,B,0.0,,1764581.48
GR-2021-0512,PO-2021-0512,2023-05-22,25.06,A,0.0,,1846830.55
GR-2021-0513,PO-2021-0513,2023-02-26,39.59,A,0.0,,3503242.44
GR-2021-0514,PO-2021-0514,2022-04-16,4.57,B,0.0,,499872.4
GR-2021-0515,PO-2021-0515,2021-02-17,47.28,A,0.0,,2408412.38
GR-2021-0516,PO-2021-0516,2023-02-14,27.72,A,0.0,,3124712.41
GR-2021-0517,PO-2021-0517,2022-12-06,22.01,A,0.0,,2080721.02
GR-2021-0518,PO-2021-0518,2023-06-18,5.96,A,0.0,,360081.09
GR-2021-0519,PO-2021-0519,2023-04-28,15.45,B,0.0,,812655.75
GR-2021-0520,PO-2021-0520,2023-10-13,18.52,A,0.0,,1439676.01
GR-2021-0521,PO-2021-0521,2023-09-21,2.26,A,0.0,,130656.05
GR-2021-0522,PO-2021-0522,2021-06-30,15.97,A,0.0,,1205189.91
GR-2021-0523,PO-2021-0523,2022-07-08,19.98,A,0.0,,1455802.53
GR-2021-0524,PO-2021-0524,2023-02-06,3.05,C,0.12,Dimensional deviation,258708.2
GR-2021-0525,PO-2021-0525,2022-04-13,8.36,A,0.0,,817749.04
GR-2021-0526,PO-2021-0526,2021-07-01,21.24,B,0.0,,2165922.61
GR-2021-0527,PO-2021-0527,2021-05-16,21.42,A,0.0,,1831868.61
GR-2021-0528,PO-2021-0528,2022-05-14,4.87,B,0.0,,548889.37
GR-2021-0529,PO-2021-0529,2021-03-26,40.02,A,0.0,,3853684.13
GR-2021-0530,PO-2021-0530,2021-11-05,9.45,A,0.0,,1125297.37
GR-2021-0531,PO-2021-0531,2022-02-11,21.68,B,0.0,,2590881.75
GR-2021-0532,PO-2021-0532,2022-03-06,16.52,B,0.0,,1659210.61
GR-2021-0533,PO-2021-0533,2021-05-28,28.04,A,0.0,,2441778.74
GR-2021-0534,PO-2021-0534,2023-12-14,39.45,A,0.0,,3626978.1
GR-2021-0535,PO-2021-0535,2023-05-24,8.26,A,0.0,,728829.52
GR-2021-0536,PO-2021-0536,2021-08-05,39.16,A,0.0,,4347395.67
GR-2021-0537,PO-2021-0537,2023-05-05,33.03,B,0.0,,2907789.56
GR-2021-0538,PO-2021-0538,2021-04-03,20.05,C,0.25,Dimensional deviation,1971728.7
GR-2021-0539,PO-2021-0539,2023-04-14,43.27,C,0.35,Dimensional deviation,3239755.12
GR-2021-0540,PO-2021-0540,2021-04-29,44.84,A,0.0,,2090960.28
GR-2021-0541,PO-2021-0541,2022-09-29,42.02,A,0.0,,4626249.9
GR-2021-0542,PO-2021-0542,2021-08-07,15.62,A,0.0,,1584250.12
GR-2021-0543,PO-2021-0543,2022-10-30,30.34,A,0.0,,1583981.07
GR-2021-0544,PO-2021-0544,2022-03-12,37.85,A,0.0,,4205697.08
GR-2021-0545,PO-2021-0545,2023-11-29,16.2,A,0.0,,1348906.81
GR-2021-0546,PO-2021-0546,2023-12-14,10.36,A,0.0,,1123058.78
GR-2021-0547,PO-2021-0547,2022-06-08,3.31,B,0.03,Dimensional deviation,260684.22
GR-2021-0548,PO-2021-0548,2022-07-23,25.53,A,0.0,,2385885.31
GR-2021-0549,PO-2021-0549,2021-03-16,24.71,B,0.0,,1957521.11
GR-2021-0550,PO-2021-0550,2023-01-02,41.63,A,0.0,,2707998.55
GR-2021-0551,PO-2021-0551,2021-07-24,19.03,B,0.78,Dimensional deviation,1186565.19
GR-2021-0552,PO-2021-0552,2022-03-25,34.21,A,0.0,,2229851.25
GR-2021-0553,PO-2021-0553,2023-11-24,24.13,A,0.0,,1330797.86
GR-2021-0554,PO-2021-0554,2021-02-02,30.76,B,0.0,,3565498.65
GR-2021-0555,PO-2021-0555,2022-07-24,42.67,A,0.0,,3393823.84
GR-2021-0556,PO-2021-0556,2023-08-21,41.27,A,0.0,,3095410.75
GR-2021-0557,PO-2021-0557,2021-01-23,28.35,A,0.0,,2552584.12
GR-2021-0558,PO-2021-0558,2022-09-20,4.12,A,0.0,,491994.8
GR-2021-0559,PO-2021-0559,2022-11-12,32.82,A,0.0,,3859126.75
GR-2021-0560,PO-2021-0560,2022-09-07,26.15,A,0.0,,1660647.09
GR-2021-0561,PO-2021-0561,2023-04-17,36.0,A,0.0,,3421594.15
GR-2021-0562,PO-2021-0562,2022-07-03,19.85,A,0.0,,954408.07
GR-2021-0563,PO-2021-0563,2022-02-05,34.48,A,0.0,,3216210.0
GR-2021-0564,PO-2021-0564,2023-01-16,42.3,A,0.0,,4584472.4
GR-2021-0565,PO-2021-0565,2022-01-28,23.4,B,0.65,Dimensional deviation,2517521.5
GR-2021-0566,PO-2021-0566,2022-01-19,11.86,A,0.0,,734202.63
GR-2021-0567,PO-2021-0567,2023-05-19,13.69,A,0.0,,923331.24
GR-2021-0568,PO-2021-0568,2023-08-29,24.1,A,0.0,,1438521.67
GR-2021-0569,PO-2021-0569,2023-02-26,21.15,A,0.0,,2343062.78
GR-2021-0570,PO-2021-0570,2021-10-19,20.86,A,0.0,,1846195.93
GR-2021-0571,PO-2021-0571,2021-11-05,39.1,B,0.0,,3195040.5
GR-2021-0572,PO-2021-0572,2022-01-16,1.23,B,0.0,,80582.95
GR-2021-0573,PO-2021-0573,2021-12-20,39.12,B,0.0,,4085446.86
GR-2021-0574,PO-2021-0574,2023-06-12,21.83,A,0.0,,1779326.54
GR-2021-0575,PO-2021-0575,2021-04-05,47.25,B,0.0,,5320867.82
GR-2021-0576,PO-2021-0576,2023-12-31,34.06,A,0.0,,3142771.92
GR-2021-0577,PO-2021-0577,2022-04-21,7.27,B,0.0,,539969.24
GR-2021-0578,PO-2021-0578,2022-09-27,41.36,B,0.0,,2786897.08
GR-2021-0579,PO-2021-0579,2023-07-31,17.49,A,0.0,,1958545.78
GR-2021-0580,PO-2021-0580,2022-12-20,37.73,B,0.0,,2166149.98
GR-2021-0581,PO-2021-0581,2023-04-13,11.98,B,0.0,,1425202.86
GR-2021-0582,PO-2021-0582,2021-03-03,6.99,A,0.0,,691282.82
GR-2021-0583,PO-2021-0583,2021-03-31,38.77,B,0.0,,3558404.92
GR-2021-0584,PO-2021-0584,2021-04-20,3.35,A,0.0,,180379.05
GR-2021-0585,PO-2021-0585,2023-02-24,13.26,A,0.0,,1306424.81
GR-2021-0586,PO-2021-0586,2021-01-28,33.36,A,0.0,,3164413.47
GR-2021-0587,PO-2021-0587,2021-10-18,26.03,A,0.0,,2380904.01
GR-2021-0588,PO-2021-0588,2021-09-01,10.7,B,0.0,,643598.28
GR-2021-0589,PO-2021-0589,2023-12-12,35.26,A,0.0,,2381858.03
GR-2021-0590,PO-2021-0590,2023-10-27,17.2,A,0.0,,777532.02
GR-2021-0591,PO-2021-0591,2021-07-13,8.31,A,0.0,,430094.02
GR-2021-0592,PO-2021-0592,2021-06-12,32.54,A,0.0,,2581378.99
GR-2021-0593,PO-2021-0593,2022-06-28,5.87,B,0.0,,342224.55
GR-2021-0594,PO-2021-0594,2022-09-06,21.68,B,0.0,,1174256.72
GR-2021-0595,PO-2021-0595,2021-04-15,33.19,A,0.0,,1935912.07
GR-2021-0596,PO-2021-0596,2023-06-21,19.1,A,0.0,,1361762.89
GR-2021-0597,PO-2021-0597,2023-04-13,14.31,A,0.0,,1058658.41
GR-2021-0598,PO-2021-0598,2023-05-21,7.46,A,0.0,,745111.42
GR-2021-0599,PO-2021-0599,2021-08-07,39.93,B,0.0,,3864902.24
GR-2021-0600,PO-2021-0600,2023-03-05,43.08,A,0.0,,4802808.6
GR-2021-0601,PO-2021-0601,2021-09-30,6.49,B,0.0,,495276.47
GR-2021-0602,PO-2021-0602,2021-05-21,1.6,A,0.0,,177301.12
GR-2021-0603,PO-2021-0603,2022-04-11,26.63,B,0.0,,2597583.67
GR-2021-0604,PO-2021-0604,2023-06-16,17.76,A,0.0,,1717255.73
GR-2021-0605,PO-2021-0605,2021-11-13,32.36,A,0.0,,1846713.46
GR-2021-0606,PO-2021-0606,2023-10-24,37.77,A,0.0,,2611377.96
GR-2021-0607,PO-2021-0607,2022-08-02,11.8,A,0.0,,1110593.21
GR-2021-0608,PO-2021-0608,2022-05-01,22.67,A,0.0,,2003250.41
GR-2021-0609,PO-2021-0609,2023-11-03,6.81,A,0.0,,561306.46
GR-2021-0610,PO-2021-0610,2021-02-09,21.17,B,0.0,,1839838.4
GR-2021-0611,PO-2021-0611,2021-07-17,28.32,A,0.0,,2686403.69
GR-2021-0612,PO-2021-0612,2022-12-09,40.76,B,0.0,,4442359.45
GR-2021-0613,PO-2021-0613,2023-09-05,6.53,B,0.0,,671843.91
GR-2021-0614,PO-2021-0614,2021-01-13,41.36,A,0.0,,4888073.2
GR-2021-0615,PO-2021-0615,2023-12-11,3.21,B,0.0,,185689.75
GR-2021-0616,PO-2021-0616,2023-04-29,30.62,A,0.0,,1826903.96
GR-2021-0617,PO-2021-0617,2022-03-29,35.9,A,0.0,,1917337.37
GR-2021-0618,PO-2021-0618,2021-04-17,23.35,B,0.0,,2088141.8
GR-2021-0619,PO-2021-0619,2021-10-15,26.88,B,0.0,,1312871.06
GR-2021-0620,PO-2021-0620,2023-09-23,34.71,B,0.0,,2025029.57
GR-2021-0621,PO-2021-0621,2021-08-15,25.62,A,0.0,,1897937.29
GR-2021-0622,PO-2021-0622,2022-06-04,47.84,B,0.0,,5679682.87
GR-2021-0623,PO-2021-0623,2021-10-15,30.44,B,0.0,,3402453.84
GR-2021-0624,PO-2021-0624,2022-09-19,31.96,A,0.0,,1922133.76
GR-2021-0625,PO-2021-0625,2022-08-26,48.96,B,0.0,,4602505.6
GR-2021-0626,PO-2021-0626,2023-11-13,38.09,A,0.0,,3336906.65
GR-2021-0627,PO-2021-0627,2023-05-16,38.87,B,1.12,Dimensional deviation,3556337.09
GR-2021-0628,PO-2021-0628,2023-03-08,33.52,B,0.0,,2030152.29
GR-2021-0629,PO-2021-0629,2021-12-18,7.76,C,0.09,Dimensional deviation,421887.04
GR-2021-0630,PO-2021-0630,2022-09-03,2.57,B,0.0,,273614.08
GR-2021-0631,PO-2021-0631,2022-04-21,25.98,A,0.0,,2728016.02
GR-2021-0632,PO-2021-0632,2022-08-29,19.93,B,0.0,,2333885.47
GR-2021-0633,PO-2021-0633,2022-10-20,37.39,A,0.0,,2255068.86
GR-2021-0634,PO-2021-0634,2023-07-11,37.66,A,0.0,,3267853.32
GR-2021-0635,PO-2021-0635,2022-02-14,22.85,A,0.0,,2730269.41
GR-2021-0636,PO-2021-0636,2022-01-28,6.59,B,0.25,Dimensional deviation,342290.87
GR-2021-0637,PO-2021-0637,2022-07-06,29.52,A,0.0,,1899418.34
GR-2021-0638,PO-2021-0638,2023-08-20,8.52,B,0.0,,590252.54
GR-2021-0639,PO-2021-0639,2022-09-17,18.49,A,0.0,,1925533.78
GR-2021-0640,PO-2021-0640,2023-12-20,26.31,B,0.0,,2756228.0
GR-2021-0641,PO-2021-0641,2023-05-16,18.11,B,0.0,,2015936.25
GR-2021-0642,PO-2021-0642,2022-11-25,15.38,B,0.0,,1789443.32
GR-2021-0643,PO-2021-0643,2023-12-26,41.14,B,0.0,,4904675.19
GR-2021-0644,PO-2021-0644,2021-09-07,12.7,A,0.0,,1190710.43
GR-2021-0645,PO-2021-0645,2022-05-25,19.15,B,0.88,Dimensional deviation,2144321.93
GR-2021-0646,PO-2021-0646,2023-03-15,36.26,B,0.0,,1708726.36
GR-2021-0647,PO-2021-0647,2023-02-20,22.69,B,0.0,,1102434.9
GR-2021-0648,PO-2021-0648,2022-02-16,5.03,A,0.0,,262549.55
GR-2021-0649,PO-2021-0649,2024-01-06,11.29,A,0.0,,1044779.97
GR-2021-0650,PO-2021-0650,2023-06-03,27.09,A,0.0,,2672251.17
GR-2021-0651,PO-2021-0651,2023-06-14,2.16,A,0.0,,213332.66
GR-2021-0652,PO-2021-0652,2021-07-06,9.72,A,0.0,,621040.93
GR-2021-0653,PO-2021-0653,2022-04-22,19.87,A,0.0,,1846248.46
GR-2021-0654,PO-2021-0654,2022-10-23,33.82,B,0.0,,2892976.59
GR-2021-0655,PO-2021-0655,2021-05-22,17.93,B,0.13,Dimensional deviation,1593974.32
GR-2021-0656,PO-2021-0656,2022-09-21,38.22,A,0.0,,2996289.84
GR-2021-0657,PO-2021-0657,2021-03-15,26.98,B,0.0,,1498904.48
GR-2021-0658,PO-2021-0658,2022-09-14,33.89,B,0.0,,3882707.69
GR-2021-0659,PO-2021-0659,2023-02-09,43.72,A,0.0,,2438749.33
GR-2021-0660,PO-2021-0660,2021-01-18,27.61,A,0.0,,1430030.91
GR-2021-0661,PO-2021-0661,2022-12-14,45.07,A,0.0,,4940040.03
GR-2021-0662,PO-2021-0662,2021-12-03,29.96,B,1.01,Dimensional deviation,2077227.85
GR-2021-0663,PO-2021-0663,2022-01-14,23.43,A,0.0,,2034906.46
GR-2021-0664,PO-2021-0664,2021-05-27,10.59,B,0.0,,944771.63
GR-2021-0665,PO-2021-0665,2023-01-08,5.85,A,0.0,,539635.71
GR-2021-0666,PO-2021-0666,2022-10-28,16.96,A,0.0,,1614264.49
GR-2021-0667,PO-2021-0667,2021-11-17,47.63,B,0.0,,2765372.64
GR-2021-0668,PO-2021-0668,2022-06-04,14.54,B,0.0,,1047758.71
GR-2021-0669,PO-2021-0669,2022-11-22,22.75,A,0.0,,2352913.61
GR-2021-0670,PO-2021-0670,2021-08-20,41.02,B,2.02,Dimensional deviation,4807191.06
GR-2021-0671,PO-2021-0671,2022-02-19,36.29,A,0.0,,4100305.09
GR-2021-0672,PO-2021-0672,2021-03-16,45.17,A,0.0,,3922041.27
GR-2021-0673,PO-2021-0673,2023-09-07,20.11,A,0.0,,2262883.7
GR-2021-0674,PO-2021-0674,2022-08-29,25.54,A,0.0,,1323792.02
GR-2021-0675,PO-2021-0675,2023-11-09,42.46,A,0.0,,4488620.77
GR-2021-0676,PO-2021-0676,2021-12-18,22.81,A,0.0,,1335844.45
GR-2021-0677,PO-2021-0677,2021-11-03,2.98,B,0.0,,304289.08
GR-2021-0678,PO-2021-0678,2021-05-20,12.46,A,0.0,,1186444.68
GR-2021-0679,PO-2021-0679,2023-01-16,45.83,A,0.0,,5109132.07
GR-2021-0680,PO-2021-0680,2022-11-12,31.82,A,0.0,,2099009.29
GR-2021-0681,PO-2021-0681,2022-07-09,32.28,B,0.27,Dimensional deviation,2486932.74
GR-2021-0682,PO-2021-0682,2021-06-21,19.37,B,0.0,,2197559.42
GR-2021-0683,PO-2021-0683,2023-04-24,24.7,A,0.0,,2017594.34
GR-2021-0684,PO-2021-0684,2021-01-27,22.43,B,0.0,,1404344.43
GR-2021-0685,PO-2021-0685,2022-08-15,10.08,A,0.0,,733213.88
GR-2021-0686,PO-2021-0686,2021-09-12,40.49,A,0.0,,4035031.18
GR-2021-0687,PO-2021-0687,2023-09-19,29.82,A,0.0,,2801655.98
GR-2021-0688,PO-2021-0688,2021-02-21,7.27,A,0.0,,650127.53
GR-2021-0689,PO-2021-0689,2023-11-26,3.55,C,0.09,Dimensional deviation,250371.5
GR-2021-0690,PO-2021-0690,2023-12-04,44.02,A,0.0,,4387294.98
GR-2021-0691,PO-2021-0691,2021-07-06,30.61,A,0.0,,2468536.63
GR-2021-0692,PO-2021-0692,2022-01-03,30.4,A,0.0,,3183908.63
GR-2021-0693,PO-2021-0693,2022-01-18,9.15,A,0.0,,888986.31
GR-2021-0694,PO-2021-0694,2021-05-27,19.7,A,0.0,,1057009.5
GR-2021-0695,PO-2021-0695,2023-12-13,41.25,A,0.0,,3752153.2
GR-2021-0696,PO-2021-0696,2023-09-17,25.06,B,0.71,Dimensional deviation,1436094.74
GR-2021-0697,PO-2021-0697,2021-09-28,26.35,B,0.0,,1934447.48
GR-2021-0698,PO-2021-0698,2024-01-09,46.69,A,0.0,,3812862.03
GR-2021-0699,PO-2021-0699,2023-03-07,21.72,A,0.0,,1400341.37
GR-2021-0700,PO-2021-0700,2022-04-29,30.15,A,0.0,,2600844.45
GR-2021-0701,PO-2021-0701,2022-01-26,29.3,A,0.0,,1578505.24
GR-2021-0702,PO-2021-0702,2023-02-19,20.96,A,0.0,,1114458.35
GR-2021-0703,PO-2021-0703,2022-06-11,21.54,B,0.0,,1575206.99
GR-2021-0704,PO-2021-0704,2023-03-31,27.84,B,0.0,,2435222.46
GR-2021-0705,PO-2021-0705,2023-02-13,49.17,B,0.0,,4366730.65
GR-2021-0706,PO-2021-0706,2023-04-13,37.6,A,0.0,,2954537.5
GR-2021-0707,PO-2021-0707,2021-12-16,25.7,A,0.0,,2693502.03
GR-2021-0708,PO-2021-0708,2021-04-22,48.11,B,0.0,,2190849.57
GR-2021-0709,PO-2021-0709,2021-11-03,5.3,B,0.0,,344373.71
GR-2021-0710,PO-2021-0710,2021-07-03,45.1,B,1.3,Dimensional deviation,3637143.98
GR-2021-0711,PO-2021-0711,2023-12-19,44.98,B,0.76,Dimensional deviation,5244222.95
GR-2021-0712,PO-2021-0712,2023-10-28,10.78,A,0.0,,1025617.56
GR-2021-0713,PO-2021-0713,2023-12-11,2.59,B,0.12,Dimensional deviation,247939.72
GR-2021-0714,PO-2021-0714,2022-04-26,18.54,B,0.0,,1753575.39
GR-2021-0715,PO-2021-0715,2021-07-12,18.2,A,0.0,,1365833.86
GR-2021-0716,PO-2021-0716,2022-02-20,36.91,A,0.0,,1860928.82
GR-2021-0717,PO-2021-0717,2022-08-20,47.86,B,0.0,,3168575.94
GR-2021-0718,PO-2021-0718,2022-02-14,29.02,B,0.0,,1883887.86
GR-2021-0719,PO-2021-0719,2023-11-10,4.54,B,0.0,,305163.45
GR-2021-0720,PO-2021-0720,2023-12-03,40.46,A,0.0,,3598699.91
GR-2021-0721,PO-2021-0721,2023-07-12,38.4,B,0.0,,3943120.66
GR-2021-0722,PO-2021-0722,2023-08-07,24.61,A,0.0,,1583964.14
GR-2021-0723,PO-2021-0723,2022-04-11,21.2,B,0.0,,1516137.89
GR-2021-0724,PO-2021-0724,2021-02-03,15.07,A,0.0,,1129790.58
GR-2021-0725,PO-2021-0725,2022-12-13,46.5,A,0.0,,3765791.02
GR-2021-0726,PO-2021-0726,2022-04-01,47.0,A,0.0,,4562408.9
GR-2021-0727,PO-2021-0727,2023-10-28,36.82,B,0.0,,4091278.76
GR-2021-0728,PO-2021-0728,2022-05-03,41.9,A,0.0,,3010052.06
GR-2021-0729,PO-2021-0729,2021-08-22,34.07,A,0.0,,3232154.79
GR-2021-0730,PO-2021-0730,2021-01-29,18.63,B,0.24,Dimensional deviation,1370214.36
GR-2021-0731,PO-2021-0731,2022-07-25,48.93,A,0.0,,5598613.11
GR-2021-0732,PO-2021-0732,2023-04-08,3.63,B,0.0,,383050.13
GR-2021-0733,PO-2021-0733,2021-03-15,20.18,B,0.0,,1957485.87
GR-2021-0734,PO-2021-0734,2023-07-31,23.31,A,0.0,,2276101.2
GR-2021-0735,PO-2021-0735,2022-03-17,16.85,A,0.0,,1541744.2
GR-2021-0736,PO-2021-0736,2022-01-30,14.12,A,0.0,,1659831.04
GR-2021-0737,PO-2021-0737,2023-02-06,20.77,C,0.64,Dimensional deviation,1730480.97
GR-2021-0738,PO-2021-0738,2023-02-10,14.69,A,0.0,,859827.84
GR-2021-0739,PO-2021-0739,2022-04-25,40.06,B,0.0,,3500680.2
GR-2021-0740,PO-2021-0740,2022-02-15,24.13,A,0.0,,1105767.6
GR-2021-0741,PO-2021-0741,2023-11-01,27.14,B,0.0,,1866023.1
GR-2021-0742,PO-2021-0742,2022-09-11,42.94,A,0.0,,2092263.07
GR-2021-0743,PO-2021-0743,2021-12-16,40.52,A,0.0,,3300670.0
GR-2021-0744,PO-2021-0744,2021-07-28,13.64,A,0.0,,988875.65
GR-2021-0745,PO-2021-0745,2022-06-25,21.1,A,0.0,,1510807.31
GR-2021-0746,PO-2021-0746,2022-02-26,17.69,C,0.63,Dimensional deviation,1827286.34
GR-2021-0747,PO-2021-0747,2023-07-10,31.01,A,0.0,,2478808.41
GR-2021-0748,PO-2021-0748,2021-12-17,31.73,A,0.0,,2805779.14
GR-2021-0749,PO-2021-0749,2021-06-21,12.14,A,0.0,,837568.3
GR-2021-0750,PO-2021-0750,2022-07-13,44.31,A,0.0,,4609000.73
GR-2021-0751,PO-2021-0751,2023-12-08,9.19,A,0.0,,1003406.19
GR-2021-0752,PO-2021-0752,2022-05-01,11.27,A,0.0,,846491.71
GR-2021-0753,PO-2021-0753,2021-05-23,3.64,B,0.0,,374264.91
GR-2021-0754,PO-2021-0754,2021-07-01,31.0,A,0.0,,1605907.31
GR-2021-0755,PO-2021-0755,2022-10-01,36.8,B,0.0,,2905723.29
GR-2021-0756,PO-2021-0756,2021-10-04,2.4,B,0.0,,227438.86
GR-2021-0757,PO-2021-0757,2023-09-10,46.6,B,0.0,,4032255.53
GR-2021-0758,PO-2021-0758,2022-01-08,26.38,B,0.0,,2477507.12
GR-2021-0759,PO-2021-0759,2022-12-20,12.07,B,0.0,,627321.75
GR-2021-0760,PO-2021-0760,2023-02-03,8.59,A,0.0,,395182.28
GR-2021-0761,PO-2021-0761,2021-10-19,23.79,A,0.0,,1094514.48
GR-2021-0762,PO-2021-0762,2023-09-20,38.39,B,0.0,,4039768.78
GR-2021-0763,PO-2021-0763,2022-04-30,19.21,A,0.0,,1465246.47
GR-2021-0764,PO-2021-0764,2023-06-24,8.94,A,0.0,,902554.56
GR-2021-0765,PO-2021-0765,2023-02-28,4.88,B,0.0,,448468.24
GR-2021-0766,PO-2021-0766,2022-07-22,39.14,C,0.74,Dimensional deviation,3210034.1
GR-2021-0767,PO-2021-0767,2022-01-20,6.39,A,0.0,,507356.18
GR-2021-0768,PO-2021-0768,2022-07-26,16.56,A,0.0,,942631.15
GR-2021-0769,PO-2021-0769,2021-02-27,14.12,C,0.65,Dimensional deviation,838116.35
GR-2021-0770,PO-2021-0770,2021-01-25,8.3,A,0.0,,687314.78
GR-2021-0771,PO-2021-0771,2023-05-26,49.81,A,0.0,,3980839.37
GR-2021-0772,PO-2021-0772,2021-03-11,41.92,A,0.0,,4926081.79
GR-2021-0773,PO-2021-0773,2022-07-07,27.45,A,0.0,,1619092.13
GR-2021-0774,PO-2021-0774,2023-03-04,48.6,B,0.0,,4807794.02
GR-2021-0775,PO-2021-0775,2023-07-04,10.67,B,0.0,,1077605.5
GR-2021-0776,PO-2021-0776,2023-12-13,20.01,B,0.0,,2350017.17
GR-2021-0777,PO-2021-0777,2021-12-06,25.27,B,1.25,Dimensional deviation,1765794.09
GR-2021-0778,PO-2021-0778,2022-09-13,44.21,B,0.0,,4883859.5
GR-2021-0779,PO-2021-0779,2021-08-30,16.78,A,0.0,,972629.31
GR-2021-0780,PO-2021-0780,2021-09-20,1.43,B,0.0,,69335.28
GR-2021-0781,PO-2021-0781,2023-09-14,38.51,B,0.0,,2467872.17
GR-2021-0782,PO-2021-0782,2021-07-24,3.92,A,0.0,,366838.46
GR-2021-0783,PO-2021-0783,2021-08-24,12.32,A,0.0,,1470958.43
GR-2021-0784,PO-2021-0784,2022-12-29,2.04,A,0.0,,150331.97
GR-2021-0785,PO-2021-0785,2021-10-10,24.6,A,0.0,,1928193.75
GR-2021-0786,PO-2021-0786,2023-10-13,27.39,B,0.0,,1914790.57
GR-2021-0787,PO-2021-0787,2022-07-26,26.88,A,0.0,,2127363.98
GR-2021-0788,PO-2021-0788,2023-02-07,38.67,A,0.0,,3236585.31
GR-2021-0789,PO-2021-0789,2022-01-30,38.81,B,0.0,,2454708.79
GR-2021-0790,PO-2021-0790,2021-05-22,26.64,A,0.0,,2196195.95
GR-2021-0791,PO-2021-0791,2021-11-23,20.39,C,0.8,Dimensional deviation,1516028.91
GR-2021-0792,PO-2021-0792,2023-12-14,41.66,A,0.0,,2294410.29
GR-2021-0793,PO-2021-0793,2022-03-06,10.37,A,0.0,,492343.55
GR-2021-0794,PO-2021-0794,2023-03-12,31.36,A,0.0,,2818335.03
GR-2021-0795,PO-2021-0795,2023-02-06,1.63,B,0.0,,187087.33
GR-2021-0796,PO-2021-0796,2023-10-15,40.17,B,0.0,,1994488.53
GR-2021-0797,PO-2021-0797,2023-05-07,41.2,A,0.0,,2685759.99
GR-2021-0798,PO-2021-0798,2021-05-29,46.95,B,0.0,,5535011.23
GR-2021-0799,PO-2021-0799,2021-08-09,19.78,A,0.0,,1182541.12
GR-2021-0800,PO-2021-0800,2022-06-04,36.28,B,0.51,Dimensional deviation,2986043.72
GR-2021-0801,PO-2021-0801,2023-01-11,44.01,A,0.0,,2545423.58
GR-2021-0802,PO-2021-0802,2023-04-17,32.9,B,0.0,,2825113.18
GR-2021-0803,PO-2021-0803,2023-07-08,27.73,A,0.0,,3347397.37
GR-2021-0804,PO-2021-0804,2023-05-03,30.74,A,0.0,,2687736.54
GR-2021-0805,PO-2021-0805,2023-02-18,48.11,B,0.0,,3780426.54
GR-2021-0806,PO-2021-0806,2021-01-10,29.5,B,0.13,Dimensional deviation,2631768.87
GR-2021-0807,PO-2021-0807,2021-01-31,11.51,A,0.0,,791163.81
GR-2021-0808,PO-2021-0808,2022-07-26,28.79,A,0.0,,2544740.97
GR-2021-0809,PO-2021-0809,2021-04-02,8.62,A,0.0,,561161.05
GR-2021-0810,PO-2021-0810,2022-06-05,40.43,B,0.0,,2114115.93
GR-2021-0811,PO-2021-0811,2022-04-08,39.5,B,0.0,,2310012.45
GR-2021-0812,PO-2021-0812,2021-07-20,36.46,B,0.0,,3247425.32
GR-2021-0813,PO-2021-0813,2021-05-02,43.99,A,0.0,,3421737.53
GR-2021-0814,PO-2021-0814,2022-04-20,3.64,B,0.0,,307799.94
GR-2021-0815,PO-2021-0815,2021-11-16,35.15,A,0.0,,1987876.41
GR-2021-0816,PO-2021-0816,2023-04-01,5.36,A,0.0,,418707.92
GR-2021-0817,PO-2021-0817,2023-04-04,17.32,B,0.0,,1409638.58
GR-2021-0818,PO-2021-0818,2021-04-29,5.15,A,0.0,,427231.89
GR-2021-0819,PO-2021-0819,2021-10-08,28.22,A,0.0,,2317959.97
GR-2021-0820,PO-2021-0820,2022-02-17,12.81,A,0.0,,836154.63
GR-2021-0821,PO-2021-0821,2022-11-05,33.89,B,0.0,,2603887.46
GR-2021-0822,PO-2021-0822,2022-02-02,30.02,A,0.0,,1409146.85
GR-2021-0823,PO-2021-0823,2021-12-19,31.49,A,0.0,,2461216.33
GR-2021-0824,PO-2021-0824,2022-02-20,38.12,A,0.0,,4154542.23
GR-2021-0825,PO-2021-0825,2021-04-27,43.33,A,0.0,,4640642.88
GR-2021-0826,PO-2021-0826,2022-12-11,22.89,B,0.0,,1076575.84
GR-2021-0827,PO-2021-0827,2022-03-21,26.62,A,0.0,,1715598.68
GR-2021-0828,PO-2021-0828,2021-10-23,29.49,A,0.0,,2802190.11
GR-2021-0829,PO-2021-0829,2022-06-23,14.92,A,0.0,,1554501.97
GR-2021-0830,PO-2021-0830,2022-07-19,32.84,A,0.0,,1509276.98
GR-2021-0831,PO-2021-0831,2022-07-26,1.91,A,0.0,,212407.66
GR-2021-0832,PO-2021-0832,2023-03-11,25.87,A,0.0,,2546035.03
GR-2021-0833,PO-2021-0833,2023-10-02,10.7,A,0.0,,1262050.42
GR-2021-0834,PO-2021-0834,2021-03-01,45.08,C,1.89,Dimensional deviation,3260291.13
GR-2021-0835,PO-2021-0835,2023-04-02,17.92,B,0.0,,1284368.71
GR-2021-0836,PO-2021-0836,2022-09-22,14.51,A,0.0,,720928.6
GR-2021-0837,PO-2021-0837,2023-03-14,47.17,B,0.0,,2941757.44
GR-2021-0838,PO-2021-0838,2023-03-31,36.72,A,0.0,,3089819.16
GR-2021-0839,PO-2021-0839,2022-04-18,28.85,A,0.0,,2237950.17
GR-2021-0840,PO-2021-0840,2022-11-18,7.45,A,0.0,,700758.46
GR-2021-0841,PO-2021-0841,2022-02-25,34.54,A,0.0,,3904714.86
GR-2021-0842,PO-2021-0842,2023-06-16,16.55,A,0.0,,1437416.61
GR-2021-0843,PO-2021-0843,2021-09-10,40.61,B,1.35,Dimensional deviation,2450473.87
GR-2021-0844,PO-2021-0844,2022-10-29,15.74,A,0.0,,1600602.78
GR-2021-0845,PO-2021-0845,2022-07-30,6.17,A,0.0,,366672.82
GR-2021-0846,PO-2021-0846,2022-07-07,12.28,A,0.0,,578032.55
GR-2021-0847,PO-2021-0847,2023-09-18,42.21,B,0.0,,3403477.26
GR-2021-0848,PO-2021-0848,2023-02-16,23.92,B,1.06,Dimensional deviation,1442751.83
GR-2021-0849,PO-2021-0849,2022-04-22,37.46,B,0.25,Dimensional deviation,1844968.89
GR-2021-0850,PO-2021-0850,2023-05-07,38.08,A,0.0,,1904983.19
GR-2021-0851,PO-2021-0851,2023-10-19,44.06,A,0.0,,3428696.59
GR-2021-0852,PO-2021-0852,2021-04-10,20.23,B,0.0,,2344493.58
GR-2021-0853,PO-2021-0853,2023-12-23,6.1,B,0.07,Dimensional deviation,524307.14
GR-2021-0854,PO-2021-0854,2022-05-30,20.2,A,0.0,,2040807.55
GR-2021-0855,PO-2021-0855,2023-03-15,10.26,A,0.0,,803055.36
GR-2021-0856,PO-2021-0856,2022-08-13,21.54,A,0.0,,1974376.02
GR-2021-0857,PO-2021-0857,2023-12-12,41.64,A,0.0,,3286030.82
GR-2021-0858,PO-2021-0858,2023-11-09,38.79,A,0.0,,4516643.13
GR-2021-0859,PO-2021-0859,2021-10-16,16.73,A,0.0,,789732.71
GR-2021-0860,PO-2021-0860,2022-03-06,13.17,A,0.0,,1283644.23
GR-2021-0861,PO-2021-0861,2021-12-10,6.53,A,0.0,,518665.16
GR-2021-0862,PO-2021-0862,2021-07-07,36.45,A,0.0,,4326263.36
GR-2021-0863,PO-2021-0863,2021-12-05,19.56,A,0.0,,2016473.57
GR-2021-0864,PO-2021-0864,2021-11-16,9.72,A,0.0,,960418.75
GR-2021-0865,PO-2021-0865,2022-10-01,15.06,A,0.0,,887065.83
GR-2021-0866,PO-2021-0866,2022-03-04,1.59,B,0.0,,131715.31
GR-2021-0867,PO-2021-0867,2021-01-24,11.57,A,0.0,,1098573.29
GR-2021-0868,PO-2021-0868,2023-05-02,30.26,A,0.0,,1385716.17
GR-2021-0869,PO-2021-0869,2022-08-03,9.97,A,0.0,,494245.79
GR-2021-0870,PO-2021-0870,2021-03-25,33.55,B,0.0,,3632424.37
GR-2021-0871,PO-2021-0871,2022-11-16,6.3,A,0.0,,757821.09
GR-2021-0872,PO-2021-0872,2022-08-16,36.43,B,0.98,Dimensional deviation,2825028.46
GR-2021-0873,PO-2021-0873,2021-07-14,19.04,A,0.0,,1399393.78
GR-2021-0874,PO-2021-0874,2023-06-04,23.92,B,0.0,,1303432.38
GR-2021-0875,PO-2021-0875,2022-11-20,26.49,B,0.0,,2595870.38
GR-2021-0876,PO-2021-0876,2021-05-15,49.37,B,0.0,,4012532.93
GR-2021-0877,PO-2021-0877,2022-08-26,13.64,A,0.0,,1209221.8
GR-2021-0878,PO-2021-0878,2023-01-07,26.25,A,0.0,,2445545.3
GR-2021-0879,PO-2021-0879,2022-01-07,48.82,B,0.0,,2209907.56
GR-2021-0880,PO-2021-0880,2023-08-21,40.11,B,0.0,,4818547.53
GR-2021-0881,PO-2021-0881,2021-04-10,28.2,B,0.0,,2641451.43
GR-2021-0882,PO-2021-0882,2022-03-03,38.62,B,1.77,Dimensional deviation,2812424.65
GR-2021-0883,PO-2021-0883,2022-11-12,34.59,B,0.0,,2443539.37
GR-2021-0884,PO-2021-0884,2021-03-18,16.41,C,0.36,Dimensional deviation,1258336.0
GR-2021-0885,PO-2021-0885,2023-09-25,32.49,A,0.0,,2647500.9
GR-2021-0886,PO-2021-0886,2023-08-19,39.4,B,0.0,,2997752.24
GR-2021-0887,PO-2021-0887,2021-05-08,28.45,A,0.0,,2749403.04
GR-2021-0888,PO-2021-0888,2021-02-19,40.08,A,0.0,,4484176.8
GR-2021-0889,PO-2021-0889,2021-05-26,41.84,B,0.0,,2972417.35
GR-2021-0890,PO-2021-0890,2024-01-18,10.12,A,0.0,,547310.9
GR-2021-0891,PO-2021-0891,2022-10-02,14.22,A,0.0,,736590.57
GR-2021-0892,PO-2021-0892,2023-02-05,11.52,B,0.0,,784340.15
GR-2021-0893,PO-2021-0893,2023-02-17,43.77,B,1.4,Dimensional deviation,3724707.89
GR-2021-0894,PO-2021-0894,2023-10-02,10.27,A,0.0,,1179294.88
GR-2021-0895,PO-2021-0895,2023-12-23,7.95,B,0.0,,885287.06
GR-2021-0896,PO-2021-0896,2021-10-11,23.48,A,0.0,,2316341.56
GR-2021-0897,PO-2021-0897,2021-09-10,46.51,A,0.0,,4505969.99
GR-2021-0898,PO-2021-0898,2021-07-13,44.24,A,0.0,,2350296.88
GR-2021-0899,PO-2021-0899,2022-10-10,32.15,B,0.0,,1961851.29
GR-2021-0900,PO-2021-0900,2022-02-15,25.78,B,0.16,Dimensional deviation,2899655.72
GR-2021-0901,PO-2021-0901,2021-09-11,8.7,B,0.0,,467257.1
GR-2021-0902,PO-2021-0902,2023-11-27,27.35,A,0.0,,2377462.74
GR-2021-0903,PO-2021-0903,2021-10-27,9.01,B,0.07,Dimensional deviation,667511.16
GR-2021-0904,PO-2021-0904,2023-07-01,2.41,A,0.0,,272847.57
GR-2021-0905,PO-2021-0905,2021-08-21,5.19,A,0.0,,388335.43
GR-2021-0906,PO-2021-0906,2023-07-21,17.2,B,0.0,,1034398.77
GR-2021-0907,PO-2021-0907,2024-01-14,28.81,A,0.0,,1497738.22
GR-2021-0908,PO-2021-0908,2023-09-05,16.15,A,0.0,,1512901.99
GR-2021-0909,PO-2021-0909,2023-08-24,47.0,A,0.0,,2645046.34
GR-2021-0910,PO-2021-0910,2022-06-21,9.92,B,0.0,,1135672.4
GR-2021-0911,PO-2021-0911,2022-11-08,2.47,A,0.0,,200012.2
GR-2021-0912,PO-2021-0912,2023-09-23,14.81,A,0.0,,1055097.55
GR-2021-0913,PO-2021-0913,2021-09-23,20.78,A,0.0,,2058151.62
GR-2021-0914,PO-2021-0914,2022-11-11,26.99,A,0.0,,2034159.6
GR-2021-0915,PO-2021-0915,2022-05-10,8.75,A,0.0,,713555.5
GR-2021-0916,PO-2021-0916,2022-12-17,39.23,A,0.0,,3061799.83
GR-2021-0917,PO-2021-0917,2022-12-17,33.2,A,0.0,,1701684.42
GR-2021-0918,PO-2021-0918,2023-10-04,16.93,A,0.0,,886369.24
GR-2021-0919,PO-2021-0919,2022-01-10,4.39,A,0.0,,234417.3
GR-2021-0920,PO-2021-0920,2023-02-24,32.45,B,0.0,,1617324.14
GR-2021-0921,PO-2021-0921,2021-10-22,33.06,B,0.0,,2636121.41
GR-2021-0922,PO-2021-0922,2023-03-20,11.07,A,0.0,,1227740.45
GR-2021-0923,PO-2021-0923,2022-09-30,49.49,B,0.0,,4392647.83
GR-2021-0924,PO-2021-0924,2023-11-25,42.75,A,0.0,,2124847.39
GR-2021-0925,PO-2021-0925,2021-04-28,40.82,A,0.0,,2965504.89
GR-2021-0926,PO-2021-0926,2021-03-13,35.28,B,0.0,,2640527.95
GR-2021-0927,PO-2021-0927,2023-03-02,22.14,A,0.0,,1357975.81
GR-2021-0928,PO-2021-0928,2023-09-09,28.2,A,0.0,,3054803.15
GR-2021-0929,PO-2021-0929,2023-05-11,49.81,A,0.0,,4751317.4
GR-2021-0930,PO-2021-0930,2021-02-06,8.04,A,0.0,,897615.2
GR-2021-0931,PO-2021-0931,2023-06-27,7.65,A,0.0,,814040.19
GR-2021-0932,PO-2021-0932,2023-06-07,24.84,C,0.44,Dimensional deviation,2332763.0
GR-2021-0933,PO-2021-0933,2023-03-11,10.03,B,0.0,,912464.2
GR-2021-0934,PO-2021-0934,2023-10-30,14.05,B,0.0,,1624646.16
GR-2021-0935,PO-2021-0935,2023-01-28,27.71,B,0.3,Dimensional deviation,2935359.43
GR-2021-0936,PO-2021-0936,2023-10-01,36.72,A,0.0,,3107196.47
GR-2021-0937,PO-2021-0937,2022-08-02,4.8,A,0.0,,539721.88
GR-2021-0938,PO-2021-0938,2022-05-31,34.39,A,0.0,,2949381.55
GR-2021-0939,PO-2021-0939,2022-10-15,26.99,A,0.0,,1246914.45
GR-2021-0940,PO-2021-0940,2023-12-01,21.63,A,0.0,,2531653.07
GR-2021-0941,PO-2021-0941,2022-09-16,2.63,B,0.08,Dimensional deviation,324278.76
GR-2021-0942,PO-2021-0942,2022-09-29,31.63,A,0.0,,2813400.87
GR-2021-0943,PO-2021-0943,2021-05-03,14.45,B,0.41,Dimensional deviation,801198.64
GR-2021-0944,PO-2021-0944,2021-06-14,7.48,A,0.0,,494885.95
GR-2021-0945,PO-2021-0945,2021-02-13,45.46,A,0.0,,4579267.82
GR-2021-0946,PO-2021-0946,2023-07-15,13.74,B,0.0,,1346302.06
GR-2021-0947,PO-2021-0947,2022-01-11,17.7,A,0.0,,913675.96
GR-2021-0948,PO-2021-0948,2021-11-24,38.7,A,0.0,,2435284.82
GR-2021-0949,PO-2021-0949,2021-12-13,3.64,B,0.0,,237276.56
GR-2021-0950,PO-2021-0950,2021-05-04,20.53,B,0.0,,1388555.97
GR-2021-0951,PO-2021-0951,2024-01-05,34.19,B,0.0,,2561064.95
GR-2021-0952,PO-2021-0952,2021-11-06,1.57,A,0.0,,180975.87
GR-2021-0953,PO-2021-0953,2023-03-08,34.42,B,0.0,,1656709.99
GR-2021-0954,PO-2021-0954,2022-12-31,17.37,A,0.0,,1132199.98
GR-2021-0955,PO-2021-0955,2022-06-24,38.74,A,0.0,,3933949.16
GR-2021-0956,PO-2021-0956,2022-02-12,34.08,B,0.0,,4087790.87
GR-2021-0957,PO-2021-0957,2021-01-27,1.58,A,0.0,,83200.58
GR-2021-0958,PO-2021-0958,2023-07-09,36.28,A,0.0,,2334621.35
GR-2021-0959,PO-2021-0959,2021-02-26,46.59,A,0.0,,4428591.82
GR-2021-0960,PO-2021-0960,2021-09-20,42.88,B,0.0,,2352308.43
GR-2021-0961,PO-2021-0961,2022-01-19,13.34,A,0.0,,1073090.59
GR-2021-0962,PO-2021-0962,2023-08-04,34.73,A,0.0,,3319789.92
GR-2021-0963,PO-2021-0963,2022-10-29,38.99,A,0.0,,2583172.95
GR-2021-0964,PO-2021-0964,2023-03-03,49.71,A,0.0,,3205521.42
GR-2021-0965,PO-2021-0965,2022-01-13,24.88,A,0.0,,2876417.21
GR-2021-0966,PO-2021-0966,2023-04-01,6.18,B,0.27,Dimensional deviation,561396.35
GR-2021-0967,PO-2021-0967,2022-03-28,35.96,A,0.0,,1901512.41
GR-2021-0968,PO-2021-0968,2021-06-08,1.92,A,0.0,,158068.99
GR-2021-0969,PO-2021-0969,2021-01-15,13.63,B,0.54,Dimensional deviation,1425744.6
GR-2021-0970,PO-2021-0970,2021-01-24,24.21,B,0.0,,1839419.23
GR-2021-0971,PO-2021-0971,2021-06-08,19.8,A,0.0,,1918420.86
GR-2021-0972,PO-2021-0972,2023-09-30,46.69,B,0.0,,3367241.49
GR-2021-0973,PO-2021-0973,2022-09-18,31.77,B,0.0,,3738839.04
GR-2021-0974,PO-2021-0974,2023-01-28,42.04,A,0.0,,4307874.64
GR-2021-0975,PO-2021-0975,2022-03-02,2.86,B,0.07,Dimensional deviation,224920.78
GR-2021-0976,PO-2021-0976,2022-09-09,31.62,B,0.0,,2295032.1
GR-2021-0977,PO-2021-0977,2023-06-29,2.75,A,0.0,,128981.46
GR-2021-0978,PO-2021-0978,2022-05-13,4.07,A,0.0,,349864.33
GR-2021-0979,PO-2021-0979,2023-11-05,2.82,A,0.0,,138755.51
GR-2021-0980,PO-2021-0980,2021-04-10,11.35,B,0.0,,1069220.59
GR-2021-0981,PO-2021-0981,2023-08-03,45.98,B,0.0,,2212513.25
GR-2021-0982,PO-2021-0982,2023-10-07,45.21,A,0.0,,4153126.01
GR-2021-0983,PO-2021-0983,2021-10-11,31.87,B,0.0,,3611189.76
GR-2021-0984,PO-2021-0984,2021-07-26,41.8,A,0.0,,2087980.66
GR-2021-0985,PO-2021-0985,2021-09-02,4.07,A,0.0,,246210.19
GR-2021-0986,PO-2021-0986,2023-04-10,48.57,A,0.0,,4305803.41
GR-2021-0987,PO-2021-0987,2022-10-26,29.79,A,0.0,,2109093.17
GR-2021-0988,PO-2021-0988,2022-07-21,9.14,A,0.0,,671432.2
GR-2021-0989,PO-2021-0989,2023-07-01,7.53,B,0.0,,786640.06
GR-2021-0990,PO-2021-0990,2023-02-14,43.88,A,0.0,,2251490.22
GR-2021-0991,PO-2021-0991,2022-01-18,21.2,B,0.0,,2257840.49
GR-2021-0992,PO-2021-0992,2023-09-14,7.97,A,0.0,,523223.05
GR-2021-0993,PO-2021-0993,2023-04-29,30.78,B,0.0,,1478643.56
GR-2021-0994,PO-2021-0994,2023-10-27,17.96,B,0.0,,817983.21
GR-2021-0995,PO-2021-0995,2022-02-16,48.52,A,0.0,,4466735.76
GR-2021-0996,PO-2021-0996,2023-11-14,38.44,B,0.0,,3659919.67
GR-2021-0997,PO-2021-0997,2021-04-29,39.9,B,0.0,,3858623.0
GR-2021-0998,PO-2021-0998,2023-11-04,32.3,B,1.08,Dimensional deviation,1697516.6
GR-2021-0999,PO-2021-0999,2023-02-05,21.83,C,0.79,Dimensional deviation,1625112.05
GR-2021-1000,PO-2021-1000,2023-07-25,35.91,B,0.27,Dimensional deviation,4434052.63
GR-2021-1001,PO-2021-1001,2021-11-29,26.1,A,0.0,,1319748.29
GR-2021-1002,PO-2021-1002,2023-07-08,10.73,A,0.0,,1028504.72
GR-2021-1003,PO-2021-1003,2022-04-26,12.14,A,0.0,,763451.98
GR-2021-1004,PO-2021-1004,2022-02-17,4.58,B,0.0,,408856.83
GR-2021-1005,PO-2021-1005,2023-06-24,46.14,A,0.0,,3676907.15
GR-2021-1006,PO-2021-1006,2023-02-11,35.95,B,0.0,,3351405.31
GR-2021-1007,PO-2021-1007,2022-02-27,2.56,A,0.0,,225260.35
GR-2021-1008,PO-2021-1008,2021-10-16,23.3,A,0.0,,1357507.15
GR-2021-1009,PO-2021-1009,2022-04-13,37.74,B,0.93,Dimensional deviation,3832622.78
GR-2021-1010,PO-2021-1010,2021-12-24,21.12,A,0.0,,1781088.41
GR-2021-1011,PO-2021-1011,2023-09-03,1.71,A,0.0,,131855.16
GR-2021-1012,PO-2021-1012,2022-06-07,29.2,B,0.0,,3288350.11
GR-2021-1013,PO-2021-1013,2021-11-13,48.72,B,0.0,,2353655.73
GR-2021-1014,PO-2021-1014,2023-11-17,25.85,C,1.07,Dimensional deviation,2274624.93
GR-2021-1015,PO-2021-1015,2021-07-24,12.68,A,0.0,,1111278.59
GR-2021-1016,PO-2021-1016,2023-04-18,18.5,B,0.0,,1167974.86
GR-2021-1017,PO-2021-1017,2021-02-14,8.85,B,0.0,,709454.66
GR-2021-1018,PO-2021-1018,2021-02-28,38.55,B,0.0,,4292130.58
GR-2021-1019,PO-2021-1019,2022-01-30,35.48,A,0.0,,1600679.56
GR-2021-1020,PO-2021-1020,2021-06-10,26.96,B,0.0,,1816939.64
GR-2021-1021,PO-2021-1021,2022-07-13,31.36,A,0.0,,2203560.94
GR-2021-1022,PO-2021-1022,2023-12-03,6.4,A,0.0,,466380.36
GR-2021-1023,PO-2021-1023,2021-03-29,9.5,B,0.0,,833460.0
GR-2021-1024,PO-2021-1024,2022-03-08,12.61,B,0.0,,679128.57
GR-2021-1025,PO-2021-1025,2022-03-22,18.17,B,0.0,,1189147.64
GR-2021-1026,PO-2021-1026,2023-05-28,4.1,A,0.0,,291366.08
GR-2021-1027,PO-2021-1027,2023-11-05,23.85,A,0.0,,2040823.87
GR-2021-1028,PO-2021-1028,2022-09-06,39.81,A,0.0,,4659276.48
GR-2021-1029,PO-2021-1029,2021-05-22,5.25,A,0.0,,392310.28
GR-2021-1030,PO-2021-1030,2022-08-19,9.03,A,0.0,,484354.69
GR-2021-1031,PO-2021-1031,2023-10-23,26.42,B,0.0,,2440131.77
GR-2021-1032,PO-2021-1032,2023-05-20,17.85,A,0.0,,1408428.1
GR-2021-1033,PO-2021-1033,2021-02-23,3.9,B,0.01,Dimensional deviation,468383.63
GR-2021-1034,PO-2021-1034,2023-12-18,29.33,A,0.0,,2765184.69
GR-2021-1035,PO-2021-1035,2022-11-09,41.95,B,0.0,,3312155.79
GR-2021-1036,PO-2021-1036,2021-10-07,39.52,B,0.0,,2459883.15
GR-2021-1037,PO-2021-1037,2022-08-20,18.16,A,0.0,,1449259.17
GR-2021-1038,PO-2021-1038,2021-12-18,47.1,C,0.44,Dimensional deviation,5466322.59
GR-2021-1039,PO-2021-1039,2021-11-25,6.72,B,0.0,,804456.96
GR-2021-1040,PO-2021-1040,2021-10-02,19.05,B,0.0,,1153988.88
GR-2021-1041,PO-2021-1041,2021-03-20,8.23,A,0.0,,648715.48
GR-2021-1042,PO-2021-1042,2024-01-10,46.1,A,0.0,,3473274.04
GR-2021-1043,PO-2021-1043,2021-11-06,8.62,A,0.0,,1018634.9
GR-2021-1044,PO-2021-1044,2023-11-24,24.17,A,0.0,,1616371.11
GR-2021-1045,PO-2021-1045,2021-11-03,34.6,A,0.0,,3472585.6
GR-2021-1046,PO-2021-1046,2021-10-20,2.2,B,0.0,,201804.27
GR-2021-1047,PO-2021-1047,2023-07-10,16.91,A,0.0,,1539486.67
GR-2021-1048,PO-2021-1048,2023-12-26,10.53,B,0.0,,542941.04
GR-2021-1049,PO-2021-1049,2021-07-11,10.44,A,0.0,,724799.28
GR-2021-1050,PO-2021-1050,2023-11-23,20.28,B,0.0,,2021320.29
GR-2021-1051,PO-2021-1051,2023-02-05,1.59,A,0.0,,113390.43
GR-2021-1052,PO-2021-1052,2023-07-13,36.48,A,0.0,,2871083.99
GR-2021-1053,PO-2021-1053,2023-07-13,38.79,B,0.84,Dimensional deviation,4958319.5
GR-2021-1054,PO-2021-1054,2023-05-12,7.97,A,0.0,,544648.41
GR-2021-1055,PO-2021-1055,2022-11-28,5.32,A,0.0,,403531.9
GR-2021-1056,PO-2021-1056,2023-05-09,22.62,B,0.52,Dimensional deviation,2153544.19
GR-2021-1057,PO-2021-1057,2022-02-26,14.62,B,0.29,Dimensional deviation,1291297.02
GR-2021-1058,PO-2021-1058,2022-10-02,37.01,A,0.0,,2303503.5
GR-2021-1059,PO-2021-1059,2021-01-19,15.63,A,0.0,,1461684.16
GR-2021-1060,PO-2021-1060,2023-09-11,21.28,A,0.0,,1755753.55
GR-2021-1061,PO-2021-1061,2022-05-23,38.25,B,0.0,,3153723.28
GR-2021-1062,PO-2021-1062,2023-01-21,43.42,B,0.0,,4010941.93
GR-2021-1063,PO-2021-1063,2021-09-10,36.8,A,0.0,,1709519.13
GR-2021-1064,PO-2021-1064,2021-12-05,16.56,A,0.0,,1847157.34
GR-2021-1065,PO-2021-1065,2023-01-10,14.23,A,0.0,,1098016.58
GR-2021-1066,PO-2021-1066,2021-04-29,25.76,B,0.48,Dimensional deviation,3229492.07
GR-2021-1067,PO-2021-1067,2022-02-14,29.5,B,0.03,Dimensional deviation,1815442.44
GR-2021-1068,PO-2021-1068,2022-10-16,34.36,B,0.0,,3342293.34
GR-2021-1069,PO-2021-1069,2024-01-10,1.62,A,0.0,,136696.38
GR-2021-1070,PO-2021-1070,2023-09-29,45.74,A,0.0,,2639318.0
GR-2021-1071,PO-2021-1071,2021-11-25,41.49,A,0.0,,4368428.17
GR-2021-1072,PO-2021-1072,2023-12-19,23.44,A,0.0,,1195199.27
GR-2021-1073,PO-2021-1073,2021-02-17,16.24,A,0.0,,1174574.25
GR-2021-1074,PO-2021-1074,2023-12-14,35.74,B,0.0,,1687276.39
GR-2021-1075,PO-2021-1075,2022-04-09,34.58,A,0.0,,2362262.64
GR-2021-1076,PO-2021-1076,2021-09-30,34.85,B,0.0,,3617507.72
GR-2021-1077,PO-2021-1077,2021-02-25,3.07,A,0.0,,163505.8
GR-2021-1078,PO-2021-1078,2023-11-22,6.76,A,0.0,,436955.67
GR-2021-1079,PO-2021-1079,2022-09-16,38.98,A,0.0,,4485049.54
GR-2021-1080,PO-2021-1080,2022-03-03,2.34,B,0.02,Dimensional deviation,141312.86
GR-2021-1081,PO-2021-1081,2022-08-09,8.85,A,0.0,,732197.03
GR-2021-1082,PO-2021-1082,2022-05-16,5.84,B,0.0,,517789.78
GR-2021-1083,PO-2021-1083,2024-01-04,48.08,B,0.0,,2792855.23
GR-2021-1084,PO-2021-1084,2021-01-22,45.98,A,0.0,,5017858.69
GR-2021-1085,PO-2021-1085,2023-02-06,32.84,C,0.88,Dimensional deviation,1875824.54
GR-2021-1086,PO-2021-1086,2023-03-04,26.18,A,0.0,,1979890.77
GR-2021-1087,PO-2021-1087,2022-10-24,6.35,B,0.0,,353789.89
GR-2021-1088,PO-2021-1088,2023-01-24,34.59,C,1.24,Dimensional deviation,1935974.07
GR-2021-1089,PO-2021-1089,2021-09-07,23.25,A,0.0,,2343983.94
GR-2021-1090,PO-2021-1090,2023-07-08,20.86,A,0.0,,2491560.68
GR-2021-1091,PO-2021-1091,2022-01-26,46.74,B,0.0,,3411681.86
GR-2021-1092,PO-2021-1092,2023-10-10,22.43,A,0.0,,2120024.56
GR-2021-1093,PO-2021-1093,2021-09-07,20.48,B,0.0,,1842089.63
GR-2021-1094,PO-2021-1094,2021-12-26,48.58,A,0.0,,3434687.68
GR-2021-1095,PO-2021-1095,2023-04-18,41.99,A,0.0,,4181338.98
GR-2021-1096,PO-2021-1096,2022-07-23,24.24,A,0.0,,2194573.81
GR-2021-1097,PO-2021-1097,2023-09-27,8.21,A,0.0,,650182.35
GR-2021-1098,PO-2021-1098,2022-06-03,12.29,A,0.0,,1424023.63
GR-2021-1099,PO-2021-1099,2021-07-30,25.36,B,0.0,,1194426.78
GR-2021-1100,PO-2021-1100,2023-03-12,15.71,B,0.0,,1452282.98
GR-2021-1101,PO-2021-1101,2021-06-22,39.61,A,0.0,,2396172.02
GR-2021-1102,PO-2021-1102,2023-10-30,13.7,A,0.0,,978057.57
GR-2021-1103,PO-2021-1103,2021-02-24,42.84,B,2.08,Dimensional deviation,2475360.26
GR-2021-1104,PO-2021-1104,2022-10-19,23.4,A,0.0,,1116364.57
GR-2021-1105,PO-2021-1105,2022-09-22,22.09,A,0.0,,1512402.01
GR-2021-1106,PO-2021-1106,2023-10-11,33.33,B,0.0,,3214078.02
GR-2021-1107,PO-2021-1107,2023-08-30,42.71,A,0.0,,3557439.15
GR-2021-1108,PO-2021-1108,2022-07-02,31.0,A,0.0,,2231610.85
GR-2021-1109,PO-2021-1109,2022-10-29,29.84,A,0.0,,1634622.46
GR-2021-1110,PO-2021-1110,2022-12-25,19.5,B,0.0,,1515233.31
GR-2021-1111,PO-2021-1111,2023-05-07,33.34,B,0.0,,2123272.74
GR-2021-1112,PO-2021-1112,2022-10-08,43.38,A,0.0,,2335249.55
GR-2021-1113,PO-2021-1113,2021-02-25,23.41,B,0.0,,2587967.25
GR-2021-1114,PO-2021-1114,2023-11-27,1.99,B,0.0,,160454.98
GR-2021-1115,PO-2021-1115,2022-10-21,16.64,A,0.0,,879134.42
GR-2021-1116,PO-2021-1116,2021-08-06,25.2,A,0.0,,2682474.41
GR-2021-1117,PO-2021-1117,2022-12-08,18.74,B,0.0,,1460747.4
GR-2021-1118,PO-2021-1118,2021-06-18,13.94,A,0.0,,941513.29
GR-2021-1119,PO-2021-1119,2023-04-19,35.95,A,0.0,,3196143.6
GR-2021-1120,PO-2021-1120,2022-12-01,28.47,A,0.0,,2438855.89
GR-2021-1121,PO-2021-1121,2022-03-23,32.78,A,0.0,,2227336.79
GR-2021-1122,PO-2021-1122,2022-09-16,16.21,B,0.0,,1243802.87
GR-2021-1123,PO-2021-1123,2023-12-07,9.78,A,0.0,,456993.21
GR-2021-1124,PO-2021-1124,2023-12-16,11.2,C,0.46,Dimensional deviation,1392689.84
GR-2021-1125,PO-2021-1125,2023-08-26,40.49,A,0.0,,4428057.18
GR-2021-1126,PO-2021-1126,2021-05-09,18.79,A,0.0,,1057122.7
GR-2021-1127,PO-2021-1127,2022-09-13,16.59,B,0.0,,1781689.59
GR-2021-1128,PO-2021-1128,2022-03-03,41.18,B,0.0,,3865224.35
GR-2021-1129,PO-2021-1129,2022-05-05,6.54,A,0.0,,389622.67
GR-2021-1130,PO-2021-1130,2022-10-12,28.26,A,0.0,,2209294.45
GR-2021-1131,PO-2021-1131,2021-04-04,14.26,A,0.0,,677585.79
GR-2021-1132,PO-2021-1132,2022-07-28,47.02,C,0.8,Dimensional deviation,4084872.16
GR-2021-1133,PO-2021-1133,2021-05-04,30.44,B,0.0,,3353954.58
GR-2021-1134,PO-2021-1134,2023-01-20,47.13,A,0.0,,4688782.95
GR-2021-1135,PO-2021-1135,2022-05-11,46.56,B,0.0,,3930497.96
GR-2021-1136,PO-2021-1136,2023-12-18,43.93,B,0.0,,2787024.4
GR-2021-1137,PO-2021-1137,2022-10-13,40.28,B,0.0,,4081267.29
GR-2021-1138,PO-2021-1138,2022-04-02,9.5,A,0.0,,1127990.01
GR-2021-1139,PO-2021-1139,2023-04-21,24.8,A,0.0,,1829764.84
GR-2021-1140,PO-2021-1140,2022-10-28,34.19,B,0.0,,4039215.99
GR-2021-1141,PO-2021-1141,2021-10-27,36.06,B,0.0,,3845148.57
GR-2021-1142,PO-2021-1142,2021-03-27,13.27,B,0.0,,989613.72
GR-2021-1143,PO-2021-1143,2023-01-26,43.2,A,0.0,,4753387.52
GR-2021-1144,PO-2021-1144,2021-02-02,15.7,A,0.0,,1813628.59
GR-2021-1145,PO-2021-1145,2022-05-11,42.77,B,0.0,,2458004.59
GR-2021-1146,PO-2021-1146,2022-10-29,14.43,A,0.0,,736032.31
GR-2021-1147,PO-2021-1147,2023-10-14,46.17,B,0.0,,3245873.49
GR-2021-1148,PO-2021-1148,2021-08-09,25.8,B,0.0,,1842556.03
GR-2021-1149,PO-2021-1149,2022-11-09,38.13,A,0.0,,3569567.49
GR-2021-1150,PO-2021-1150,2023-07-09,20.54,A,0.0,,1900481.4
GR-2021-1151,PO-2021-1151,2021-07-04,13.14,A,0.0,,1303383.88
GR-2021-1152,PO-2021-1152,2021-10-01,23.1,A,0.0,,2555059.17
GR-2021-1153,PO-2021-1153,2022-07-05,38.95,B,1.5,Dimensional deviation,2503044.04
GR-2021-1154,PO-2021-1154,2023-02-12,41.96,C,1.01,Dimensional deviation,5294377.18
GR-2021-1155,PO-2021-1155,2022-04-18,46.05,B,0.0,,4324030.59
GR-2021-1156,PO-2021-1156,2022-04-22,10.66,A,0.0,,1046214.0
GR-2021-1157,PO-2021-1157,2021-04-21,30.28,A,0.0,,1709416.61
GR-2021-1158,PO-2021-1158,2021-12-26,36.05,A,0.0,,2811232.51
GR-2021-1159,PO-2021-1159,2023-10-27,35.77,A,0.0,,2132097.53
GR-2021-1160,PO-2021-1160,2022-07-11,19.18,B,0.64,Dimensional deviation,1586317.62
GR-2021-1161,PO-2021-1161,2022-03-31,20.89,B,0.87,Dimensional deviation,1691294.92
GR-2021-1162,PO-2021-1162,2021-03-08,12.23,B,0.46,Dimensional deviation,1027981.3
GR-2021-1163,PO-2021-1163,2023-02-08,1.5,A,0.0,,83035.46
GR-2021-1164,PO-2021-1164,2023-04-05,35.54,A,0.0,,3578420.9
GR-2021-1165,PO-2021-1165,2021-06-08,3.88,B,0.0,,271463.0
GR-2021-1166,PO-2021-1166,2023-09-04,1.26,B,0.0,,104379.22
GR-2021-1167,PO-2021-1167,2022-09-16,7.42,A,0.0,,837138.79
GR-2021-1168,PO-2021-1168,2022-01-13,25.57,B,0.0,,2947409.67
GR-2021-1169,PO-2021-1169,2021-10-06,35.54,A,0.0,,2773415.98
GR-2021-1170,PO-2021-1170,2021-09-05,48.79,B,0.0,,4035477.16
GR-2021-1171,PO-2021-1171,2023-01-27,45.01,A,0.0,,2928893.25
GR-2021-1172,PO-2021-1172,2022-07-12,22.32,B,0.0,,1282304.21
GR-2021-1173,PO-2021-1173,2023-10-20,42.64,A,0.0,,4036316.49
GR-2021-1174,PO-2021-1174,2023-06-24,8.27,A,0.0,,515343.39
GR-2021-1175,PO-2021-1175,2023-09-03,35.52,A,0.0,,2766490.42
GR-2021-1176,PO-2021-1176,2021-04-06,49.17,A,0.0,,4305319.25
GR-2021-1177,PO-2021-1177,2023-10-17,7.02,B,0.0,,367249.48
GR-2021-1178,PO-2021-1178,2022-01-20,40.93,B,0.0,,3604031.05
GR-2021-1179,PO-2021-1179,2022-03-16,38.39,A,0.0,,2258575.82
GR-2021-1180,PO-2021-1180,2022-06-04,44.26,B,0.0,,2088209.68
GR-2021-1181,PO-2021-1181,2021-09-17,29.63,A,0.0,,3482100.8
GR-2021-1182,PO-2021-1182,2021-11-22,23.39,A,0.0,,2309736.9
GR-2021-1183,PO-2021-1183,2023-08-01,16.98,A,0.0,,827665.23
GR-2021-1184,PO-2021-1184,2023-07-31,11.29,A,0.0,,552677.29
GR-2021-1185,PO-2021-1185,2022-08-15,37.16,B,0.0,,3222075.16
GR-2021-1186,PO-2021-1186,2023-03-11,13.45,A,0.0,,850581.14
GR-2021-1187,PO-2021-1187,2023-04-14,42.41,A,0.0,,2446750.72
GR-2021-1188,PO-2021-1188,2023-04-17,6.61,C,0.2,Dimensional deviation,587943.71
GR-2021-1189,PO-2021-1189,2022-10-09,33.61,A,0.0,,3609847.43
GR-2021-1190,PO-2021-1190,2022-02-28,44.29,A,0.0,,3583736.98
GR-2021-1191,PO-2021-1191,2023-05-29,40.43,A,0.0,,3708972.86
GR-2021-1192,PO-2021-1192,2023-06-08,26.02,A,0.0,,3085579.19
GR-2021-1193,PO-2021-1193,2022-04-10,26.64,A,0.0,,2510664.6
GR-2021-1194,PO-2021-1194,2022-08-29,4.85,A,0.0,,512965.35
GR-2021-1195,PO-2021-1195,2021-11-10,42.12,A,0.0,,3557955.46
GR-2021-1196,PO-2021-1196,2021-04-20,26.1,B,0.0,,2179098.44
GR-2021-1197,PO-2021-1197,2021-07-28,18.25,A,0.0,,1637862.01
GR-2021-1198,PO-2021-1198,2023-11-14,37.07,A,0.0,,2972606.66
GR-2021-1199,PO-2021-1199,2022-01-17,5.04,A,0.0,,562643.78
GR-2021-1200,PO-2021-1200,2022-10-23,31.33,A,0.0,,2048279.91
GR-2021-1201,PO-2021-1201,2022-01-27,4.79,A,0.0,,573146.93
GR-2021-1202,PO-2021-1202,2021-08-12,1.86,B,0.0,,140285.68
GR-2021-1203,PO-2021-1203,2022-01-02,34.71,A,0.0,,3844533.05
GR-2021-1204,PO-2021-1204,2023-10-10,34.73,A,0.0,,4084489.0
GR-2021-1205,PO-2021-1205,2023-03-26,7.11,A,0.0,,328270.12
GR-2021-1206,PO-2021-1206,2021-02-15,11.14,A,0.0,,1053525.82
GR-2021-1207,PO-2021-1207,2022-05-24,10.33,B,0.0,,699337.49
GR-2021-1208,PO-2021-1208,2021-11-05,2.05,B,0.0,,118937.87
GR-2021-1209,PO-2021-1209,2023-07-09,1.94,A,0.0,,154278.89
GR-2021-1210,PO-2021-1210,2022-03-04,3.35,B,0.07,Dimensional deviation,165949.67
GR-2021-1211,PO-2021-1211,2023-06-16,36.82,A,0.0,,3329217.45
GR-2021-1212,PO-2021-1212,2022-09-09,19.94,C,0.88,Dimensional deviation,1787203.21
GR-2021-1213,PO-2021-1213,2023-10-06,26.76,A,0.0,,2061127.64
GR-2021-1214,PO-2021-1214,2021-05-26,44.41,A,0.0,,2396553.86
GR-2021-1215,PO-2021-1215,2022-12-19,2.01,A,0.0,,134533.64
GR-2021-1216,PO-2021-1216,2023-09-02,12.28,A,0.0,,760478.9
GR-2021-1217,PO-2021-1217,2022-12-08,43.88,B,0.0,,4393666.62
GR-2021-1218,PO-2021-1218,2023-05-18,40.09,B,0.0,,4354178.57
GR-2021-1219,PO-2021-1219,2022-03-12,32.97,B,0.94,Dimensional deviation,1915934.47
GR-2021-1220,PO-2021-1220,2021-11-27,39.84,B,0.0,,4615276.51
GR-2021-1221,PO-2021-1221,2022-09-25,28.08,B,0.0,,3392033.01
GR-2021-1222,PO-2021-1222,2022-07-02,9.49,B,0.0,,1046434.06
GR-2021-1223,PO-2021-1223,2021-03-12,21.9,A,0.0,,2018110.56
GR-2021-1224,PO-2021-1224,2022-04-20,49.42,B,0.0,,5161123.4
GR-2021-1225,PO-2021-1225,2021-04-19,42.58,A,0.0,,4732773.85
GR-2021-1226,PO-2021-1226,2021-08-19,39.83,A,0.0,,4705520.98
GR-2021-1227,PO-2021-1227,2021-08-23,41.03,B,0.0,,1991389.29
GR-2021-1228,PO-2021-1228,2021-12-19,45.42,A,0.0,,2591322.36
GR-2021-1229,PO-2021-1229,2023-07-08,36.63,A,0.0,,1935296.88
GR-2021-1230,PO-2021-1230,2023-01-25,7.0,B,0.0,,422796.64
GR-2021-1231,PO-2021-1231,2021-01-18,17.58,A,0.0,,1468575.12
GR-2021-1232,PO-2021-1232,2022-07-07,18.65,B,0.0,,1771309.53
GR-2021-1233,PO-2021-1233,2023-12-31,7.73,A,0.0,,598774.87
GR-2021-1234,PO-2021-1234,2023-08-15,46.78,A,0.0,,3693856.22
GR-2021-1235,PO-2021-1235,2021-02-05,5.13,A,0.0,,353343.25
GR-2021-1236,PO-2021-1236,2021-12-19,20.26,A,0.0,,968541.75
GR-2021-1237,PO-2021-1237,2021-11-19,48.5,B,0.0,,3719954.81
GR-2021-1238,PO-2021-1238,2022-09-27,1.38,A,0.0,,91717.15
GR-2021-1239,PO-2021-1239,2021-11-12,32.37,B,0.0,,3631554.02
GR-2021-1240,PO-2021-1240,2023-07-02,38.85,A,0.0,,4330740.17
GR-2021-1241,PO-2021-1241,2021-03-25,36.4,A,0.0,,3671408.2
GR-2021-1242,PO-2021-1242,2023-12-18,5.34,B,0.02,Dimensional deviation,498608.11
GR-2021-1243,PO-2021-1243,2022-12-14,2.35,B,0.0,,248245.41
GR-2021-1244,PO-2021-1244,2022-06-20,36.5,A,0.0,,4356190.56
GR-2021-1245,PO-2021-1245,2021-05-06,31.48,A,0.0,,2270692.06
GR-2021-1246,PO-2021-1246,2021-09-22,28.85,A,0.0,,1318608.55
GR-2021-1247,PO-2021-1247,2022-05-16,15.53,A,0.0,,1488000.36
GR-2021-1248,PO-2021-1248,2021-10-27,36.9,A,0.0,,1964409.62
GR-2021-1249,PO-2021-1249,2022-02-09,5.79,A,0.0,,570563.57
GR-2021-1250,PO-2021-1250,2021-06-25,21.65,B,0.0,,1194748.65
GR-2021-1251,PO-2021-1251,2023-07-17,33.9,B,0.0,,2569055.06
GR-2021-1252,PO-2021-1252,2023-12-11,29.52,B,0.0,,2747725.9
GR-2021-1253,PO-2021-1253,2023-10-16,7.99,B,0.0,,440091.8
GR-2021-1254,PO-2021-1254,2023-08-04,43.01,B,0.0,,2331893.79
GR-2021-1255,PO-2021-1255,2023-08-01,37.36,A,0.0,,4351960.17
GR-2021-1256,PO-2021-1256,2021-09-06,6.86,A,0.0,,608145.93
GR-2021-1257,PO-2021-1257,2023-12-14,19.11,A,0.0,,2291068.99
GR-2021-1258,PO-2021-1258,2022-09-07,39.39,B,0.0,,2213617.69
GR-2021-1259,PO-2021-1259,2023-05-28,44.12,A,0.0,,2725673.26
GR-2021-1260,PO-2021-1260,2023-10-05,27.81,A,0.0,,1393374.07
GR-2021-1261,PO-2021-1261,2023-05-24,28.5,B,0.0,,3231618.92
GR-2021-1262,PO-2021-1262,2023-02-23,38.09,A,0.0,,3176748.5
GR-2021-1263,PO-2021-1263,2023-07-29,43.1,B,0.0,,3015048.51
GR-2021-1264,PO-2021-1264,2023-04-23,44.74,B,0.0,,3176864.53
GR-2021-1265,PO-2021-1265,2023-07-10,43.12,B,0.0,,4257905.43
GR-2021-1266,PO-2021-1266,2022-10-09,5.13,A,0.0,,603016.5
GR-2021-1267,PO-2021-1267,2021-04-22,37.56,A,0.0,,3124327.04
GR-2021-1268,PO-2021-1268,2021-09-26,13.79,C,0.09,Dimensional deviation,909479.87
GR-2021-1269,PO-2021-1269,2023-07-02,30.53,B,0.0,,2309644.98
GR-2021-1270,PO-2021-1270,2023-10-18,22.27,B,0.0,,1705854.35
GR-2021-1271,PO-2021-1271,2022-10-23,5.45,A,0.0,,646922.42
GR-2021-1272,PO-2021-1272,2021-12-21,9.54,B,0.44,Dimensional deviation,1061941.31
GR-2021-1273,PO-2021-1273,2022-09-27,3.88,B,0.0,,455457.73
GR-2021-1274,PO-2021-1274,2021-03-08,20.03,B,0.0,,1387652.54
GR-2021-1275,PO-2021-1275,2022-10-31,46.71,A,0.0,,5301487.44
GR-2021-1276,PO-2021-1276,2022-02-28,25.11,B,0.0,,2551959.93
GR-2021-1277,PO-2021-1277,2021-08-28,16.53,A,0.0,,1435635.73
GR-2021-1278,PO-2021-1278,2023-09-22,32.01,A,0.0,,3637505.37
GR-2021-1279,PO-2021-1279,2022-07-13,38.25,B,0.0,,3603528.02
GR-2021-1280,PO-2021-1280,2022-09-22,5.06,A,0.0,,473619.94
GR-2021-1281,PO-2021-1281,2021-11-02,49.19,B,0.0,,5107959.23
GR-2021-1282,PO-2021-1282,2023-06-01,1.04,B,0.0,,83841.35
GR-2021-1283,PO-2021-1283,2022-08-25,3.92,A,0.0,,450836.41
GR-2021-1284,PO-2021-1284,2022-06-10,42.15,A,0.0,,2577243.36
GR-2021-1285,PO-2021-1285,2022-08-15,35.97,C,0.1,Dimensional deviation,3376611.8
GR-2021-1286,PO-2021-1286,2021-07-12,41.33,B,0.0,,4143174.3
GR-2021-1287,PO-2021-1287,2023-06-17,47.75,A,0.0,,3299695.85
GR-2021-1288,PO-2021-1288,2022-12-14,14.29,A,0.0,,1361365.82
GR-2021-1289,PO-2021-1289,2022-12-16,47.72,A,0.0,,3341749.58
GR-2021-1290,PO-2021-1290,2021-10-09,1.2,B,0.0,,55319.26
GR-2021-1291,PO-2021-1291,2023-05-11,27.36,A,0.0,,2847790.75
GR-2021-1292,PO-2021-1292,2021-06-18,33.88,A,0.0,,2425847.92
GR-2021-1293,PO-2021-1293,2023-01-07,41.95,A,0.0,,4460096.49
GR-2021-1294,PO-2021-1294,2021-09-21,46.7,B,0.0,,3672734.84
GR-2021-1295,PO-2021-1295,2021-02-23,10.32,B,0.0,,1102574.6
GR-2021-1296,PO-2021-1296,2022-09-18,48.57,A,0.0,,5763341.18
GR-2021-1297,PO-2021-1297,2022-08-11,1.34,B,0.0,,160406.69
GR-2021-1298,PO-2021-1298,2023-04-06,28.68,B,0.0,,2370449.06
GR-2021-1299,PO-2021-1299,2022-02-10,29.16,B,0.43,Dimensional deviation,3130680.43
GR-2021-1300,PO-2021-1300,2022-07-01,36.45,A,0.0,,2407899.31
GR-2021-1301,PO-2021-1301,2021-02-28,43.91,A,0.0,,1998640.87
GR-2021-1302,PO-2021-1302,2021-04-22,42.29,B,0.0,,3199599.79
GR-2021-1303,PO-2021-1303,2023-12-14,18.6,A,0.0,,1907047.25
GR-2021-1304,PO-2021-1304,2022-04-16,45.57,B,0.0,,3906815.42
GR-2021-1305,PO-2021-1305,2021-01-26,17.26,A,0.0,,1931528.41
GR-2021-1306,PO-2021-1306,2021-03-02,47.75,A,0.0,,5453218.5
GR-2021-1307,PO-2021-1307,2021-12-09,4.04,A,0.0,,374940.17
GR-2021-1308,PO-2021-1308,2023-09-18,29.79,A,0.0,,2761927.57
GR-2021-1309,PO-2021-1309,2022-06-02,24.07,A,0.0,,2830395.94
GR-2021-1310,PO-2021-1310,2022-11-30,47.1,B,0.0,,4873248.55
GR-2021-1311,PO-2021-1311,2023-06-21,29.27,A,0.0,,1510061.49
GR-2021-1312,PO-2021-1312,2021-03-28,44.2,A,0.0,,4327271.71
GR-2021-1313,PO-2021-1313,2021-09-28,3.67,A,0.0,,334163.87
GR-2021-1314,PO-2021-1314,2021-05-25,28.32,B,0.0,,1906172.78
GR-2021-1315,PO-2021-1315,2023-04-19,12.38,A,0.0,,1117404.92
GR-2021-1316,PO-2021-1316,2021-02-06,23.68,B,0.0,,1831313.34
GR-2021-1317,PO-2021-1317,2021-08-02,23.17,B,0.0,,1618537.82
GR-2021-1318,PO-2021-1318,2021-08-25,29.87,A,0.0,,1509985.73
GR-2021-1319,PO-2021-1319,2022-02-15,13.47,B,0.0,,1038364.19
GR-2021-1320,PO-2021-1320,2023-07-08,7.41,C,0.05,Dimensional deviation,389340.78
GR-2021-1321,PO-2021-1321,2022-10-11,47.89,B,0.0,,4878792.3
GR-2021-1322,PO-2021-1322,2021-11-06,15.97,A,0.0,,1140673.6
GR-2021-1323,PO-2021-1323,2021-01-30,3.78,A,0.0,,316356.07
GR-2021-1324,PO-2021-1324,2021-04-28,10.48,A,0.0,,634494.8
GR-2021-1325,PO-2021-1325,2021-06-03,33.46,B,0.0,,3275473.75
GR-2021-1326,PO-2021-1326,2022-11-20,21.33,A,0.0,,1230319.92
GR-2021-1327,PO-2021-1327,2021-04-11,45.7,A,0.0,,4281178.98
GR-2021-1328,PO-2021-1328,2022-04-27,12.69,A,0.0,,1272194.23
GR-2021-1329,PO-2021-1329,2023-02-17,10.02,B,0.0,,1195985.73
GR-2021-1330,PO-2021-1330,2021-01-28,2.45,B,0.0,,132488.82
GR-2021-1331,PO-2021-1331,2023-06-27,3.14,B,0.0,,148763.22
GR-2021-1332,PO-2021-1332,2022-08-16,43.38,C,1.36,Dimensional deviation,4565337.76
GR-2021-1333,PO-2021-1333,2022-05-25,2.0,C,0.03,Dimensional deviation,230716.74
GR-2021-1334,PO-2021-1334,2021-02-20,32.98,B,0.0,,3685427.21
GR-2021-1335,PO-2021-1335,2022-03-21,12.75,B,0.0,,1349936.88
GR-2021-1336,PO-2021-1336,2021-12-25,43.83,A,0.0,,2197741.77
GR-2021-1337,PO-2021-1337,2021-10-06,27.04,A,0.0,,2630774.23
GR-2021-1338,PO-2021-1338,2023-06-10,38.19,B,0.0,,3418608.0
GR-2021-1339,PO-2021-1339,2022-09-02,13.06,B,0.0,,1208865.76
GR-2021-1340,PO-2021-1340,2021-09-27,11.2,A,0.0,,574937.78
GR-2021-1341,PO-2021-1341,2021-05-29,19.97,B,0.0,,2225856.83
GR-2021-1342,PO-2021-1342,2023-11-25,26.17,B,0.0,,1544169.84
GR-2021-1343,PO-2021-1343,2023-02-12,35.93,A,0.0,,2961686.06
GR-2021-1344,PO-2021-1344,2023-04-14,11.25,B,0.46,Dimensional deviation,736576.31
GR-2021-1345,PO-2021-1345,2023-03-28,21.67,A,0.0,,1599729.03
GR-2021-1346,PO-2021-1346,2023-02-14,5.15,A,0.0,,522064.31
GR-2021-1347,PO-2021-1347,2023-07-13,12.16,A,0.0,,590492.64
GR-2021-1348,PO-2021-1348,2022-12-06,23.79,B,0.0,,1809304.61
GR-2021-1349,PO-2021-1349,2023-10-22,19.73,A,0.0,,1154147.07
GR-2021-1350,PO-2021-1350,2022-07-12,44.88,B,0.0,,3030402.9
GR-2021-1351,PO-2021-1351,2023-11-23,46.11,B,0.0,,2430463.55
GR-2021-1352,PO-2021-1352,2023-01-20,10.45,B,0.2,Dimensional deviation,672337.6
GR-2021-1353,PO-2021-1353,2022-06-02,10.31,A,0.0,,933728.37
GR-2021-1354,PO-2021-1354,2022-07-01,14.78,B,0.0,,1051471.94
GR-2021-1355,PO-2021-1355,2023-04-17,32.96,B,0.0,,3939414.58
GR-2021-1356,PO-2021-1356,2023-04-02,36.41,A,0.0,,2213388.56
GR-2021-1357,PO-2021-1357,2023-12-01,17.68,A,0.0,,909985.81
GR-2021-1358,PO-2021-1358,2023-06-03,22.39,A,0.0,,2451843.23
GR-2021-1359,PO-2021-1359,2023-02-18,15.83,B,0.0,,1602356.02
GR-2021-1360,PO-2021-1360,2023-01-09,21.33,B,0.0,,2077149.8
GR-2021-1361,PO-2021-1361,2022-09-11,28.68,A,0.0,,1366045.45
GR-2021-1362,PO-2021-1362,2021-11-21,48.96,B,0.0,,2957261.61
GR-2021-1363,PO-2021-1363,2021-05-22,24.23,B,0.0,,1690026.81
GR-2021-1364,PO-2021-1364,2022-09-20,6.06,A,0.0,,528319.54
GR-2021-1365,PO-2021-1365,2023-10-09,10.68,B,0.0,,1218522.18
GR-2021-1366,PO-2021-1366,2022-08-18,15.2,A,0.0,,1286870.92
GR-2021-1367,PO-2021-1367,2021-05-07,1.53,A,0.0,,107042.18
GR-2021-1368,PO-2021-1368,2023-03-27,7.27,A,0.0,,559872.66
GR-2021-1369,PO-2021-1369,2021-06-01,7.34,B,0.0,,445338.0
GR-2021-1370,PO-2021-1370,2023-09-13,29.74,B,0.0,,2463204.92
GR-2021-1371,PO-2021-1371,2023-08-05,1.36,B,0.0,,75754.58
GR-2021-1372,PO-2021-1372,2023-04-11,17.1,A,0.0,,1501290.12
GR-2021-1373,PO-2021-1373,2023-08-13,36.89,A,0.0,,2472612.2
GR-2021-1374,PO-2021-1374,2022-12-18,30.76,A,0.0,,3282444.61
GR-2021-1375,PO-2021-1375,2023-05-11,45.03,A,0.0,,4509697.83
GR-2021-1376,PO-2021-1376,2023-03-11,19.34,B,0.76,Dimensional deviation,2445030.01
GR-2021-1377,PO-2021-1377,2021-12-04,15.19,B,0.0,,1739950.12
GR-2021-1378,PO-2021-1378,2022-04-01,49.55,B,0.0,,4291098.64
GR-2021-1379,PO-2021-1379,2021-06-16,38.44,A,0.0,,2678030.17
GR-2021-1380,PO-2021-1380,2021-12-08,25.61,B,0.0,,2055294.05
GR-2021-1381,PO-2021-1381,2023-08-14,37.28,B,0.0,,4099821.27
GR-2021-1382,PO-2021-1382,2021-03-29,6.57,B,0.0,,753258.49
GR-2021-1383,PO-2021-1383,2023-08-17,4.3,A,0.0,,373813.49
GR-2021-1384,PO-2021-1384,2023-06-21,41.03,B,0.0,,4454428.23
GR-2021-1385,PO-2021-1385,2021-02-17,15.38,B,0.0,,1311376.21
GR-2021-1386,PO-2021-1386,2021-12-19,33.99,A,0.0,,1932153.49
GR-2021-1387,PO-2021-1387,2022-01-13,44.41,A,0.0,,3799428.62
GR-2021-1388,PO-2021-1388,2021-04-14,20.06,A,0.0,,1372023.8
GR-2021-1389,PO-2021-1389,2021-01-20,38.42,A,0.0,,4424788.83
GR-2021-1390,PO-2021-1390,2022-05-10,1.78,B,0.0,,84301.5
GR-2021-1391,PO-2021-1391,2022-12-09,11.7,A,0.0,,1312934.82
GR-2021-1392,PO-2021-1392,2021-12-18,21.22,A,0.0,,1134240.32
GR-2021-1393,PO-2021-1393,2022-11-04,46.75,B,0.0,,3491181.58
GR-2021-1394,PO-2021-1394,2021-09-11,6.18,A,0.0,,428673.53
GR-2021-1395,PO-2021-1395,2023-04-10,20.04,B,0.0,,1593722.37
GR-2021-1396,PO-2021-1396,2022-08-03,4.28,A,0.0,,263985.86
GR-2021-1397,PO-2021-1397,2023-11-02,39.72,A,0.0,,4540413.24
GR-2021-1398,PO-2021-1398,2022-01-02,30.1,A,0.0,,3604442.11
GR-2021-1399,PO-2021-1399,2023-03-23,9.54,B,0.0,,979414.42
GR-2021-1400,PO-2021-1400,2022-10-29,17.27,A,0.0,,1578948.8
GR-2021-1401,PO-2021-1401,2023-07-24,32.35,A,0.0,,2022169.56
GR-2021-1402,PO-2021-1402,2021-02-04,30.93,B,0.0,,3502463.95
GR-2021-1403,PO-2021-1403,2022-05-11,31.1,A,0.0,,1552634.0
GR-2021-1404,PO-2021-1404,2023-10-24,8.04,B,0.16,Dimensional deviation,528915.57
GR-2021-1405,PO-2021-1405,2022-05-21,7.54,A,0.0,,521620.73
GR-2021-1406,PO-2021-1406,2021-03-28,32.62,A,0.0,,2182267.76
GR-2021-1407,PO-2021-1407,2022-04-30,12.85,A,0.0,,1099720.65
GR-2021-1408,PO-2021-1408,2022-06-09,26.41,A,0.0,,1560234.91
GR-2021-1409,PO-2021-1409,2021-01-26,4.4,A,0.0,,263296.65
GR-2021-1410,PO-2021-1410,2021-11-02,5.49,B,0.0,,491960.15
GR-2021-1411,PO-2021-1411,2022-03-05,4.82,A,0.0,,479977.29
GR-2021-1412,PO-2021-1412,2021-12-10,21.6,A,0.0,,1969757.94
GR-2021-1413,PO-2021-1413,2022-08-15,14.31,A,0.0,,1483504.31
GR-2021-1414,PO-2021-1414,2023-01-18,9.19,A,0.0,,720111.6
GR-2021-1415,PO-2021-1415,2023-06-13,1.95,A,0.0,,145004.71
GR-2021-1416,PO-2021-1416,2022-09-18,36.37,A,0.0,,2353908.78
GR-2021-1417,PO-2021-1417,2022-09-26,19.35,A,0.0,,1752957.82
GR-2021-1418,PO-2021-1418,2022-11-19,10.56,B,0.0,,1204187.84
GR-2021-1419,PO-2021-1419,2021-02-07,24.98,A,0.0,,2869824.9
GR-2021-1420,PO-2021-1420,2023-02-11,15.95,A,0.0,,1914551.53
GR-2021-1421,PO-2021-1421,2023-04-28,19.33,B,0.01,Dimensional deviation,1805620.95
GR-2021-1422,PO-2021-1422,2023-06-28,25.8,A,0.0,,2120363.24
GR-2021-1423,PO-2021-1423,2023-02-01,46.27,B,0.0,,4648111.65
GR-2021-1424,PO-2021-1424,2023-09-24,31.2,C,0.03,Dimensional deviation,3177993.5
GR-2021-1425,PO-2021-1425,2021-11-06,46.93,A,0.0,,2649604.04
GR-2021-1426,PO-2021-1426,2021-12-07,38.45,B,0.0,,3619329.64
GR-2021-1427,PO-2021-1427,2023-03-31,45.14,A,0.0,,5046833.97
GR-2021-1428,PO-2021-1428,2023-06-04,25.51,B,0.0,,2169797.25
GR-2021-1429,PO-2021-1429,2022-10-10,6.34,B,0.0,,558456.34
GR-2021-1430,PO-2021-1430,2022-12-17,37.59,A,0.0,,4324974.99
GR-2021-1431,PO-2021-1431,2022-09-27,40.71,A,0.0,,1849853.99
GR-2021-1432,PO-2021-1432,2023-05-14,32.91,A,0.0,,3306278.08
GR-2021-1433,PO-2021-1433,2022-01-03,35.39,B,0.0,,2124729.67
GR-2021-1434,PO-2021-1434,2023-11-05,28.75,A,0.0,,1754548.97
GR-2021-1435,PO-2021-1435,2021-05-17,13.38,B,0.03,Dimensional deviation,1606501.06
GR-2021-1436,PO-2021-1436,2023-06-26,4.91,A,0.0,,252511.63
GR-2021-1437,PO-2021-1437,2022-08-01,2.43,A,0.0,,153390.85
GR-2021-1438,PO-2021-1438,2021-08-11,13.99,B,0.0,,1637640.06
GR-2021-1439,PO-2021-1439,2021-04-08,26.46,B,0.0,,1211032.24
GR-2021-1440,PO-2021-1440,2023-12-11,24.18,B,0.0,,1700006.68
GR-2021-1441,PO-2021-1441,2022-12-02,49.55,A,0.0,,5309989.09
GR-2021-1442,PO-2021-1442,2023-04-13,48.78,A,0.0,,5390358.72
GR-2021-1443,PO-2021-1443,2021-08-02,43.45,B,0.0,,3280421.61
GR-2021-1444,PO-2021-1444,2021-03-03,14.66,B,0.0,,1431464.85
GR-2021-1445,PO-2021-1445,2023-01-30,26.06,A,0.0,,2479184.32
GR-2021-1446,PO-2021-1446,2022-11-08,43.79,A,0.0,,5156128.12
GR-2021-1447,PO-2021-1447,2022-11-11,30.55,B,0.0,,2305130.74
GR-2021-1448,PO-2021-1448,2021-06-28,46.79,B,0.0,,5436020.76
GR-2021-1449,PO-2021-1449,2021-08-06,30.5,A,0.0,,3025666.24
GR-2021-1450,PO-2021-1450,2023-11-17,24.37,B,0.91,Dimensional deviation,1361262.45
GR-2021-1451,PO-2021-1451,2023-08-28,47.42,A,0.0,,3879574.19
GR-2021-1452,PO-2021-1452,2022-05-23,9.34,B,0.0,,1082877.17
GR-2021-1453,PO-2021-1453,2021-07-12,49.45,A,0.0,,2344008.26
GR-2021-1454,PO-2021-1454,2023-03-10,36.23,A,0.0,,3440804.99
GR-2021-1455,PO-2021-1455,2021-09-27,31.84,B,0.0,,2623977.0
GR-2021-1456,PO-2021-1456,2022-11-28,32.4,A,0.0,,2385859.07
GR-2021-1457,PO-2021-1457,2023-02-26,11.83,A,0.0,,641437.16
GR-2021-1458,PO-2021-1458,2021-09-03,37.07,A,0.0,,4299193.93
GR-2021-1459,PO-2021-1459,2021-09-10,42.77,B,0.0,,4989725.97
GR-2021-1460,PO-2021-1460,2021-01-13,29.77,B,0.0,,1771848.36
GR-2021-1461,PO-2021-1461,2023-05-26,39.8,B,0.0,,4610979.15
GR-2021-1462,PO-2021-1462,2023-12-14,20.18,B,0.0,,1739027.03
GR-2021-1463,PO-2021-1463,2022-10-21,41.62,A,0.0,,3466122.65
GR-2021-1464,PO-2021-1464,2021-11-15,35.81,B,1.51,Dimensional deviation,4251131.26
GR-2021-1465,PO-2021-1465,2021-03-22,25.51,B,0.0,,2476044.9
GR-2021-1466,PO-2021-1466,2023-09-11,15.14,B,0.0,,1795204.11
GR-2021-1467,PO-2021-1467,2022-11-21,42.3,A,0.0,,4897909.92
GR-2021-1468,PO-2021-1468,2021-05-06,35.73,B,1.27,Dimensional deviation,2569561.0
GR-2021-1469,PO-2021-1469,2021-12-05,20.18,A,0.0,,1550526.42
GR-2021-1470,PO-2021-1470,2022-12-23,4.47,A,0.0,,449769.83
GR-2021-1471,PO-2021-1471,2022-02-16,7.4,A,0.0,,751522.13
GR-2021-1472,PO-2021-1472,2021-05-03,33.05,A,0.0,,2920527.67
GR-2021-1473,PO-2021-1473,2023-09-28,10.98,B,0.33,Dimensional deviation,1235610.75
GR-2021-1474,PO-2021-1474,2021-01-26,34.14,A,0.0,,4079227.25
GR-2021-1475,PO-2021-1475,2023-02-23,46.34,A,0.0,,2420680.0
GR-2021-1476,PO-2021-1476,2022-01-15,48.83,B,0.0,,4596922.38
GR-2021-1477,PO-2021-1477,2023-06-20,12.89,A,0.0,,701371.57
GR-2021-1478,PO-2021-1478,2023-10-14,32.73,A,0.0,,2413313.18
GR-2021-1479,PO-2021-1479,2021-07-13,14.46,A,0.0,,1361910.17
GR-2021-1480,PO-2021-1480,2021-02-07,5.03,B,0.0,,412541.47
GR-2021-1481,PO-2021-1481,2023-11-23,29.47,A,0.0,,3542963.71
GR-2021-1482,PO-2021-1482,2022-07-29,19.76,B,0.0,,2377131.85
GR-2021-1483,PO-2021-1483,2023-06-25,5.82,A,0.0,,292105.11
GR-2021-1484,PO-2021-1484,2022-02-01,20.17,B,0.0,,2158087.11
GR-2021-1485,PO-2021-1485,2024-01-07,26.38,B,0.0,,2348414.39
GR-2021-1486,PO-2021-1486,2021-09-20,9.81,B,0.0,,885837.09
GR-2021-1487,PO-2021-1487,2021-01-17,7.02,A,0.0,,384268.24
GR-2021-1488,PO-2021-1488,2021-12-04,13.45,B,0.0,,1378100.44
GR-2021-1489,PO-2021-1489,2021-09-23,18.64,B,0.0,,1614500.67
GR-2021-1490,PO-2021-1490,2021-01-17,3.24,A,0.0,,377946.76
GR-2021-1491,PO-2021-1491,2022-09-05,29.12,A,0.0,,2844042.82
GR-2021-1492,PO-2021-1492,2022-12-27,34.53,A,0.0,,3286907.53
GR-2021-1493,PO-2021-1493,2022-05-10,7.59,B,0.06,Dimensional deviation,901782.64
GR-2021-1494,PO-2021-1494,2021-10-12,14.57,A,0.0,,1454372.49
GR-2021-1495,PO-2021-1495,2021-06-13,19.62,A,0.0,,2222785.4
GR-2021-1496,PO-2021-1496,2023-07-29,33.91,A,0.0,,3944835.54
GR-2021-1497,PO-2021-1497,2022-02-28,49.76,B,0.0,,4840641.15
GR-2021-1498,PO-2021-1498,2023-02-18,21.52,B,0.0,,1218395.7
GR-2021-1499,PO-2021-1499,2023-06-18,47.91,A,0.0,,3066246.8
GR-2021-1500,PO-2021-1500,2021-09-20,20.77,A,0.0,,1458858.88
GR-2021-1501,PO-2021-1501,2023-01-21,8.11,A,0.0,,856684.14
GR-2021-1502,PO-2021-1502,2021-01-28,48.92,A,0.0,,3021062.41
GR-2021-1503,PO-2021-1503,2021-09-27,34.86,B,1.69,Dimensional deviation,2594381.82
GR-2021-1504,PO-2021-1504,2023-10-08,17.95,B,0.0,,1591204.67
GR-2021-1505,PO-2021-1505,2022-07-20,9.29,A,0.0,,1086810.09
GR-2021-1506,PO-2021-1506,2022-01-16,27.78,A,0.0,,3115579.07
GR-2021-1507,PO-2021-1507,2023-09-12,1.47,B,0.0,,122770.59
GR-2021-1508,PO-2021-1508,2021-10-01,28.66,A,0.0,,1874169.44
GR-2021-1509,PO-2021-1509,2023-02-09,35.32,A,0.0,,2092651.09
GR-2021-1510,PO-2021-1510,2023-09-02,14.46,A,0.0,,1119236.16
GR-2021-1511,PO-2021-1511,2022-04-22,47.39,B,0.0,,3580424.77
GR-2021-1512,PO-2021-1512,2021-07-11,36.64,A,0.0,,4260356.79
GR-2021-1513,PO-2021-1513,2021-05-02,28.05,A,0.0,,2307280.69
GR-2021-1514,PO-2021-1514,2023-06-04,24.35,A,0.0,,2048833.57
GR-2021-1515,PO-2021-1515,2024-01-10,1.68,B,0.0,,99563.18
GR-2021-1516,PO-2021-1516,2021-01-31,37.73,A,0.0,,2388949.28
GR-2021-1517,PO-2021-1517,2024-01-05,46.22,B,2.11,Dimensional deviation,4798652.48
GR-2021-1518,PO-2021-1518,2023-12-22,4.66,B,0.0,,505232.54
GR-2021-1519,PO-2021-1519,2022-12-31,25.17,B,0.0,,1460837.66
GR-2021-1520,PO-2021-1520,2022-12-01,42.31,B,0.0,,4667530.79
GR-2021-1521,PO-2021-1521,2022-09-20,13.97,A,0.0,,630990.95
GR-2021-1522,PO-2021-1522,2023-03-31,46.11,A,0.0,,5440991.13
GR-2021-1523,PO-2021-1523,2021-03-25,3.79,A,0.0,,173587.79
GR-2021-1524,PO-2021-1524,2022-11-19,6.22,B,0.0,,445182.06
GR-2021-1525,PO-2021-1525,2022-01-23,1.42,B,0.0,,110553.71
GR-2021-1526,PO-2021-1526,2021-07-03,44.72,B,0.0,,3413450.97
GR-2021-1527,PO-2021-1527,2021-01-23,12.05,A,0.0,,901795.07
GR-2021-1528,PO-2021-1528,2023-01-27,27.03,A,0.0,,1778959.63
GR-2021-1529,PO-2021-1529,2023-06-29,18.25,A,0.0,,1421436.69
GR-2021-1530,PO-2021-1530,2022-02-22,14.9,A,0.0,,823189.26
GR-2021-1531,PO-2021-1531,2022-11-25,32.59,B,0.81,Dimensional deviation,4062814.48
GR-2021-1532,PO-2021-1532,2022-07-12,24.76,A,0.0,,2050902.55
GR-2021-1533,PO-2021-1533,2021-09-28,25.57,A,0.0,,2924094.83
GR-2021-1534,PO-2021-1534,2021-10-07,39.67,A,0.0,,2169657.32
GR-2021-1535,PO-2021-1535,2023-11-03,3.53,A,0.0,,380693.76
GR-2021-1536,PO-2021-1536,2021-02-04,15.1,A,0.0,,1236330.39
GR-2021-1537,PO-2021-1537,2023-06-06,36.5,B,0.0,,2167603.32
GR-2021-1538,PO-2021-1538,2021-09-06,33.34,A,0.0,,2597339.86
GR-2021-1539,PO-2021-1539,2021-08-13,10.19,B,0.0,,1117341.59
GR-2021-1540,PO-2021-1540,2021-11-07,7.45,A,0.0,,358123.55
GR-2021-1541,PO-2021-1541,2021-10-30,31.2,B,0.0,,1617307.19
GR-2021-1542,PO-2021-1542,2023-02-26,15.89,A,0.0,,1481821.96
GR-2021-1543,PO-2021-1543,2022-04-14,24.28,B,0.0,,2037709.81
GR-2021-1544,PO-2021-1544,2021-04-24,14.14,A,0.0,,937131.72
GR-2021-1545,PO-2021-1545,2023-05-13,44.46,A,0.0,,2630203.26
GR-2021-1546,PO-2021-1546,2021-04-29,14.84,A,0.0,,988859.01
GR-2021-1547,PO-2021-1547,2021-08-04,13.31,A,0.0,,1093468.97
GR-2021-1548,PO-2021-1548,2022-10-03,33.62,A,0.0,,3250382.88
GR-2021-1549,PO-2021-1549,2021-10-11,37.05,B,0.0,,2690916.43
GR-2021-1550,PO-2021-1550,2023-12-30,32.67,A,0.0,,1996327.15
GR-2021-1551,PO-2021-1551,2021-07-04,31.73,A,0.0,,2870883.52
GR-2021-1552,PO-2021-1552,2022-02-08,46.35,B,0.0,,2346050.21
GR-2021-1553,PO-2021-1553,2022-12-18,49.04,B,0.0,,2976820.04
GR-2021-1554,PO-2021-1554,2021-11-20,10.12,B,0.19,Dimensional deviation,932384.68
GR-2021-1555,PO-2021-1555,2022-12-25,31.77,A,0.0,,1714296.44
GR-2021-1556,PO-2021-1556,2021-06-05,26.62,B,0.0,,3104112.31
GR-2021-1557,PO-2021-1557,2021-02-17,34.91,A,0.0,,1921106.26
GR-2021-1558,PO-2021-1558,2021-05-17,25.14,A,0.0,,2145464.16
GR-2021-1559,PO-2021-1559,2021-06-21,37.58,B,0.0,,2789328.27
GR-2021-1560,PO-2021-1560,2023-03-26,11.08,A,0.0,,504308.25
GR-2021-1561,PO-2021-1561,2022-04-06,23.19,A,0.0,,2287261.75
GR-2021-1562,PO-2021-1562,2022-06-22,15.38,A,0.0,,1010951.07
GR-2021-1563,PO-2021-1563,2021-12-31,26.99,A,0.0,,1815347.1
GR-2021-1564,PO-2021-1564,2021-11-15,14.14,A,0.0,,1486226.55
GR-2021-1565,PO-2021-1565,2022-06-07,6.65,A,0.0,,626507.86
GR-2021-1566,PO-2021-1566,2023-02-05,47.36,A,0.0,,5272232.68
GR-2021-1567,PO-2021-1567,2021-10-06,16.85,A,0.0,,833574.39
GR-2021-1568,PO-2021-1568,2023-01-10,9.63,B,0.0,,1138627.58
GR-2021-1569,PO-2021-1569,2021-08-19,43.35,B,0.0,,4038956.5
GR-2021-1570,PO-2021-1570,2022-03-15,16.83,A,0.0,,1018363.97
GR-2021-1571,PO-2021-1571,2023-04-01,12.28,A,0.0,,1228472.53
GR-2021-1572,PO-2021-1572,2021-11-05,25.22,A,0.0,,2010192.78
GR-2021-1573,PO-2021-1573,2022-01-27,32.68,A,0.0,,1524515.94
GR-2021-1574,PO-2021-1574,2022-01-08,4.37,A,0.0,,221776.06
GR-2021-1575,PO-2021-1575,2023-08-08,36.13,B,0.0,,2017782.06
GR-2021-1576,PO-2021-1576,2021-01-31,19.72,A,0.0,,1055467.72
GR-2021-1577,PO-2021-1577,2021-04-16,38.64,A,0.0,,2520976.06
GR-2021-1578,PO-2021-1578,2021-02-13,27.49,A,0.0,,2933661.16
GR-2021-1579,PO-2021-1579,2021-07-05,24.53,B,0.0,,2140227.63
GR-2021-1580,PO-2021-1580,2021-12-15,24.47,A,0.0,,1548600.1
GR-2021-1581,PO-2021-1581,2022-07-11,41.35,B,0.0,,2183295.83
GR-2021-1582,PO-2021-1582,2021-08-03,7.95,A,0.0,,901629.53
GR-2021-1583,PO-2021-1583,2022-04-18,8.16,A,0.0,,773932.23
GR-2021-1584,PO-2021-1584,2023-03-03,9.23,A,0.0,,495852.18
GR-2021-1585,PO-2021-1585,2022-08-06,31.01,A,0.0,,1679324.89
GR-2021-1586,PO-2021-1586,2021-04-07,21.97,A,0.0,,1542492.6
GR-2021-1587,PO-2021-1587,2023-05-28,31.55,A,0.0,,2102868.53
GR-2021-1588,PO-2021-1588,2022-07-26,46.48,B,0.0,,4942102.97
GR-2021-1589,PO-2021-1589,2021-06-14,38.87,A,0.0,,2189932.38
GR-2021-1590,PO-2021-1590,2023-03-22,40.91,B,0.0,,2188700.32
GR-2021-1591,PO-2021-1591,2022-08-09,16.72,B,0.0,,918331.98
GR-2021-1592,PO-2021-1592,2023-03-10,25.04,A,0.0,,2045257.26
GR-2021-1593,PO-2021-1593,2022-11-27,19.75,B,0.0,,1705044.7
GR-2021-1594,PO-2021-1594,2024-01-03,27.19,A,0.0,,1697791.75
GR-2021-1595,PO-2021-1595,2023-05-19,35.1,A,0.0,,2220569.57
GR-2021-1596,PO-2021-1596,2022-02-26,28.2,A,0.0,,3313048.66
GR-2021-1597,PO-2021-1597,2021-05-08,42.4,A,0.0,,4685238.16
GR-2021-1598,PO-2021-1598,2022-09-08,41.64,A,0.0,,3621180.88
GR-2021-1599,PO-2021-1599,2022-05-28,3.72,A,0.0,,206953.27
GR-2022-1600,PO-2022-1600,2021-10-25,34.91,A,0.0,,2698314.45
GR-2022-1601,PO-2022-1601,2021-08-11,41.84,A,0.0,,4635310.91
GR-2022-1602,PO-2022-1602,2021-11-12,4.85,A,0.0,,247298.11
GR-2022-1603,PO-2022-1603,2023-05-15,23.91,A,0.0,,1333312.49
GR-2022-1604,PO-2022-1604,2022-09-21,36.38,B,0.0,,2850830.91
GR-2022-1605,PO-2022-1605,2021-02-03,8.4,B,0.05,Dimensional deviation,998181.45
GR-2022-1606,PO-2022-1606,2022-01-07,1.52,B,0.0,,164400.05
GR-2022-1607,PO-2022-1607,2023-07-25,15.95,A,0.0,,992777.76
GR-2022-1608,PO-2022-1608,2022-07-25,19.4,A,0.0,,2268444.36
GR-2022-1609,PO-2022-1609,2022-03-25,11.62,A,0.0,,689454.56
GR-2022-1610,PO-2022-1610,2021-06-17,16.24,B,0.0,,1522868.59
GR-2022-1611,PO-2022-1611,2021-12-11,32.43,B,0.0,,1948480.59
GR-2022-1612,PO-2022-1612,2021-08-07,30.51,A,0.0,,3315628.59
GR-2022-1613,PO-2022-1613,2022-05-20,26.83,B,1.18,Dimensional deviation,1429185.55
GR-2022-1614,PO-2022-1614,2021-01-28,27.89,B,0.0,,2603403.14
GR-2022-1615,PO-2022-1615,2022-05-23,48.68,A,0.0,,4268397.87
GR-2022-1616,PO-2022-1616,2023-09-24,16.03,B,0.74,Dimensional deviation,1975660.78
GR-2022-1617,PO-2022-1617,2023-01-17,24.56,B,0.85,Dimensional deviation,1819598.96
GR-2022-1618,PO-2022-1618,2023-01-13,17.19,A,0.0,,1933866.6
GR-2022-1619,PO-2022-1619,2021-08-06,2.16,A,0.0,,226163.23
GR-2022-1620,PO-2022-1620,2021-04-03,8.22,B,0.23,Dimensional deviation,699034.9
GR-2022-1621,PO-2022-1621,2021-07-28,40.21,B,0.0,,3816278.31
GR-2022-1622,PO-2022-1622,2021-12-08,49.51,B,0.0,,4498321.94
GR-2022-1623,PO-2022-1623,2022-12-12,17.58,A,0.0,,1268337.89
GR-2022-1624,PO-2022-1624,2021-03-27,11.22,A,0.0,,1019448.62
GR-2022-1625,PO-2022-1625,2021-11-17,40.28,A,0.0,,2251817.18
GR-2022-1626,PO-2022-1626,2021-07-05,23.17,B,0.0,,1344504.22
GR-2022-1627,PO-2022-1627,2021-12-01,29.16,B,0.0,,2091452.22
GR-2022-1628,PO-2022-1628,2022-01-19,48.88,A,0.0,,5838811.33
GR-2022-1629,PO-2022-1629,2023-07-05,48.41,A,0.0,,3967520.01
GR-2022-1630,PO-2022-1630,2022-08-19,42.8,A,0.0,,4891639.07
GR-2022-1631,PO-2022-1631,2023-07-01,42.2,A,0.0,,4935502.89
GR-2022-1632,PO-2022-1632,2021-07-03,22.92,A,0.0,,2554070.23
GR-2022-1633,PO-2022-1633,2021-04-05,35.01,A,0.0,,3072348.46
GR-2022-1634,PO-2022-1634,2021-08-16,8.48,B,0.11,Dimensional deviation,682008.86
GR-2022-1635,PO-2022-1635,2022-04-13,33.74,A,0.0,,2404846.13
GR-2022-1636,PO-2022-1636,2024-01-12,5.19,B,0.0,,520392.31
GR-2022-1637,PO-2022-1637,2023-06-20,17.01,A,0.0,,1177105.72
GR-2022-1638,PO-2022-1638,2023-10-07,6.54,A,0.0,,522016.44
GR-2022-1639,PO-2022-1639,2021-11-21,32.15,A,0.0,,2233983.18
GR-2022-1640,PO-2022-1640,2023-02-24,39.48,B,0.0,,4698980.86
GR-2022-1641,PO-2022-1641,2021-04-28,47.65,B,0.0,,4590409.16
GR-2022-1642,PO-2022-1642,2022-06-08,7.76,B,0.15,Dimensional deviation,541908.65
GR-2022-1643,PO-2022-1643,2022-09-11,26.6,A,0.0,,2543415.14
GR-2022-1644,PO-2022-1644,2022-01-28,44.62,A,0.0,,3459732.14
GR-2022-1645,PO-2022-1645,2022-09-13,18.04,B,0.0,,1384194.02
GR-2022-1646,PO-2022-1646,2021-12-01,45.7,A,0.0,,4013016.76
GR-2022-1647,PO-2022-1647,2022-02-26,16.84,A,0.0,,2005962.34
GR-2022-1648,PO-2022-1648,2022-10-24,44.67,B,0.0,,5168587.7
GR-2022-1649,PO-2022-1649,2022-10-24,13.74,B,0.0,,1376499.73
GR-2022-1650,PO-2022-1650,2021-09-21,2.78,A,0.0,,281589.32
GR-2022-1651,PO-2022-1651,2023-05-17,11.55,A,0.0,,703886.55
GR-2022-1652,PO-2022-1652,2021-02-12,1.77,A,0.0,,200925.92
GR-2022-1653,PO-2022-1653,2021-09-27,21.13,A,0.0,,1519673.17
GR-2022-1654,PO-2022-1654,2023-06-01,6.56,B,0.0,,381700.42
GR-2022-1655,PO-2022-1655,2023-02-21,29.13,B,0.94,Dimensional deviation,2687435.32
GR-2022-1656,PO-2022-1656,2022-08-13,35.23,A,0.0,,4083128.75
GR-2022-1657,PO-2022-1657,2021-07-08,32.58,B,0.0,,2994737.17
GR-2022-1658,PO-2022-1658,2021-08-15,5.86,A,0.0,,461232.65
GR-2022-1659,PO-2022-1659,2021-03-26,10.91,B,0.37,Dimensional deviation,1222173.99
GR-2022-1660,PO-2022-1660,2023-03-02,42.8,A,0.0,,4995876.83
GR-2022-1661,PO-2022-1661,2023-08-16,1.36,B,0.0,,100144.66
GR-2022-1662,PO-2022-1662,2023-11-24,42.05,C,0.95,Dimensional deviation,2973704.01
GR-2022-1663,PO-2022-1663,2023-05-04,45.02,A,0.0,,3432498.84
GR-2022-1664,PO-2022-1664,2021-03-11,41.88,A,0.0,,3541518.53
GR-2022-1665,PO-2022-1665,2022-10-22,47.76,B,0.0,,5734184.64
GR-2022-1666,PO-2022-1666,2023-03-27,41.49,B,0.0,,4372154.59
GR-2022-1667,PO-2022-1667,2023-06-08,48.86,A,0.0,,2837028.03
GR-2022-1668,PO-2022-1668,2023-12-01,12.26,B,0.0,,1210462.92
GR-2022-1669,PO-2022-1669,2023-11-08,42.31,B,0.0,,3894588.11
GR-2022-1670,PO-2022-1670,2021-11-26,5.52,A,0.0,,261361.22
GR-2022-1671,PO-2022-1671,2021-11-19,45.86,A,0.0,,2347365.11
GR-2022-1672,PO-2022-1672,2021-03-01,31.77,B,0.0,,3315514.09
GR-2022-1673,PO-2022-1673,2022-05-22,10.41,B,0.0,,1134359.73
GR-2022-1674,PO-2022-1674,2023-02-27,14.34,A,0.0,,1665832.56
GR-2022-1675,PO-2022-1675,2021-02-22,23.31,B,0.0,,2107763.88
GR-2022-1676,PO-2022-1676,2021-10-31,43.41,C,1.3,Dimensional deviation,2423002.04
GR-2022-1677,PO-2022-1677,2023-01-23,5.89,A,0.0,,620622.59
GR-2022-1678,PO-2022-1678,2021-06-08,11.3,A,0.0,,864371.24
GR-2022-1679,PO-2022-1679,2023-07-27,15.54,A,0.0,,1763767.53
GR-2022-1680,PO-2022-1680,2021-03-20,49.32,A,0.0,,4039465.07
GR-2022-1681,PO-2022-1681,2021-01-18,36.98,B,0.0,,4275196.25
GR-2022-1682,PO-2022-1682,2021-03-10,26.03,A,0.0,,1471588.78
GR-2022-1683,PO-2022-1683,2021-09-07,17.02,B,0.0,,1048269.46
GR-2022-1684,PO-2022-1684,2021-09-28,24.41,A,0.0,,2865708.12
GR-2022-1685,PO-2022-1685,2022-09-01,22.17,B,0.0,,2594381.55
GR-2022-1686,PO-2022-1686,2022-06-07,33.03,B,1.61,Dimensional deviation,4022086.12
GR-2022-1687,PO-2022-1687,2023-03-30,9.03,A,0.0,,551189.0
GR-2022-1688,PO-2022-1688,2023-10-06,21.56,B,0.0,,2198433.47
GR-2022-1689,PO-2022-1689,2021-08-23,10.76,B,0.0,,771146.84
GR-2022-1690,PO-2022-1690,2021-05-22,44.55,A,0.0,,5209498.88
GR-2022-1691,PO-2022-1691,2023-04-29,17.64,C,0.11,Dimensional deviation,897210.94
GR-2022-1692,PO-2022-1692,2022-11-05,18.45,A,0.0,,934801.81
GR-2022-1693,PO-2022-1693,2023-02-11,38.92,A,0.0,,2123572.58
GR-2022-1694,PO-2022-1694,2021-02-01,23.61,B,0.0,,2490502.45
GR-2022-1695,PO-2022-1695,2021-05-22,30.32,A,0.0,,2577767.29
GR-2022-1696,PO-2022-1696,2022-08-04,34.38,B,0.0,,2672383.26
GR-2022-1697,PO-2022-1697,2022-02-18,40.04,B,0.0,,3323144.41
GR-2022-1698,PO-2022-1698,2023-05-27,23.11,A,0.0,,2089588.29
GR-2022-1699,PO-2022-1699,2023-03-09,14.9,A,0.0,,1396326.75
GR-2022-1700,PO-2022-1700,2021-01-15,7.41,B,0.0,,871954.03
GR-2022-1701,PO-2022-1701,2024-01-09,17.44,B,0.0,,810243.96
GR-2022-1702,PO-2022-1702,2021-07-24,14.43,A,0.0,,1468079.26
GR-2022-1703,PO-2022-1703,2021-06-30,30.98,A,0.0,,2309486.36
GR-2022-1704,PO-2022-1704,2023-07-26,42.25,A,0.0,,4879518.37
GR-2022-1705,PO-2022-1705,2021-03-11,41.11,A,0.0,,2296540.57
GR-2022-1706,PO-2022-1706,2023-06-29,5.29,B,0.0,,527325.96
GR-2022-1707,PO-2022-1707,2023-02-02,13.69,B,0.0,,1425107.38
GR-2022-1708,PO-2022-1708,2021-04-24,13.83,A,0.0,,1344590.15
GR-2022-1709,PO-2022-1709,2023-02-21,45.97,B,0.0,,4111316.42
GR-2022-1710,PO-2022-1710,2021-09-25,37.74,B,0.0,,4229066.95
GR-2022-1711,PO-2022-1711,2023-07-20,26.81,A,0.0,,2371965.25
GR-2022-1712,PO-2022-1712,2023-10-08,38.62,B,0.0,,3155547.41
GR-2022-1713,PO-2022-1713,2022-07-03,17.84,C,0.68,Dimensional deviation,2049092.72
GR-2022-1714,PO-2022-1714,2022-03-03,48.42,A,0.0,,2407663.37
GR-2022-1715,PO-2022-1715,2022-03-27,10.18,B,0.0,,539497.42
GR-2022-1716,PO-2022-1716,2023-12-28,38.13,A,0.0,,2616483.18
GR-2022-1717,PO-2022-1717,2021-11-23,45.66,A,0.0,,2811911.7
GR-2022-1718,PO-2022-1718,2023-03-06,10.94,A,0.0,,821418.3
GR-2022-1719,PO-2022-1719,2022-08-08,34.61,A,0.0,,4029619.18
GR-2022-1720,PO-2022-1720,2021-08-06,43.64,A,0.0,,4431524.41
GR-2022-1721,PO-2022-1721,2021-02-15,13.98,A,0.0,,1135702.68
GR-2022-1722,PO-2022-1722,2023-07-25,6.79,B,0.0,,586655.18
GR-2022-1723,PO-2022-1723,2023-06-12,20.38,A,0.0,,1581063.73
GR-2022-1724,PO-2022-1724,2021-05-01,19.08,A,0.0,,930858.73
GR-2022-1725,PO-2022-1725,2023-05-26,10.26,A,0.0,,598793.35
GR-2022-1726,PO-2022-1726,2024-01-06,22.23,A,0.0,,2136975.77
GR-2022-1727,PO-2022-1727,2022-06-08,6.61,A,0.0,,744539.08
GR-2022-1728,PO-2022-1728,2022-07-14,26.88,B,0.0,,1777401.58
GR-2022-1729,PO-2022-1729,2023-04-23,5.91,B,0.0,,596264.21
GR-2022-1730,PO-2022-1730,2022-07-20,9.3,A,0.0,,565315.34
GR-2022-1731,PO-2022-1731,2022-09-01,5.44,B,0.17,Dimensional deviation,483616.34
GR-2022-1732,PO-2022-1732,2023-09-12,9.25,A,0.0,,897650.49
GR-2022-1733,PO-2022-1733,2022-01-31,7.94,B,0.0,,365343.12
GR-2022-1734,PO-2022-1734,2023-06-02,9.66,A,0.0,,628437.88
GR-2022-1735,PO-2022-1735,2021-12-29,48.25,A,0.0,,4304627.5
GR-2022-1736,PO-2022-1736,2022-06-04,3.19,A,0.0,,148636.84
GR-2022-1737,PO-2022-1737,2022-09-04,25.57,A,0.0,,2606666.89
GR-2022-1738,PO-2022-1738,2021-07-25,40.25,A,0.0,,2834400.56
GR-2022-1739,PO-2022-1739,2022-12-28,13.31,A,0.0,,1065632.68
GR-2022-1740,PO-2022-1740,2022-09-22,38.69,A,0.0,,4256133.1
GR-2022-1741,PO-2022-1741,2023-09-23,34.52,A,0.0,,3446719.48
GR-2022-1742,PO-2022-1742,2021-11-12,33.06,B,0.0,,1852784.81
GR-2022-1743,PO-2022-1743,2021-03-11,18.49,A,0.0,,1876397.54
GR-2022-1744,PO-2022-1744,2023-02-24,43.94,A,0.0,,4218126.64
GR-2022-1745,PO-2022-1745,2023-12-27,44.26,B,0.88,Dimensional deviation,3375592.0
GR-2022-1746,PO-2022-1746,2023-03-23,16.15,A,0.0,,777013.2
GR-2022-1747,PO-2022-1747,2022-12-20,39.85,A,0.0,,3497362.21
GR-2022-1748,PO-2022-1748,2022-12-27,46.8,B,2.17,Dimensional deviation,4157241.03
GR-2022-1749,PO-2022-1749,2021-11-09,26.46,A,0.0,,1777783.9
GR-2022-1750,PO-2022-1750,2021-12-05,15.05,A,0.0,,1587356.27
GR-2022-1751,PO-2022-1751,2023-07-26,14.4,B,0.24,Dimensional deviation,1383796.1
GR-2022-1752,PO-2022-1752,2023-10-04,22.05,A,0.0,,2087924.71
GR-2022-1753,PO-2022-1753,2021-04-27,18.16,B,0.0,,1203007.75
GR-2022-1754,PO-2022-1754,2021-11-24,7.93,B,0.0,,798832.13
GR-2022-1755,PO-2022-1755,2021-06-28,2.52,B,0.1,Dimensional deviation,307292.1
GR-2022-1756,PO-2022-1756,2023-03-10,48.17,B,0.0,,2533196.15
GR-2022-1757,PO-2022-1757,2022-09-21,28.56,A,0.0,,2746167.84
GR-2022-1758,PO-2022-1758,2021-10-20,7.58,A,0.0,,662270.29
GR-2022-1759,PO-2022-1759,2022-09-28,28.57,A,0.0,,2650404.89
GR-2022-1760,PO-2022-1760,2022-01-28,5.66,A,0.0,,482454.17
GR-2022-1761,PO-2022-1761,2022-10-16,23.84,A,0.0,,1845950.8
GR-2022-1762,PO-2022-1762,2023-05-06,45.55,B,0.0,,2148001.5
GR-2022-1763,PO-2022-1763,2023-05-22,31.02,A,0.0,,2108208.64
GR-2022-1764,PO-2022-1764,2023-11-25,31.28,A,0.0,,3534543.57
GR-2022-1765,PO-2022-1765,2021-05-06,20.71,B,0.0,,942559.58
GR-2022-1766,PO-2022-1766,2023-12-13,5.1,B,0.0,,336105.02
GR-2022-1767,PO-2022-1767,2021-08-24,41.13,A,0.0,,3608212.97
GR-2022-1768,PO-2022-1768,2022-11-24,36.92,A,0.0,,3563258.56
GR-2022-1769,PO-2022-1769,2021-04-30,8.03,A,0.0,,810286.39
GR-2022-1770,PO-2022-1770,2021-10-10,15.64,A,0.0,,1075306.59
GR-2022-1771,PO-2022-1771,2023-09-26,4.25,A,0.0,,242284.87
GR-2022-1772,PO-2022-1772,2023-12-14,10.91,B,0.0,,886642.79
GR-2022-1773,PO-2022-1773,2023-07-09,46.23,B,0.0,,3130384.71
GR-2022-1774,PO-2022-1774,2022-01-23,13.71,B,0.0,,1250658.75
GR-2022-1775,PO-2022-1775,2021-09-27,31.93,B,0.0,,1893545.18
GR-2022-1776,PO-2022-1776,2022-05-18,37.04,A,0.0,,3211280.33
GR-2022-1777,PO-2022-1777,2023-09-27,32.59,B,0.73,Dimensional deviation,4099443.77
GR-2022-1778,PO-2022-1778,2023-02-02,19.82,B,0.0,,2090333.78
GR-2022-1779,PO-2022-1779,2023-05-17,2.36,A,0.0,,187896.37
GR-2022-1780,PO-2022-1780,2023-03-25,2.66,A,0.0,,250397.06
GR-2022-1781,PO-2022-1781,2023-07-19,46.36,B,1.73,Dimensional deviation,4013237.42
GR-2022-1782,PO-2022-1782,2023-08-09,48.98,B,0.0,,3527623.85
GR-2022-1783,PO-2022-1783,2022-03-22,20.0,B,0.0,,1001107.64
GR-2022-1784,PO-2022-1784,2021-11-12,23.32,A,0.0,,2571989.06
GR-2022-1785,PO-2022-1785,2022-08-07,4.32,A,0.0,,468500.44
GR-2022-1786,PO-2022-1786,2023-02-28,28.98,A,0.0,,3348469.54
GR-2022-1787,PO-2022-1787,2023-12-27,34.93,A,0.0,,3137677.99
GR-2022-1788,PO-2022-1788,2022-12-21,3.18,B,0.0,,348487.49
GR-2022-1789,PO-2022-1789,2022-04-29,25.41,A,0.0,,2443825.36
GR-2022-1790,PO-2022-1790,2022-05-02,44.91,A,0.0,,2617467.74
GR-2022-1791,PO-2022-1791,2023-05-28,30.74,B,0.0,,1660079.72
GR-2022-1792,PO-2022-1792,2021-06-06,30.57,B,0.0,,3319325.18
GR-2022-1793,PO-2022-1793,2022-11-04,19.39,A,0.0,,2323723.54
GR-2022-1794,PO-2022-1794,2022-02-22,24.96,A,0.0,,2403596.82
GR-2022-1795,PO-2022-1795,2022-02-25,40.63,A,0.0,,4318989.17
GR-2022-1796,PO-2022-1796,2021-06-29,10.89,A,0.0,,1160084.74
GR-2022-1797,PO-2022-1797,2023-01-23,43.28,A,0.0,,3059193.26
GR-2022-1798,PO-2022-1798,2023-12-30,41.48,A,0.0,,3668232.59
GR-2022-1799,PO-2022-1799,2023-10-30,31.25,A,0.0,,2720911.01
GR-2022-1800,PO-2022-1800,2021-06-01,31.54,A,0.0,,3498852.75
GR-2022-1801,PO-2022-1801,2021-06-18,15.46,A,0.0,,840513.58
GR-2022-1802,PO-2022-1802,2021-04-26,11.96,B,0.0,,1384244.79
GR-2022-1803,PO-2022-1803,2023-03-18,43.68,B,0.0,,2486738.19
GR-2022-1804,PO-2022-1804,2021-06-15,46.32,B,0.0,,3849614.71
GR-2022-1805,PO-2022-1805,2021-05-13,46.62,B,0.0,,5576193.58
GR-2022-1806,PO-2022-1806,2021-03-20,21.0,B,0.56,Dimensional deviation,1351823.4
GR-2022-1807,PO-2022-1807,2021-05-18,27.6,B,0.0,,2782124.91
GR-2022-1808,PO-2022-1808,2021-05-21,4.54,B,0.0,,530576.18
GR-2022-1809,PO-2022-1809,2021-03-29,47.14,A,0.0,,4272893.88
GR-2022-1810,PO-2022-1810,2021-06-19,14.17,A,0.0,,685860.62
GR-2022-1811,PO-2022-1811,2023-10-25,32.77,A,0.0,,2542943.83
GR-2022-1812,PO-2022-1812,2022-04-18,2.29,B,0.0,,237328.02
GR-2022-1813,PO-2022-1813,2024-01-15,27.85,A,0.0,,1372918.58
GR-2022-1814,PO-2022-1814,2023-02-19,35.34,B,0.0,,3049455.32
GR-2022-1815,PO-2022-1815,2023-06-21,18.15,A,0.0,,1290195.82
GR-2022-1816,PO-2022-1816,2022-05-17,29.82,A,0.0,,1851107.69
GR-2022-1817,PO-2022-1817,2021-04-11,40.65,B,0.0,,2071446.82
GR-2022-1818,PO-2022-1818,2023-07-08,3.06,C,0.1,Dimensional deviation,232592.55
GR-2022-1819,PO-2022-1819,2022-05-28,29.9,C,0.75,Dimensional deviation,2583058.4
GR-2022-1820,PO-2022-1820,2021-06-21,46.54,A,0.0,,2839451.0
GR-2022-1821,PO-2022-1821,2023-01-19,35.6,B,0.0,,4154916.3
GR-2022-1822,PO-2022-1822,2022-09-04,44.72,B,0.0,,3084609.44
GR-2022-1823,PO-2022-1823,2023-11-13,17.93,A,0.0,,1363867.59
GR-2022-1824,PO-2022-1824,2023-10-06,10.96,A,0.0,,606474.91
GR-2022-1825,PO-2022-1825,2022-05-04,11.33,A,0.0,,826288.4
GR-2022-1826,PO-2022-1826,2021-11-02,33.5,B,0.69,Dimensional deviation,3433697.47
GR-2022-1827,PO-2022-1827,2021-09-06,41.71,A,0.0,,2740134.93
GR-2022-1828,PO-2022-1828,2023-03-09,3.9,A,0.0,,428735.77
GR-2022-1829,PO-2022-1829,2023-10-20,19.68,B,0.0,,959373.72
GR-2022-1830,PO-2022-1830,2023-02-24,25.94,B,0.93,Dimensional deviation,2663255.56
GR-2022-1831,PO-2022-1831,2022-12-30,45.77,A,0.0,,5224443.45
GR-2022-1832,PO-2022-1832,2022-03-29,36.43,A,0.0,,3349436.72
GR-2022-1833,PO-2022-1833,2021-05-12,19.95,B,0.0,,1983927.55
GR-2022-1834,PO-2022-1834,2022-08-23,29.0,A,0.0,,2546316.53
GR-2022-1835,PO-2022-1835,2022-06-25,23.81,A,0.0,,2854758.92
GR-2022-1836,PO-2022-1836,2021-10-03,39.91,B,0.0,,4673839.66
GR-2022-1837,PO-2022-1837,2022-06-05,28.0,B,0.88,Dimensional deviation,1443530.89
GR-2022-1838,PO-2022-1838,2023-01-24,39.27,B,0.0,,4160970.56
GR-2022-1839,PO-2022-1839,2021-02-05,28.82,A,0.0,,1992790.67
GR-2022-1840,PO-2022-1840,2022-01-06,1.83,A,0.0,,84480.81
GR-2022-1841,PO-2022-1841,2023-01-09,11.64,A,0.0,,576426.35
GR-2022-1842,PO-2022-1842,2022-08-06,22.4,A,0.0,,1453034.74
GR-2022-1843,PO-2022-1843,2022-07-25,7.19,B,0.0,,667150.85
GR-2022-1844,PO-2022-1844,2021-04-23,32.99,A,0.0,,1945737.81
GR-2022-1845,PO-2022-1845,2023-07-05,27.85,A,0.0,,1746151.61
GR-2022-1846,PO-2022-1846,2022-06-24,34.1,B,0.0,,3742835.0
GR-2022-1847,PO-2022-1847,2021-04-08,6.31,B,0.0,,527179.22
GR-2022-1848,PO-2022-1848,2023-11-28,10.95,A,0.0,,965551.84
GR-2022-1849,PO-2022-1849,2023-05-12,43.75,A,0.0,,2447703.76
GR-2022-1850,PO-2022-1850,2023-01-17,44.9,A,0.0,,3287472.04
GR-2022-1851,PO-2022-1851,2021-03-17,3.18,A,0.0,,366126.32
GR-2022-1852,PO-2022-1852,2021-03-12,40.22,A,0.0,,3381541.13
GR-2022-1853,PO-2022-1853,2023-11-22,19.41,B,0.0,,1735000.75
GR-2022-1854,PO-2022-1854,2021-11-11,47.34,A,0.0,,5587671.34
GR-2022-1855,PO-2022-1855,2023-11-12,36.73,B,0.0,,4008390.74
GR-2022-1856,PO-2022-1856,2021-04-24,26.27,A,0.0,,1822416.92
GR-2022-1857,PO-2022-1857,2022-09-04,12.79,B,0.0,,1324220.79
GR-2022-1858,PO-2022-1858,2022-04-25,37.62,A,0.0,,2020695.13
GR-2022-1859,PO-2022-1859,2023-07-05,4.87,B,0.0,,426467.97
GR-2022-1860,PO-2022-1860,2023-01-27,22.84,A,0.0,,1757516.71
GR-2022-1861,PO-2022-1861,2021-09-29,33.73,A,0.0,,3230900.08
GR-2022-1862,PO-2022-1862,2022-07-05,15.64,B,0.22,Dimensional deviation,870719.19
GR-2022-1863,PO-2022-1863,2023-11-07,31.82,A,0.0,,3294347.84
GR-2022-1864,PO-2022-1864,2023-07-30,6.86,A,0.0,,448092.21
GR-2022-1865,PO-2022-1865,2023-08-27,43.32,A,0.0,,4688717.4
GR-2022-1866,PO-2022-1866,2021-12-18,26.03,A,0.0,,2221634.57
GR-2022-1867,PO-2022-1867,2023-05-29,20.69,A,0.0,,1797018.3
GR-2022-1868,PO-2022-1868,2022-09-07,44.75,A,0.0,,5053573.0
GR-2022-1869,PO-2022-1869,2021-08-23,35.85,B,0.59,Dimensional deviation,2770905.24
GR-2022-1870,PO-2022-1870,2023-04-26,15.1,A,0.0,,1226285.18
GR-2022-1871,PO-2022-1871,2022-01-23,8.43,A,0.0,,385638.78
GR-2022-1872,PO-2022-1872,2023-02-14,16.66,A,0.0,,972844.64
GR-2022-1873,PO-2022-1873,2022-08-11,15.53,A,0.0,,1098989.61
GR-2022-1874,PO-2022-1874,2023-12-05,41.94,A,0.0,,3261792.44
GR-2022-1875,PO-2022-1875,2023-03-15,47.51,A,0.0,,2297483.22
GR-2022-1876,PO-2022-1876,2022-03-19,14.57,A,0.0,,1623473.25
GR-2022-1877,PO-2022-1877,2021-08-05,9.11,A,0.0,,606618.87
GR-2022-1878,PO-2022-1878,2023-07-01,15.0,B,0.0,,1723340.48
GR-2022-1879,PO-2022-1879,2021-08-17,7.9,A,0.0,,478659.65
GR-2022-1880,PO-2022-1880,2021-12-28,47.94,A,0.0,,4105951.66
GR-2022-1881,PO-2022-1881,2022-02-12,41.71,A,0.0,,1961342.61
GR-2022-1882,PO-2022-1882,2022-08-09,26.46,A,0.0,,2846334.32
GR-2022-1883,PO-2022-1883,2021-08-17,44.39,A,0.0,,3653660.22
GR-2022-1884,PO-2022-1884,2021-10-24,48.22,B,0.0,,5100480.73
GR-2022-1885,PO-2022-1885,2022-04-13,8.68,A,0.0,,608904.52
GR-2022-1886,PO-2022-1886,2023-11-23,44.48,A,0.0,,2141048.71
GR-2022-1887,PO-2022-1887,2023-12-20,42.05,A,0.0,,3994315.26
GR-2022-1888,PO-2022-1888,2021-03-21,7.7,B,0.0,,564492.89
GR-2022-1889,PO-2022-1889,2022-02-20,8.34,A,0.0,,892858.15
GR-2022-1890,PO-2022-1890,2023-10-31,10.41,C,0.21,Dimensional deviation,1235209.59
GR-2022-1891,PO-2022-1891,2022-03-23,4.28,B,0.0,,373370.25
GR-2022-1892,PO-2022-1892,2022-01-20,33.09,C,0.04,Dimensional deviation,3285075.89
GR-2022-1893,PO-2022-1893,2022-05-03,26.8,B,0.0,,3146363.03
GR-2022-1894,PO-2022-1894,2022-05-06,24.3,B,0.66,Dimensional deviation,2400472.34
GR-2022-1895,PO-2022-1895,2023-01-19,5.68,B,0.0,,306139.92
GR-2022-1896,PO-2022-1896,2022-08-17,16.8,A,0.0,,1603902.24
GR-2022-1897,PO-2022-1897,2022-01-07,33.28,A,0.0,,2371552.17
GR-2022-1898,PO-2022-1898,2021-09-26,30.21,A,0.0,,2939692.94
GR-2022-1899,PO-2022-1899,2022-08-28,11.46,B,0.0,,1255830.46
GR-2022-1900,PO-2022-1900,2021-05-22,33.97,A,0.0,,2583943.07
GR-2022-1901,PO-2022-1901,2023-07-08,13.73,A,0.0,,676072.57
GR-2022-1902,PO-2022-1902,2022-04-06,16.05,B,0.0,,1220862.22
GR-2022-1903,PO-2022-1903,2021-12-18,47.03,A,0.0,,4317845.61
GR-2022-1904,PO-2022-1904,2021-10-07,40.1,A,0.0,,2087324.06
GR-2022-1905,PO-2022-1905,2022-11-20,4.1,A,0.0,,200120.59
GR-2022-1906,PO-2022-1906,2023-01-26,41.98,A,0.0,,3141134.25
GR-2022-1907,PO-2022-1907,2022-04-26,43.42,B,1.78,Dimensional deviation,3314619.64
GR-2022-1908,PO-2022-1908,2022-06-06,42.24,B,0.0,,4312336.56
GR-2022-1909,PO-2022-1909,2021-08-06,39.73,B,0.0,,1916257.89
GR-2022-1910,PO-2022-1910,2022-09-16,31.66,B,0.0,,3086537.74
GR-2022-1911,PO-2022-1911,2022-07-28,32.9,A,0.0,,1815735.51
GR-2022-1912,PO-2022-1912,2022-07-25,4.59,A,0.0,,458112.13
GR-2022-1913,PO-2022-1913,2023-05-08,37.03,B,0.0,,3201606.62
GR-2022-1914,PO-2022-1914,2021-07-30,41.53,B,0.0,,4568348.25
GR-2022-1915,PO-2022-1915,2022-11-05,37.42,B,0.0,,2532571.82
GR-2022-1916,PO-2022-1916,2022-03-02,48.02,B,0.0,,4277549.71
GR-2022-1917,PO-2022-1917,2022-08-27,11.89,B,0.0,,897395.37
GR-2022-1918,PO-2022-1918,2023-10-04,24.81,B,1.02,Dimensional deviation,1978531.09
GR-2022-1919,PO-2022-1919,2023-04-02,35.87,B,0.0,,2841919.28
GR-2022-1920,PO-2022-1920,2021-02-25,22.74,B,0.0,,1850222.37
GR-2022-1921,PO-2022-1921,2022-10-03,40.46,A,0.0,,4806637.23
GR-2022-1922,PO-2022-1922,2021-12-25,29.87,A,0.0,,1542853.13
GR-2022-1923,PO-2022-1923,2023-09-06,3.87,B,0.0,,319004.62
GR-2022-1924,PO-2022-1924,2022-10-14,2.78,A,0.0,,269722.75
GR-2022-1925,PO-2022-1925,2023-05-01,34.6,B,0.0,,3539697.67
GR-2022-1926,PO-2022-1926,2023-10-10,47.98,A,0.0,,3009288.4
GR-2022-1927,PO-2022-1927,2023-09-22,43.06,A,0.0,,5144997.92
GR-2022-1928,PO-2022-1928,2021-08-10,19.4,A,0.0,,1975287.77
GR-2022-1929,PO-2022-1929,2023-12-08,10.57,A,0.0,,1176166.8
GR-2022-1930,PO-2022-1930,2021-04-03,9.36,A,0.0,,986066.19
GR-2022-1931,PO-2022-1931,2021-10-23,1.44,A,0.0,,78037.19
GR-2022-1932,PO-2022-1932,2022-07-26,31.0,B,0.0,,2269246.22
GR-2022-1933,PO-2022-1933,2021-12-20,26.49,B,0.0,,1607314.81
GR-2022-1934,PO-2022-1934,2023-02-09,24.0,B,0.0,,1467014.24
GR-2022-1935,PO-2022-1935,2021-10-14,35.83,A,0.0,,2902671.69
GR-2022-1936,PO-2022-1936,2023-05-14,23.38,B,1.12,Dimensional deviation,2988890.71
GR-2022-1937,PO-2022-1937,2022-10-12,34.84,A,0.0,,2987398.4
GR-2022-1938,PO-2022-1938,2021-07-26,29.84,B,0.0,,1506738.03
GR-2022-1939,PO-2022-1939,2022-04-18,46.21,A,0.0,,3048132.27
GR-2022-1940,PO-2022-1940,2022-10-02,46.59,B,0.0,,4073762.39
GR-2022-1941,PO-2022-1941,2022-02-24,6.04,A,0.0,,370460.32
GR-2022-1942,PO-2022-1942,2022-07-11,39.67,A,0.0,,3566403.64
GR-2022-1943,PO-2022-1943,2023-03-09,48.13,A,0.0,,4851264.8
GR-2022-1944,PO-2022-1944,2023-09-04,1.12,A,0.0,,70497.68
GR-2022-1945,PO-2022-1945,2021-07-18,9.03,A,0.0,,1004212.22
GR-2022-1946,PO-2022-1946,2021-06-25,26.01,A,0.0,,2032852.05
GR-2022-1947,PO-2022-1947,2023-09-07,25.44,A,0.0,,1372905.56
GR-2022-1948,PO-2022-1948,2023-03-29,35.5,B,0.0,,2550543.82
GR-2022-1949,PO-2022-1949,2022-10-18,44.23,A,0.0,,4789516.98
GR-2022-1950,PO-2022-1950,2022-08-07,28.34,A,0.0,,2326804.5
GR-2022-1951,PO-2022-1951,2022-06-06,44.78,A,0.0,,4234262.57
GR-2022-1952,PO-2022-1952,2021-03-05,38.56,B,0.0,,2750707.07
GR-2022-1953,PO-2022-1953,2022-03-19,19.33,A,0.0,,2223895.58
GR-2022-1954,PO-2022-1954,2022-02-16,26.69,B,0.0,,1215922.58
GR-2022-1955,PO-2022-1955,2022-11-07,45.87,A,0.0,,3793884.76
GR-2022-1956,PO-2022-1956,2022-07-30,31.16,B,1.27,Dimensional deviation,2526003.21
GR-2022-1957,PO-2022-1957,2022-06-18,48.28,A,0.0,,5186954.8
GR-2022-1958,PO-2022-1958,2023-09-08,9.49,B,0.0,,962841.85
GR-2022-1959,PO-2022-1959,2021-08-10,2.29,B,0.06,Dimensional deviation,280891.96
GR-2022-1960,PO-2022-1960,2022-01-04,21.45,A,0.0,,2337863.77
GR-2022-1961,PO-2022-1961,2023-07-07,5.76,A,0.0,,495960.18
GR-2022-1962,PO-2022-1962,2021-02-18,44.78,B,0.0,,2595518.99
GR-2022-1963,PO-2022-1963,2023-02-04,46.96,A,0.0,,3542956.48
GR-2022-1964,PO-2022-1964,2021-05-23,41.12,A,0.0,,3422715.83
GR-2022-1965,PO-2022-1965,2022-07-09,22.62,B,0.0,,1492552.04
GR-2022-1966,PO-2022-1966,2023-11-06,31.93,B,0.0,,3475158.31
GR-2022-1967,PO-2022-1967,2022-10-14,18.12,A,0.0,,1283670.53
GR-2022-1968,PO-2022-1968,2021-07-11,6.67,A,0.0,,347007.27
GR-2022-1969,PO-2022-1969,2021-07-17,28.99,B,0.68,Dimensional deviation,3660227.71
GR-2022-1970,PO-2022-1970,2021-12-28,32.05,A,0.0,,2565514.57
GR-2022-1971,PO-2022-1971,2022-05-28,37.47,A,0.0,,3775478.87
GR-2022-1972,PO-2022-1972,2021-05-01,9.71,A,0.0,,539770.65
GR-2022-1973,PO-2022-1973,2023-05-05,14.25,A,0.0,,861364.38
GR-2022-1974,PO-2022-1974,2022-06-24,5.51,B,0.0,,396149.73
GR-2022-1975,PO-2022-1975,2022-12-24,41.63,B,0.0,,4020390.78
GR-2022-1976,PO-2022-1976,2021-04-01,27.14,A,0.0,,1663480.07
GR-2022-1977,PO-2022-1977,2023-06-19,11.07,A,0.0,,1087810.29
GR-2022-1978,PO-2022-1978,2022-07-16,38.81,A,0.0,,2503838.96
GR-2022-1979,PO-2022-1979,2022-07-01,25.27,B,0.5,Dimensional deviation,2528387.49
GR-2022-1980,PO-2022-1980,2021-10-29,19.12,A,0.0,,1411124.32
GR-2022-1981,PO-2022-1981,2021-03-16,31.79,A,0.0,,3508757.81
GR-2022-1982,PO-2022-1982,2021-11-29,17.35,A,0.0,,1628485.14
GR-2022-1983,PO-2022-1983,2022-02-04,8.93,A,0.0,,771494.99
GR-2022-1984,PO-2022-1984,2021-03-03,29.87,B,0.0,,2921359.26
GR-2022-1985,PO-2022-1985,2023-04-06,13.26,B,0.0,,976621.05
GR-2022-1986,PO-2022-1986,2023-09-23,2.95,B,0.0,,340582.43
GR-2022-1987,PO-2022-1987,2023-11-18,21.71,A,0.0,,1425969.27
GR-2022-1988,PO-2022-1988,2023-04-13,25.96,B,0.0,,2980007.17
GR-2022-1989,PO-2022-1989,2023-12-14,7.35,A,0.0,,515097.18
GR-2022-1990,PO-2022-1990,2021-07-11,39.9,B,0.0,,3197579.35
GR-2022-1991,PO-2022-1991,2023-08-12,10.77,A,0.0,,626533.51
GR-2022-1992,PO-2022-1992,2021-07-06,41.19,C,1.34,Dimensional deviation,3479010.35
GR-2022-1993,PO-2022-1993,2022-05-30,42.17,B,0.0,,3101062.79
GR-2022-1994,PO-2022-1994,2021-12-07,23.91,A,0.0,,2322971.15
GR-2022-1995,PO-2022-1995,2022-03-30,41.63,B,0.0,,4089134.65
GR-2022-1996,PO-2022-1996,2021-07-25,16.51,A,0.0,,1911401.69
GR-2022-1997,PO-2022-1997,2022-11-12,29.34,C,0.31,Dimensional deviation,2675944.65
GR-2022-1998,PO-2022-1998,2023-10-06,44.04,A,0.0,,2590689.18
GR-2022-1999,PO-2022-1999,2023-02-07,25.33,A,0.0,,1153702.29
GR-2022-2000,PO-2022-2000,2023-04-05,7.72,B,0.0,,459189.83
GR-2022-2001,PO-2022-2001,2022-09-21,17.62,A,0.0,,1659101.45
GR-2022-2002,PO-2022-2002,2021-11-10,19.32,C,0.5,Dimensional deviation,2211646.03
GR-2022-2003,PO-2022-2003,2022-06-24,8.95,B,0.0,,866541.07
GR-2022-2004,PO-2022-2004,2023-08-22,34.43,A,0.0,,1821198.26
GR-2022-2005,PO-2022-2005,2021-02-11,7.25,B,0.0,,606896.52
GR-2022-2006,PO-2022-2006,2023-08-01,32.77,B,0.0,,3147543.04
GR-2022-2007,PO-2022-2007,2021-05-04,13.59,A,0.0,,1265278.66
GR-2022-2008,PO-2022-2008,2023-07-26,39.26,B,0.0,,3864237.12
GR-2022-2009,PO-2022-2009,2023-01-29,48.73,A,0.0,,4164132.83
GR-2022-2010,PO-2022-2010,2021-06-27,17.38,B,0.0,,2015908.67
GR-2022-2011,PO-2022-2011,2022-06-25,40.53,A,0.0,,4065531.29
GR-2022-2012,PO-2022-2012,2023-06-20,14.77,A,0.0,,800922.13
GR-2022-2013,PO-2022-2013,2023-08-08,44.26,A,0.0,,4300072.15
GR-2022-2014,PO-2022-2014,2023-06-01,38.28,A,0.0,,1803717.56
GR-2022-2015,PO-2022-2015,2022-01-13,20.91,B,0.16,Dimensional deviation,1750534.62
GR-2022-2016,PO-2022-2016,2021-03-23,36.81,A,0.0,,3127391.86
GR-2022-2017,PO-2022-2017,2022-06-05,26.58,B,0.83,Dimensional deviation,1540963.79
GR-2022-2018,PO-2022-2018,2023-10-21,17.91,B,0.0,,1421993.57
GR-2022-2019,PO-2022-2019,2022-05-19,2.97,A,0.0,,207787.48
GR-2022-2020,PO-2022-2020,2021-11-06,26.0,B,0.0,,2596456.77
GR-2022-2021,PO-2022-2021,2022-09-18,2.08,A,0.0,,244181.53
GR-2022-2022,PO-2022-2022,2021-06-22,39.51,A,0.0,,3503025.32
GR-2022-2023,PO-2022-2023,2023-12-06,19.24,A,0.0,,1556268.14
GR-2022-2024,PO-2022-2024,2023-06-26,14.52,A,0.0,,1389365.62
GR-2022-2025,PO-2022-2025,2023-04-08,14.04,B,0.48,Dimensional deviation,1128125.33
GR-2022-2026,PO-2022-2026,2023-05-13,13.99,A,0.0,,1267127.23
GR-2022-2027,PO-2022-2027,2022-10-22,11.93,A,0.0,,1180071.19
GR-2022-2028,PO-2022-2028,2021-05-22,29.18,B,1.21,Dimensional deviation,2871068.77
GR-2022-2029,PO-2022-2029,2023-03-18,1.62,B,0.0,,114282.41
GR-2022-2030,PO-2022-2030,2023-07-12,42.49,A,0.0,,3532654.07
GR-2022-2031,PO-2022-2031,2021-12-29,20.53,A,0.0,,1961016.57
GR-2022-2032,PO-2022-2032,2021-06-27,48.89,A,0.0,,2523683.39
GR-2022-2033,PO-2022-2033,2024-01-04,15.19,A,0.0,,1050350.51
GR-2022-2034,PO-2022-2034,2023-08-24,31.59,B,0.0,,1818310.31
GR-2022-2035,PO-2022-2035,2023-06-19,37.76,A,0.0,,2507147.56
GR-2022-2036,PO-2022-2036,2023-10-18,45.99,B,0.0,,2532038.62
GR-2022-2037,PO-2022-2037,2021-09-22,11.63,A,0.0,,1397094.89
GR-2022-2038,PO-2022-2038,2022-08-27,37.16,B,1.85,Dimensional deviation,4767787.77
GR-2022-2039,PO-2022-2039,2023-04-25,21.36,A,0.0,,1932888.82
GR-2022-2040,PO-2022-2040,2023-01-21,25.37,B,0.0,,2175265.51
GR-2022-2041,PO-2022-2041,2023-04-13,14.99,A,0.0,,1718549.29
GR-2022-2042,PO-2022-2042,2022-01-15,1.15,B,0.0,,124398.37
GR-2022-2043,PO-2022-2043,2023-08-23,18.99,C,0.06,Dimensional deviation,1933339.33
GR-2022-2044,PO-2022-2044,2023-05-03,31.29,A,0.0,,1734905.63
GR-2022-2045,PO-2022-2045,2023-11-06,46.98,A,0.0,,3283590.69
GR-2022-2046,PO-2022-2046,2021-12-21,47.29,A,0.0,,2224976.65
GR-2022-2047,PO-2022-2047,2023-03-18,42.53,A,0.0,,2436604.21
GR-2022-2048,PO-2022-2048,2022-05-18,45.6,C,0.03,Dimensional deviation,5567906.31
GR-2022-2049,PO-2022-2049,2021-10-15,43.66,B,0.15,Dimensional deviation,2821894.73
GR-2022-2050,PO-2022-2050,2023-08-11,49.28,A,0.0,,5185447.74
GR-2022-2051,PO-2022-2051,2023-10-28,43.58,B,0.0,,4948744.81
GR-2022-2052,PO-2022-2052,2023-08-17,37.51,B,0.0,,3622998.69
GR-2022-2053,PO-2022-2053,2023-12-08,4.44,A,0.0,,339453.65
GR-2022-2054,PO-2022-2054,2021-09-14,24.46,A,0.0,,2442550.45
GR-2022-2055,PO-2022-2055,2023-04-17,19.9,C,0.12,Dimensional deviation,2450635.95
GR-2022-2056,PO-2022-2056,2023-07-06,6.06,A,0.0,,659864.1
GR-2022-2057,PO-2022-2057,2021-08-25,21.12,A,0.0,,1496451.75
GR-2022-2058,PO-2022-2058,2023-09-20,5.72,A,0.0,,536559.38
GR-2022-2059,PO-2022-2059,2023-08-12,38.02,A,0.0,,2692323.85
GR-2022-2060,PO-2022-2060,2023-07-15,35.25,B,0.0,,3091139.76
GR-2022-2061,PO-2022-2061,2021-03-24,26.46,A,0.0,,1247343.0
GR-2022-2062,PO-2022-2062,2023-01-31,45.38,B,0.01,Dimensional deviation,2797089.53
GR-2022-2063,PO-2022-2063,2022-10-03,33.93,A,0.0,,1923259.57
GR-2022-2064,PO-2022-2064,2021-09-27,42.86,A,0.0,,2771240.78
GR-2022-2065,PO-2022-2065,2021-03-08,8.19,B,0.0,,379634.35
GR-2022-2066,PO-2022-2066,2023-11-18,24.3,A,0.0,,2741632.31
GR-2022-2067,PO-2022-2067,2021-11-29,26.48,B,0.0,,1954001.64
GR-2022-2068,PO-2022-2068,2021-12-18,9.55,B,0.0,,1076813.34
GR-2022-2069,PO-2022-2069,2021-05-21,16.07,B,0.0,,999063.72
GR-2022-2070,PO-2022-2070,2021-09-15,25.25,A,0.0,,2231230.46
GR-2022-2071,PO-2022-2071,2021-01-31,37.29,A,0.0,,2697727.86
GR-2022-2072,PO-2022-2072,2023-04-08,25.84,A,0.0,,1690223.05
GR-2022-2073,PO-2022-2073,2021-06-21,28.68,B,0.0,,1829711.58
GR-2022-2074,PO-2022-2074,2022-01-13,34.79,A,0.0,,2755540.21
GR-2022-2075,PO-2022-2075,2022-07-04,37.33,B,0.0,,3741010.85
GR-2022-2076,PO-2022-2076,2021-10-11,3.96,A,0.0,,247034.5
GR-2022-2077,PO-2022-2077,2023-09-13,27.06,A,0.0,,2829478.22
GR-2022-2078,PO-2022-2078,2021-06-07,6.69,A,0.0,,343401.6
GR-2022-2079,PO-2022-2079,2021-08-02,15.6,B,0.0,,717806.98
GR-2022-2080,PO-2022-2080,2021-09-02,29.83,A,0.0,,2765631.41
GR-2022-2081,PO-2022-2081,2023-08-05,37.66,A,0.0,,3421156.23
GR-2022-2082,PO-2022-2082,2022-01-10,24.61,A,0.0,,1635831.86
GR-2022-2083,PO-2022-2083,2022-09-19,13.12,A,0.0,,866535.52
GR-2022-2084,PO-2022-2084,2023-11-05,6.45,B,0.0,,657278.64
GR-2022-2085,PO-2022-2085,2023-10-07,44.77,A,0.0,,3725584.35
GR-2022-2086,PO-2022-2086,2021-12-08,36.71,B,1.72,Dimensional deviation,3798917.28
GR-2022-2087,PO-2022-2087,2023-07-02,41.0,A,0.0,,2458757.15
GR-2022-2088,PO-2022-2088,2022-05-04,25.54,A,0.0,,1765740.45
GR-2022-2089,PO-2022-2089,2023-09-10,46.16,A,0.0,,2822854.29
GR-2022-2090,PO-2022-2090,2021-11-19,10.36,B,0.0,,777067.2
GR-2022-2091,PO-2022-2091,2021-12-04,47.71,B,0.0,,5677925.45
GR-2022-2092,PO-2022-2092,2023-05-14,46.54,A,0.0,,3755420.01
GR-2022-2093,PO-2022-2093,2023-02-16,17.33,A,0.0,,1241306.1
GR-2022-2094,PO-2022-2094,2022-10-17,21.83,B,0.0,,1627422.23
GR-2022-2095,PO-2022-2095,2021-01-30,48.22,A,0.0,,3466618.02
GR-2022-2096,PO-2022-2096,2021-10-20,1.93,B,0.0,,190759.57
GR-2022-2097,PO-2022-2097,2022-06-21,2.1,B,0.09,Dimensional deviation,173112.92
GR-2022-2098,PO-2022-2098,2022-11-06,31.02,A,0.0,,2438521.95
GR-2022-2099,PO-2022-2099,2021-08-21,8.85,A,0.0,,879033.29
GR-2022-2100,PO-2022-2100,2023-09-02,33.68,C,1.37,Dimensional deviation,4083954.39
GR-2022-2101,PO-2022-2101,2022-06-07,3.91,A,0.0,,192405.59
GR-2022-2102,PO-2022-2102,2022-07-27,46.17,A,0.0,,2466921.36
GR-2022-2103,PO-2022-2103,2021-06-15,41.09,A,0.0,,4575511.36
GR-2022-2104,PO-2022-2104,2022-09-19,5.27,A,0.0,,336611.52
GR-2022-2105,PO-2022-2105,2022-07-06,34.7,B,0.0,,1932065.09
GR-2022-2106,PO-2022-2106,2021-05-27,45.17,A,0.0,,3557164.66
GR-2022-2107,PO-2022-2107,2022-01-22,12.13,B,0.0,,877529.8
GR-2022-2108,PO-2022-2108,2022-06-25,7.84,A,0.0,,733232.32
GR-2022-2109,PO-2022-2109,2023-04-04,41.42,B,0.0,,2067521.79
GR-2022-2110,PO-2022-2110,2023-02-19,49.69,A,0.0,,5824639.33
GR-2022-2111,PO-2022-2111,2022-11-16,29.14,B,0.0,,2700501.43
GR-2022-2112,PO-2022-2112,2021-06-20,39.24,B,0.0,,3331625.56
GR-2022-2113,PO-2022-2113,2023-12-04,30.82,A,0.0,,3690466.29
GR-2022-2114,PO-2022-2114,2021-06-16,23.7,A,0.0,,2660734.02
GR-2022-2115,PO-2022-2115,2021-11-18,9.83,B,0.0,,872603.62
GR-2022-2116,PO-2022-2116,2023-12-30,20.54,A,0.0,,1385634.74
GR-2022-2117,PO-2022-2117,2023-03-18,11.93,B,0.0,,927516.09
GR-2022-2118,PO-2022-2118,2022-04-19,23.33,A,0.0,,2223627.43
GR-2022-2119,PO-2022-2119,2023-01-02,38.77,B,0.0,,2350716.29
GR-2022-2120,PO-2022-2120,2021-08-11,30.39,B,0.0,,3303663.76
GR-2022-2121,PO-2022-2121,2021-09-25,16.93,A,0.0,,1170486.25
GR-2022-2122,PO-2022-2122,2022-03-13,8.97,A,0.0,,1073927.43
GR-2022-2123,PO-2022-2123,2022-03-31,7.72,B,0.0,,868975.45
GR-2022-2124,PO-2022-2124,2021-09-24,22.64,A,0.0,,2293101.72
GR-2022-2125,PO-2022-2125,2022-03-10,22.83,B,0.0,,1715339.29
GR-2022-2126,PO-2022-2126,2023-03-05,48.28,B,0.0,,4024803.35
GR-2022-2127,PO-2022-2127,2023-12-07,37.76,A,0.0,,2056802.94
GR-2022-2128,PO-2022-2128,2023-01-22,10.3,A,0.0,,1231663.21
GR-2022-2129,PO-2022-2129,2023-11-18,13.39,A,0.0,,721426.3
GR-2022-2130,PO-2022-2130,2021-02-08,40.19,A,0.0,,3028683.76
GR-2022-2131,PO-2022-2131,2023-01-12,41.95,A,0.0,,3256793.53
GR-2022-2132,PO-2022-2132,2022-09-18,32.74,A,0.0,,3476420.28
GR-2022-2133,PO-2022-2133,2021-02-09,3.21,A,0.0,,349550.67
GR-2022-2134,PO-2022-2134,2021-02-04,8.56,A,0.0,,838234.23
GR-2022-2135,PO-2022-2135,2021-03-31,43.16,A,0.0,,4109127.76
GR-2022-2136,PO-2022-2136,2023-05-06,9.42,B,0.0,,1088846.67
GR-2022-2137,PO-2022-2137,2022-01-15,39.39,A,0.0,,1868206.09
GR-2022-2138,PO-2022-2138,2022-09-29,45.13,A,0.0,,2955026.84
GR-2022-2139,PO-2022-2139,2021-03-15,2.39,A,0.0,,192690.41
GR-2022-2140,PO-2022-2140,2021-11-06,27.41,B,0.0,,2803007.79
GR-2022-2141,PO-2022-2141,2023-12-18,5.85,A,0.0,,420496.38
GR-2022-2142,PO-2022-2142,2021-07-20,6.46,A,0.0,,525205.32
GR-2022-2143,PO-2022-2143,2023-06-29,16.26,A,0.0,,1304239.32
GR-2022-2144,PO-2022-2144,2021-10-05,18.8,A,0.0,,1721201.82
GR-2022-2145,PO-2022-2145,2021-07-23,37.67,A,0.0,,4104352.05
GR-2022-2146,PO-2022-2146,2021-09-21,7.3,A,0.0,,851343.56
GR-2022-2147,PO-2022-2147,2021-06-25,14.76,A,0.0,,1351399.91
GR-2022-2148,PO-2022-2148,2022-04-24,36.49,A,0.0,,2485030.95
GR-2022-2149,PO-2022-2149,2023-08-23,29.24,A,0.0,,3257947.83
GR-2022-2150,PO-2022-2150,2021-10-14,19.33,A,0.0,,1082060.8
GR-2022-2151,PO-2022-2151,2021-03-16,39.87,B,0.0,,4729114.82
GR-2022-2152,PO-2022-2152,2021-11-04,8.65,B,0.24,Dimensional deviation,642580.74
GR-2022-2153,PO-2022-2153,2023-09-24,10.14,B,0.0,,1124187.29
GR-2022-2154,PO-2022-2154,2023-04-22,23.06,A,0.0,,1501927.22
GR-2022-2155,PO-2022-2155,2021-09-07,46.15,B,0.0,,3252507.54
GR-2022-2156,PO-2022-2156,2022-06-13,38.78,A,0.0,,3076256.27
GR-2022-2157,PO-2022-2157,2022-12-16,4.09,A,0.0,,296143.28
GR-2022-2158,PO-2022-2158,2021-02-28,12.12,A,0.0,,962000.1
GR-2022-2159,PO-2022-2159,2021-09-21,42.73,B,1.9,Dimensional deviation,3098071.12
GR-2022-2160,PO-2022-2160,2021-06-30,20.29,B,0.0,,2367359.59
GR-2022-2161,PO-2022-2161,2022-02-19,38.72,A,0.0,,2337328.44
GR-2022-2162,PO-2022-2162,2022-12-29,28.58,B,0.0,,2423358.79
GR-2022-2163,PO-2022-2163,2024-01-11,12.19,A,0.0,,1426097.93
GR-2022-2164,PO-2022-2164,2021-12-21,5.9,B,0.0,,339367.92
GR-2022-2165,PO-2022-2165,2022-04-17,47.07,B,0.0,,4279494.48
GR-2022-2166,PO-2022-2166,2022-08-05,15.48,A,0.0,,1748239.28
GR-2022-2167,PO-2022-2167,2023-09-06,7.61,B,0.0,,884816.95
GR-2022-2168,PO-2022-2168,2021-06-17,33.57,A,0.0,,2046554.02
GR-2022-2169,PO-2022-2169,2021-05-23,7.85,A,0.0,,638020.19
GR-2022-2170,PO-2022-2170,2022-05-20,32.57,B,0.0,,2427453.52
GR-2022-2171,PO-2022-2171,2022-05-30,12.08,A,0.0,,1404601.21
GR-2022-2172,PO-2022-2172,2023-04-10,11.03,A,0.0,,617498.19
GR-2022-2173,PO-2022-2173,2022-11-17,26.43,A,0.0,,2235272.04
GR-2022-2174,PO-2022-2174,2023-09-06,15.55,A,0.0,,850266.1
GR-2022-2175,PO-2022-2175,2023-08-05,44.12,A,0.0,,4482229.82
GR-2022-2176,PO-2022-2176,2022-12-08,19.62,A,0.0,,2202006.73
GR-2022-2177,PO-2022-2177,2023-09-01,43.78,B,0.0,,4255930.41
GR-2022-2178,PO-2022-2178,2023-10-12,25.9,C,0.36,Dimensional deviation,1429725.33
GR-2022-2179,PO-2022-2179,2023-01-25,41.94,A,0.0,,4924219.86
GR-2022-2180,PO-2022-2180,2021-05-05,42.13,A,0.0,,4224176.36
GR-2022-2181,PO-2022-2181,2023-11-17,33.41,A,0.0,,2150255.14
GR-2022-2182,PO-2022-2182,2021-07-05,35.67,B,0.0,,2926096.79
GR-2022-2183,PO-2022-2183,2023-10-27,33.39,A,0.0,,1775048.92
GR-2022-2184,PO-2022-2184,2023-09-30,43.23,A,0.0,,4149664.95
GR-2022-2185,PO-2022-2185,2021-08-17,6.75,A,0.0,,691563.55
GR-2022-2186,PO-2022-2186,2023-05-26,17.99,A,0.0,,1876066.34
GR-2022-2187,PO-2022-2187,2023-12-24,39.57,B,0.22,Dimensional deviation,3912195.51
GR-2022-2188,PO-2022-2188,2023-06-13,28.59,A,0.0,,1347215.69
GR-2022-2189,PO-2022-2189,2021-08-04,38.64,B,0.09,Dimensional deviation,4176722.08
GR-2022-2190,PO-2022-2190,2023-01-16,48.56,A,0.0,,3100517.17
GR-2022-2191,PO-2022-2191,2021-04-24,35.12,A,0.0,,3265447.99
GR-2022-2192,PO-2022-2192,2021-12-06,38.68,B,0.0,,3335996.83
GR-2022-2193,PO-2022-2193,2023-04-13,42.02,A,0.0,,4631043.07
GR-2022-2194,PO-2022-2194,2023-01-08,41.35,A,0.0,,2188576.15
GR-2022-2195,PO-2022-2195,2021-07-23,31.38,A,0.0,,2925471.03
GR-2022-2196,PO-2022-2196,2023-03-06,42.69,B,0.0,,3495661.67
GR-2022-2197,PO-2022-2197,2023-06-23,47.97,A,0.0,,3322627.11
GR-2022-2198,PO-2022-2198,2022-02-09,35.13,A,0.0,,3073255.28
GR-2022-2199,PO-2022-2199,2022-01-12,10.64,A,0.0,,555713.89
GR-2022-2200,PO-2022-2200,2023-04-18,35.91,B,0.0,,3065431.85
GR-2022-2201,PO-2022-2201,2021-10-16,42.25,B,0.0,,4250380.24
GR-2022-2202,PO-2022-2202,2022-08-29,49.49,B,0.0,,3907164.29
GR-2022-2203,PO-2022-2203,2022-06-05,2.27,A,0.0,,141602.49
GR-2022-2204,PO-2022-2204,2022-04-01,22.38,A,0.0,,2390418.15
GR-2022-2205,PO-2022-2205,2021-02-09,46.92,C,0.96,Dimensional deviation,5486555.85
GR-2022-2206,PO-2022-2206,2023-06-27,27.91,A,0.0,,2453856.1
GR-2022-2207,PO-2022-2207,2022-01-27,31.51,B,0.0,,3543622.14
GR-2022-2208,PO-2022-2208,2022-06-26,22.02,B,0.0,,1600853.0
GR-2022-2209,PO-2022-2209,2022-11-04,47.84,B,0.0,,2641419.73
GR-2022-2210,PO-2022-2210,2022-06-01,48.7,B,0.0,,5094270.75
GR-2022-2211,PO-2022-2211,2023-09-16,40.3,A,0.0,,3662846.65
GR-2022-2212,PO-2022-2212,2022-12-27,14.12,B,0.0,,1528915.88
GR-2022-2213,PO-2022-2213,2023-06-20,4.17,A,0.0,,499082.86
GR-2022-2214,PO-2022-2214,2023-07-14,24.16,A,0.0,,2385646.93
GR-2022-2215,PO-2022-2215,2023-01-11,28.64,A,0.0,,3356204.46
GR-2022-2216,PO-2022-2216,2021-03-09,35.37,A,0.0,,4108723.97
GR-2022-2217,PO-2022-2217,2022-03-26,27.23,B,0.0,,2617529.92
GR-2022-2218,PO-2022-2218,2022-05-07,8.01,A,0.0,,689750.57
GR-2022-2219,PO-2022-2219,2022-10-12,35.72,A,0.0,,2579637.18
GR-2022-2220,PO-2022-2220,2021-06-04,21.06,A,0.0,,1214315.79
GR-2022-2221,PO-2022-2221,2022-06-15,2.32,B,0.04,Dimensional deviation,290966.19
GR-2022-2222,PO-2022-2222,2021-09-18,5.56,B,0.0,,422245.91
GR-2022-2223,PO-2022-2223,2023-03-15,34.89,B,0.0,,1945233.94
GR-2022-2224,PO-2022-2224,2022-01-19,18.35,A,0.0,,1804022.85
GR-2022-2225,PO-2022-2225,2023-10-31,13.66,A,0.0,,826226.77
GR-2022-2226,PO-2022-2226,2021-06-23,37.75,B,0.0,,3189535.49
GR-2022-2227,PO-2022-2227,2021-05-19,5.65,B,0.0,,256336.53
GR-2022-2228,PO-2022-2228,2021-02-08,19.78,B,0.0,,934419.3
GR-2022-2229,PO-2022-2229,2023-02-13,10.24,A,0.0,,937630.0
GR-2022-2230,PO-2022-2230,2022-04-05,43.62,A,0.0,,4960997.95
GR-2022-2231,PO-2022-2231,2023-02-18,34.54,B,1.6,Dimensional deviation,4109907.14
GR-2022-2232,PO-2022-2232,2023-11-19,2.48,A,0.0,,119291.09
GR-2022-2233,PO-2022-2233,2021-09-16,6.27,A,0.0,,604308.07
GR-2022-2234,PO-2022-2234,2023-12-13,25.15,A,0.0,,2290868.59
GR-2022-2235,PO-2022-2235,2022-11-28,41.62,B,0.0,,4334884.27
GR-2022-2236,PO-2022-2236,2021-05-25,18.9,A,0.0,,1191181.44
GR-2022-2237,PO-2022-2237,2022-01-31,18.55,A,0.0,,2111121.86
GR-2022-2238,PO-2022-2238,2021-08-04,33.36,A,0.0,,2313579.99
GR-2022-2239,PO-2022-2239,2024-01-05,37.74,A,0.0,,3551507.41
GR-2022-2240,PO-2022-2240,2022-11-03,38.39,A,0.0,,2572392.22
GR-2022-2241,PO-2022-2241,2023-06-06,19.31,A,0.0,,1593169.85
GR-2022-2242,PO-2022-2242,2021-08-14,24.68,A,0.0,,1833251.27
GR-2022-2243,PO-2022-2243,2022-08-16,41.6,B,0.0,,2466490.04
GR-2022-2244,PO-2022-2244,2022-09-29,35.45,B,1.43,Dimensional deviation,3293031.68
GR-2022-2245,PO-2022-2245,2022-09-29,18.14,A,0.0,,1556460.79
GR-2022-2246,PO-2022-2246,2023-06-22,42.29,A,0.0,,3543273.75
GR-2022-2247,PO-2022-2247,2021-04-11,23.35,B,0.0,,1378912.86
GR-2022-2248,PO-2022-2248,2022-11-01,25.18,A,0.0,,2219613.19
GR-2022-2249,PO-2022-2249,2021-02-13,10.63,B,0.16,Dimensional deviation,1116353.42
GR-2022-2250,PO-2022-2250,2021-01-19,49.13,B,0.0,,5861106.63
GR-2022-2251,PO-2022-2251,2023-02-16,8.61,A,0.0,,776791.04
GR-2022-2252,PO-2022-2252,2022-06-27,11.01,B,0.0,,1224347.92
GR-2022-2253,PO-2022-2253,2022-07-20,21.22,A,0.0,,1625371.53
GR-2022-2254,PO-2022-2254,2022-02-02,30.35,A,0.0,,2797424.41
GR-2022-2255,PO-2022-2255,2021-04-10,33.24,B,0.0,,2067106.28
GR-2022-2256,PO-2022-2256,2021-08-29,44.89,A,0.0,,3690956.15
GR-2022-2257,PO-2022-2257,2022-11-18,47.74,A,0.0,,4715344.92
GR-2022-2258,PO-2022-2258,2023-04-10,14.37,B,0.07,Dimensional deviation,1707485.64
GR-2022-2259,PO-2022-2259,2021-08-17,41.01,A,0.0,,4598998.23
GR-2022-2260,PO-2022-2260,2023-10-27,26.34,A,0.0,,1258199.72
GR-2022-2261,PO-2022-2261,2021-08-19,2.85,A,0.0,,211939.7
GR-2022-2262,PO-2022-2262,2021-05-24,30.89,A,0.0,,2425281.06
GR-2022-2263,PO-2022-2263,2023-07-09,37.19,B,0.04,Dimensional deviation,2373583.14
GR-2022-2264,PO-2022-2264,2022-10-29,45.76,B,0.45,Dimensional deviation,3486223.75
GR-2022-2265,PO-2022-2265,2022-01-06,10.82,B,0.0,,1010548.82
GR-2022-2266,PO-2022-2266,2023-03-06,25.59,B,0.0,,1594974.11
GR-2022-2267,PO-2022-2267,2022-02-11,2.22,A,0.0,,174809.13
GR-2022-2268,PO-2022-2268,2023-12-29,8.68,B,0.29,Dimensional deviation,795438.26
GR-2022-2269,PO-2022-2269,2021-05-09,20.89,A,0.0,,1794137.48
GR-2022-2270,PO-2022-2270,2021-12-29,2.85,A,0.0,,324328.23
GR-2022-2271,PO-2022-2271,2022-05-03,1.17,A,0.0,,57776.14
GR-2022-2272,PO-2022-2272,2021-09-17,28.34,A,0.0,,1446577.87
GR-2022-2273,PO-2022-2273,2023-09-20,34.28,B,0.0,,2559920.81
GR-2022-2274,PO-2022-2274,2022-05-15,17.85,A,0.0,,2133050.73
GR-2022-2275,PO-2022-2275,2023-09-14,27.23,A,0.0,,1965156.72
GR-2022-2276,PO-2022-2276,2022-08-22,47.57,B,1.61,Dimensional deviation,5774932.36
GR-2022-2277,PO-2022-2277,2021-02-27,8.03,A,0.0,,640728.97
GR-2022-2278,PO-2022-2278,2022-04-22,42.02,A,0.0,,3013915.2
GR-2022-2279,PO-2022-2279,2023-05-24,36.87,B,0.0,,2892105.37
GR-2022-2280,PO-2022-2280,2023-08-24,16.91,A,0.0,,1271328.42
GR-2022-2281,PO-2022-2281,2023-12-31,11.53,A,0.0,,689919.28
GR-2022-2282,PO-2022-2282,2023-01-23,43.24,A,0.0,,4516597.94
GR-2022-2283,PO-2022-2283,2022-10-06,7.87,A,0.0,,421469.67
GR-2022-2284,PO-2022-2284,2023-07-30,3.48,A,0.0,,213896.38
GR-2022-2285,PO-2022-2285,2021-11-22,22.13,A,0.0,,2564797.29
GR-2022-2286,PO-2022-2286,2022-03-13,14.28,A,0.0,,1452639.99
GR-2022-2287,PO-2022-2287,2021-11-23,8.33,A,0.0,,576014.38
GR-2022-2288,PO-2022-2288,2021-10-08,30.62,A,0.0,,3160685.05
GR-2022-2289,PO-2022-2289,2021-03-19,5.19,B,0.0,,237380.78
GR-2022-2290,PO-2022-2290,2022-11-26,46.63,A,0.0,,3347241.53
GR-2022-2291,PO-2022-2291,2021-11-14,41.82,A,0.0,,3046982.9
GR-2022-2292,PO-2022-2292,2023-07-10,35.34,A,0.0,,2367600.98
GR-2022-2293,PO-2022-2293,2021-12-06,21.27,B,0.0,,1812254.47
GR-2022-2294,PO-2022-2294,2023-04-29,28.03,A,0.0,,2250905.29
GR-2022-2295,PO-2022-2295,2022-05-29,45.25,A,0.0,,2381361.74
GR-2022-2296,PO-2022-2296,2021-10-10,19.4,A,0.0,,1131995.42
GR-2022-2297,PO-2022-2297,2023-01-23,22.83,B,0.0,,1065533.61
GR-2022-2298,PO-2022-2298,2022-12-14,44.35,A,0.0,,2229410.37
GR-2022-2299,PO-2022-2299,2022-09-22,6.43,A,0.0,,741418.97
GR-2022-2300,PO-2022-2300,2022-02-13,35.63,A,0.0,,4165394.68
GR-2022-2301,PO-2022-2301,2023-01-05,31.31,A,0.0,,2809459.39
GR-2022-2302,PO-2022-2302,2023-01-23,25.97,A,0.0,,3103955.42
GR-2022-2303,PO-2022-2303,2023-10-10,3.52,B,0.0,,223331.53
GR-2022-2304,PO-2022-2304,2022-07-09,17.37,A,0.0,,1148216.46
GR-2022-2305,PO-2022-2305,2023-08-11,27.96,A,0.0,,1534912.71
GR-2022-2306,PO-2022-2306,2021-02-03,19.46,B,0.0,,2217308.16
GR-2022-2307,PO-2022-2307,2023-03-27,33.71,C,0.73,Dimensional deviation,2565230.13
GR-2022-2308,PO-2022-2308,2023-11-27,35.43,A,0.0,,1958643.69
GR-2022-2309,PO-2022-2309,2022-07-01,14.73,B,0.0,,758469.81
GR-2022-2310,PO-2022-2310,2021-06-29,44.8,B,0.0,,2097977.64
GR-2022-2311,PO-2022-2311,2021-08-22,9.67,A,0.0,,482760.38
GR-2022-2312,PO-2022-2312,2022-05-19,1.46,A,0.0,,67632.55
GR-2022-2313,PO-2022-2313,2022-12-11,29.29,A,0.0,,3469859.4
GR-2022-2314,PO-2022-2314,2022-11-23,3.73,A,0.0,,207763.58
GR-2022-2315,PO-2022-2315,2021-07-03,35.44,C,1.3,Dimensional deviation,1952222.5
GR-2022-2316,PO-2022-2316,2022-05-09,35.78,A,0.0,,2674254.8
GR-2022-2317,PO-2022-2317,2023-12-31,40.88,B,0.0,,4028717.69
GR-2022-2318,PO-2022-2318,2022-01-21,36.53,B,0.0,,3293870.42
GR-2022-2319,PO-2022-2319,2023-07-07,1.25,B,0.04,Dimensional deviation,79276.44
GR-2022-2320,PO-2022-2320,2022-06-29,29.01,A,0.0,,1728666.86
GR-2022-2321,PO-2022-2321,2021-06-14,42.28,A,0.0,,4331300.19
GR-2022-2322,PO-2022-2322,2021-12-09,30.41,A,0.0,,2529811.96
GR-2022-2323,PO-2022-2323,2022-04-04,41.14,B,0.0,,4146551.14
GR-2022-2324,PO-2022-2324,2021-01-20,37.86,B,0.0,,1892268.04
GR-2022-2325,PO-2022-2325,2023-10-15,31.13,B,0.0,,3335501.83
GR-2022-2326,PO-2022-2326,2023-07-13,16.59,A,0.0,,1707375.74
GR-2022-2327,PO-2022-2327,2021-05-28,22.99,A,0.0,,2324342.15
GR-2022-2328,PO-2022-2328,2023-02-13,38.29,A,0.0,,2631492.15
GR-2022-2329,PO-2022-2329,2022-02-07,3.06,A,0.0,,220833.4
GR-2022-2330,PO-2022-2330,2023-08-16,23.62,B,0.0,,2666880.4
GR-2022-2331,PO-2022-2331,2021-11-16,21.42,A,0.0,,1009783.94
GR-2022-2332,PO-2022-2332,2022-10-28,20.51,A,0.0,,947171.57
GR-2022-2333,PO-2022-2333,2022-01-02,11.6,A,0.0,,537645.6
GR-2022-2334,PO-2022-2334,2021-11-09,10.63,A,0.0,,879778.23
GR-2022-2335,PO-2022-2335,2022-09-24,10.26,A,0.0,,933177.38
GR-2022-2336,PO-2022-2336,2023-06-15,24.74,A,0.0,,2361962.65
GR-2022-2337,PO-2022-2337,2021-08-12,35.29,A,0.0,,3224872.99
GR-2022-2338,PO-2022-2338,2022-05-02,40.34,A,0.0,,3078002.25
GR-2022-2339,PO-2022-2339,2022-10-03,31.76,A,0.0,,3071144.76
GR-2022-2340,PO-2022-2340,2021-09-25,14.79,A,0.0,,1471473.62
GR-2022-2341,PO-2022-2341,2021-10-02,4.06,A,0.0,,321191.26
GR-2022-2342,PO-2022-2342,2022-05-31,34.7,A,0.0,,3933553.14
GR-2022-2343,PO-2022-2343,2023-09-17,17.66,A,0.0,,1850293.4
GR-2022-2344,PO-2022-2344,2022-02-09,39.02,A,0.0,,3455280.37
GR-2022-2345,PO-2022-2345,2022-05-11,28.5,A,0.0,,3197244.91
GR-2022-2346,PO-2022-2346,2023-11-17,37.44,A,0.0,,3465254.84
GR-2022-2347,PO-2022-2347,2024-01-04,30.38,A,0.0,,3413812.39
GR-2022-2348,PO-2022-2348,2022-07-14,19.96,A,0.0,,1195126.58
GR-2022-2349,PO-2022-2349,2022-07-27,42.34,B,0.0,,2102607.14
GR-2022-2350,PO-2022-2350,2022-04-15,18.27,B,0.0,,1689077.94
GR-2022-2351,PO-2022-2351,2021-11-09,24.67,A,0.0,,1696924.84
GR-2022-2352,PO-2022-2352,2022-02-22,15.36,B,0.0,,767408.99
GR-2022-2353,PO-2022-2353,2023-12-24,13.09,A,0.0,,963320.82
GR-2022-2354,PO-2022-2354,2021-01-29,10.95,A,0.0,,739957.33
GR-2022-2355,PO-2022-2355,2023-05-20,23.59,A,0.0,,2692740.19
GR-2022-2356,PO-2022-2356,2023-07-14,8.66,A,0.0,,680517.81
GR-2022-2357,PO-2022-2357,2021-08-20,14.49,A,0.0,,1422557.07
GR-2022-2358,PO-2022-2358,2022-08-11,16.77,A,0.0,,778290.33
GR-2022-2359,PO-2022-2359,2022-11-12,7.91,A,0.0,,853713.37
GR-2022-2360,PO-2022-2360,2021-03-12,20.33,B,0.0,,1416324.0
GR-2022-2361,PO-2022-2361,2021-03-25,27.99,B,0.48,Dimensional deviation,2617693.3
GR-2022-2362,PO-2022-2362,2021-04-30,4.09,A,0.0,,206880.37
GR-2022-2363,PO-2022-2363,2021-08-16,46.81,A,0.0,,2947806.76
GR-2022-2364,PO-2022-2364,2023-01-12,4.94,B,0.0,,352424.54
GR-2022-2365,PO-2022-2365,2023-10-23,4.05,B,0.0,,308717.2
GR-2022-2366,PO-2022-2366,2023-04-04,41.3,B,0.0,,4383114.45
GR-2022-2367,PO-2022-2367,2021-12-08,12.14,A,0.0,,597756.12
GR-2022-2368,PO-2022-2368,2021-03-07,24.43,A,0.0,,1178071.63
GR-2022-2369,PO-2022-2369,2022-05-09,25.51,A,0.0,,1767219.02
GR-2022-2370,PO-2022-2370,2023-04-05,38.17,A,0.0,,3154625.21
GR-2022-2371,PO-2022-2371,2023-05-08,10.72,B,0.0,,515641.54
GR-2022-2372,PO-2022-2372,2023-10-13,35.06,A,0.0,,3136217.21
GR-2022-2373,PO-2022-2373,2023-11-23,11.32,B,0.0,,974033.17
GR-2022-2374,PO-2022-2374,2022-08-08,19.16,B,0.0,,1433702.82
GR-2022-2375,PO-2022-2375,2022-06-14,17.0,A,0.0,,1098871.65
GR-2022-2376,PO-2022-2376,2022-08-24,22.8,A,0.0,,2684353.91
GR-2022-2377,PO-2022-2377,2023-11-30,10.06,B,0.0,,484132.57
GR-2022-2378,PO-2022-2378,2021-08-17,38.23,A,0.0,,3829793.09
GR-2022-2379,PO-2022-2379,2022-03-21,23.67,B,0.0,,2220825.68
GR-2022-2380,PO-2022-2380,2022-06-08,2.15,A,0.0,,99661.66
GR-2022-2381,PO-2022-2381,2022-11-26,47.23,A,0.0,,3513631.08
GR-2022-2382,PO-2022-2382,2023-08-08,45.9,A,0.0,,3736327.4
GR-2022-2383,PO-2022-2383,2022-08-11,30.89,A,0.0,,3473525.02
GR-2022-2384,PO-2022-2384,2021-04-25,46.18,A,0.0,,3156190.46
GR-2022-2385,PO-2022-2385,2021-12-05,18.86,A,0.0,,1778028.28
GR-2022-2386,PO-2022-2386,2023-02-18,21.36,A,0.0,,1001744.0
GR-2022-2387,PO-2022-2387,2021-03-30,7.88,B,0.0,,630193.08
GR-2022-2388,PO-2022-2388,2022-03-03,43.94,A,0.0,,5070679.98
GR-2022-2389,PO-2022-2389,2021-02-12,36.24,A,0.0,,2890314.78
GR-2022-2390,PO-2022-2390,2022-07-30,35.37,B,0.0,,2869908.87
GR-2022-2391,PO-2022-2391,2021-11-16,20.47,A,0.0,,1501324.9
GR-2022-2392,PO-2022-2392,2023-10-31,21.07,B,0.0,,2502101.92
GR-2022-2393,PO-2022-2393,2021-04-07,35.5,A,0.0,,3540178.94
GR-2022-2394,PO-2022-2394,2022-07-16,48.11,B,0.0,,2848872.57
GR-2022-2395,PO-2022-2395,2023-07-16,43.71,A,0.0,,4715264.47
GR-2022-2396,PO-2022-2396,2023-10-08,15.03,A,0.0,,776533.25
GR-2022-2397,PO-2022-2397,2023-08-03,8.94,B,0.0,,852387.75
GR-2022-2398,PO-2022-2398,2021-11-05,20.76,A,0.0,,1853522.53
GR-2022-2399,PO-2022-2399,2023-08-26,8.15,B,0.0,,785548.15
GR-2022-2400,PO-2022-2400,2023-04-24,5.21,A,0.0,,335307.7
GR-2022-2401,PO-2022-2401,2022-11-29,22.93,B,0.0,,1972829.92
GR-2022-2402,PO-2022-2402,2021-12-18,24.97,B,0.72,Dimensional deviation,2938662.07
GR-2022-2403,PO-2022-2403,2021-11-11,31.79,A,0.0,,3227505.28
GR-2022-2404,PO-2022-2404,2021-10-20,4.97,A,0.0,,382880.28
GR-2022-2405,PO-2022-2405,2023-11-09,5.9,B,0.2,Dimensional deviation,286931.32
GR-2022-2406,PO-2022-2406,2021-12-22,24.76,A,0.0,,1733206.4
GR-2022-2407,PO-2022-2407,2023-02-18,32.89,A,0.0,,2471326.74
GR-2022-2408,PO-2022-2408,2022-12-28,12.03,A,0.0,,1125109.6
GR-2022-2409,PO-2022-2409,2022-01-25,39.92,A,0.0,,3302036.84
GR-2022-2410,PO-2022-2410,2022-10-05,15.8,A,0.0,,961381.87
GR-2022-2411,PO-2022-2411,2021-07-23,1.78,B,0.0,,120259.02
GR-2022-2412,PO-2022-2412,2022-01-27,13.41,A,0.0,,1561094.25
GR-2022-2413,PO-2022-2413,2023-01-12,35.01,A,0.0,,2375893.67
GR-2022-2414,PO-2022-2414,2023-02-19,21.93,A,0.0,,1962989.82
GR-2022-2415,PO-2022-2415,2021-04-04,25.46,A,0.0,,1819737.89
GR-2022-2416,PO-2022-2416,2023-09-09,38.5,B,0.0,,2969925.83
GR-2022-2417,PO-2022-2417,2023-01-07,19.51,A,0.0,,2299613.5
GR-2022-2418,PO-2022-2418,2021-07-14,27.52,B,0.0,,1415785.75
GR-2022-2419,PO-2022-2419,2021-07-25,37.54,B,0.0,,2378998.18
GR-2022-2420,PO-2022-2420,2021-03-24,27.95,A,0.0,,2746308.52
GR-2022-2421,PO-2022-2421,2022-04-04,1.49,A,0.0,,81943.21
GR-2022-2422,PO-2022-2422,2021-03-06,4.36,A,0.0,,257221.07
GR-2022-2423,PO-2022-2423,2023-03-19,29.59,A,0.0,,2891777.33
GR-2022-2424,PO-2022-2424,2022-01-06,42.8,B,0.0,,2054770.8
GR-2022-2425,PO-2022-2425,2022-11-17,34.52,B,0.0,,4076307.77
GR-2022-2426,PO-2022-2426,2022-03-01,13.14,A,0.0,,977430.7
GR-2022-2427,PO-2022-2427,2022-01-11,15.72,A,0.0,,976373.43
GR-2022-2428,PO-2022-2428,2023-10-12,40.6,A,0.0,,4714946.48
GR-2022-2429,PO-2022-2429,2021-08-09,7.46,A,0.0,,884520.98
GR-2022-2430,PO-2022-2430,2021-02-24,18.92,A,0.0,,1848040.14
GR-2022-2431,PO-2022-2431,2023-12-20,6.21,A,0.0,,500056.21
GR-2022-2432,PO-2022-2432,2023-06-27,4.19,A,0.0,,271127.23
GR-2022-2433,PO-2022-2433,2023-01-08,25.66,A,0.0,,1634816.04
GR-2022-2434,PO-2022-2434,2021-09-13,5.18,B,0.0,,308618.64
GR-2022-2435,PO-2022-2435,2023-07-19,13.81,A,0.0,,694658.62
GR-2022-2436,PO-2022-2436,2022-01-23,28.24,B,0.0,,1773937.18
GR-2022-2437,PO-2022-2437,2022-09-24,1.55,B,0.0,,76724.3
GR-2022-2438,PO-2022-2438,2021-01-29,33.55,A,0.0,,2990310.99
GR-2022-2439,PO-2022-2439,2022-09-30,45.88,A,0.0,,5052166.05
GR-2022-2440,PO-2022-2440,2022-03-21,24.39,A,0.0,,1492286.6
GR-2022-2441,PO-2022-2441,2023-03-12,33.48,A,0.0,,3683611.37
GR-2022-2442,PO-2022-2442,2021-05-26,49.49,A,0.0,,2496990.87
GR-2022-2443,PO-2022-2443,2022-05-31,46.47,B,0.0,,5027188.1
GR-2022-2444,PO-2022-2444,2021-05-08,43.42,B,0.0,,4520879.48
GR-2022-2445,PO-2022-2445,2022-02-07,22.99,A,0.0,,2482051.51
GR-2022-2446,PO-2022-2446,2021-10-05,44.21,B,0.0,,4163334.27
GR-2022-2447,PO-2022-2447,2021-11-30,14.97,A,0.0,,1554005.02
GR-2022-2448,PO-2022-2448,2021-03-23,28.24,B,0.0,,2790270.74
GR-2022-2449,PO-2022-2449,2021-11-16,14.01,C,0.34,Dimensional deviation,1002406.1
GR-2022-2450,PO-2022-2450,2022-12-12,30.48,B,0.0,,3493691.98
GR-2022-2451,PO-2022-2451,2023-11-26,37.99,A,0.0,,4114472.98
GR-2022-2452,PO-2022-2452,2021-10-17,5.42,A,0.0,,446222.16
GR-2022-2453,PO-2022-2453,2024-01-04,13.31,A,0.0,,867994.55
GR-2022-2454,PO-2022-2454,2022-08-24,16.23,A,0.0,,1845371.14
GR-2022-2455,PO-2022-2455,2022-02-10,10.36,A,0.0,,729298.86
GR-2022-2456,PO-2022-2456,2023-05-02,30.21,B,0.0,,2884406.14
GR-2022-2457,PO-2022-2457,2021-10-30,33.86,B,1.02,Dimensional deviation,2600110.63
GR-2022-2458,PO-2022-2458,2022-11-06,29.46,A,0.0,,1711762.08
GR-2022-2459,PO-2022-2459,2022-08-31,30.25,A,0.0,,2803927.18
GR-2022-2460,PO-2022-2460,2022-01-17,12.91,A,0.0,,1060487.78
GR-2022-2461,PO-2022-2461,2023-08-06,13.36,A,0.0,,679442.82
GR-2022-2462,PO-2022-2462,2023-02-19,4.23,A,0.0,,451131.19
GR-2022-2463,PO-2022-2463,2023-10-23,29.6,A,0.0,,1947143.35
GR-2022-2464,PO-2022-2464,2023-05-22,3.49,B,0.0,,269773.17
GR-2022-2465,PO-2022-2465,2021-08-18,19.96,A,0.0,,1077008.87
GR-2022-2466,PO-2022-2466,2021-09-14,2.99,A,0.0,,151315.71
GR-2022-2467,PO-2022-2467,2022-07-10,46.2,B,0.0,,4473940.28
GR-2022-2468,PO-2022-2468,2021-04-09,6.41,B,0.0,,763977.17
GR-2022-2469,PO-2022-2469,2022-08-08,12.22,B,0.05,Dimensional deviation,818484.92
GR-2022-2470,PO-2022-2470,2022-07-12,8.41,A,0.0,,729433.32
GR-2022-2471,PO-2022-2471,2022-04-01,10.92,A,0.0,,998883.64
GR-2022-2472,PO-2022-2472,2021-07-17,7.09,A,0.0,,450597.74
GR-2022-2473,PO-2022-2473,2022-04-07,30.6,A,0.0,,3454087.21
GR-2022-2474,PO-2022-2474,2022-08-10,12.67,B,0.0,,865340.79
GR-2022-2475,PO-2022-2475,2023-03-15,12.29,A,0.0,,1343801.58
GR-2022-2476,PO-2022-2476,2023-07-12,37.03,A,0.0,,2748163.27
GR-2022-2477,PO-2022-2477,2023-03-04,38.35,A,0.0,,2324205.56
GR-2022-2478,PO-2022-2478,2023-10-15,17.72,B,0.0,,827259.07
GR-2022-2479,PO-2022-2479,2023-03-21,19.12,A,0.0,,1884797.95
GR-2022-2480,PO-2022-2480,2023-02-24,11.11,A,0.0,,764509.56
GR-2022-2481,PO-2022-2481,2022-07-26,44.85,A,0.0,,3307092.67
GR-2022-2482,PO-2022-2482,2021-03-01,23.09,B,0.0,,2431974.86
GR-2022-2483,PO-2022-2483,2022-12-19,1.98,B,0.0,,155443.78
GR-2022-2484,PO-2022-2484,2023-05-27,13.36,B,0.0,,838292.34
GR-2022-2485,PO-2022-2485,2022-06-30,9.19,A,0.0,,1009557.8
GR-2022-2486,PO-2022-2486,2023-12-04,42.15,A,0.0,,5027655.32
GR-2022-2487,PO-2022-2487,2021-04-23,35.62,A,0.0,,2028717.79
GR-2022-2488,PO-2022-2488,2021-04-21,26.59,A,0.0,,1714993.97
GR-2022-2489,PO-2022-2489,2022-08-30,14.56,B,0.0,,1665664.27
GR-2022-2490,PO-2022-2490,2023-04-25,26.26,A,0.0,,1653233.5
GR-2022-2491,PO-2022-2491,2021-04-27,26.46,C,0.42,Dimensional deviation,3349721.69
GR-2022-2492,PO-2022-2492,2022-05-15,30.4,A,0.0,,1550269.44
GR-2022-2493,PO-2022-2493,2021-08-10,27.07,B,0.0,,2809143.86
GR-2022-2494,PO-2022-2494,2023-02-14,26.15,C,0.52,Dimensional deviation,1666220.48
GR-2022-2495,PO-2022-2495,2021-01-24,38.45,A,0.0,,3218672.11
GR-2022-2496,PO-2022-2496,2023-11-04,20.26,B,0.0,,1167759.33
GR-2022-2497,PO-2022-2497,2021-12-01,42.95,A,0.0,,4649218.19
GR-2022-2498,PO-2022-2498,2022-08-12,23.28,A,0.0,,2288607.92
GR-2022-2499,PO-2022-2499,2022-05-29,4.25,B,0.0,,314486.52
GR-2022-2500,PO-2022-2500,2022-08-23,40.08,A,0.0,,3845990.42
GR-2022-2501,PO-2022-2501,2023-04-19,47.81,A,0.0,,5572031.7
GR-2022-2502,PO-2022-2502,2023-04-21,46.47,A,0.0,,2698129.98
GR-2022-2503,PO-2022-2503,2021-09-27,4.45,B,0.12,Dimensional deviation,572183.6
GR-2022-2504,PO-2022-2504,2021-09-03,19.34,B,0.0,,1418082.58
GR-2022-2505,PO-2022-2505,2023-10-13,11.56,A,0.0,,1192187.42
GR-2022-2506,PO-2022-2506,2021-11-06,32.57,A,0.0,,2218851.45
GR-2022-2507,PO-2022-2507,2021-10-29,44.9,A,0.0,,2896516.32
GR-2022-2508,PO-2022-2508,2023-08-23,44.1,B,0.0,,3528027.19
GR-2022-2509,PO-2022-2509,2021-04-25,44.81,A,0.0,,5133559.7
GR-2022-2510,PO-2022-2510,2023-02-20,23.69,B,0.0,,1760263.97
GR-2022-2511,PO-2022-2511,2023-06-20,18.34,A,0.0,,1533665.98
GR-2022-2512,PO-2022-2512,2021-04-07,18.23,A,0.0,,1087265.06
GR-2022-2513,PO-2022-2513,2021-12-13,8.07,A,0.0,,801412.97
GR-2022-2514,PO-2022-2514,2021-05-07,11.64,A,0.0,,985439.05
GR-2022-2515,PO-2022-2515,2023-07-21,39.96,A,0.0,,3191210.64
GR-2022-2516,PO-2022-2516,2022-11-12,3.41,B,0.04,Dimensional deviation,304069.08
GR-2022-2517,PO-2022-2517,2023-07-03,38.07,B,0.0,,1833083.13
GR-2022-2518,PO-2022-2518,2023-11-17,46.71,A,0.0,,3425915.52
GR-2022-2519,PO-2022-2519,2023-06-25,7.96,A,0.0,,905588.14
GR-2022-2520,PO-2022-2520,2023-03-01,11.78,B,0.0,,569468.91
GR-2022-2521,PO-2022-2521,2021-10-07,28.8,A,0.0,,2205624.3
GR-2022-2522,PO-2022-2522,2023-05-30,1.02,B,0.0,,51466.13
GR-2022-2523,PO-2022-2523,2022-07-05,11.66,A,0.0,,1334075.49
GR-2022-2524,PO-2022-2524,2023-10-18,33.59,B,0.0,,3578633.47
GR-2022-2525,PO-2022-2525,2023-02-18,29.09,B,0.0,,2520844.03
GR-2022-2526,PO-2022-2526,2022-11-26,8.54,A,0.0,,828785.42
GR-2022-2527,PO-2022-2527,2023-12-14,11.98,B,0.0,,563736.03
GR-2022-2528,PO-2022-2528,2022-07-24,15.72,A,0.0,,1855465.03
GR-2022-2529,PO-2022-2529,2021-04-25,6.2,B,0.0,,348928.94
GR-2022-2530,PO-2022-2530,2022-04-09,45.04,A,0.0,,5190483.0
GR-2022-2531,PO-2022-2531,2023-11-11,37.25,A,0.0,,2857583.63
GR-2022-2532,PO-2022-2532,2022-09-18,8.93,A,0.0,,726548.75
GR-2022-2533,PO-2022-2533,2021-05-23,22.34,A,0.0,,2371995.67
GR-2022-2534,PO-2022-2534,2023-05-09,17.36,A,0.0,,1263434.93
GR-2022-2535,PO-2022-2535,2022-05-05,46.37,B,0.0,,3471762.99
GR-2022-2536,PO-2022-2536,2023-04-18,15.0,B,0.0,,1365525.97
GR-2022-2537,PO-2022-2537,2022-11-27,29.98,A,0.0,,3278415.89
GR-2022-2538,PO-2022-2538,2021-06-25,8.32,A,0.0,,644124.84
GR-2022-2539,PO-2022-2539,2021-11-17,24.08,A,0.0,,1143103.02
GR-2022-2540,PO-2022-2540,2023-01-30,2.97,B,0.0,,333658.62
GR-2022-2541,PO-2022-2541,2021-08-07,48.17,B,1.77,Dimensional deviation,4681079.2
GR-2022-2542,PO-2022-2542,2021-12-29,6.26,B,0.0,,561182.31
GR-2022-2543,PO-2022-2543,2023-12-23,7.76,A,0.0,,620670.12
GR-2022-2544,PO-2022-2544,2021-11-27,25.22,A,0.0,,1564380.75
GR-2022-2545,PO-2022-2545,2021-03-24,33.3,B,0.0,,3262198.99
GR-2022-2546,PO-2022-2546,2023-07-27,15.98,A,0.0,,1505127.48
GR-2022-2547,PO-2022-2547,2023-05-20,33.38,A,0.0,,2045618.83
GR-2022-2548,PO-2022-2548,2021-11-05,4.85,A,0.0,,435582.76
GR-2022-2549,PO-2022-2549,2021-11-07,7.16,A,0.0,,712311.5
GR-2022-2550,PO-2022-2550,2022-11-17,36.07,A,0.0,,2811710.48
GR-2022-2551,PO-2022-2551,2022-09-23,33.1,B,0.0,,2397265.45
GR-2022-2552,PO-2022-2552,2022-02-13,3.39,A,0.0,,367485.94
GR-2022-2553,PO-2022-2553,2022-06-13,40.47,A,0.0,,3255119.87
GR-2022-2554,PO-2022-2554,2022-11-08,40.88,A,0.0,,4133712.81
GR-2022-2555,PO-2022-2555,2023-05-22,1.35,B,0.0,,141087.08
GR-2022-2556,PO-2022-2556,2023-05-07,43.86,B,0.0,,3077026.51
GR-2022-2557,PO-2022-2557,2021-10-24,30.34,A,0.0,,3572291.02
GR-2022-2558,PO-2022-2558,2022-01-21,38.54,A,0.0,,3581004.62
GR-2022-2559,PO-2022-2559,2022-12-16,1.12,A,0.0,,91767.16
GR-2022-2560,PO-2022-2560,2022-03-06,17.19,A,0.0,,1632174.62
GR-2022-2561,PO-2022-2561,2023-11-14,20.06,B,0.0,,1704954.52
GR-2022-2562,PO-2022-2562,2022-02-20,23.07,A,0.0,,2304150.5
GR-2022-2563,PO-2022-2563,2022-09-01,14.82,A,0.0,,692373.68
GR-2022-2564,PO-2022-2564,2021-05-24,46.11,A,0.0,,5282713.04
GR-2022-2565,PO-2022-2565,2022-05-01,23.0,A,0.0,,1553662.58
GR-2022-2566,PO-2022-2566,2021-03-28,20.16,A,0.0,,922290.08
GR-2022-2567,PO-2022-2567,2021-03-30,12.62,B,0.0,,574095.19
GR-2022-2568,PO-2022-2568,2021-06-16,40.53,A,0.0,,3517889.36
GR-2022-2569,PO-2022-2569,2021-02-14,38.32,A,0.0,,3664874.3
GR-2022-2570,PO-2022-2570,2022-03-26,41.73,B,0.72,Dimensional deviation,5106250.09
GR-2022-2571,PO-2022-2571,2022-11-17,31.51,C,1.5,Dimensional deviation,1588166.44
GR-2022-2572,PO-2022-2572,2021-06-19,47.26,A,0.0,,2205625.23
GR-2022-2573,PO-2022-2573,2022-06-23,33.76,B,0.0,,2583624.33
GR-2022-2574,PO-2022-2574,2022-03-04,5.72,A,0.0,,664009.93
GR-2022-2575,PO-2022-2575,2021-05-26,43.35,A,0.0,,4772114.65
GR-2022-2576,PO-2022-2576,2022-05-16,47.82,B,0.0,,2583650.69
GR-2022-2577,PO-2022-2577,2022-12-03,38.33,A,0.0,,3986518.39
GR-2022-2578,PO-2022-2578,2023-11-18,33.47,A,0.0,,2221880.77
GR-2022-2579,PO-2022-2579,2023-01-12,9.63,A,0.0,,1016973.15
GR-2022-2580,PO-2022-2580,2022-06-08,49.35,B,0.0,,2836298.46
GR-2022-2581,PO-2022-2581,2021-12-11,10.46,A,0.0,,1254195.3
GR-2022-2582,PO-2022-2582,2023-01-01,42.5,A,0.0,,4472544.72
GR-2022-2583,PO-2022-2583,2021-08-14,11.35,A,0.0,,676165.5
GR-2022-2584,PO-2022-2584,2023-10-05,41.67,A,0.0,,4818804.42
GR-2022-2585,PO-2022-2585,2023-10-15,16.68,B,0.0,,1220050.55
GR-2022-2586,PO-2022-2586,2021-03-29,1.17,A,0.0,,84554.8
GR-2022-2587,PO-2022-2587,2023-02-11,37.71,A,0.0,,1719352.88
GR-2022-2588,PO-2022-2588,2023-08-22,41.93,B,0.0,,3790918.46
GR-2022-2589,PO-2022-2589,2021-09-11,25.11,B,0.0,,3019090.74
GR-2022-2590,PO-2022-2590,2022-12-06,39.36,A,0.0,,3669669.91
GR-2022-2591,PO-2022-2591,2022-10-12,2.9,A,0.0,,154209.83
GR-2022-2592,PO-2022-2592,2021-10-17,49.63,B,0.0,,3299863.5
GR-2022-2593,PO-2022-2593,2021-06-09,4.64,A,0.0,,318843.16
GR-2022-2594,PO-2022-2594,2023-04-29,48.9,B,0.0,,3415061.98
GR-2022-2595,PO-2022-2595,2021-07-18,30.37,A,0.0,,3324820.78
GR-2022-2596,PO-2022-2596,2021-08-27,38.44,A,0.0,,2660578.67
GR-2022-2597,PO-2022-2597,2022-01-28,12.27,A,0.0,,811214.57
GR-2022-2598,PO-2022-2598,2021-06-22,33.18,B,0.0,,1746186.28
GR-2022-2599,PO-2022-2599,2021-04-08,5.52,A,0.0,,389172.14
GR-2022-2600,PO-2022-2600,2021-04-20,5.57,A,0.0,,651089.36
GR-2022-2601,PO-2022-2601,2021-08-20,23.89,B,0.0,,1729309.79
GR-2022-2602,PO-2022-2602,2021-08-24,29.74,B,0.0,,2608324.24
GR-2022-2603,PO-2022-2603,2022-06-04,9.25,A,0.0,,866136.98
GR-2022-2604,PO-2022-2604,2021-08-06,11.68,A,0.0,,1147911.69
GR-2022-2605,PO-2022-2605,2023-11-20,1.26,A,0.0,,106121.14
GR-2022-2606,PO-2022-2606,2022-02-02,12.54,B,0.0,,977722.05
GR-2022-2607,PO-2022-2607,2023-03-22,15.32,B,0.0,,847010.22
GR-2022-2608,PO-2022-2608,2023-05-03,12.58,B,0.0,,1499241.74
GR-2022-2609,PO-2022-2609,2023-05-25,1.06,A,0.0,,57347.51
GR-2022-2610,PO-2022-2610,2022-02-09,29.07,A,0.0,,3102941.5
GR-2022-2611,PO-2022-2611,2021-09-11,35.56,A,0.0,,2233339.85
GR-2022-2612,PO-2022-2612,2021-04-13,7.49,A,0.0,,461428.55
GR-2022-2613,PO-2022-2613,2021-01-11,41.32,B,0.0,,1918153.02
GR-2022-2614,PO-2022-2614,2022-12-16,8.04,A,0.0,,801541.21
GR-2022-2615,PO-2022-2615,2021-09-22,48.48,A,0.0,,3588738.67
GR-2022-2616,PO-2022-2616,2022-07-30,42.91,A,0.0,,2407255.69
GR-2022-2617,PO-2022-2617,2023-01-05,24.8,B,0.0,,2905805.11
GR-2022-2618,PO-2022-2618,2021-04-26,22.2,B,0.0,,1264784.3
GR-2022-2619,PO-2022-2619,2021-05-13,15.15,A,0.0,,1152240.8
GR-2022-2620,PO-2022-2620,2021-10-28,9.21,B,0.42,Dimensional deviation,1033690.22
GR-2022-2621,PO-2022-2621,2024-01-02,17.9,A,0.0,,1683470.25
GR-2022-2622,PO-2022-2622,2022-02-26,48.01,A,0.0,,3144398.9
GR-2022-2623,PO-2022-2623,2022-04-10,1.83,A,0.0,,115150.09
GR-2022-2624,PO-2022-2624,2023-03-05,25.85,A,0.0,,2988952.76
GR-2022-2625,PO-2022-2625,2022-07-19,13.48,A,0.0,,707045.84
GR-2022-2626,PO-2022-2626,2023-11-30,1.98,B,0.0,,174198.01
GR-2022-2627,PO-2022-2627,2022-05-25,39.23,B,1.08,Dimensional deviation,4308153.57
GR-2022-2628,PO-2022-2628,2024-01-01,46.5,B,0.67,Dimensional deviation,2301377.28
GR-2022-2629,PO-2022-2629,2022-11-07,1.06,B,0.0,,63671.89
GR-2022-2630,PO-2022-2630,2022-09-28,35.05,A,0.0,,2296040.22
GR-2022-2631,PO-2022-2631,2023-04-13,19.59,B,0.0,,1802027.15
GR-2022-2632,PO-2022-2632,2022-11-16,17.99,C,0.3,Dimensional deviation,1959871.03
GR-2022-2633,PO-2022-2633,2022-12-01,22.05,A,0.0,,1927608.39
GR-2022-2634,PO-2022-2634,2021-06-12,12.26,A,0.0,,1356193.59
GR-2022-2635,PO-2022-2635,2023-08-29,49.46,A,0.0,,2512175.94
GR-2022-2636,PO-2022-2636,2023-06-29,36.83,B,0.0,,2281077.0
GR-2022-2637,PO-2022-2637,2021-03-26,45.71,B,0.0,,3480769.71
GR-2022-2638,PO-2022-2638,2023-07-18,17.59,B,0.0,,1110731.82
GR-2022-2639,PO-2022-2639,2021-07-19,37.54,A,0.0,,4334465.18
GR-2022-2640,PO-2022-2640,2021-04-17,27.45,A,0.0,,2594118.17
GR-2022-2641,PO-2022-2641,2021-01-18,39.9,B,0.0,,4461289.2
GR-2022-2642,PO-2022-2642,2021-07-11,46.18,A,0.0,,3049025.58
GR-2022-2643,PO-2022-2643,2023-01-01,28.02,B,0.0,,1619921.98
GR-2022-2644,PO-2022-2644,2021-07-28,10.4,B,0.0,,1112605.13
GR-2022-2645,PO-2022-2645,2021-04-17,39.64,B,0.02,Dimensional deviation,2584464.27
GR-2022-2646,PO-2022-2646,2023-08-07,12.06,A,0.0,,664368.88
GR-2022-2647,PO-2022-2647,2022-03-11,41.52,A,0.0,,3242502.31
GR-2022-2648,PO-2022-2648,2021-05-15,19.4,B,0.0,,1129871.82
GR-2022-2649,PO-2022-2649,2024-01-11,6.14,B,0.14,Dimensional deviation,672603.28
GR-2022-2650,PO-2022-2650,2021-06-05,6.28,A,0.0,,392445.91
GR-2022-2651,PO-2022-2651,2022-07-12,43.99,A,0.0,,3758149.99
GR-2022-2652,PO-2022-2652,2022-11-21,41.58,A,0.0,,3727016.85
GR-2022-2653,PO-2022-2653,2022-03-29,9.34,B,0.0,,1016099.0
GR-2022-2654,PO-2022-2654,2022-08-13,30.42,A,0.0,,3515250.25
GR-2022-2655,PO-2022-2655,2021-02-22,15.45,A,0.0,,1593539.99
GR-2022-2656,PO-2022-2656,2021-07-21,44.96,A,0.0,,2809077.55
GR-2022-2657,PO-2022-2657,2024-01-10,24.25,A,0.0,,2772267.27
GR-2022-2658,PO-2022-2658,2021-10-21,9.77,A,0.0,,1085819.16
GR-2022-2659,PO-2022-2659,2021-09-22,25.88,B,0.0,,2345311.02
GR-2022-2660,PO-2022-2660,2022-05-18,26.62,A,0.0,,1390367.37
GR-2022-2661,PO-2022-2661,2022-11-20,3.13,B,0.0,,258450.49
GR-2022-2662,PO-2022-2662,2021-10-20,26.27,A,0.0,,2423345.94
GR-2022-2663,PO-2022-2663,2023-05-25,23.35,A,0.0,,2266047.9
GR-2022-2664,PO-2022-2664,2021-03-20,37.97,B,1.75,Dimensional deviation,4207275.69
GR-2022-2665,PO-2022-2665,2021-03-07,16.74,B,0.0,,1710523.75
GR-2022-2666,PO-2022-2666,2021-06-28,24.5,A,0.0,,2588697.68
GR-2022-2667,PO-2022-2667,2023-02-11,36.13,A,0.0,,4317279.17
GR-2022-2668,PO-2022-2668,2023-02-23,32.61,A,0.0,,3309977.41
GR-2022-2669,PO-2022-2669,2021-12-06,40.55,A,0.0,,3675766.48
GR-2022-2670,PO-2022-2670,2023-09-14,25.56,C,0.39,Dimensional deviation,2837232.5
GR-2022-2671,PO-2022-2671,2022-01-09,30.76,C,1.26,Dimensional deviation,1576519.43
GR-2022-2672,PO-2022-2672,2023-09-03,21.53,C,0.54,Dimensional deviation,1089301.7
GR-2022-2673,PO-2022-2673,2021-04-26,44.36,A,0.0,,3256392.79
GR-2022-2674,PO-2022-2674,2022-12-08,36.23,A,0.0,,2393560.75
GR-2022-2675,PO-2022-2675,2023-04-19,12.52,A,0.0,,705253.27
GR-2022-2676,PO-2022-2676,2023-11-22,19.03,A,0.0,,930176.19
GR-2022-2677,PO-2022-2677,2021-12-28,27.9,A,0.0,,1346046.32
GR-2022-2678,PO-2022-2678,2021-05-02,12.76,A,0.0,,1152215.28
GR-2022-2679,PO-2022-2679,2023-08-14,38.64,A,0.0,,4016936.15
GR-2022-2680,PO-2022-2680,2022-01-21,3.94,A,0.0,,417443.63
GR-2022-2681,PO-2022-2681,2023-03-28,7.08,B,0.0,,614593.18
GR-2022-2682,PO-2022-2682,2021-01-23,47.9,A,0.0,,4491591.38
GR-2022-2683,PO-2022-2683,2023-09-15,26.13,A,0.0,,1927077.62
GR-2022-2684,PO-2022-2684,2022-02-03,20.44,A,0.0,,1300609.35
GR-2022-2685,PO-2022-2685,2021-05-23,31.15,A,0.0,,2103381.22
GR-2022-2686,PO-2022-2686,2023-12-14,15.48,A,0.0,,725298.86
GR-2022-2687,PO-2022-2687,2021-10-13,21.91,A,0.0,,1167562.11
GR-2022-2688,PO-2022-2688,2022-06-10,43.74,A,0.0,,4671391.33
GR-2022-2689,PO-2022-2689,2023-03-18,47.12,B,0.0,,3458457.84
GR-2022-2690,PO-2022-2690,2021-04-13,38.54,C,1.0,Dimensional deviation,4084810.04
GR-2022-2691,PO-2022-2691,2022-12-18,10.17,B,0.14,Dimensional deviation,1187644.64
GR-2022-2692,PO-2022-2692,2021-02-26,19.47,A,0.0,,1478109.32
GR-2022-2693,PO-2022-2693,2022-09-05,25.52,A,0.0,,2932875.43
GR-2022-2694,PO-2022-2694,2022-04-21,12.76,A,0.0,,1248429.05
GR-2022-2695,PO-2022-2695,2022-01-14,36.43,A,0.0,,2012773.41
GR-2022-2696,PO-2022-2696,2021-05-14,15.18,B,0.0,,1412552.72
GR-2022-2697,PO-2022-2697,2022-05-14,11.21,A,0.0,,1150734.12
GR-2022-2698,PO-2022-2698,2022-02-06,29.63,B,0.0,,3312240.57
GR-2022-2699,PO-2022-2699,2023-04-03,40.13,B,0.0,,2095532.42
GR-2022-2700,PO-2022-2700,2023-08-02,36.07,A,0.0,,3781285.29
GR-2022-2701,PO-2022-2701,2021-04-15,30.01,B,0.0,,2775927.69
GR-2022-2702,PO-2022-2702,2023-10-13,20.73,A,0.0,,1442680.47
GR-2022-2703,PO-2022-2703,2021-04-07,36.31,B,0.0,,4253123.39
GR-2022-2704,PO-2022-2704,2023-11-12,49.13,B,0.0,,2585501.81
GR-2022-2705,PO-2022-2705,2023-04-18,1.51,A,0.0,,89470.48
GR-2022-2706,PO-2022-2706,2021-03-07,38.91,A,0.0,,2090653.06
GR-2022-2707,PO-2022-2707,2023-12-24,34.45,A,0.0,,2432451.0
GR-2022-2708,PO-2022-2708,2023-10-31,41.02,A,0.0,,3707524.6
GR-2022-2709,PO-2022-2709,2023-05-11,20.03,A,0.0,,1832760.14
GR-2022-2710,PO-2022-2710,2021-10-07,16.13,A,0.0,,817674.81
GR-2022-2711,PO-2022-2711,2023-12-30,26.1,C,1.0,Dimensional deviation,1766282.33
GR-2022-2712,PO-2022-2712,2024-01-07,41.68,A,0.0,,3743884.18
GR-2022-2713,PO-2022-2713,2023-04-21,40.6,A,0.0,,2325882.45
GR-2022-2714,PO-2022-2714,2023-11-13,12.7,A,0.0,,838050.02
GR-2022-2715,PO-2022-2715,2023-05-21,13.39,A,0.0,,644438.97
GR-2022-2716,PO-2022-2716,2022-08-29,27.24,A,0.0,,3151050.68
GR-2022-2717,PO-2022-2717,2023-01-31,12.6,A,0.0,,1455741.6
GR-2022-2718,PO-2022-2718,2023-06-23,33.58,C,1.52,Dimensional deviation,1955520.77
GR-2022-2719,PO-2022-2719,2023-05-27,46.78,A,0.0,,5226425.5
GR-2022-2720,PO-2022-2720,2023-12-06,20.07,B,0.0,,2242397.07
GR-2022-2721,PO-2022-2721,2021-03-11,34.54,A,0.0,,1743585.18
GR-2022-2722,PO-2022-2722,2022-03-22,38.55,A,0.0,,2473048.49
GR-2022-2723,PO-2022-2723,2023-01-12,25.92,A,0.0,,1524112.22
GR-2022-2724,PO-2022-2724,2021-08-17,21.64,A,0.0,,1898841.26
GR-2022-2725,PO-2022-2725,2022-03-15,15.1,A,0.0,,1785484.18
GR-2022-2726,PO-2022-2726,2022-05-23,1.23,A,0.0,,104886.32
GR-2022-2727,PO-2022-2727,2022-02-15,12.56,A,0.0,,1385669.25
GR-2022-2728,PO-2022-2728,2023-12-27,3.24,B,0.0,,203851.26
GR-2022-2729,PO-2022-2729,2021-09-26,33.65,B,0.0,,2656174.55
GR-2022-2730,PO-2022-2730,2021-02-23,18.85,A,0.0,,1662851.36
GR-2022-2731,PO-2022-2731,2021-06-02,28.52,B,1.29,Dimensional deviation,3487647.51
GR-2022-2732,PO-2022-2732,2023-07-29,20.54,A,0.0,,1863256.3
GR-2022-2733,PO-2022-2733,2023-05-27,41.62,B,0.0,,3881708.42
GR-2022-2734,PO-2022-2734,2023-08-02,15.37,B,0.0,,1318042.28
GR-2022-2735,PO-2022-2735,2023-03-01,17.05,A,0.0,,906270.55
GR-2022-2736,PO-2022-2736,2023-10-27,47.29,B,0.0,,5333523.8
GR-2022-2737,PO-2022-2737,2022-01-23,38.87,B,0.0,,4051391.28
GR-2022-2738,PO-2022-2738,2023-04-20,31.23,B,0.0,,1471277.35
GR-2022-2739,PO-2022-2739,2023-09-05,32.22,A,0.0,,2566572.31
GR-2022-2740,PO-2022-2740,2021-03-20,37.4,A,0.0,,2572298.28
GR-2022-2741,PO-2022-2741,2022-04-24,16.82,A,0.0,,1605955.12
GR-2022-2742,PO-2022-2742,2022-05-18,33.17,A,0.0,,2892142.67
GR-2022-2743,PO-2022-2743,2022-08-12,47.61,A,0.0,,5358679.45
GR-2022-2744,PO-2022-2744,2021-11-06,2.46,B,0.0,,260199.41
GR-2022-2745,PO-2022-2745,2021-11-13,27.45,B,0.0,,1549967.07
GR-2022-2746,PO-2022-2746,2022-07-09,19.58,A,0.0,,1448367.43
GR-2022-2747,PO-2022-2747,2021-06-06,28.44,A,0.0,,3014355.98
GR-2022-2748,PO-2022-2748,2021-11-10,16.27,B,0.0,,1150220.7
GR-2022-2749,PO-2022-2749,2021-09-09,38.73,A,0.0,,2927103.33
GR-2022-2750,PO-2022-2750,2022-05-14,14.29,B,0.0,,1609919.41
GR-2022-2751,PO-2022-2751,2021-12-17,1.05,B,0.0,,99832.67
GR-2022-2752,PO-2022-2752,2023-06-24,4.04,A,0.0,,199984.82
GR-2022-2753,PO-2022-2753,2023-03-18,4.64,A,0.0,,445178.59
GR-2022-2754,PO-2022-2754,2022-11-22,47.2,A,0.0,,3460954.52
GR-2022-2755,PO-2022-2755,2022-08-12,31.62,A,0.0,,1608522.51
GR-2022-2756,PO-2022-2756,2022-11-04,20.81,B,0.0,,1222907.21
GR-2022-2757,PO-2022-2757,2023-12-10,32.16,B,0.0,,2987077.29
GR-2022-2758,PO-2022-2758,2023-02-06,14.13,A,0.0,,1597427.39
GR-2022-2759,PO-2022-2759,2023-07-13,8.51,B,0.34,Dimensional deviation,917523.57
GR-2022-2760,PO-2022-2760,2021-10-24,33.83,A,0.0,,3041623.26
GR-2022-2761,PO-2022-2761,2021-02-20,36.16,A,0.0,,3905830.43
GR-2022-2762,PO-2022-2762,2021-04-19,38.3,A,0.0,,2505794.22
GR-2022-2763,PO-2022-2763,2023-12-22,48.13,A,0.0,,2906717.91
GR-2022-2764,PO-2022-2764,2022-05-08,47.73,A,0.0,,3274664.88
GR-2022-2765,PO-2022-2765,2021-12-27,45.53,A,0.0,,3445515.51
GR-2022-2766,PO-2022-2766,2021-06-19,10.98,B,0.0,,1321579.74
GR-2022-2767,PO-2022-2767,2021-08-15,1.01,A,0.0,,54515.43
GR-2022-2768,PO-2022-2768,2023-05-26,49.0,B,0.0,,3372753.3
GR-2022-2769,PO-2022-2769,2023-10-20,6.9,B,0.0,,425901.07
GR-2022-2770,PO-2022-2770,2022-09-07,29.99,A,0.0,,2987447.96
GR-2022-2771,PO-2022-2771,2022-10-28,43.05,B,0.0,,2906000.74
GR-2022-2772,PO-2022-2772,2021-07-23,14.81,A,0.0,,732064.27
GR-2022-2773,PO-2022-2773,2022-03-04,20.35,B,0.0,,1745505.89
GR-2022-2774,PO-2022-2774,2023-08-13,9.28,B,0.0,,551637.1
GR-2022-2775,PO-2022-2775,2021-12-03,44.62,B,0.0,,3996800.19
GR-2022-2776,PO-2022-2776,2021-08-03,26.22,B,0.0,,3121784.53
GR-2022-2777,PO-2022-2777,2022-12-05,12.35,A,0.0,,958816.19
GR-2022-2778,PO-2022-2778,2022-05-21,9.59,A,0.0,,930392.04
GR-2022-2779,PO-2022-2779,2023-05-01,12.2,A,0.0,,1237523.55
GR-2022-2780,PO-2022-2780,2021-03-01,36.03,A,0.0,,2795977.25
GR-2022-2781,PO-2022-2781,2021-09-14,35.15,A,0.0,,2655292.58
GR-2022-2782,PO-2022-2782,2022-05-14,38.96,A,0.0,,2195399.66
GR-2022-2783,PO-2022-2783,2021-02-16,19.24,A,0.0,,1083654.04
GR-2022-2784,PO-2022-2784,2021-12-24,30.88,B,0.99,Dimensional deviation,2303711.21
GR-2022-2785,PO-2022-2785,2021-07-09,1.73,B,0.0,,121322.88
GR-2022-2786,PO-2022-2786,2021-08-14,28.74,B,0.0,,2888171.21
GR-2022-2787,PO-2022-2787,2022-01-05,16.92,A,0.0,,1275355.05
GR-2022-2788,PO-2022-2788,2021-04-01,21.97,B,0.0,,2001133.03
GR-2022-2789,PO-2022-2789,2021-02-14,44.7,B,0.0,,2139141.4
GR-2022-2790,PO-2022-2790,2021-03-25,22.03,A,0.0,,2198428.36
GR-2022-2791,PO-2022-2791,2022-06-10,32.59,B,0.0,,2207397.03
GR-2022-2792,PO-2022-2792,2022-11-30,31.63,A,0.0,,2979418.12
GR-2022-2793,PO-2022-2793,2022-12-27,25.85,B,0.0,,3031504.81
GR-2022-2794,PO-2022-2794,2021-03-26,18.41,A,0.0,,1080336.86
GR-2022-2795,PO-2022-2795,2023-04-16,24.4,A,0.0,,2084864.34
GR-2022-2796,PO-2022-2796,2022-02-01,14.43,A,0.0,,1497914.0
GR-2022-2797,PO-2022-2797,2021-05-25,30.74,A,0.0,,2532621.36
GR-2022-2798,PO-2022-2798,2021-11-09,25.25,A,0.0,,2749362.56
GR-2022-2799,PO-2022-2799,2022-11-03,25.02,A,0.0,,2551054.97
GR-2022-2800,PO-2022-2800,2024-01-08,1.02,A,0.0,,96064.2
GR-2022-2801,PO-2022-2801,2022-05-16,35.01,A,0.0,,3901826.67
GR-2022-2802,PO-2022-2802,2023-01-22,36.41,A,0.0,,2562195.63
GR-2022-2803,PO-2022-2803,2021-03-28,9.22,A,0.0,,1038213.57
GR-2022-2804,PO-2022-2804,2022-12-12,13.19,A,0.0,,1531545.9
GR-2022-2805,PO-2022-2805,2023-08-15,7.84,A,0.0,,843042.82
GR-2022-2806,PO-2022-2806,2022-09-09,30.75,B,0.78,Dimensional deviation,1833243.38
GR-2022-2807,PO-2022-2807,2022-07-21,43.22,A,0.0,,2589298.04
GR-2022-2808,PO-2022-2808,2021-08-15,9.05,B,0.0,,461792.91
GR-2022-2809,PO-2022-2809,2022-11-15,37.1,C,0.66,Dimensional deviation,3951631.68
GR-2022-2810,PO-2022-2810,2022-01-10,9.18,B,0.0,,812819.34
GR-2022-2811,PO-2022-2811,2022-04-10,26.9,A,0.0,,2793762.08
GR-2022-2812,PO-2022-2812,2021-08-09,6.15,A,0.0,,609436.13
GR-2022-2813,PO-2022-2813,2023-02-01,26.33,A,0.0,,3084894.27
GR-2022-2814,PO-2022-2814,2022-11-04,37.9,A,0.0,,3917178.13
GR-2022-2815,PO-2022-2815,2022-06-27,10.5,B,0.0,,968071.69
GR-2022-2816,PO-2022-2816,2023-11-21,45.4,A,0.0,,4116770.16
GR-2022-2817,PO-2022-2817,2021-04-13,41.78,B,0.0,,2928284.07
GR-2022-2818,PO-2022-2818,2022-07-19,40.62,B,1.35,Dimensional deviation,2659856.51
GR-2022-2819,PO-2022-2819,2021-07-10,23.18,A,0.0,,1614661.32
GR-2022-2820,PO-2022-2820,2022-02-27,36.45,B,0.0,,2660667.31
GR-2022-2821,PO-2022-2821,2023-05-23,5.73,B,0.0,,605332.32
GR-2022-2822,PO-2022-2822,2022-10-21,46.67,C,0.92,Dimensional deviation,3243410.67
GR-2022-2823,PO-2022-2823,2021-08-25,2.64,C,0.08,Dimensional deviation,202370.83
GR-2022-2824,PO-2022-2824,2023-03-10,34.99,A,0.0,,2959038.15
GR-2022-2825,PO-2022-2825,2021-05-11,1.33,A,0.0,,95858.41
GR-2022-2826,PO-2022-2826,2023-11-28,42.65,A,0.0,,3056186.25
GR-2022-2827,PO-2022-2827,2021-10-18,40.59,A,0.0,,4296883.05
GR-2022-2828,PO-2022-2828,2023-05-15,43.18,A,0.0,,3847184.75
GR-2022-2829,PO-2022-2829,2023-07-21,15.54,A,0.0,,899807.22
GR-2022-2830,PO-2022-2830,2022-12-01,48.81,A,0.0,,5506441.11
GR-2022-2831,PO-2022-2831,2022-12-11,39.73,A,0.0,,2754045.99
GR-2022-2832,PO-2022-2832,2022-08-21,7.04,C,0.07,Dimensional deviation,889558.61
GR-2022-2833,PO-2022-2833,2021-06-24,2.22,A,0.0,,257472.52
GR-2022-2834,PO-2022-2834,2021-04-02,38.47,C,1.67,Dimensional deviation,3055450.68
GR-2022-2835,PO-2022-2835,2022-04-28,7.37,A,0.0,,823265.4
GR-2022-2836,PO-2022-2836,2022-11-10,11.14,A,0.0,,776833.27
GR-2022-2837,PO-2022-2837,2021-03-27,31.81,A,0.0,,2464715.77
GR-2022-2838,PO-2022-2838,2022-01-22,15.83,A,0.0,,1726109.78
GR-2022-2839,PO-2022-2839,2023-03-12,8.0,A,0.0,,944891.13
GR-2022-2840,PO-2022-2840,2022-04-15,44.63,A,0.0,,4691459.63
GR-2022-2841,PO-2022-2841,2022-09-06,37.35,B,0.0,,2057857.02
GR-2022-2842,PO-2022-2842,2021-12-23,11.17,B,0.0,,1315146.04
GR-2022-2843,PO-2022-2843,2022-04-03,39.33,B,0.33,Dimensional deviation,2234219.96
GR-2022-2844,PO-2022-2844,2022-02-09,10.72,B,0.0,,602559.67
GR-2022-2845,PO-2022-2845,2021-01-21,3.87,B,0.0,,390447.97
GR-2022-2846,PO-2022-2846,2023-12-15,13.85,A,0.0,,790176.76
GR-2022-2847,PO-2022-2847,2023-08-17,26.99,A,0.0,,2777270.32
GR-2022-2848,PO-2022-2848,2023-12-10,9.6,A,0.0,,566177.44
GR-2022-2849,PO-2022-2849,2023-09-23,13.75,B,0.0,,1623641.47
GR-2022-2850,PO-2022-2850,2022-07-05,19.43,B,0.0,,2146933.31
GR-2022-2851,PO-2022-2851,2022-11-14,25.82,A,0.0,,2686386.65
GR-2022-2852,PO-2022-2852,2023-07-22,12.72,B,0.0,,674686.69
GR-2022-2853,PO-2022-2853,2022-01-21,32.43,B,0.0,,1897962.13
GR-2022-2854,PO-2022-2854,2022-03-29,39.32,A,0.0,,3942072.61
GR-2022-2855,PO-2022-2855,2022-01-29,9.86,A,0.0,,561296.16
GR-2022-2856,PO-2022-2856,2022-04-01,47.51,B,0.0,,4779105.77
GR-2022-2857,PO-2022-2857,2022-11-07,12.55,A,0.0,,1085646.7
GR-2022-2858,PO-2022-2858,2021-12-22,35.24,B,0.0,,2243470.57
GR-2022-2859,PO-2022-2859,2022-02-26,47.01,A,0.0,,3058643.81
GR-2022-2860,PO-2022-2860,2023-10-06,11.64,A,0.0,,1237844.6
GR-2022-2861,PO-2022-2861,2022-06-07,13.69,B,0.0,,883142.21
GR-2022-2862,PO-2022-2862,2023-10-31,44.77,A,0.0,,4041412.97
GR-2022-2863,PO-2022-2863,2023-06-23,28.73,A,0.0,,2260748.06
GR-2022-2864,PO-2022-2864,2021-05-11,33.64,A,0.0,,3019935.7
GR-2022-2865,PO-2022-2865,2023-12-27,11.45,B,0.0,,1128079.85
GR-2022-2866,PO-2022-2866,2021-10-27,7.4,A,0.0,,348583.51
GR-2022-2867,PO-2022-2867,2021-07-25,20.41,B,0.0,,2133853.81
GR-2022-2868,PO-2022-2868,2022-02-05,42.92,B,0.03,Dimensional deviation,2989322.55
GR-2022-2869,PO-2022-2869,2023-10-12,25.44,A,0.0,,2817840.31
GR-2022-2870,PO-2022-2870,2022-12-26,33.64,B,0.0,,2419738.18
GR-2022-2871,PO-2022-2871,2024-01-19,39.84,A,0.0,,4583629.15
GR-2022-2872,PO-2022-2872,2021-04-04,14.57,A,0.0,,989833.03
GR-2022-2873,PO-2022-2873,2021-06-22,23.44,A,0.0,,1672439.99
GR-2022-2874,PO-2022-2874,2022-03-12,38.93,A,0.0,,3651363.94
GR-2022-2875,PO-2022-2875,2022-12-31,15.69,A,0.0,,1280626.93
GR-2022-2876,PO-2022-2876,2023-11-20,30.71,B,0.0,,1850876.2
GR-2022-2877,PO-2022-2877,2023-05-06,11.21,A,0.0,,1012373.59
GR-2022-2878,PO-2022-2878,2021-08-31,3.34,B,0.0,,189798.0
GR-2022-2879,PO-2022-2879,2021-09-09,6.73,A,0.0,,655295.77
GR-2022-2880,PO-2022-2880,2023-08-05,37.85,A,0.0,,2101303.22
GR-2022-2881,PO-2022-2881,2021-07-08,19.73,A,0.0,,1043548.72
GR-2022-2882,PO-2022-2882,2021-04-10,22.78,B,0.0,,2270266.86
GR-2022-2883,PO-2022-2883,2024-01-06,10.68,B,0.0,,981436.64
GR-2022-2884,PO-2022-2884,2022-03-30,27.69,B,1.28,Dimensional deviation,2334745.77
GR-2022-2885,PO-2022-2885,2022-03-21,23.28,A,0.0,,2581942.41
GR-2022-2886,PO-2022-2886,2022-09-17,8.26,A,0.0,,865279.42
GR-2022-2887,PO-2022-2887,2021-08-06,2.1,A,0.0,,183314.69
GR-2022-2888,PO-2022-2888,2023-12-22,42.92,A,0.0,,3805455.65
GR-2022-2889,PO-2022-2889,2021-10-16,19.21,A,0.0,,897902.23
GR-2022-2890,PO-2022-2890,2022-02-05,36.1,A,0.0,,3925914.64
GR-2022-2891,PO-2022-2891,2021-01-15,7.22,A,0.0,,706830.05
GR-2022-2892,PO-2022-2892,2021-02-11,48.31,A,0.0,,2613012.37
GR-2022-2893,PO-2022-2893,2022-02-07,27.71,B,0.0,,2388114.22
GR-2022-2894,PO-2022-2894,2022-09-28,42.07,A,0.0,,2737267.52
GR-2022-2895,PO-2022-2895,2021-11-27,49.1,B,0.0,,5681960.19
GR-2022-2896,PO-2022-2896,2021-09-19,24.43,B,0.0,,2126090.29
GR-2022-2897,PO-2022-2897,2021-05-10,22.59,A,0.0,,2250925.72
GR-2022-2898,PO-2022-2898,2023-06-13,21.14,A,0.0,,1160680.28
GR-2022-2899,PO-2022-2899,2024-01-01,16.6,B,0.0,,1939201.86
GR-2022-2900,PO-2022-2900,2021-01-20,2.58,A,0.0,,127942.32
GR-2022-2901,PO-2022-2901,2023-01-26,28.46,A,0.0,,2941402.74
GR-2022-2902,PO-2022-2902,2023-02-09,31.41,B,0.0,,2295179.23
GR-2022-2903,PO-2022-2903,2022-12-21,21.7,A,0.0,,1264747.03
GR-2022-2904,PO-2022-2904,2022-06-09,7.67,B,0.0,,815383.31
GR-2022-2905,PO-2022-2905,2023-06-13,3.13,B,0.0,,156277.45
GR-2022-2906,PO-2022-2906,2023-12-05,11.11,B,0.0,,1175848.45
GR-2022-2907,PO-2022-2907,2023-04-29,22.86,A,0.0,,1512707.5
GR-2022-2908,PO-2022-2908,2023-10-11,26.19,A,0.0,,2257275.08
GR-2022-2909,PO-2022-2909,2021-08-04,6.26,A,0.0,,559994.87
GR-2022-2910,PO-2022-2910,2021-08-13,23.68,B,0.0,,1414572.51
GR-2022-2911,PO-2022-2911,2023-04-25,13.05,B,0.0,,1041769.16
GR-2022-2912,PO-2022-2912,2022-11-26,40.68,A,0.0,,2719102.7
GR-2022-2913,PO-2022-2913,2022-07-26,10.75,B,0.0,,808998.9
GR-2022-2914,PO-2022-2914,2022-02-21,28.46,A,0.0,,1682078.63
GR-2022-2915,PO-2022-2915,2023-12-28,21.85,A,0.0,,1688612.66
GR-2022-2916,PO-2022-2916,2023-10-20,6.89,A,0.0,,313329.0
GR-2022-2917,PO-2022-2917,2022-02-25,41.23,A,0.0,,4707655.38
GR-2022-2918,PO-2022-2918,2022-06-13,22.2,A,0.0,,1258174.85
GR-2022-2919,PO-2022-2919,2021-05-23,41.45,B,0.0,,4064114.94
GR-2022-2920,PO-2022-2920,2021-02-22,47.02,B,1.54,Dimensional deviation,3834188.55
GR-2022-2921,PO-2022-2921,2021-07-29,31.68,A,0.0,,1486716.4
GR-2022-2922,PO-2022-2922,2021-09-02,29.64,A,0.0,,2834508.76
GR-2022-2923,PO-2022-2923,2022-06-13,36.21,C,1.42,Dimensional deviation,2536838.65
GR-2022-2924,PO-2022-2924,2021-06-04,16.33,A,0.0,,1563086.1
GR-2022-2925,PO-2022-2925,2021-05-27,3.05,A,0.0,,278731.07
GR-2022-2926,PO-2022-2926,2021-04-01,46.28,A,0.0,,3472302.18
GR-2022-2927,PO-2022-2927,2024-01-03,32.43,A,0.0,,1961717.79
GR-2022-2928,PO-2022-2928,2023-06-29,19.71,A,0.0,,1711393.02
GR-2022-2929,PO-2022-2929,2021-08-10,47.56,A,0.0,,2684279.58
GR-2022-2930,PO-2022-2930,2022-08-20,24.48,A,0.0,,1592244.6
GR-2022-2931,PO-2022-2931,2022-01-05,9.94,B,0.0,,999717.82
GR-2022-2932,PO-2022-2932,2022-08-24,40.27,A,0.0,,2028000.12
GR-2022-2933,PO-2022-2933,2021-12-17,2.29,B,0.0,,183303.37
GR-2022-2934,PO-2022-2934,2023-08-09,5.33,B,0.0,,263278.86
GR-2022-2935,PO-2022-2935,2021-03-09,42.24,A,0.0,,4802066.15
GR-2022-2936,PO-2022-2936,2021-07-05,34.45,A,0.0,,3498559.92
GR-2022-2937,PO-2022-2937,2023-11-24,44.95,B,0.0,,5069606.14
GR-2022-2938,PO-2022-2938,2023-07-08,25.58,B,0.0,,2287409.02
GR-2022-2939,PO-2022-2939,2023-11-17,48.22,A,0.0,,5564105.76
GR-2022-2940,PO-2022-2940,2022-09-24,38.05,A,0.0,,3006430.39
GR-2022-2941,PO-2022-2941,2023-12-19,28.76,B,0.0,,2261208.55
GR-2022-2942,PO-2022-2942,2023-02-08,27.18,A,0.0,,1360815.94
GR-2022-2943,PO-2022-2943,2022-06-24,23.06,C,0.0,,2029262.99
GR-2022-2944,PO-2022-2944,2022-01-15,28.54,A,0.0,,1930221.71
GR-2022-2945,PO-2022-2945,2021-07-19,26.01,A,0.0,,2146858.87
GR-2022-2946,PO-2022-2946,2022-07-19,28.25,B,0.0,,2354639.63
GR-2022-2947,PO-2022-2947,2023-03-23,14.02,A,0.0,,1256308.5
GR-2022-2948,PO-2022-2948,2021-09-08,39.66,B,0.0,,3049074.42
GR-2022-2949,PO-2022-2949,2023-06-01,43.78,C,0.44,Dimensional deviation,4368319.17
GR-2022-2950,PO-2022-2950,2023-10-10,27.53,C,0.46,Dimensional deviation,2063821.6
GR-2022-2951,PO-2022-2951,2023-01-11,29.3,A,0.0,,3224740.01
GR-2022-2952,PO-2022-2952,2023-04-12,31.16,B,0.26,Dimensional deviation,3747671.79
GR-2022-2953,PO-2022-2953,2022-08-15,27.65,A,0.0,,2751949.77
GR-2022-2954,PO-2022-2954,2023-06-03,23.06,A,0.0,,1587565.1
GR-2022-2955,PO-2022-2955,2023-07-05,28.27,A,0.0,,1499919.99
GR-2022-2956,PO-2022-2956,2021-12-05,41.06,B,0.0,,3129363.91
GR-2022-2957,PO-2022-2957,2021-10-02,48.19,A,0.0,,5665699.74
GR-2022-2958,PO-2022-2958,2022-04-09,20.43,A,0.0,,2004355.27
GR-2022-2959,PO-2022-2959,2021-04-03,49.22,B,0.0,,3677470.43
GR-2022-2960,PO-2022-2960,2023-12-21,21.75,B,0.0,,2001830.73
GR-2022-2961,PO-2022-2961,2021-07-14,11.43,B,0.0,,1234185.3
GR-2022-2962,PO-2022-2962,2022-06-07,49.67,A,0.0,,5516514.05
GR-2022-2963,PO-2022-2963,2023-04-18,11.45,A,0.0,,1133304.74
GR-2022-2964,PO-2022-2964,2022-12-14,3.04,B,0.06,Dimensional deviation,209953.74
GR-2022-2965,PO-2022-2965,2023-11-16,17.21,A,0.0,,1854428.75
GR-2022-2966,PO-2022-2966,2021-12-14,37.55,A,0.0,,3103538.24
GR-2022-2967,PO-2022-2967,2021-09-19,16.52,B,0.0,,785351.99
GR-2022-2968,PO-2022-2968,2022-08-20,39.45,A,0.0,,3018681.07
GR-2022-2969,PO-2022-2969,2023-08-28,38.55,B,0.0,,2117647.46
GR-2022-2970,PO-2022-2970,2021-03-31,23.56,B,0.0,,2039267.42
GR-2022-2971,PO-2022-2971,2022-07-15,14.13,A,0.0,,1195438.85
GR-2022-2972,PO-2022-2972,2022-04-19,45.8,B,0.0,,4235415.73
GR-2022-2973,PO-2022-2973,2023-05-25,34.95,A,0.0,,3028782.48
GR-2022-2974,PO-2022-2974,2023-11-15,34.56,A,0.0,,3822670.97
GR-2022-2975,PO-2022-2975,2022-12-04,40.29,A,0.0,,1966406.67
GR-2022-2976,PO-2022-2976,2021-10-16,40.73,C,0.61,Dimensional deviation,4567395.42
GR-2022-2977,PO-2022-2977,2022-05-24,18.07,B,0.0,,915576.4
GR-2022-2978,PO-2022-2978,2023-05-31,41.63,B,0.0,,3566204.39
GR-2022-2979,PO-2022-2979,2023-04-05,16.28,B,0.0,,1244029.3
GR-2022-2980,PO-2022-2980,2021-09-27,29.12,A,0.0,,2044085.3
GR-2022-2981,PO-2022-2981,2021-05-09,1.37,A,0.0,,64664.03
GR-2022-2982,PO-2022-2982,2022-09-16,26.82,A,0.0,,2389351.56
GR-2022-2983,PO-2022-2983,2021-04-20,48.36,B,1.82,Dimensional deviation,4994391.05
GR-2022-2984,PO-2022-2984,2023-06-20,20.94,A,0.0,,1467474.1
GR-2022-2985,PO-2022-2985,2022-06-30,40.93,B,0.0,,4730855.62
GR-2022-2986,PO-2022-2986,2023-05-21,37.8,B,0.0,,2682992.51
GR-2022-2987,PO-2022-2987,2023-07-25,47.95,A,0.0,,2868278.7
GR-2022-2988,PO-2022-2988,2021-03-11,12.75,A,0.0,,1335234.7
GR-2022-2989,PO-2022-2989,2023-04-20,42.44,A,0.0,,2521213.78
GR-2022-2990,PO-2022-2990,2022-12-05,6.07,B,0.09,Dimensional deviation,606672.87
GR-2022-2991,PO-2022-2991,2022-12-23,1.44,A,0.0,,166595.81
GR-2022-2992,PO-2022-2992,2021-12-14,9.33,B,0.22,Dimensional deviation,667419.07
GR-2022-2993,PO-2022-2993,2023-07-24,34.98,A,0.0,,2819114.55
GR-2022-2994,PO-2022-2994,2021-10-10,20.03,A,0.0,,1061817.31
GR-2022-2995,PO-2022-2995,2022-08-12,19.18,A,0.0,,2270170.21
GR-2022-2996,PO-2022-2996,2022-06-13,49.31,A,0.0,,2258400.64
GR-2022-2997,PO-2022-2997,2021-02-12,29.57,B,0.0,,3541654.44
GR-2022-2998,PO-2022-2998,2023-10-24,43.78,A,0.0,,2542419.02
GR-2022-2999,PO-2022-2999,2023-01-11,46.23,A,0.0,,3053133.54
GR-2022-3000,PO-2022-3000,2023-04-23,32.04,A,0.0,,2482265.01
GR-2022-3001,PO-2022-3001,2021-08-31,10.93,A,0.0,,701625.12
GR-2022-3002,PO-2022-3002,2023-09-23,21.93,A,0.0,,2145922.82
GR-2022-3003,PO-2022-3003,2023-03-17,28.02,B,0.0,,3322480.32
GR-2022-3004,PO-2022-3004,2021-12-17,47.26,B,0.0,,2757420.57
GR-2022-3005,PO-2022-3005,2021-09-27,16.86,A,0.0,,1080813.56
GR-2022-3006,PO-2022-3006,2022-07-11,33.91,B,0.0,,2633817.99
GR-2022-3007,PO-2022-3007,2023-02-04,17.02,C,0.64,Dimensional deviation,1023035.81
GR-2022-3008,PO-2022-3008,2021-06-23,46.96,A,0.0,,2674265.07
GR-2022-3009,PO-2022-3009,2023-07-20,29.97,B,1.15,Dimensional deviation,3244115.6
GR-2022-3010,PO-2022-3010,2021-06-30,45.08,A,0.0,,3380713.73
GR-2022-3011,PO-2022-3011,2022-05-28,23.78,B,0.44,Dimensional deviation,1228399.15
GR-2022-3012,PO-2022-3012,2023-02-21,44.98,B,0.0,,3217786.48
GR-2022-3013,PO-2022-3013,2021-05-15,47.91,A,0.0,,5152176.15
GR-2022-3014,PO-2022-3014,2022-11-13,19.79,A,0.0,,2384320.52
GR-2022-3015,PO-2022-3015,2022-11-05,14.0,A,0.0,,1576326.4
GR-2022-3016,PO-2022-3016,2022-05-03,2.74,A,0.0,,313671.71
GR-2022-3017,PO-2022-3017,2021-08-11,35.72,B,0.0,,2693104.5
GR-2022-3018,PO-2022-3018,2023-11-14,43.7,C,0.1,Dimensional deviation,5102767.94
GR-2022-3019,PO-2022-3019,2021-12-28,13.39,A,0.0,,1283043.77
GR-2022-3020,PO-2022-3020,2022-07-03,3.62,B,0.0,,307266.58
GR-2022-3021,PO-2022-3021,2023-01-26,30.51,B,0.0,,1872352.43
GR-2022-3022,PO-2022-3022,2021-08-13,12.69,B,0.0,,1148822.96
GR-2022-3023,PO-2022-3023,2023-08-09,33.28,A,0.0,,3691598.73
GR-2022-3024,PO-2022-3024,2023-03-20,26.18,A,0.0,,1484148.33
GR-2022-3025,PO-2022-3025,2021-05-18,24.39,B,0.0,,2402223.56
GR-2022-3026,PO-2022-3026,2021-08-12,34.04,A,0.0,,2200865.08
GR-2022-3027,PO-2022-3027,2021-03-23,37.42,A,0.0,,2770318.68
GR-2022-3028,PO-2022-3028,2022-01-09,44.87,A,0.0,,4866149.8
GR-2022-3029,PO-2022-3029,2022-04-25,26.5,B,0.0,,1669199.56
GR-2022-3030,PO-2022-3030,2021-08-10,48.98,A,0.0,,4655226.33
GR-2022-3031,PO-2022-3031,2021-03-10,47.0,A,0.0,,4133197.19
GR-2022-3032,PO-2022-3032,2023-12-04,35.64,B,0.0,,3112742.64
GR-2022-3033,PO-2022-3033,2021-12-16,3.18,B,0.0,,171535.77
GR-2022-3034,PO-2022-3034,2022-05-04,1.72,B,0.05,Dimensional deviation,181349.77
GR-2022-3035,PO-2022-3035,2023-08-17,6.6,B,0.0,,749735.26
GR-2022-3036,PO-2022-3036,2023-09-21,1.55,A,0.0,,79469.83
GR-2022-3037,PO-2022-3037,2022-02-06,39.82,A,0.0,,2669624.46
GR-2022-3038,PO-2022-3038,2022-05-05,31.55,C,0.74,Dimensional deviation,3179239.09
GR-2022-3039,PO-2022-3039,2023-11-29,14.45,A,0.0,,1508203.38
GR-2022-3040,PO-2022-3040,2021-10-26,16.01,A,0.0,,1777221.69
GR-2022-3041,PO-2022-3041,2022-10-16,1.17,B,0.0,,118000.17
GR-2022-3042,PO-2022-3042,2023-08-04,1.17,B,0.0,,124374.19
GR-2022-3043,PO-2022-3043,2022-11-21,41.63,B,0.0,,2924852.3
GR-2022-3044,PO-2022-3044,2021-04-15,48.35,A,0.0,,4628227.75
GR-2022-3045,PO-2022-3045,2022-07-13,1.63,A,0.0,,153418.49
GR-2022-3046,PO-2022-3046,2022-09-13,35.19,A,0.0,,3971941.64
GR-2022-3047,PO-2022-3047,2022-08-13,27.5,A,0.0,,1447030.64
GR-2022-3048,PO-2022-3048,2022-07-21,26.41,A,0.0,,1227936.14
GR-2022-3049,PO-2022-3049,2022-02-11,27.86,A,0.0,,1868433.13
GR-2022-3050,PO-2022-3050,2023-02-17,19.88,A,0.0,,1591053.01
GR-2022-3051,PO-2022-3051,2023-12-31,22.13,A,0.0,,1927241.89
GR-2022-3052,PO-2022-3052,2021-09-13,49.56,A,0.0,,4703857.09
GR-2022-3053,PO-2022-3053,2021-06-04,19.0,A,0.0,,1713774.05
GR-2022-3054,PO-2022-3054,2023-01-20,28.87,A,0.0,,3244296.95
GR-2022-3055,PO-2022-3055,2022-05-16,47.01,B,0.0,,2594860.83
GR-2022-3056,PO-2022-3056,2023-01-13,29.17,B,0.0,,3143630.68
GR-2022-3057,PO-2022-3057,2023-02-23,48.68,B,0.0,,4230578.05
GR-2022-3058,PO-2022-3058,2023-02-08,39.31,A,0.0,,2841087.39
GR-2022-3059,PO-2022-3059,2022-10-13,24.83,A,0.0,,1660204.89
GR-2022-3060,PO-2022-3060,2021-10-16,19.7,B,0.0,,1169664.84
GR-2022-3061,PO-2022-3061,2021-07-26,5.46,A,0.0,,541517.68
GR-2022-3062,PO-2022-3062,2021-10-23,9.63,A,0.0,,537347.4
GR-2022-3063,PO-2022-3063,2022-11-24,22.96,B,0.0,,2435314.2
GR-2022-3064,PO-2022-3064,2023-02-03,6.12,A,0.0,,532941.09
GR-2022-3065,PO-2022-3065,2022-09-04,41.42,A,0.0,,2025175.66
GR-2022-3066,PO-2022-3066,2023-11-11,42.18,A,0.0,,2358084.48
GR-2022-3067,PO-2022-3067,2023-10-28,46.55,A,0.0,,2289016.25
GR-2022-3068,PO-2022-3068,2023-04-09,21.08,B,0.0,,2452723.55
GR-2022-3069,PO-2022-3069,2021-12-23,14.58,B,0.0,,1608039.3
GR-2022-3070,PO-2022-3070,2023-11-15,30.71,B,0.0,,3451567.7
GR-2022-3071,PO-2022-3071,2022-08-08,5.35,A,0.0,,450308.61
GR-2022-3072,PO-2022-3072,2022-01-17,35.86,A,0.0,,2277824.33
GR-2022-3073,PO-2022-3073,2023-05-25,46.87,A,0.0,,4038406.96
GR-2022-3074,PO-2022-3074,2023-02-16,4.2,A,0.0,,439804.06
GR-2022-3075,PO-2022-3075,2021-05-14,28.95,A,0.0,,3441560.47
GR-2022-3076,PO-2022-3076,2022-01-09,48.89,A,0.0,,4625843.13
GR-2022-3077,PO-2022-3077,2022-01-27,37.42,A,0.0,,1816455.42
GR-2022-3078,PO-2022-3078,2022-04-16,40.88,B,0.0,,2275851.83
GR-2022-3079,PO-2022-3079,2021-03-24,40.59,A,0.0,,3640926.03
GR-2022-3080,PO-2022-3080,2021-02-15,13.54,B,0.0,,1322772.3
GR-2022-3081,PO-2022-3081,2021-07-04,28.31,B,0.0,,1984037.82
GR-2022-3082,PO-2022-3082,2022-04-23,23.82,A,0.0,,2143102.52
GR-2022-3083,PO-2022-3083,2022-03-24,7.42,A,0.0,,478256.67
GR-2022-3084,PO-2022-3084,2021-09-06,47.87,A,0.0,,5015958.53
GR-2022-3085,PO-2022-3085,2021-10-24,40.11,A,0.0,,4278313.11
GR-2022-3086,PO-2022-3086,2022-03-22,13.59,A,0.0,,659764.24
GR-2022-3087,PO-2022-3087,2023-04-14,4.36,A,0.0,,489134.71
GR-2022-3088,PO-2022-3088,2023-01-14,26.56,B,0.0,,2964099.18
GR-2022-3089,PO-2022-3089,2022-11-30,26.7,A,0.0,,2034141.32
GR-2022-3090,PO-2022-3090,2023-06-24,22.37,C,0.96,Dimensional deviation,2126223.95
GR-2022-3091,PO-2022-3091,2022-06-06,25.54,A,0.0,,2208574.67
GR-2022-3092,PO-2022-3092,2022-10-28,45.98,B,0.0,,4837064.75
GR-2022-3093,PO-2022-3093,2022-09-08,27.25,B,0.0,,1917780.14
GR-2022-3094,PO-2022-3094,2023-07-12,35.43,A,0.0,,2647358.78
GR-2022-3095,PO-2022-3095,2022-11-26,18.76,A,0.0,,1409601.87
GR-2022-3096,PO-2022-3096,2022-01-28,27.36,B,0.0,,1924944.73
GR-2022-3097,PO-2022-3097,2022-11-10,25.13,A,0.0,,2454742.55
GR-2022-3098,PO-2022-3098,2021-03-05,5.86,A,0.0,,301863.09
GR-2022-3099,PO-2022-3099,2023-08-10,5.61,B,0.0,,670996.55
GR-2022-3100,PO-2022-3100,2021-10-30,35.32,B,0.0,,2782805.6
GR-2022-3101,PO-2022-3101,2021-05-10,30.69,B,0.64,Dimensional deviation,2515991.54
GR-2022-3102,PO-2022-3102,2023-02-15,40.79,A,0.0,,4718309.71
GR-2022-3103,PO-2022-3103,2021-07-02,43.18,B,0.11,Dimensional deviation,4422967.9
GR-2022-3104,PO-2022-3104,2023-06-23,43.71,A,0.0,,2162569.58
GR-2022-3105,PO-2022-3105,2023-05-21,16.58,A,0.0,,1171107.04
GR-2022-3106,PO-2022-3106,2022-01-20,22.49,A,0.0,,2523207.73
GR-2022-3107,PO-2022-3107,2021-03-11,3.14,A,0.0,,338960.51
GR-2022-3108,PO-2022-3108,2023-07-07,23.66,A,0.0,,2047174.52
GR-2022-3109,PO-2022-3109,2023-01-26,33.63,A,0.0,,3607028.3
GR-2022-3110,PO-2022-3110,2021-01-30,47.65,A,0.0,,4391097.63
GR-2022-3111,PO-2022-3111,2021-01-30,1.14,B,0.0,,81783.1
GR-2022-3112,PO-2022-3112,2022-04-01,25.58,A,0.0,,2514990.13
GR-2022-3113,PO-2022-3113,2022-08-13,27.48,A,0.0,,2539602.13
GR-2022-3114,PO-2022-3114,2022-04-14,47.61,A,0.0,,3455185.02
GR-2022-3115,PO-2022-3115,2022-05-20,8.11,B,0.0,,589785.77
GR-2022-3116,PO-2022-3116,2021-03-24,48.12,B,0.0,,4229115.33
GR-2022-3117,PO-2022-3117,2021-02-07,28.85,A,0.0,,3354660.18
GR-2022-3118,PO-2022-3118,2021-05-09,19.86,A,0.0,,1555730.7
GR-2022-3119,PO-2022-3119,2021-04-06,25.53,A,0.0,,2480371.26
GR-2022-3120,PO-2022-3120,2022-04-02,15.89,B,0.0,,1561589.7
GR-2022-3121,PO-2022-3121,2022-04-24,20.13,A,0.0,,1606766.97
GR-2022-3122,PO-2022-3122,2021-11-28,1.38,A,0.0,,79300.9
GR-2022-3123,PO-2022-3123,2021-02-02,11.38,A,0.0,,838192.52
GR-2022-3124,PO-2022-3124,2021-10-03,14.93,A,0.0,,1192595.38
GR-2022-3125,PO-2022-3125,2022-01-28,33.25,A,0.0,,2938448.26
GR-2022-3126,PO-2022-3126,2021-11-08,16.03,A,0.0,,1755949.83
GR-2022-3127,PO-2022-3127,2021-02-22,31.44,B,0.52,Dimensional deviation,3784263.81
GR-2022-3128,PO-2022-3128,2021-04-17,1.28,A,0.0,,130973.32
GR-2022-3129,PO-2022-3129,2023-05-04,12.85,A,0.0,,727607.73
GR-2022-3130,PO-2022-3130,2021-07-15,22.58,B,0.0,,2380545.1
GR-2022-3131,PO-2022-3131,2021-01-31,46.77,B,1.07,Dimensional deviation,5695776.41
GR-2022-3132,PO-2022-3132,2022-11-23,42.6,A,0.0,,4710769.54
GR-2022-3133,PO-2022-3133,2021-12-26,9.15,A,0.0,,446518.94
GR-2022-3134,PO-2022-3134,2023-05-25,43.11,B,1.9,Dimensional deviation,2564950.76
GR-2022-3135,PO-2022-3135,2023-01-05,4.8,B,0.0,,383096.2
GR-2022-3136,PO-2022-3136,2021-03-09,45.33,B,0.0,,2436205.04
GR-2022-3137,PO-2022-3137,2022-12-15,35.8,A,0.0,,3104384.02
GR-2022-3138,PO-2022-3138,2022-02-07,5.82,B,0.0,,612171.09
GR-2022-3139,PO-2022-3139,2021-12-23,45.42,B,0.0,,3832067.44
GR-2022-3140,PO-2022-3140,2023-12-16,34.42,A,0.0,,3027207.42
GR-2022-3141,PO-2022-3141,2021-08-14,22.3,A,0.0,,1906839.65
GR-2022-3142,PO-2022-3142,2021-07-01,34.53,A,0.0,,2795467.64
GR-2022-3143,PO-2022-3143,2021-07-27,26.17,A,0.0,,2583629.89
GR-2022-3144,PO-2022-3144,2022-12-11,27.12,A,0.0,,2873979.79
GR-2022-3145,PO-2022-3145,2022-03-24,48.84,A,0.0,,4439999.78
GR-2022-3146,PO-2022-3146,2023-11-15,40.38,A,0.0,,2653301.96
GR-2022-3147,PO-2022-3147,2021-05-01,7.69,A,0.0,,770618.42
GR-2022-3148,PO-2022-3148,2021-12-06,9.69,A,0.0,,592004.19
GR-2022-3149,PO-2022-3149,2021-09-27,33.31,B,0.0,,1895894.79
GR-2022-3150,PO-2022-3150,2021-07-07,24.87,A,0.0,,1639768.15
GR-2022-3151,PO-2022-3151,2021-10-05,4.23,B,0.0,,500512.33
GR-2022-3152,PO-2022-3152,2022-02-14,36.83,A,0.0,,3709037.71
GR-2022-3153,PO-2022-3153,2021-03-23,14.57,A,0.0,,1436304.19
GR-2022-3154,PO-2022-3154,2022-03-31,36.11,A,0.0,,2975378.84
GR-2022-3155,PO-2022-3155,2021-08-18,35.89,A,0.0,,1740035.98
GR-2022-3156,PO-2022-3156,2021-10-05,21.48,A,0.0,,2394487.08
GR-2022-3157,PO-2022-3157,2022-06-09,1.13,A,0.0,,135462.88
GR-2022-3158,PO-2022-3158,2022-12-22,23.31,B,0.0,,1676815.53
GR-2022-3159,PO-2022-3159,2021-07-29,38.38,B,0.0,,3719451.69
GR-2022-3160,PO-2022-3160,2021-12-14,34.27,A,0.0,,3650721.62
GR-2022-3161,PO-2022-3161,2021-06-07,19.45,A,0.0,,1769591.43
GR-2022-3162,PO-2022-3162,2024-01-02,46.8,A,0.0,,2230098.74
GR-2022-3163,PO-2022-3163,2022-07-27,20.16,A,0.0,,1137516.14
GR-2022-3164,PO-2022-3164,2022-03-01,24.63,A,0.0,,2052977.08
GR-2022-3165,PO-2022-3165,2023-04-22,42.06,B,0.0,,4774348.12
GR-2022-3166,PO-2022-3166,2021-03-31,35.06,A,0.0,,4052603.38
GR-2022-3167,PO-2022-3167,2023-11-25,18.67,A,0.0,,1268088.12
GR-2022-3168,PO-2022-3168,2022-06-12,22.55,B,0.0,,1749141.03
GR-2022-3169,PO-2022-3169,2022-09-30,28.68,A,0.0,,2039293.95
GR-2022-3170,PO-2022-3170,2023-02-21,10.23,A,0.0,,1117428.46
GR-2022-3171,PO-2022-3171,2021-10-11,5.33,A,0.0,,627070.82
GR-2022-3172,PO-2022-3172,2022-04-05,45.99,A,0.0,,4625036.6
GR-2022-3173,PO-2022-3173,2022-10-31,5.93,A,0.0,,499101.13
GR-2022-3174,PO-2022-3174,2021-03-27,37.14,B,0.0,,4276437.88
GR-2022-3175,PO-2022-3175,2022-05-18,33.08,A,0.0,,2919037.74
GR-2022-3176,PO-2022-3176,2022-06-29,28.39,A,0.0,,2995806.99
GR-2022-3177,PO-2022-3177,2022-08-11,44.17,A,0.0,,4233346.16
GR-2022-3178,PO-2022-3178,2023-12-31,13.0,A,0.0,,1513990.1
GR-2022-3179,PO-2022-3179,2022-05-22,35.26,B,0.0,,2579528.93
GR-2022-3180,PO-2022-3180,2023-12-27,2.37,A,0.0,,280869.51
GR-2022-3181,PO-2022-3181,2023-02-07,45.53,B,0.0,,4005217.71
GR-2022-3182,PO-2022-3182,2023-11-05,20.52,A,0.0,,2034092.95
GR-2022-3183,PO-2022-3183,2022-07-13,18.59,B,0.0,,1175480.92
GR-2022-3184,PO-2022-3184,2023-09-13,19.81,A,0.0,,1987219.7
GR-2022-3185,PO-2022-3185,2023-11-02,22.07,B,0.0,,2497232.96
GR-2022-3186,PO-2022-3186,2021-07-01,14.51,B,0.08,Dimensional deviation,727402.19
GR-2022-3187,PO-2022-3187,2021-01-24,25.88,A,0.0,,2747121.88
GR-2022-3188,PO-2022-3188,2023-04-10,39.17,A,0.0,,2880140.26
GR-2022-3189,PO-2022-3189,2023-04-01,9.81,A,0.0,,1079185.54
GR-2022-3190,PO-2022-3190,2021-02-13,7.65,B,0.0,,558986.89
GR-2022-3191,PO-2022-3191,2021-09-10,19.79,B,0.0,,2283589.99
GR-2022-3192,PO-2022-3192,2021-04-24,29.4,A,0.0,,1881507.67
GR-2022-3193,PO-2022-3193,2023-05-07,38.7,B,0.0,,4353620.57
GR-2022-3194,PO-2022-3194,2021-05-01,11.69,A,0.0,,1210677.6
GR-2022-3195,PO-2022-3195,2021-08-08,27.13,A,0.0,,2621073.05
GR-2022-3196,PO-2022-3196,2023-10-19,45.69,B,0.0,,2564102.33
GR-2022-3197,PO-2022-3197,2021-06-25,22.68,A,0.0,,2602850.97
GR-2022-3198,PO-2022-3198,2022-08-14,11.2,B,0.0,,1194450.86
GR-2022-3199,PO-2022-3199,2022-08-13,43.26,B,1.64,Dimensional deviation,3843177.5
GR-2023-3200,PO-2023-3200,2022-06-30,3.37,B,0.0,,278145.3
GR-2023-3201,PO-2023-3201,2021-12-19,21.07,A,0.0,,1492648.47
GR-2023-3202,PO-2023-3202,2021-11-11,23.65,A,0.0,,1300133.11
GR-2023-3203,PO-2023-3203,2023-04-07,10.21,B,0.0,,819446.43
GR-2023-3204,PO-2023-3204,2022-08-04,46.28,A,0.0,,4271509.25
GR-2023-3205,PO-2023-3205,2021-11-18,4.07,A,0.0,,467436.91
GR-2023-3206,PO-2023-3206,2022-11-08,2.77,B,0.0,,317081.55
GR-2023-3207,PO-2023-3207,2022-01-16,16.08,B,0.0,,1114094.02
GR-2023-3208,PO-2023-3208,2022-02-19,2.28,B,0.0,,155443.87
GR-2023-3209,PO-2023-3209,2021-09-15,26.67,A,0.0,,2479337.11
GR-2023-3210,PO-2023-3210,2023-10-23,10.66,A,0.0,,641684.94
GR-2023-3211,PO-2023-3211,2022-12-25,26.29,B,0.0,,1960972.55
GR-2023-3212,PO-2023-3212,2021-03-17,37.46,B,0.72,Dimensional deviation,2902479.23
GR-2023-3213,PO-2023-3213,2023-02-10,45.35,A,0.0,,2557702.38
GR-2023-3214,PO-2023-3214,2023-07-04,44.4,A,0.0,,4042486.96
GR-2023-3215,PO-2023-3215,2021-01-24,41.07,B,0.46,Dimensional deviation,4309501.14
GR-2023-3216,PO-2023-3216,2022-04-04,7.32,B,0.0,,562518.93
GR-2023-3217,PO-2023-3217,2023-11-11,23.78,A,0.0,,1245467.13
GR-2023-3218,PO-2023-3218,2023-08-19,9.93,C,0.24,Dimensional deviation,958512.86
GR-2023-3219,PO-2023-3219,2021-09-09,41.65,B,0.0,,2499297.96
GR-2023-3220,PO-2023-3220,2021-07-31,7.09,A,0.0,,531344.02
GR-2023-3221,PO-2023-3221,2022-04-19,46.58,B,2.29,Dimensional deviation,4110929.56
GR-2023-3222,PO-2023-3222,2023-06-22,43.04,A,0.0,,4460820.06
GR-2023-3223,PO-2023-3223,2022-02-21,37.69,B,0.0,,2079580.9
GR-2023-3224,PO-2023-3224,2022-04-01,47.3,A,0.0,,5431962.71
GR-2023-3225,PO-2023-3225,2021-02-16,13.35,A,0.0,,759434.94
GR-2023-3226,PO-2023-3226,2021-11-20,35.72,C,0.2,Dimensional deviation,2751002.85
GR-2023-3227,PO-2023-3227,2023-02-25,11.03,B,0.26,Dimensional deviation,1111036.5
GR-2023-3228,PO-2023-3228,2022-05-26,4.24,A,0.0,,399593.3
GR-2023-3229,PO-2023-3229,2021-04-28,34.22,A,0.0,,2824971.09
GR-2023-3230,PO-2023-3230,2022-05-12,33.64,A,0.0,,2100563.36
GR-2023-3231,PO-2023-3231,2022-10-03,16.86,B,0.0,,776296.67
GR-2023-3232,PO-2023-3232,2021-06-09,9.46,B,0.0,,903261.73
GR-2023-3233,PO-2023-3233,2022-08-26,28.77,A,0.0,,2868236.56
GR-2023-3234,PO-2023-3234,2023-01-31,16.34,A,0.0,,1077208.75
GR-2023-3235,PO-2023-3235,2021-04-11,13.28,A,0.0,,672048.75
GR-2023-3236,PO-2023-3236,2021-05-23,21.98,A,0.0,,2176646.21
GR-2023-3237,PO-2023-3237,2021-06-22,21.92,B,0.0,,1016971.08
GR-2023-3238,PO-2023-3238,2021-07-17,29.87,B,0.0,,2361280.92
GR-2023-3239,PO-2023-3239,2023-01-10,23.72,B,0.12,Dimensional deviation,1141987.97
GR-2023-3240,PO-2023-3240,2021-02-12,22.24,A,0.0,,1268249.61
GR-2023-3241,PO-2023-3241,2021-06-01,7.64,B,0.0,,724807.81
GR-2023-3242,PO-2023-3242,2022-10-03,28.74,A,0.0,,2941391.49
GR-2023-3243,PO-2023-3243,2023-04-13,28.55,A,0.0,,2273269.2
GR-2023-3244,PO-2023-3244,2023-12-21,4.64,B,0.0,,357174.12
GR-2023-3245,PO-2023-3245,2022-05-04,7.39,A,0.0,,700513.17
GR-2023-3246,PO-2023-3246,2021-03-10,35.07,B,0.0,,4114449.01
GR-2023-3247,PO-2023-3247,2023-09-08,12.56,A,0.0,,1171201.37
GR-2023-3248,PO-2023-3248,2022-10-04,30.49,A,0.0,,2816313.12
GR-2023-3249,PO-2023-3249,2022-11-21,2.5,B,0.0,,209427.02
GR-2023-3250,PO-2023-3250,2022-11-24,6.92,B,0.11,Dimensional deviation,358081.57
GR-2023-3251,PO-2023-3251,2021-05-31,38.67,B,0.0,,3174139.38
GR-2023-3252,PO-2023-3252,2022-07-22,39.07,B,0.67,Dimensional deviation,2770781.06
GR-2023-3253,PO-2023-3253,2021-04-23,21.59,B,0.0,,1882986.98
GR-2023-3254,PO-2023-3254,2022-09-30,33.35,B,0.0,,2608851.17
GR-2023-3255,PO-2023-3255,2022-09-08,45.84,A,0.0,,5149333.1
GR-2023-3256,PO-2023-3256,2023-05-16,44.22,A,0.0,,3437158.58
GR-2023-3257,PO-2023-3257,2022-06-21,2.13,A,0.0,,134871.15
GR-2023-3258,PO-2023-3258,2022-04-07,2.84,B,0.0,,285231.45
GR-2023-3259,PO-2023-3259,2023-06-11,21.63,C,0.59,Dimensional deviation,1253090.54
GR-2023-3260,PO-2023-3260,2023-01-19,11.89,A,0.0,,719860.05
GR-2023-3261,PO-2023-3261,2023-02-05,9.73,A,0.0,,696652.29
GR-2023-3262,PO-2023-3262,2023-12-27,21.19,B,0.0,,1285756.97
GR-2023-3263,PO-2023-3263,2022-05-11,31.02,B,0.0,,3535318.21
GR-2023-3264,PO-2023-3264,2022-11-30,46.02,A,0.0,,3514088.43
GR-2023-3265,PO-2023-3265,2022-06-01,37.73,B,0.0,,4195036.38
GR-2023-3266,PO-2023-3266,2022-04-07,39.47,A,0.0,,4121888.4
GR-2023-3267,PO-2023-3267,2021-09-23,37.53,B,0.0,,2394686.86
GR-2023-3268,PO-2023-3268,2022-06-23,14.92,A,0.0,,1319141.28
GR-2023-3269,PO-2023-3269,2023-05-06,26.65,A,0.0,,2561932.37
GR-2023-3270,PO-2023-3270,2021-12-27,3.32,A,0.0,,232511.09
GR-2023-3271,PO-2023-3271,2021-10-02,49.39,B,0.0,,4704529.41
GR-2023-3272,PO-2023-3272,2023-12-10,13.1,B,0.0,,697102.93
GR-2023-3273,PO-2023-3273,2023-07-14,34.55,B,0.0,,1870278.95
GR-2023-3274,PO-2023-3274,2021-04-08,15.76,B,0.0,,1716910.34
GR-2023-3275,PO-2023-3275,2022-02-14,18.5,B,0.64,Dimensional deviation,1603005.69
GR-2023-3276,PO-2023-3276,2021-10-06,12.9,B,0.0,,625873.66
GR-2023-3277,PO-2023-3277,2023-06-20,46.46,A,0.0,,2611103.87
GR-2023-3278,PO-2023-3278,2022-04-13,7.87,A,0.0,,795357.19
GR-2023-3279,PO-2023-3279,2021-08-17,10.9,B,0.0,,1207613.88
GR-2023-3280,PO-2023-3280,2023-03-26,35.4,B,0.0,,2650563.55
GR-2023-3281,PO-2023-3281,2022-12-08,27.95,A,0.0,,2179739.03
GR-2023-3282,PO-2023-3282,2021-06-18,13.77,A,0.0,,993393.26
GR-2023-3283,PO-2023-3283,2022-01-30,20.27,A,0.0,,1258417.31
GR-2023-3284,PO-2023-3284,2022-04-08,44.15,A,0.0,,2983738.74
GR-2023-3285,PO-2023-3285,2022-02-01,46.33,B,0.0,,4697373.87
GR-2023-3286,PO-2023-3286,2022-06-05,23.39,A,0.0,,1375535.53
GR-2023-3287,PO-2023-3287,2022-03-18,15.76,B,0.0,,1493203.74
GR-2023-3288,PO-2023-3288,2023-05-08,39.04,A,0.0,,3360097.3
GR-2023-3289,PO-2023-3289,2021-03-26,28.83,B,0.0,,1907335.7
GR-2023-3290,PO-2023-3290,2021-04-26,32.58,A,0.0,,3854834.87
GR-2023-3291,PO-2023-3291,2022-08-17,13.79,B,0.0,,1662467.84
GR-2023-3292,PO-2023-3292,2022-03-19,8.52,A,0.0,,733082.15
GR-2023-3293,PO-2023-3293,2023-01-29,8.93,A,0.0,,777166.18
GR-2023-3294,PO-2023-3294,2023-05-31,9.82,B,0.0,,1001540.34
GR-2023-3295,PO-2023-3295,2021-12-06,7.49,A,0.0,,901416.2
GR-2023-3296,PO-2023-3296,2022-05-06,1.79,B,0.0,,125575.52
GR-2023-3297,PO-2023-3297,2021-08-16,43.66,B,0.0,,2738704.45
GR-2023-3298,PO-2023-3298,2022-02-24,23.91,B,0.0,,1199393.49
GR-2023-3299,PO-2023-3299,2021-09-22,18.73,B,0.0,,2005813.49
GR-2023-3300,PO-2023-3300,2023-06-04,30.68,B,0.0,,2193406.42
GR-2023-3301,PO-2023-3301,2022-05-30,14.53,A,0.0,,1063818.89
GR-2023-3302,PO-2023-3302,2021-06-20,35.42,B,1.51,Dimensional deviation,3336587.11
GR-2023-3303,PO-2023-3303,2023-10-14,2.4,A,0.0,,158059.86
GR-2023-3304,PO-2023-3304,2021-10-19,26.42,C,1.18,Dimensional deviation,2267904.25
GR-2023-3305,PO-2023-3305,2021-02-16,35.89,A,0.0,,4225411.59
GR-2023-3306,PO-2023-3306,2021-10-17,42.77,B,1.1,Dimensional deviation,2268668.37
GR-2023-3307,PO-2023-3307,2023-05-05,23.5,A,0.0,,2443077.51
GR-2023-3308,PO-2023-3308,2023-09-15,41.19,A,0.0,,3149742.48
GR-2023-3309,PO-2023-3309,2022-01-18,19.9,B,0.0,,1853219.15
GR-2023-3310,PO-2023-3310,2023-06-27,31.77,B,0.0,,2242065.2
GR-2023-3311,PO-2023-3311,2022-01-16,30.11,A,0.0,,3191762.84
GR-2023-3312,PO-2023-3312,2022-12-11,38.04,B,0.0,,2522899.94
GR-2023-3313,PO-2023-3313,2023-11-15,24.64,A,0.0,,2281673.58
GR-2023-3314,PO-2023-3314,2021-06-14,7.04,B,0.26,Dimensional deviation,394326.76
GR-2023-3315,PO-2023-3315,2021-09-18,48.02,A,0.0,,2326957.56
GR-2023-3316,PO-2023-3316,2022-12-17,33.5,A,0.0,,3780436.75
GR-2023-3317,PO-2023-3317,2023-08-04,15.2,A,0.0,,728917.43
GR-2023-3318,PO-2023-3318,2022-04-20,6.02,B,0.0,,715482.01
GR-2023-3319,PO-2023-3319,2022-06-17,30.03,A,0.0,,3035285.83
GR-2023-3320,PO-2023-3320,2021-08-23,9.41,B,0.0,,526523.45
GR-2023-3321,PO-2023-3321,2023-03-14,11.69,A,0.0,,933147.07
GR-2023-3322,PO-2023-3322,2021-02-21,8.31,B,0.0,,445438.59
GR-2023-3323,PO-2023-3323,2023-02-17,29.72,A,0.0,,2799871.95
GR-2023-3324,PO-2023-3324,2022-02-11,40.72,B,0.0,,2467848.52
GR-2023-3325,PO-2023-3325,2022-09-02,43.82,A,0.0,,4728445.49
GR-2023-3326,PO-2023-3326,2023-11-05,25.82,A,0.0,,2294135.14
GR-2023-3327,PO-2023-3327,2021-02-03,2.01,B,0.0,,116080.84
GR-2023-3328,PO-2023-3328,2023-02-21,4.5,B,0.0,,461054.92
GR-2023-3329,PO-2023-3329,2022-02-01,13.6,A,0.0,,1329007.11
GR-2023-3330,PO-2023-3330,2023-04-10,8.78,A,0.0,,979680.71
GR-2023-3331,PO-2023-3331,2022-10-24,14.04,A,0.0,,1115228.48
GR-2023-3332,PO-2023-3332,2023-09-06,8.78,A,0.0,,635613.24
GR-2023-3333,PO-2023-3333,2021-02-10,44.34,A,0.0,,3161846.78
GR-2023-3334,PO-2023-3334,2021-10-23,32.86,A,0.0,,2906841.69
GR-2023-3335,PO-2023-3335,2021-11-28,4.31,C,0.19,Dimensional deviation,534945.24
GR-2023-3336,PO-2023-3336,2023-05-07,8.37,B,0.0,,580244.99
GR-2023-3337,PO-2023-3337,2023-04-21,12.95,A,0.0,,1233811.85
GR-2023-3338,PO-2023-3338,2021-11-28,41.13,A,0.0,,4117957.62
GR-2023-3339,PO-2023-3339,2022-01-18,18.77,C,0.16,Dimensional deviation,1420288.02
GR-2023-3340,PO-2023-3340,2023-12-06,17.47,A,0.0,,1051165.48
GR-2023-3341,PO-2023-3341,2021-08-15,38.25,B,0.0,,1837283.67
GR-2023-3342,PO-2023-3342,2024-01-05,4.14,A,0.0,,386686.5
GR-2023-3343,PO-2023-3343,2021-11-17,38.96,B,0.0,,2866761.83
GR-2023-3344,PO-2023-3344,2023-11-27,27.17,A,0.0,,3018091.1
GR-2023-3345,PO-2023-3345,2023-05-21,15.57,A,0.0,,711870.28
GR-2023-3346,PO-2023-3346,2021-08-22,13.75,B,0.0,,1181301.54
GR-2023-3347,PO-2023-3347,2022-10-01,41.75,B,0.0,,4014126.48
GR-2023-3348,PO-2023-3348,2023-03-23,44.34,C,1.77,Dimensional deviation,3927018.86
GR-2023-3349,PO-2023-3349,2023-12-27,41.46,B,0.0,,3510285.88
GR-2023-3350,PO-2023-3350,2023-03-14,46.94,A,0.0,,3547999.5
GR-2023-3351,PO-2023-3351,2021-09-05,11.59,B,0.0,,1101505.63
GR-2023-3352,PO-2023-3352,2021-10-20,9.68,B,0.0,,581296.44
GR-2023-3353,PO-2023-3353,2022-10-01,14.8,A,0.0,,1356839.45
GR-2023-3354,PO-2023-3354,2022-04-05,36.73,A,0.0,,4255476.63
GR-2023-3355,PO-2023-3355,2021-09-03,43.02,A,0.0,,3396197.83
GR-2023-3356,PO-2023-3356,2023-04-28,5.69,A,0.0,,326989.73
GR-2023-3357,PO-2023-3357,2022-02-23,1.98,A,0.0,,121672.01
GR-2023-3358,PO-2023-3358,2023-05-30,37.14,A,0.0,,3746848.47
GR-2023-3359,PO-2023-3359,2021-01-12,17.99,B,0.0,,1077946.65
GR-2023-3360,PO-2023-3360,2022-11-24,20.25,B,0.0,,2254745.97
GR-2023-3361,PO-2023-3361,2022-11-04,38.7,C,1.58,Dimensional deviation,2760350.99
GR-2023-3362,PO-2023-3362,2022-05-07,27.92,B,0.0,,1605575.27
GR-2023-3363,PO-2023-3363,2021-12-27,22.98,B,0.0,,1964623.58
GR-2023-3364,PO-2023-3364,2021-12-10,46.65,A,0.0,,5110298.74
GR-2023-3365,PO-2023-3365,2022-03-07,33.82,A,0.0,,3779936.13
GR-2023-3366,PO-2023-3366,2022-03-26,44.68,B,0.0,,2311780.59
GR-2023-3367,PO-2023-3367,2021-09-01,20.37,A,0.0,,1082503.37
GR-2023-3368,PO-2023-3368,2022-10-02,48.32,B,0.0,,2883822.19
GR-2023-3369,PO-2023-3369,2023-11-09,44.72,B,0.0,,4454401.62
GR-2023-3370,PO-2023-3370,2021-08-08,18.07,A,0.0,,1069308.67
GR-2023-3371,PO-2023-3371,2021-05-25,16.81,A,0.0,,1953896.36
GR-2023-3372,PO-2023-3372,2021-02-16,25.07,A,0.0,,1311411.91
GR-2023-3373,PO-2023-3373,2023-05-29,1.3,B,0.0,,147262.41
GR-2023-3374,PO-2023-3374,2023-12-13,13.1,B,0.0,,664259.43
GR-2023-3375,PO-2023-3375,2023-08-29,6.69,A,0.0,,765183.35
GR-2023-3376,PO-2023-3376,2021-08-23,29.39,A,0.0,,2498796.55
GR-2023-3377,PO-2023-3377,2022-09-22,9.7,A,0.0,,930837.67
GR-2023-3378,PO-2023-3378,2021-11-14,19.03,A,0.0,,2220501.05
GR-2023-3379,PO-2023-3379,2024-01-04,30.94,A,0.0,,2215675.56
GR-2023-3380,PO-2023-3380,2021-10-26,10.91,A,0.0,,1003812.7
GR-2023-3381,PO-2023-3381,2021-12-08,11.89,A,0.0,,782272.69
GR-2023-3382,PO-2023-3382,2021-02-02,44.2,B,0.0,,3930712.22
GR-2023-3383,PO-2023-3383,2021-03-01,31.6,B,0.0,,1768043.37
GR-2023-3384,PO-2023-3384,2023-05-06,4.06,A,0.0,,317589.08
GR-2023-3385,PO-2023-3385,2023-04-06,28.52,A,0.0,,2470252.36
GR-2023-3386,PO-2023-3386,2023-08-07,13.38,A,0.0,,963128.67
GR-2023-3387,PO-2023-3387,2022-08-23,4.66,B,0.0,,390111.48
GR-2023-3388,PO-2023-3388,2023-11-11,21.12,B,0.0,,1335834.27
GR-2023-3389,PO-2023-3389,2023-12-17,20.39,A,0.0,,1819253.02
GR-2023-3390,PO-2023-3390,2024-01-02,15.28,A,0.0,,1364290.41
GR-2023-3391,PO-2023-3391,2022-07-16,1.42,B,0.0,,139096.88
GR-2023-3392,PO-2023-3392,2023-11-25,16.91,B,0.0,,983477.38
GR-2023-3393,PO-2023-3393,2021-12-11,47.99,A,0.0,,2305497.45
GR-2023-3394,PO-2023-3394,2022-08-30,41.77,A,0.0,,2463060.96
GR-2023-3395,PO-2023-3395,2022-06-13,6.08,A,0.0,,376424.64
GR-2023-3396,PO-2023-3396,2022-02-11,23.85,B,0.6,Dimensional deviation,2434606.2
GR-2023-3397,PO-2023-3397,2022-05-07,41.77,A,0.0,,4215943.17
GR-2023-3398,PO-2023-3398,2022-12-25,1.69,A,0.0,,195639.53
GR-2023-3399,PO-2023-3399,2023-02-07,1.03,A,0.0,,49897.65
GR-2023-3400,PO-2023-3400,2023-03-26,29.73,A,0.0,,3308441.46
GR-2023-3401,PO-2023-3401,2023-01-10,45.41,A,0.0,,5307893.04
GR-2023-3402,PO-2023-3402,2022-09-04,13.67,A,0.0,,1205245.86
GR-2023-3403,PO-2023-3403,2022-09-08,28.77,B,0.0,,2390001.68
GR-2023-3404,PO-2023-3404,2021-02-22,23.94,B,0.0,,1835892.44
GR-2023-3405,PO-2023-3405,2021-03-21,31.74,A,0.0,,1924883.57
GR-2023-3406,PO-2023-3406,2021-09-19,14.23,A,0.0,,960559.31
GR-2023-3407,PO-2023-3407,2021-10-09,23.67,B,0.77,Dimensional deviation,2438646.7
GR-2023-3408,PO-2023-3408,2023-04-07,15.64,A,0.0,,753890.12
GR-2023-3409,PO-2023-3409,2021-09-28,45.55,A,0.0,,4142583.98
GR-2023-3410,PO-2023-3410,2023-09-12,46.58,A,0.0,,4790808.61
GR-2023-3411,PO-2023-3411,2022-01-19,17.12,B,0.0,,1055606.24
GR-2023-3412,PO-2023-3412,2022-09-07,13.57,A,0.0,,930212.61
GR-2023-3413,PO-2023-3413,2022-09-30,18.69,B,0.79,Dimensional deviation,1235490.22
GR-2023-3414,PO-2023-3414,2022-11-13,42.21,B,0.0,,4525557.59
GR-2023-3415,PO-2023-3415,2022-04-15,24.94,A,0.0,,1276907.62
GR-2023-3416,PO-2023-3416,2022-08-24,11.58,A,0.0,,671787.01
GR-2023-3417,PO-2023-3417,2021-05-03,20.29,A,0.0,,1917819.89
GR-2023-3418,PO-2023-3418,2021-06-05,46.22,A,0.0,,4299710.84
GR-2023-3419,PO-2023-3419,2023-08-23,21.68,B,0.0,,1426859.62
GR-2023-3420,PO-2023-3420,2022-06-03,16.71,A,0.0,,1599940.26
GR-2023-3421,PO-2023-3421,2022-11-12,29.57,B,0.0,,2012423.81
GR-2023-3422,PO-2023-3422,2022-12-22,5.94,A,0.0,,320435.03
GR-2023-3423,PO-2023-3423,2022-11-09,30.98,B,0.0,,2448281.11
GR-2023-3424,PO-2023-3424,2022-11-29,42.46,A,0.0,,2073997.55
GR-2023-3425,PO-2023-3425,2021-07-17,23.15,A,0.0,,1515746.08
GR-2023-3426,PO-2023-3426,2023-02-01,38.7,A,0.0,,2615274.39
GR-2023-3427,PO-2023-3427,2022-09-12,6.82,B,0.0,,605638.02
GR-2023-3428,PO-2023-3428,2023-08-07,15.03,A,0.0,,1709232.33
GR-2023-3429,PO-2023-3429,2021-03-24,24.91,A,0.0,,2120886.59
GR-2023-3430,PO-2023-3430,2022-02-19,11.66,B,0.0,,597923.42
GR-2023-3431,PO-2023-3431,2021-06-02,41.16,A,0.0,,3485423.56
GR-2023-3432,PO-2023-3432,2022-01-17,26.13,A,0.0,,2168367.11
GR-2023-3433,PO-2023-3433,2021-05-26,24.43,A,0.0,,1977325.66
GR-2023-3434,PO-2023-3434,2022-08-14,16.32,B,0.0,,818967.34
GR-2023-3435,PO-2023-3435,2021-09-15,20.98,B,0.0,,2257125.92
GR-2023-3436,PO-2023-3436,2022-11-08,40.66,A,0.0,,4235801.74
GR-2023-3437,PO-2023-3437,2021-08-05,18.45,B,0.0,,1779856.53
GR-2023-3438,PO-2023-3438,2022-09-02,25.17,B,0.0,,2536585.46
GR-2023-3439,PO-2023-3439,2023-02-25,29.61,A,0.0,,1489450.23
GR-2023-3440,PO-2023-3440,2022-04-13,7.64,A,0.0,,694753.74
GR-2023-3441,PO-2023-3441,2023-02-22,48.14,B,0.0,,3432309.81
GR-2023-3442,PO-2023-3442,2021-03-14,3.29,B,0.15,Dimensional deviation,313336.93
GR-2023-3443,PO-2023-3443,2023-09-26,27.01,A,0.0,,1690630.27
GR-2023-3444,PO-2023-3444,2022-12-09,35.29,A,0.0,,3036910.72
GR-2023-3445,PO-2023-3445,2023-12-19,9.11,B,0.25,Dimensional deviation,651886.33
GR-2023-3446,PO-2023-3446,2023-12-03,31.08,A,0.0,,3617802.79
GR-2023-3447,PO-2023-3447,2023-08-06,9.35,A,0.0,,1060608.74
GR-2023-3448,PO-2023-3448,2023-10-15,37.8,B,0.0,,2068113.18
GR-2023-3449,PO-2023-3449,2021-08-28,8.0,A,0.0,,627006.89
GR-2023-3450,PO-2023-3450,2023-08-19,15.6,A,0.0,,1339456.02
GR-2023-3451,PO-2023-3451,2023-07-27,1.71,A,0.0,,119037.31
GR-2023-3452,PO-2023-3452,2024-01-06,46.29,A,0.0,,4904589.68
GR-2023-3453,PO-2023-3453,2022-07-13,25.25,A,0.0,,2798838.62
GR-2023-3454,PO-2023-3454,2023-03-28,5.03,A,0.0,,504256.93
GR-2023-3455,PO-2023-3455,2021-03-14,25.42,A,0.0,,2599868.05
GR-2023-3456,PO-2023-3456,2021-09-04,30.75,A,0.0,,3672805.44
GR-2023-3457,PO-2023-3457,2021-06-16,29.1,A,0.0,,3263220.68
GR-2023-3458,PO-2023-3458,2021-12-19,23.87,A,0.0,,1161192.72
GR-2023-3459,PO-2023-3459,2021-11-16,29.54,A,0.0,,1826955.17
GR-2023-3460,PO-2023-3460,2023-02-10,37.39,A,0.0,,3200214.06
GR-2023-3461,PO-2023-3461,2023-08-13,10.46,B,0.0,,1008480.95
GR-2023-3462,PO-2023-3462,2021-09-14,39.2,A,0.0,,2018046.46
GR-2023-3463,PO-2023-3463,2024-01-06,15.97,A,0.0,,1501190.35
GR-2023-3464,PO-2023-3464,2022-12-21,36.37,A,0.0,,1755785.2
GR-2023-3465,PO-2023-3465,2024-01-07,39.97,A,0.0,,4375489.11
GR-2023-3466,PO-2023-3466,2021-09-21,16.6,B,0.5,Dimensional deviation,1968501.03
GR-2023-3467,PO-2023-3467,2022-03-28,20.52,A,0.0,,2328684.03
GR-2023-3468,PO-2023-3468,2024-01-04,19.53,B,0.0,,1471520.61
GR-2023-3469,PO-2023-3469,2021-06-25,25.9,A,0.0,,2336489.48
GR-2023-3470,PO-2023-3470,2022-06-02,12.79,A,0.0,,1175418.79
GR-2023-3471,PO-2023-3471,2021-02-01,16.65,B,0.0,,1853690.9
GR-2023-3472,PO-2023-3472,2023-06-17,31.87,B,0.0,,2141226.04
GR-2023-3473,PO-2023-3473,2022-05-27,43.14,A,0.0,,4600002.1
GR-2023-3474,PO-2023-3474,2023-10-08,17.55,B,0.81,Dimensional deviation,2072865.73
GR-2023-3475,PO-2023-3475,2023-02-28,19.49,B,0.61,Dimensional deviation,2019932.03
GR-2023-3476,PO-2023-3476,2021-10-07,23.98,A,0.0,,1413528.55
GR-2023-3477,PO-2023-3477,2021-11-30,21.05,B,0.0,,1491065.55
GR-2023-3478,PO-2023-3478,2022-09-11,4.85,B,0.02,Dimensional deviation,552115.74
GR-2023-3479,PO-2023-3479,2021-06-06,2.69,B,0.0,,143259.35
GR-2023-3480,PO-2023-3480,2023-08-18,17.29,B,0.0,,1921211.08
GR-2023-3481,PO-2023-3481,2022-09-10,3.09,B,0.0,,226293.4
GR-2023-3482,PO-2023-3482,2021-03-27,27.65,B,0.0,,1533244.23
GR-2023-3483,PO-2023-3483,2021-01-24,24.64,A,0.0,,1506292.63
GR-2023-3484,PO-2023-3484,2023-11-19,31.98,A,0.0,,3068224.06
GR-2023-3485,PO-2023-3485,2021-09-01,29.8,A,0.0,,3138101.29
GR-2023-3486,PO-2023-3486,2023-05-13,24.05,B,1.11,Dimensional deviation,1695363.29
GR-2023-3487,PO-2023-3487,2021-01-23,24.54,B,0.36,Dimensional deviation,2741843.5
GR-2023-3488,PO-2023-3488,2023-11-17,43.43,A,0.0,,4438026.27
GR-2023-3489,PO-2023-3489,2021-08-26,27.19,A,0.0,,3060897.54
GR-2023-3490,PO-2023-3490,2023-10-19,14.0,A,0.0,,838165.53
GR-2023-3491,PO-2023-3491,2023-05-31,37.78,A,0.0,,4114511.93
GR-2023-3492,PO-2023-3492,2021-03-31,47.21,B,0.0,,4233645.2
GR-2023-3493,PO-2023-3493,2023-12-20,24.95,A,0.0,,2168709.33
GR-2023-3494,PO-2023-3494,2023-01-14,36.78,A,0.0,,2252766.12
GR-2023-3495,PO-2023-3495,2023-09-14,41.39,A,0.0,,2168277.25
GR-2023-3496,PO-2023-3496,2021-01-30,47.16,A,0.0,,3356990.28
GR-2023-3497,PO-2023-3497,2023-05-18,27.58,B,0.0,,2068978.1
GR-2023-3498,PO-2023-3498,2022-07-01,46.13,A,0.0,,2317502.82
GR-2023-3499,PO-2023-3499,2022-05-02,36.29,B,0.0,,2615888.14
GR-2023-3500,PO-2023-3500,2021-10-08,37.93,A,0.0,,1905907.67
GR-2023-3501,PO-2023-3501,2023-10-20,28.65,A,0.0,,1634385.53
GR-2023-3502,PO-2023-3502,2022-05-14,31.18,A,0.0,,3100781.93
GR-2023-3503,PO-2023-3503,2021-08-03,37.5,A,0.0,,3241484.71
GR-2023-3504,PO-2023-3504,2021-03-14,37.35,A,0.0,,4449710.68
GR-2023-3505,PO-2023-3505,2023-04-24,9.63,A,0.0,,493338.6
GR-2023-3506,PO-2023-3506,2022-09-21,15.08,A,0.0,,985467.96
GR-2023-3507,PO-2023-3507,2022-03-31,5.66,B,0.23,Dimensional deviation,519900.25
GR-2023-3508,PO-2023-3508,2021-04-26,15.25,C,0.5,Dimensional deviation,1402414.49
GR-2023-3509,PO-2023-3509,2023-03-03,24.13,A,0.0,,1363930.31
GR-2023-3510,PO-2023-3510,2023-07-14,46.64,A,0.0,,2636449.69
GR-2023-3511,PO-2023-3511,2021-03-23,20.1,B,0.0,,2120712.45
GR-2023-3512,PO-2023-3512,2021-10-19,10.53,A,0.0,,1242463.21
GR-2023-3513,PO-2023-3513,2021-03-11,23.76,A,0.0,,2148966.26
GR-2023-3514,PO-2023-3514,2021-05-20,12.8,B,0.0,,905298.86
GR-2023-3515,PO-2023-3515,2021-02-04,11.5,A,0.0,,922690.68
GR-2023-3516,PO-2023-3516,2021-03-24,8.83,B,0.0,,470703.0
GR-2023-3517,PO-2023-3517,2023-03-08,23.54,B,0.51,Dimensional deviation,1273099.12
GR-2023-3518,PO-2023-3518,2023-10-23,6.84,A,0.0,,724600.71
GR-2023-3519,PO-2023-3519,2022-10-16,39.69,A,0.0,,4775996.18
GR-2023-3520,PO-2023-3520,2021-12-17,41.77,A,0.0,,3313089.53
GR-2023-3521,PO-2023-3521,2022-05-25,48.77,B,0.0,,2746824.97
GR-2023-3522,PO-2023-3522,2022-09-30,9.76,B,0.48,Dimensional deviation,580495.3
GR-2023-3523,PO-2023-3523,2023-04-07,17.65,B,0.0,,1085756.6
GR-2023-3524,PO-2023-3524,2022-07-21,47.73,B,0.0,,5422655.12
GR-2023-3525,PO-2023-3525,2021-02-17,37.32,A,0.0,,2930324.88
GR-2023-3526,PO-2023-3526,2022-01-18,11.13,A,0.0,,657410.54
GR-2023-3527,PO-2023-3527,2023-01-04,12.01,B,0.0,,658042.91
GR-2023-3528,PO-2023-3528,2021-06-24,36.27,A,0.0,,1698661.59
GR-2023-3529,PO-2023-3529,2021-10-14,41.19,A,0.0,,2987326.41
GR-2023-3530,PO-2023-3530,2023-01-04,2.81,A,0.0,,149270.07
GR-2023-3531,PO-2023-3531,2021-08-23,29.28,A,0.0,,3188444.64
GR-2023-3532,PO-2023-3532,2023-06-11,36.57,A,0.0,,3879906.86
GR-2023-3533,PO-2023-3533,2022-06-20,21.78,A,0.0,,2436706.1
GR-2023-3534,PO-2023-3534,2023-05-16,23.72,A,0.0,,2844847.53
GR-2023-3535,PO-2023-3535,2023-11-04,16.29,A,0.0,,1049260.73
GR-2023-3536,PO-2023-3536,2022-04-24,48.82,A,0.0,,5775527.8
GR-2023-3537,PO-2023-3537,2021-03-14,31.07,A,0.0,,2746256.22
GR-2023-3538,PO-2023-3538,2023-07-02,3.47,A,0.0,,304825.79
GR-2023-3539,PO-2023-3539,2023-12-27,30.51,A,0.0,,3072139.06
GR-2023-3540,PO-2023-3540,2022-02-20,14.64,B,0.0,,954830.74
GR-2023-3541,PO-2023-3541,2022-07-23,25.61,A,0.0,,1382534.84
GR-2023-3542,PO-2023-3542,2024-01-03,14.38,A,0.0,,852853.4
GR-2023-3543,PO-2023-3543,2021-02-04,49.56,A,0.0,,2991387.24
GR-2023-3544,PO-2023-3544,2023-10-10,18.49,A,0.0,,1295750.59
GR-2023-3545,PO-2023-3545,2022-04-03,2.0,A,0.0,,173142.97
GR-2023-3546,PO-2023-3546,2022-06-08,22.4,C,0.85,Dimensional deviation,2162060.87
GR-2023-3547,PO-2023-3547,2021-01-25,26.45,A,0.0,,2722212.79
GR-2023-3548,PO-2023-3548,2021-07-07,6.83,A,0.0,,717338.78
GR-2023-3549,PO-2023-3549,2021-07-22,41.15,A,0.0,,2283088.94
GR-2023-3550,PO-2023-3550,2022-03-01,46.94,A,0.0,,4176892.51
GR-2023-3551,PO-2023-3551,2021-04-12,27.5,A,0.0,,2754425.31
GR-2023-3552,PO-2023-3552,2021-06-23,49.9,A,0.0,,3706904.5
GR-2023-3553,PO-2023-3553,2021-04-23,14.54,B,0.0,,896320.02
GR-2023-3554,PO-2023-3554,2021-09-08,47.42,A,0.0,,2441579.36
GR-2023-3555,PO-2023-3555,2023-12-21,5.49,A,0.0,,499412.53
GR-2023-3556,PO-2023-3556,2023-02-14,25.5,A,0.0,,2605643.14
GR-2023-3557,PO-2023-3557,2022-10-10,10.24,A,0.0,,662241.13
GR-2023-3558,PO-2023-3558,2021-02-03,10.88,B,0.0,,1121111.4
GR-2023-3559,PO-2023-3559,2023-05-11,22.83,A,0.0,,1673206.16
GR-2023-3560,PO-2023-3560,2022-06-10,41.32,B,1.75,Dimensional deviation,3485282.38
GR-2023-3561,PO-2023-3561,2021-05-06,27.71,B,0.0,,1819392.23
GR-2023-3562,PO-2023-3562,2021-02-07,45.59,A,0.0,,4407416.47
GR-2023-3563,PO-2023-3563,2021-10-17,22.72,B,0.0,,2613653.22
GR-2023-3564,PO-2023-3564,2021-01-14,7.83,B,0.0,,670045.45
GR-2023-3565,PO-2023-3565,2021-06-06,34.43,B,0.0,,3921975.0
GR-2023-3566,PO-2023-3566,2022-04-19,20.97,B,0.0,,1206323.97
GR-2023-3567,PO-2023-3567,2022-12-21,1.4,A,0.0,,72670.33
GR-2023-3568,PO-2023-3568,2021-07-17,35.29,A,0.0,,1875449.14
GR-2023-3569,PO-2023-3569,2023-05-16,39.33,B,0.0,,4668155.41
GR-2023-3570,PO-2023-3570,2021-02-18,6.42,B,0.17,Dimensional deviation,325695.59
GR-2023-3571,PO-2023-3571,2021-12-26,13.89,B,0.0,,1055793.26
GR-2023-3572,PO-2023-3572,2021-06-28,12.78,B,0.0,,717493.75
GR-2023-3573,PO-2023-3573,2021-03-14,10.77,A,0.0,,1220560.49
GR-2023-3574,PO-2023-3574,2023-06-01,5.35,A,0.0,,254420.83
GR-2023-3575,PO-2023-3575,2024-01-11,25.22,A,0.0,,1960202.96
GR-2023-3576,PO-2023-3576,2022-11-04,16.24,A,0.0,,1619314.94
GR-2023-3577,PO-2023-3577,2022-01-14,21.4,B,0.0,,1322097.66
GR-2023-3578,PO-2023-3578,2022-09-14,6.21,B,0.0,,322552.75
GR-2023-3579,PO-2023-3579,2021-01-24,36.17,B,0.0,,3801257.81
GR-2023-3580,PO-2023-3580,2022-10-05,13.66,A,0.0,,976551.92
GR-2023-3581,PO-2023-3581,2021-06-29,27.2,A,0.0,,1556891.01
GR-2023-3582,PO-2023-3582,2021-08-09,33.64,B,0.0,,1982072.16
GR-2023-3583,PO-2023-3583,2021-01-19,42.27,A,0.0,,4157156.16
GR-2023-3584,PO-2023-3584,2022-12-25,42.58,A,0.0,,2821357.67
GR-2023-3585,PO-2023-3585,2023-07-05,22.65,A,0.0,,2474912.51
GR-2023-3586,PO-2023-3586,2022-09-07,41.3,A,0.0,,3944342.14
GR-2023-3587,PO-2023-3587,2021-05-09,1.73,B,0.0,,132167.91
GR-2023-3588,PO-2023-3588,2023-11-19,28.6,A,0.0,,3432230.41
GR-2023-3589,PO-2023-3589,2021-09-25,43.24,A,0.0,,4588714.81
GR-2023-3590,PO-2023-3590,2021-05-04,43.98,A,0.0,,4473962.55
GR-2023-3591,PO-2023-3591,2021-11-20,5.24,B,0.0,,548603.48
GR-2023-3592,PO-2023-3592,2022-06-09,18.42,A,0.0,,1629198.28
GR-2023-3593,PO-2023-3593,2021-02-12,39.85,B,0.0,,3751757.24
GR-2023-3594,PO-2023-3594,2021-09-16,38.54,A,0.0,,3348083.16
GR-2023-3595,PO-2023-3595,2024-01-02,13.16,A,0.0,,1442602.79
GR-2023-3596,PO-2023-3596,2022-05-04,17.42,B,0.0,,1560291.83
GR-2023-3597,PO-2023-3597,2023-10-31,36.3,A,0.0,,3086851.14
GR-2023-3598,PO-2023-3598,2023-05-16,20.72,A,0.0,,2292725.42
GR-2023-3599,PO-2023-3599,2022-12-18,49.27,A,0.0,,2911608.51
GR-2023-3600,PO-2023-3600,2023-02-16,33.12,A,0.0,,2186647.33
GR-2023-3601,PO-2023-3601,2022-01-25,6.8,B,0.0,,510738.75
GR-2023-3602,PO-2023-3602,2023-12-26,41.08,A,0.0,,2605433.37
GR-2023-3603,PO-2023-3603,2021-08-02,3.56,A,0.0,,177288.78
GR-2023-3604,PO-2023-3604,2021-05-23,29.88,B,0.0,,2601290.27
GR-2023-3605,PO-2023-3605,2021-04-17,40.24,A,0.0,,1924337.74
GR-2023-3606,PO-2023-3606,2022-03-22,40.79,A,0.0,,2575700.34
GR-2023-3607,PO-2023-3607,2023-10-20,38.33,A,0.0,,3319691.92
GR-2023-3608,PO-2023-3608,2021-08-19,38.03,A,0.0,,4419917.49
GR-2023-3609,PO-2023-3609,2021-04-29,5.8,A,0.0,,545694.18
GR-2023-3610,PO-2023-3610,2023-08-29,43.42,A,0.0,,4963125.54
GR-2023-3611,PO-2023-3611,2021-09-15,47.59,B,0.0,,3383086.36
GR-2023-3612,PO-2023-3612,2024-01-05,2.09,B,0.0,,240955.25
GR-2023-3613,PO-2023-3613,2024-01-03,37.37,B,0.0,,3013278.99
GR-2023-3614,PO-2023-3614,2023-08-22,23.83,A,0.0,,2773774.4
GR-2023-3615,PO-2023-3615,2023-06-05,34.65,A,0.0,,1856954.43
GR-2023-3616,PO-2023-3616,2023-09-07,44.63,A,0.0,,4289245.37
GR-2023-3617,PO-2023-3617,2023-03-05,24.95,A,0.0,,1352773.38
GR-2023-3618,PO-2023-3618,2023-10-04,2.97,B,0.0,,330401.54
GR-2023-3619,PO-2023-3619,2021-08-19,39.96,A,0.0,,3451412.87
GR-2023-3620,PO-2023-3620,2023-01-27,43.32,A,0.0,,3589560.22
GR-2023-3621,PO-2023-3621,2021-12-23,10.47,A,0.0,,1078351.54
GR-2023-3622,PO-2023-3622,2023-04-09,47.45,B,0.98,Dimensional deviation,2731843.33
GR-2023-3623,PO-2023-3623,2021-03-29,27.86,A,0.0,,3040693.97
GR-2023-3624,PO-2023-3624,2023-04-10,19.91,B,0.0,,1568417.18
GR-2023-3625,PO-2023-3625,2023-01-14,31.08,A,0.0,,1690201.8
GR-2023-3626,PO-2023-3626,2023-01-29,16.66,A,0.0,,1680102.28
GR-2023-3627,PO-2023-3627,2022-09-06,4.54,B,0.0,,369477.19
GR-2023-3628,PO-2023-3628,2022-04-06,3.27,B,0.0,,377934.4
GR-2023-3629,PO-2023-3629,2023-12-24,14.8,B,0.0,,902406.1
GR-2023-3630,PO-2023-3630,2021-08-30,15.01,A,0.0,,1652469.83
GR-2023-3631,PO-2023-3631,2021-05-30,1.49,A,0.0,,170198.4
GR-2023-3632,PO-2023-3632,2023-05-29,16.35,A,0.0,,1025433.58
GR-2023-3633,PO-2023-3633,2021-08-13,19.31,A,0.0,,1928074.69
GR-2023-3634,PO-2023-3634,2023-03-27,35.12,B,0.23,Dimensional deviation,2368337.09
GR-2023-3635,PO-2023-3635,2022-11-17,27.75,A,0.0,,1453691.52
GR-2023-3636,PO-2023-3636,2021-02-21,45.54,A,0.0,,3497378.97
GR-2023-3637,PO-2023-3637,2021-11-24,41.19,B,0.0,,3661403.4
GR-2023-3638,PO-2023-3638,2021-09-24,13.05,B,0.0,,919860.48
GR-2023-3639,PO-2023-3639,2021-08-26,38.37,A,0.0,,4376326.58
GR-2023-3640,PO-2023-3640,2022-11-19,12.47,B,0.0,,909900.58
GR-2023-3641,PO-2023-3641,2023-10-26,17.7,A,0.0,,1143049.55
GR-2023-3642,PO-2023-3642,2021-04-12,12.13,B,0.0,,894604.85
GR-2023-3643,PO-2023-3643,2022-09-11,36.74,C,0.89,Dimensional deviation,4293797.93
GR-2023-3644,PO-2023-3644,2022-08-03,23.83,B,0.0,,1144111.08
GR-2023-3645,PO-2023-3645,2023-07-06,23.51,B,0.0,,1168741.08
GR-2023-3646,PO-2023-3646,2023-08-21,19.65,A,0.0,,1284351.03
GR-2023-3647,PO-2023-3647,2023-09-18,33.22,A,0.0,,1664244.09
GR-2023-3648,PO-2023-3648,2023-10-11,48.59,A,0.0,,4149640.05
GR-2023-3649,PO-2023-3649,2022-01-28,41.0,A,0.0,,4456660.31
GR-2023-3650,PO-2023-3650,2022-11-04,19.67,A,0.0,,1130423.44
GR-2023-3651,PO-2023-3651,2022-11-19,34.46,A,0.0,,2600830.96
GR-2023-3652,PO-2023-3652,2023-07-19,25.08,B,0.27,Dimensional deviation,1846085.9
GR-2023-3653,PO-2023-3653,2023-07-22,13.16,A,0.0,,607844.46
GR-2023-3654,PO-2023-3654,2023-02-28,24.4,A,0.0,,1223205.95
GR-2023-3655,PO-2023-3655,2022-03-11,36.4,A,0.0,,4301126.96
GR-2023-3656,PO-2023-3656,2023-09-16,18.45,A,0.0,,1009185.48
GR-2023-3657,PO-2023-3657,2023-06-19,30.66,A,0.0,,2321850.01
GR-2023-3658,PO-2023-3658,2021-03-13,46.01,B,0.0,,3876281.31
GR-2023-3659,PO-2023-3659,2022-05-12,33.35,B,1.56,Dimensional deviation,3767869.7
GR-2023-3660,PO-2023-3660,2022-05-10,17.9,A,0.0,,844289.1
GR-2023-3661,PO-2023-3661,2021-11-02,29.23,A,0.0,,2950499.36
GR-2023-3662,PO-2023-3662,2023-07-24,38.89,A,0.0,,2677670.21
GR-2023-3663,PO-2023-3663,2022-11-05,3.81,B,0.0,,308417.45
GR-2023-3664,PO-2023-3664,2023-08-13,17.72,A,0.0,,1016961.86
GR-2023-3665,PO-2023-3665,2021-03-10,13.65,B,0.0,,1486985.54
GR-2023-3666,PO-2023-3666,2022-03-11,23.17,B,0.0,,1410117.26
GR-2023-3667,PO-2023-3667,2022-01-05,23.95,B,0.07,Dimensional deviation,1357125.56
GR-2023-3668,PO-2023-3668,2023-08-21,21.8,A,0.0,,1182115.05
GR-2023-3669,PO-2023-3669,2021-08-21,3.77,B,0.0,,254940.48
GR-2023-3670,PO-2023-3670,2023-02-13,14.02,A,0.0,,1222212.68
GR-2023-3671,PO-2023-3671,2022-05-06,9.15,C,0.19,Dimensional deviation,527378.54
GR-2023-3672,PO-2023-3672,2021-02-03,10.13,A,0.0,,1142972.33
GR-2023-3673,PO-2023-3673,2023-05-05,49.72,A,0.0,,5572545.06
GR-2023-3674,PO-2023-3674,2023-04-09,41.41,A,0.0,,2061411.41
GR-2023-3675,PO-2023-3675,2021-02-27,23.57,A,0.0,,2649939.49
GR-2023-3676,PO-2023-3676,2022-04-03,46.21,B,0.0,,3628660.9
GR-2023-3677,PO-2023-3677,2021-03-30,46.95,A,0.0,,3150188.05
GR-2023-3678,PO-2023-3678,2022-03-19,40.56,B,1.43,Dimensional deviation,2561987.33
GR-2023-3679,PO-2023-3679,2023-02-23,43.17,A,0.0,,3378469.35
GR-2023-3680,PO-2023-3680,2022-07-31,48.56,B,0.0,,5567447.29
GR-2023-3681,PO-2023-3681,2022-04-11,36.22,B,1.12,Dimensional deviation,2746315.21
GR-2023-3682,PO-2023-3682,2021-11-24,16.84,B,0.0,,1649253.9
GR-2023-3683,PO-2023-3683,2022-04-19,35.04,B,0.0,,4217757.97
GR-2023-3684,PO-2023-3684,2022-01-15,44.63,B,0.0,,2414745.08
GR-2023-3685,PO-2023-3685,2022-04-13,15.6,A,0.0,,1607771.44
GR-2023-3686,PO-2023-3686,2021-05-17,36.13,B,0.0,,2858496.7
GR-2023-3687,PO-2023-3687,2022-11-20,43.15,B,0.0,,3743388.46
GR-2023-3688,PO-2023-3688,2023-01-11,13.93,B,0.0,,1413329.39
GR-2023-3689,PO-2023-3689,2023-02-17,36.35,A,0.0,,3020125.22
GR-2023-3690,PO-2023-3690,2023-06-18,21.31,B,0.0,,1767591.04
GR-2023-3691,PO-2023-3691,2023-05-10,3.16,A,0.0,,145997.43
GR-2023-3692,PO-2023-3692,2021-08-08,9.11,A,0.0,,939235.42
GR-2023-3693,PO-2023-3693,2022-09-11,14.65,B,0.0,,1259290.79
GR-2023-3694,PO-2023-3694,2022-04-18,17.27,B,0.07,Dimensional deviation,1117514.31
GR-2023-3695,PO-2023-3695,2021-12-28,12.94,A,0.0,,650054.28
GR-2023-3696,PO-2023-3696,2023-02-20,42.76,A,0.0,,2117597.59
GR-2023-3697,PO-2023-3697,2022-04-15,17.01,B,0.0,,1690224.02
GR-2023-3698,PO-2023-3698,2022-04-15,40.7,A,0.0,,4314345.77
GR-2023-3699,PO-2023-3699,2022-03-09,10.41,B,0.0,,596803.54
GR-2023-3700,PO-2023-3700,2023-03-24,7.44,A,0.0,,792045.46
GR-2023-3701,PO-2023-3701,2022-12-20,7.14,B,0.0,,844421.35
GR-2023-3702,PO-2023-3702,2022-07-24,43.88,B,0.0,,2175281.12
GR-2023-3703,PO-2023-3703,2022-11-28,45.42,B,0.0,,4133206.03
GR-2023-3704,PO-2023-3704,2021-10-14,7.94,B,0.0,,939013.24
GR-2023-3705,PO-2023-3705,2022-02-18,23.44,B,0.0,,2096519.71
GR-2023-3706,PO-2023-3706,2021-12-02,19.78,A,0.0,,1775913.41
GR-2023-3707,PO-2023-3707,2021-07-14,17.65,B,0.0,,2111340.85
GR-2023-3708,PO-2023-3708,2021-10-06,22.24,C,0.07,Dimensional deviation,2324352.88
GR-2023-3709,PO-2023-3709,2023-09-24,36.35,A,0.0,,1987737.02
GR-2023-3710,PO-2023-3710,2022-07-30,8.39,A,0.0,,916509.44
GR-2023-3711,PO-2023-3711,2023-04-13,5.99,A,0.0,,682084.94
GR-2023-3712,PO-2023-3712,2021-02-28,22.84,A,0.0,,2355080.94
GR-2023-3713,PO-2023-3713,2021-01-18,44.99,A,0.0,,3104596.28
GR-2023-3714,PO-2023-3714,2022-07-18,9.13,A,0.0,,483890.79
GR-2023-3715,PO-2023-3715,2022-04-26,1.49,A,0.0,,77564.24
GR-2023-3716,PO-2023-3716,2021-10-19,15.57,A,0.0,,1489039.91
GR-2023-3717,PO-2023-3717,2023-12-01,45.49,B,0.0,,3656455.63
GR-2023-3718,PO-2023-3718,2022-06-27,19.26,A,0.0,,1945481.58
GR-2023-3719,PO-2023-3719,2021-11-18,27.57,A,0.0,,2719739.48
GR-2023-3720,PO-2023-3720,2022-10-28,36.92,B,0.0,,4361389.05
GR-2023-3721,PO-2023-3721,2023-09-30,22.11,A,0.0,,2049135.6
GR-2023-3722,PO-2023-3722,2022-02-25,37.77,B,0.0,,3399098.65
GR-2023-3723,PO-2023-3723,2023-06-03,18.44,A,0.0,,1692949.32
GR-2023-3724,PO-2023-3724,2021-12-18,35.88,B,0.0,,3426374.1
GR-2023-3725,PO-2023-3725,2022-08-05,17.27,A,0.0,,1435044.7
GR-2023-3726,PO-2023-3726,2023-01-13,10.36,B,0.0,,1045281.63
GR-2023-3727,PO-2023-3727,2022-10-22,7.57,A,0.0,,792507.0
GR-2023-3728,PO-2023-3728,2023-11-24,24.57,A,0.0,,2324694.18
GR-2023-3729,PO-2023-3729,2021-12-27,46.0,B,0.0,,5074420.26
GR-2023-3730,PO-2023-3730,2022-10-28,39.41,B,0.0,,2938178.27
GR-2023-3731,PO-2023-3731,2021-11-29,41.63,B,1.58,Dimensional deviation,2070279.21
GR-2023-3732,PO-2023-3732,2024-01-18,35.06,C,0.64,Dimensional deviation,3621376.56
GR-2023-3733,PO-2023-3733,2023-04-20,22.85,A,0.0,,1980232.72
GR-2023-3734,PO-2023-3734,2022-06-18,5.22,C,0.0,,655898.57
GR-2023-3735,PO-2023-3735,2021-12-04,5.26,B,0.0,,462336.41
GR-2023-3736,PO-2023-3736,2021-02-06,20.16,B,0.0,,2182642.01
GR-2023-3737,PO-2023-3737,2021-04-01,20.46,A,0.0,,1327689.88
GR-2023-3738,PO-2023-3738,2021-04-28,10.5,A,0.0,,526068.38
GR-2023-3739,PO-2023-3739,2021-04-09,31.03,A,0.0,,1516384.46
GR-2023-3740,PO-2023-3740,2021-07-05,19.11,A,0.0,,1151338.89
GR-2023-3741,PO-2023-3741,2022-01-05,15.54,B,0.0,,1244506.07
GR-2023-3742,PO-2023-3742,2022-04-05,34.93,B,0.0,,2680988.52
GR-2023-3743,PO-2023-3743,2023-12-30,24.59,B,0.0,,1185803.63
GR-2023-3744,PO-2023-3744,2022-08-05,45.87,A,0.0,,4677131.61
GR-2023-3745,PO-2023-3745,2023-09-11,20.04,A,0.0,,1237403.66
GR-2023-3746,PO-2023-3746,2023-01-02,28.82,A,0.0,,1804591.52
GR-2023-3747,PO-2023-3747,2022-03-01,5.37,B,0.0,,579735.02
GR-2023-3748,PO-2023-3748,2021-11-05,11.0,A,0.0,,1218264.57
GR-2023-3749,PO-2023-3749,2023-04-29,32.5,A,0.0,,3394375.4
GR-2023-3750,PO-2023-3750,2022-08-20,15.55,A,0.0,,1809500.85
GR-2023-3751,PO-2023-3751,2021-07-27,14.5,A,0.0,,1544314.51
GR-2023-3752,PO-2023-3752,2022-02-18,23.65,A,0.0,,2239801.85
GR-2023-3753,PO-2023-3753,2023-12-25,47.15,B,0.0,,5334635.29
GR-2023-3754,PO-2023-3754,2021-03-14,39.66,B,0.0,,3587019.79
GR-2023-3755,PO-2023-3755,2021-04-11,40.58,B,0.0,,3270861.67
GR-2023-3756,PO-2023-3756,2021-08-03,22.42,B,0.0,,2712214.78
GR-2023-3757,PO-2023-3757,2022-02-04,34.32,C,1.29,Dimensional deviation,1758913.6
GR-2023-3758,PO-2023-3758,2022-08-18,16.03,B,0.0,,1652995.07
GR-2023-3759,PO-2023-3759,2023-10-23,14.1,A,0.0,,1092161.51
GR-2023-3760,PO-2023-3760,2022-02-23,28.91,B,0.0,,2285500.42
GR-2023-3761,PO-2023-3761,2021-02-01,43.73,B,0.0,,4512444.02
GR-2023-3762,PO-2023-3762,2022-04-16,21.39,B,0.0,,1881358.02
GR-2023-3763,PO-2023-3763,2023-08-28,25.32,B,0.88,Dimensional deviation,2733327.56
GR-2023-3764,PO-2023-3764,2021-05-20,29.98,B,0.0,,1872843.9
GR-2023-3765,PO-2023-3765,2022-10-10,9.49,A,0.0,,708927.99
GR-2023-3766,PO-2023-3766,2022-05-14,41.77,B,0.0,,1989058.57
GR-2023-3767,PO-2023-3767,2022-03-31,4.77,B,0.0,,457906.18
GR-2023-3768,PO-2023-3768,2022-09-28,37.1,A,0.0,,2487112.2
GR-2023-3769,PO-2023-3769,2023-11-10,14.37,A,0.0,,1150319.86
GR-2023-3770,PO-2023-3770,2023-02-17,37.57,B,0.0,,4099166.2
GR-2023-3771,PO-2023-3771,2023-05-11,42.26,A,0.0,,2336738.65
GR-2023-3772,PO-2023-3772,2022-05-12,46.08,A,0.0,,5214491.18
GR-2023-3773,PO-2023-3773,2021-05-29,44.15,A,0.0,,2279374.92
GR-2023-3774,PO-2023-3774,2023-12-13,7.91,C,0.17,Dimensional deviation,697038.48
GR-2023-3775,PO-2023-3775,2021-12-13,38.72,A,0.0,,2661539.88
GR-2023-3776,PO-2023-3776,2023-08-01,15.07,A,0.0,,953881.31
GR-2023-3777,PO-2023-3777,2023-06-09,43.18,C,1.51,Dimensional deviation,2910426.8
GR-2023-3778,PO-2023-3778,2023-07-04,29.73,B,0.0,,1903340.14
GR-2023-3779,PO-2023-3779,2023-04-03,33.56,A,0.0,,1569478.13
GR-2023-3780,PO-2023-3780,2023-08-31,46.46,A,0.0,,2743759.55
GR-2023-3781,PO-2023-3781,2023-05-29,45.45,A,0.0,,4253574.79
GR-2023-3782,PO-2023-3782,2021-06-26,22.97,A,0.0,,2165177.83
GR-2023-3783,PO-2023-3783,2022-11-22,38.2,B,0.0,,3660293.03
GR-2023-3784,PO-2023-3784,2021-04-14,37.65,B,0.0,,3326196.39
GR-2023-3785,PO-2023-3785,2022-09-27,34.94,A,0.0,,3853600.91
GR-2023-3786,PO-2023-3786,2023-09-28,36.98,B,0.0,,2562899.11
GR-2023-3787,PO-2023-3787,2022-10-28,28.91,B,0.0,,1606214.18
GR-2023-3788,PO-2023-3788,2023-08-07,32.62,A,0.0,,2851790.75
GR-2023-3789,PO-2023-3789,2021-06-15,2.44,A,0.0,,182794.14
GR-2023-3790,PO-2023-3790,2021-05-22,38.21,A,0.0,,3391412.14
GR-2023-3791,PO-2023-3791,2021-02-05,46.93,A,0.0,,4180622.02
GR-2023-3792,PO-2023-3792,2023-11-22,46.5,B,0.0,,3810612.41
GR-2023-3793,PO-2023-3793,2021-11-30,47.98,A,0.0,,4962938.99
GR-2023-3794,PO-2023-3794,2022-04-29,23.31,A,0.0,,2660078.96
GR-2023-3795,PO-2023-3795,2024-01-14,30.7,A,0.0,,1789955.6
GR-2023-3796,PO-2023-3796,2022-09-03,11.03,A,0.0,,1079438.71
GR-2023-3797,PO-2023-3797,2022-05-10,47.87,A,0.0,,3243538.04
GR-2023-3798,PO-2023-3798,2021-02-18,18.54,A,0.0,,1624236.84
GR-2023-3799,PO-2023-3799,2023-07-20,30.26,A,0.0,,1509815.79
GR-2023-3800,PO-2023-3800,2023-06-30,19.02,A,0.0,,2278225.17
GR-2023-3801,PO-2023-3801,2021-12-16,28.34,A,0.0,,2379080.53
GR-2023-3802,PO-2023-3802,2022-08-09,35.08,B,0.0,,3647507.08
GR-2023-3803,PO-2023-3803,2021-06-09,6.44,B,0.0,,519933.73
GR-2023-3804,PO-2023-3804,2023-03-11,33.27,A,0.0,,3210474.51
GR-2023-3805,PO-2023-3805,2024-01-01,19.4,B,0.0,,2132843.78
GR-2023-3806,PO-2023-3806,2021-10-31,17.01,A,0.0,,1025632.18
GR-2023-3807,PO-2023-3807,2021-04-12,3.64,A,0.0,,330045.96
GR-2023-3808,PO-2023-3808,2023-04-28,22.78,A,0.0,,1111351.87
GR-2023-3809,PO-2023-3809,2023-11-26,30.96,C,0.59,Dimensional deviation,3704157.97
GR-2023-3810,PO-2023-3810,2023-07-31,8.31,A,0.0,,480033.96
GR-2023-3811,PO-2023-3811,2021-12-29,40.46,B,1.65,Dimensional deviation,3054620.92
GR-2023-3812,PO-2023-3812,2021-02-19,26.23,A,0.0,,2484898.43
GR-2023-3813,PO-2023-3813,2022-01-16,5.31,A,0.0,,408853.05
GR-2023-3814,PO-2023-3814,2023-05-28,42.71,B,0.0,,2492107.3
GR-2023-3815,PO-2023-3815,2023-04-20,1.76,A,0.0,,83568.36
GR-2023-3816,PO-2023-3816,2021-02-19,23.27,A,0.0,,2164775.87
GR-2023-3817,PO-2023-3817,2022-01-03,33.61,A,0.0,,3774467.3
GR-2023-3818,PO-2023-3818,2022-07-22,40.06,B,0.0,,2970219.59
GR-2023-3819,PO-2023-3819,2022-01-25,49.54,A,0.0,,4794067.7
GR-2023-3820,PO-2023-3820,2021-01-28,1.53,A,0.0,,155506.74
GR-2023-3821,PO-2023-3821,2021-10-29,33.09,A,0.0,,2426558.89
GR-2023-3822,PO-2023-3822,2021-02-16,47.84,A,0.0,,3801178.84
GR-2023-3823,PO-2023-3823,2021-02-02,43.46,C,0.91,Dimensional deviation,4157365.49
GR-2023-3824,PO-2023-3824,2021-05-09,32.76,B,0.0,,2580193.96
GR-2023-3825,PO-2023-3825,2022-09-11,16.45,A,0.0,,1797271.35
GR-2023-3826,PO-2023-3826,2022-10-07,17.99,B,0.44,Dimensional deviation,1862452.58
GR-2023-3827,PO-2023-3827,2022-06-26,35.08,B,0.0,,3746616.33
GR-2023-3828,PO-2023-3828,2023-02-08,48.37,B,0.0,,5368335.25
GR-2023-3829,PO-2023-3829,2022-07-26,8.15,A,0.0,,585651.05
GR-2023-3830,PO-2023-3830,2023-08-01,26.36,A,0.0,,1733389.49
GR-2023-3831,PO-2023-3831,2023-04-09,49.67,A,0.0,,5846885.76
GR-2023-3832,PO-2023-3832,2023-06-18,20.05,B,0.35,Dimensional deviation,1722254.37
GR-2023-3833,PO-2023-3833,2024-01-03,29.53,B,0.0,,1623528.05
GR-2023-3834,PO-2023-3834,2022-10-07,7.6,A,0.0,,371271.58
GR-2023-3835,PO-2023-3835,2022-01-31,9.95,A,0.0,,1175618.24
GR-2023-3836,PO-2023-3836,2021-10-03,21.42,A,0.0,,1081151.21
GR-2023-3837,PO-2023-3837,2023-04-30,43.73,C,0.53,Dimensional deviation,3408538.72
GR-2023-3838,PO-2023-3838,2021-11-25,16.57,A,0.0,,1444804.25
GR-2023-3839,PO-2023-3839,2023-04-06,35.61,A,0.0,,2821773.54
GR-2023-3840,PO-2023-3840,2023-02-15,15.63,B,0.0,,1000588.52
GR-2023-3841,PO-2023-3841,2022-01-02,46.99,A,0.0,,5006756.33
GR-2023-3842,PO-2023-3842,2022-05-29,10.76,A,0.0,,914428.82
GR-2023-3843,PO-2023-3843,2021-06-29,20.59,A,0.0,,977980.27
GR-2023-3844,PO-2023-3844,2022-08-27,32.95,B,0.0,,3111274.39
GR-2023-3845,PO-2023-3845,2023-04-13,47.55,A,0.0,,3249031.68
GR-2023-3846,PO-2023-3846,2022-04-19,35.79,B,1.46,Dimensional deviation,3343027.35
GR-2023-3847,PO-2023-3847,2022-09-18,10.99,A,0.0,,1164510.05
GR-2023-3848,PO-2023-3848,2022-11-02,23.87,A,0.0,,1141134.24
GR-2023-3849,PO-2023-3849,2023-06-23,15.47,A,0.0,,1566444.03
GR-2023-3850,PO-2023-3850,2021-10-24,16.48,C,0.03,Dimensional deviation,2099682.05
GR-2023-3851,PO-2023-3851,2021-11-12,9.91,A,0.0,,699112.07
GR-2023-3852,PO-2023-3852,2021-03-11,21.96,A,0.0,,2542662.01
GR-2023-3853,PO-2023-3853,2022-07-07,45.45,B,0.0,,4017784.15
GR-2023-3854,PO-2023-3854,2021-03-18,26.92,A,0.0,,3013429.43
GR-2023-3855,PO-2023-3855,2023-09-11,31.65,A,0.0,,1436269.6
GR-2023-3856,PO-2023-3856,2023-04-25,46.78,A,0.0,,3624409.91
GR-2023-3857,PO-2023-3857,2023-09-19,42.3,A,0.0,,1939859.82
GR-2023-3858,PO-2023-3858,2022-09-29,6.9,A,0.0,,395614.84
GR-2023-3859,PO-2023-3859,2021-06-10,33.13,B,0.0,,2291202.83
GR-2023-3860,PO-2023-3860,2021-07-31,25.2,A,0.0,,2080231.68
GR-2023-3861,PO-2023-3861,2021-12-21,49.41,A,0.0,,3528282.89
GR-2023-3862,PO-2023-3862,2023-05-20,48.29,B,0.0,,2706284.75
GR-2023-3863,PO-2023-3863,2021-06-01,24.62,B,0.0,,1502286.66
GR-2023-3864,PO-2023-3864,2022-02-02,40.56,B,0.0,,4432659.91
GR-2023-3865,PO-2023-3865,2022-07-26,27.89,A,0.0,,1257929.16
GR-2023-3866,PO-2023-3866,2023-10-18,22.63,A,0.0,,2659649.49
GR-2023-3867,PO-2023-3867,2021-09-25,48.87,A,0.0,,5635879.76
GR-2023-3868,PO-2023-3868,2023-08-29,4.69,B,0.0,,481415.47
GR-2023-3869,PO-2023-3869,2023-09-05,41.23,B,0.79,Dimensional deviation,5259169.11
GR-2023-3870,PO-2023-3870,2023-09-24,43.18,A,0.0,,3877242.49
GR-2023-3871,PO-2023-3871,2022-07-17,10.43,A,0.0,,670086.08
GR-2023-3872,PO-2023-3872,2021-06-14,1.07,A,0.0,,75941.91
GR-2023-3873,PO-2023-3873,2021-06-20,44.86,B,0.0,,3539089.74
GR-2023-3874,PO-2023-3874,2023-03-24,30.34,A,0.0,,1640613.92
GR-2023-3875,PO-2023-3875,2021-04-22,1.12,B,0.0,,75008.53
GR-2023-3876,PO-2023-3876,2022-05-30,16.58,A,0.0,,1137190.5
GR-2023-3877,PO-2023-3877,2022-08-03,30.49,B,0.0,,3187561.94
GR-2023-3878,PO-2023-3878,2021-11-16,39.54,B,0.8,Dimensional deviation,1967256.59
GR-2023-3879,PO-2023-3879,2023-03-01,38.4,A,0.0,,3873709.35
GR-2023-3880,PO-2023-3880,2022-05-15,45.57,A,0.0,,3933889.19
GR-2023-3881,PO-2023-3881,2022-08-05,27.07,B,0.0,,1248015.1
GR-2023-3882,PO-2023-3882,2022-10-28,5.43,A,0.0,,612528.55
GR-2023-3883,PO-2023-3883,2023-06-27,36.08,A,0.0,,2573149.85
GR-2023-3884,PO-2023-3884,2021-10-11,46.37,B,0.0,,4219263.71
GR-2023-3885,PO-2023-3885,2022-09-13,25.44,B,0.0,,2130031.4
GR-2023-3886,PO-2023-3886,2023-06-17,25.65,B,0.0,,3024665.87
GR-2023-3887,PO-2023-3887,2023-09-28,2.86,C,0.07,Dimensional deviation,300400.74
GR-2023-3888,PO-2023-3888,2021-07-16,4.69,B,0.17,Dimensional deviation,303147.31
GR-2023-3889,PO-2023-3889,2023-03-21,5.68,B,0.0,,487821.85
GR-2023-3890,PO-2023-3890,2022-12-03,8.93,B,0.0,,673805.44
GR-2023-3891,PO-2023-3891,2021-09-20,2.57,B,0.0,,309672.37
GR-2023-3892,PO-2023-3892,2021-12-03,16.34,A,0.0,,1473160.41
GR-2023-3893,PO-2023-3893,2021-01-22,47.54,B,0.0,,3442802.08
GR-2023-3894,PO-2023-3894,2022-09-12,43.03,A,0.0,,4154174.37
GR-2023-3895,PO-2023-3895,2021-10-18,22.62,A,0.0,,1132136.92
GR-2023-3896,PO-2023-3896,2021-06-18,29.01,A,0.0,,2240311.32
GR-2023-3897,PO-2023-3897,2023-09-29,7.43,B,0.0,,565176.76
GR-2023-3898,PO-2023-3898,2022-11-07,18.72,A,0.0,,2222474.52
GR-2023-3899,PO-2023-3899,2023-03-10,15.68,B,0.0,,862552.52
GR-2023-3900,PO-2023-3900,2023-07-13,45.09,B,0.0,,3806519.71
GR-2023-3901,PO-2023-3901,2022-11-16,12.48,B,0.0,,940687.03
GR-2023-3902,PO-2023-3902,2023-06-22,3.14,A,0.0,,315431.36
GR-2023-3903,PO-2023-3903,2021-07-14,41.65,A,0.0,,3857863.09
GR-2023-3904,PO-2023-3904,2021-09-10,29.71,A,0.0,,2660464.85
GR-2023-3905,PO-2023-3905,2021-05-14,7.98,B,0.0,,441704.8
GR-2023-3906,PO-2023-3906,2022-07-04,34.58,A,0.0,,3562741.25
GR-2023-3907,PO-2023-3907,2023-02-15,12.28,B,0.0,,658527.3
GR-2023-3908,PO-2023-3908,2022-01-28,3.43,A,0.0,,338697.37
GR-2023-3909,PO-2023-3909,2021-04-09,17.99,A,0.0,,1919431.67
GR-2023-3910,PO-2023-3910,2022-09-10,40.56,A,0.0,,4833405.58
GR-2023-3911,PO-2023-3911,2021-10-27,14.45,B,0.68,Dimensional deviation,1354401.38
GR-2023-3912,PO-2023-3912,2022-08-15,11.79,B,0.21,Dimensional deviation,647982.84
GR-2023-3913,PO-2023-3913,2021-02-14,30.11,B,0.0,,2144772.03
GR-2023-3914,PO-2023-3914,2024-01-07,44.11,A,0.0,,4815995.18
GR-2023-3915,PO-2023-3915,2022-11-25,8.69,B,0.0,,500461.88
GR-2023-3916,PO-2023-3916,2023-02-10,25.04,B,0.0,,2067164.78
GR-2023-3917,PO-2023-3917,2023-04-20,12.42,A,0.0,,1323391.5
GR-2023-3918,PO-2023-3918,2023-05-16,27.29,A,0.0,,1302736.19
GR-2023-3919,PO-2023-3919,2022-09-08,37.76,B,0.0,,4294765.69
GR-2023-3920,PO-2023-3920,2021-02-12,18.27,B,0.0,,2189379.62
GR-2023-3921,PO-2023-3921,2023-11-15,4.44,A,0.0,,522443.98
GR-2023-3922,PO-2023-3922,2021-01-16,12.23,A,0.0,,1222089.09
GR-2023-3923,PO-2023-3923,2023-05-31,16.43,A,0.0,,808795.58
GR-2023-3924,PO-2023-3924,2023-06-25,7.26,A,0.0,,469757.34
GR-2023-3925,PO-2023-3925,2022-03-08,16.04,A,0.0,,1406728.75
GR-2023-3926,PO-2023-3926,2023-02-18,11.37,A,0.0,,1102088.15
GR-2023-3927,PO-2023-3927,2023-09-01,36.26,A,0.0,,1974627.9
GR-2023-3928,PO-2023-3928,2021-06-23,20.37,B,0.0,,2405301.69
GR-2023-3929,PO-2023-3929,2023-04-20,17.07,B,0.0,,1912533.68
GR-2023-3930,PO-2023-3930,2022-05-10,35.63,B,0.0,,2952934.87
GR-2023-3931,PO-2023-3931,2023-08-13,47.61,A,0.0,,3491974.68
GR-2023-3932,PO-2023-3932,2021-04-24,48.18,B,0.04,Dimensional deviation,5016572.38
GR-2023-3933,PO-2023-3933,2021-07-08,42.78,A,0.0,,4524982.64
GR-2023-3934,PO-2023-3934,2022-01-22,30.28,A,0.0,,2367233.81
GR-2023-3935,PO-2023-3935,2022-04-02,34.66,A,0.0,,3143474.04
GR-2023-3936,PO-2023-3936,2022-03-20,28.46,A,0.0,,3145060.49
GR-2023-3937,PO-2023-3937,2022-06-28,42.52,C,1.21,Dimensional deviation,5169771.8
GR-2023-3938,PO-2023-3938,2022-05-17,46.77,A,0.0,,5250150.83
GR-2023-3939,PO-2023-3939,2023-02-22,8.86,B,0.28,Dimensional deviation,761897.77
GR-2023-3940,PO-2023-3940,2021-11-29,43.36,B,0.0,,4084628.3
GR-2023-3941,PO-2023-3941,2021-10-21,2.06,A,0.0,,107210.74
GR-2023-3942,PO-2023-3942,2021-01-19,30.98,A,0.0,,1939273.38
GR-2023-3943,PO-2023-3943,2022-01-04,15.26,A,0.0,,936514.7
GR-2023-3944,PO-2023-3944,2023-10-27,8.26,A,0.0,,753859.31
GR-2023-3945,PO-2023-3945,2023-09-24,43.02,B,0.0,,3010333.34
GR-2023-3946,PO-2023-3946,2022-12-11,3.79,A,0.0,,437193.54
GR-2023-3947,PO-2023-3947,2023-06-18,27.96,B,0.0,,1724388.12
GR-2023-3948,PO-2023-3948,2021-01-14,48.89,B,0.0,,3004659.27
GR-2023-3949,PO-2023-3949,2022-01-26,45.5,A,0.0,,3751182.87
GR-2023-3950,PO-2023-3950,2023-08-29,46.91,B,0.0,,3576461.57
GR-2023-3951,PO-2023-3951,2023-11-17,19.88,C,0.59,Dimensional deviation,1450400.86
GR-2023-3952,PO-2023-3952,2021-03-05,11.08,B,0.0,,804780.75
GR-2023-3953,PO-2023-3953,2023-03-03,30.13,B,1.27,Dimensional deviation,1866570.06
GR-2023-3954,PO-2023-3954,2022-10-01,5.11,B,0.0,,551123.45
GR-2023-3955,PO-2023-3955,2023-09-02,7.41,A,0.0,,614889.06
GR-2023-3956,PO-2023-3956,2023-06-18,25.7,B,0.0,,1990004.43
GR-2023-3957,PO-2023-3957,2021-10-18,41.92,A,0.0,,3262861.45
GR-2023-3958,PO-2023-3958,2021-02-15,34.37,B,0.2,Dimensional deviation,2197433.42
GR-2023-3959,PO-2023-3959,2023-01-11,47.33,B,0.0,,4719357.45
GR-2023-3960,PO-2023-3960,2023-07-13,29.93,A,0.0,,2817748.37
GR-2023-3961,PO-2023-3961,2021-08-15,49.0,B,0.0,,4780581.45
GR-2023-3962,PO-2023-3962,2023-10-03,13.55,A,0.0,,1547578.96
GR-2023-3963,PO-2023-3963,2023-06-08,38.95,B,0.11,Dimensional deviation,1958481.9
GR-2023-3964,PO-2023-3964,2022-03-10,38.72,A,0.0,,3030262.32
GR-2023-3965,PO-2023-3965,2021-10-01,48.79,A,0.0,,3136928.17
GR-2023-3966,PO-2023-3966,2021-08-13,8.62,A,0.0,,748243.33
GR-2023-3967,PO-2023-3967,2024-01-08,17.02,A,0.0,,1142597.31
GR-2023-3968,PO-2023-3968,2022-04-26,1.19,B,0.0,,60591.08
GR-2023-3969,PO-2023-3969,2023-07-27,7.69,A,0.0,,460399.5
GR-2023-3970,PO-2023-3970,2024-01-08,15.7,B,0.0,,1681022.16
GR-2023-3971,PO-2023-3971,2021-12-13,35.86,A,0.0,,3639652.21
GR-2023-3972,PO-2023-3972,2023-10-09,38.77,B,0.0,,3289521.14
GR-2023-3973,PO-2023-3973,2022-03-02,32.22,A,0.0,,3045207.47
GR-2023-3974,PO-2023-3974,2022-11-23,19.46,B,0.75,Dimensional deviation,1013688.99
GR-2023-3975,PO-2023-3975,2021-06-17,28.92,A,0.0,,2124470.53
GR-2023-3976,PO-2023-3976,2023-08-28,2.19,A,0.0,,211108.94
GR-2023-3977,PO-2023-3977,2023-06-05,28.75,A,0.0,,3017044.22
GR-2023-3978,PO-2023-3978,2022-05-17,8.47,A,0.0,,638025.45
GR-2023-3979,PO-2023-3979,2021-04-21,21.23,A,0.0,,1582579.24
GR-2023-3980,PO-2023-3980,2021-02-01,16.77,A,0.0,,1892219.84
GR-2023-3981,PO-2023-3981,2023-07-24,47.33,A,0.0,,3322042.08
GR-2023-3982,PO-2023-3982,2023-12-19,17.01,B,0.0,,1738391.48
GR-2023-3983,PO-2023-3983,2022-12-27,13.43,A,0.0,,1042293.82
GR-2023-3984,PO-2023-3984,2021-02-01,26.59,A,0.0,,1874688.28
GR-2023-3985,PO-2023-3985,2023-05-06,15.13,B,0.0,,752990.27
GR-2023-3986,PO-2023-3986,2023-05-05,13.49,B,0.0,,715872.61
GR-2023-3987,PO-2023-3987,2022-06-25,4.35,A,0.0,,364553.75
GR-2023-3988,PO-2023-3988,2023-09-09,7.74,B,0.01,Dimensional deviation,908088.65
GR-2023-3989,PO-2023-3989,2022-02-21,45.45,B,0.0,,5477527.51
GR-2023-3990,PO-2023-3990,2023-12-03,41.18,B,0.0,,4534942.91
GR-2023-3991,PO-2023-3991,2021-05-15,47.63,A,0.0,,3626528.49
GR-2023-3992,PO-2023-3992,2022-09-15,45.75,A,0.0,,3830450.93
GR-2023-3993,PO-2023-3993,2021-05-12,38.86,B,0.24,Dimensional deviation,2915380.6
GR-2023-3994,PO-2023-3994,2024-01-10,49.09,A,0.0,,5077512.02
GR-2023-3995,PO-2023-3995,2021-06-06,33.66,A,0.0,,1548500.45
GR-2023-3996,PO-2023-3996,2023-06-19,29.98,A,0.0,,3327236.81
GR-2023-3997,PO-2023-3997,2023-10-04,17.35,A,0.0,,988124.2
GR-2023-3998,PO-2023-3998,2021-08-18,19.95,B,0.0,,1310021.88
GR-2023-3999,PO-2023-3999,2022-09-20,23.54,A,0.0,,1698485.66
GR-2023-4000,PO-2023-4000,2023-02-17,49.32,A,0.0,,5830494.28
GR-2023-4001,PO-2023-4001,2022-11-01,29.06,B,0.0,,2784767.39
GR-2023-4002,PO-2023-4002,2021-04-12,1.04,A,0.0,,103731.63
GR-2023-4003,PO-2023-4003,2022-07-18,39.98,A,0.0,,4740122.1
GR-2023-4004,PO-2023-4004,2023-12-28,26.45,A,0.0,,2406824.61
GR-2023-4005,PO-2023-4005,2023-09-01,8.44,A,0.0,,528681.59
GR-2023-4006,PO-2023-4006,2023-06-29,14.93,A,0.0,,1166384.7
GR-2023-4007,PO-2023-4007,2023-02-03,4.26,A,0.0,,480168.12
GR-2023-4008,PO-2023-4008,2022-07-18,10.81,A,0.0,,897476.33
GR-2023-4009,PO-2023-4009,2021-10-10,43.46,A,0.0,,4260392.93
GR-2023-4010,PO-2023-4010,2022-07-27,8.77,A,0.0,,822823.85
GR-2023-4011,PO-2023-4011,2021-12-23,36.91,A,0.0,,2672854.29
GR-2023-4012,PO-2023-4012,2023-02-19,23.3,A,0.0,,2535609.35
GR-2023-4013,PO-2023-4013,2023-12-09,42.39,A,0.0,,3335396.02
GR-2023-4014,PO-2023-4014,2021-01-20,9.9,A,0.0,,884731.7
GR-2023-4015,PO-2023-4015,2021-07-15,48.83,B,0.0,,4159866.4
GR-2023-4016,PO-2023-4016,2021-07-12,25.39,A,0.0,,1713511.82
GR-2023-4017,PO-2023-4017,2023-03-06,28.56,B,0.0,,2174954.52
GR-2023-4018,PO-2023-4018,2021-02-22,12.49,A,0.0,,997088.25
GR-2023-4019,PO-2023-4019,2022-04-11,22.96,A,0.0,,1907751.04
GR-2023-4020,PO-2023-4020,2021-03-12,12.14,B,0.0,,1167689.84
GR-2023-4021,PO-2023-4021,2021-05-17,15.82,B,0.48,Dimensional deviation,1123206.97
GR-2023-4022,PO-2023-4022,2023-07-17,14.63,A,0.0,,1179279.61
GR-2023-4023,PO-2023-4023,2022-11-05,31.61,A,0.0,,2487243.31
GR-2023-4024,PO-2023-4024,2022-10-17,30.07,B,0.0,,1527692.52
GR-2023-4025,PO-2023-4025,2021-04-07,23.54,A,0.0,,1183364.67
GR-2023-4026,PO-2023-4026,2021-05-20,30.49,A,0.0,,2650264.63
GR-2023-4027,PO-2023-4027,2023-02-03,9.16,A,0.0,,985544.32
GR-2023-4028,PO-2023-4028,2023-11-16,25.98,A,0.0,,1976806.5
GR-2023-4029,PO-2023-4029,2021-02-22,34.25,A,0.0,,2589852.85
GR-2023-4030,PO-2023-4030,2022-05-21,9.75,B,0.0,,1133312.75
GR-2023-4031,PO-2023-4031,2021-03-04,27.78,A,0.0,,2935234.54
GR-2023-4032,PO-2023-4032,2021-11-20,42.35,A,0.0,,4414016.08
GR-2023-4033,PO-2023-4033,2023-11-23,32.56,A,0.0,,2676781.16
GR-2023-4034,PO-2023-4034,2023-03-15,3.16,C,0.1,Dimensional deviation,306236.7
GR-2023-4035,PO-2023-4035,2023-09-19,8.01,A,0.0,,696292.32
GR-2023-4036,PO-2023-4036,2022-04-20,33.27,B,0.0,,3638701.09
GR-2023-4037,PO-2023-4037,2022-09-24,12.78,A,0.0,,885719.72
GR-2023-4038,PO-2023-4038,2023-10-15,25.92,A,0.0,,1979884.48
GR-2023-4039,PO-2023-4039,2022-04-23,18.27,B,0.0,,1440467.4
GR-2023-4040,PO-2023-4040,2023-10-12,37.23,A,0.0,,3816100.83
GR-2023-4041,PO-2023-4041,2022-04-05,17.02,B,0.0,,1582973.36
GR-2023-4042,PO-2023-4042,2022-10-26,18.44,B,0.0,,1727509.67
GR-2023-4043,PO-2023-4043,2023-09-14,14.33,A,0.0,,1538074.69
GR-2023-4044,PO-2023-4044,2021-04-08,49.02,A,0.0,,4189309.89
GR-2023-4045,PO-2023-4045,2021-06-09,15.96,A,0.0,,1309827.38
GR-2023-4046,PO-2023-4046,2021-08-04,48.43,A,0.0,,5110894.96
GR-2023-4047,PO-2023-4047,2022-02-25,49.15,A,0.0,,2651702.96
GR-2023-4048,PO-2023-4048,2023-03-29,29.28,A,0.0,,2301047.65
GR-2023-4049,PO-2023-4049,2023-07-19,12.36,A,0.0,,1459835.65
GR-2023-4050,PO-2023-4050,2022-07-12,26.06,A,0.0,,1690761.93
GR-2023-4051,PO-2023-4051,2022-09-05,40.97,B,0.0,,3158031.24
GR-2023-4052,PO-2023-4052,2022-09-16,21.98,A,0.0,,2556697.16
GR-2023-4053,PO-2023-4053,2022-10-22,38.02,B,0.0,,3165463.2
GR-2023-4054,PO-2023-4054,2021-09-07,18.92,A,0.0,,1855767.53
GR-2023-4055,PO-2023-4055,2021-11-09,6.12,A,0.0,,456017.79
GR-2023-4056,PO-2023-4056,2022-03-16,28.07,B,0.18,Dimensional deviation,1540712.54
GR-2023-4057,PO-2023-4057,2023-02-01,49.32,A,0.0,,3087980.97
GR-2023-4058,PO-2023-4058,2022-09-14,42.8,B,0.0,,4296821.52
GR-2023-4059,PO-2023-4059,2022-12-24,13.11,A,0.0,,1016334.63
GR-2023-4060,PO-2023-4060,2021-03-04,15.55,B,0.0,,1641224.05
GR-2023-4061,PO-2023-4061,2022-06-19,36.28,B,0.0,,2597186.78
GR-2023-4062,PO-2023-4062,2023-01-22,44.34,B,1.92,Dimensional deviation,3913923.94
GR-2023-4063,PO-2023-4063,2021-09-01,22.53,A,0.0,,1591870.89
GR-2023-4064,PO-2023-4064,2021-12-17,33.55,A,0.0,,2528299.99
GR-2023-4065,PO-2023-4065,2021-06-10,11.6,C,0.23,Dimensional deviation,1294039.02
GR-2023-4066,PO-2023-4066,2023-09-22,35.24,A,0.0,,2280673.32
GR-2023-4067,PO-2023-4067,2022-03-01,15.09,A,0.0,,1512956.58
GR-2023-4068,PO-2023-4068,2021-09-21,33.24,B,0.0,,4019449.32
GR-2023-4069,PO-2023-4069,2021-03-17,47.69,A,0.0,,4455929.31
GR-2023-4070,PO-2023-4070,2021-03-12,6.68,A,0.0,,750190.61
GR-2023-4071,PO-2023-4071,2023-02-21,7.0,A,0.0,,709812.91
GR-2023-4072,PO-2023-4072,2023-05-12,1.07,A,0.0,,128189.89
GR-2023-4073,PO-2023-4073,2023-03-25,9.44,A,0.0,,1106792.72
GR-2023-4074,PO-2023-4074,2021-10-13,33.98,A,0.0,,4063955.78
GR-2023-4075,PO-2023-4075,2021-04-05,36.34,B,0.0,,4306748.19
GR-2023-4076,PO-2023-4076,2022-04-04,18.53,A,0.0,,1864788.83
GR-2023-4077,PO-2023-4077,2023-09-07,16.88,A,0.0,,1579179.44
GR-2023-4078,PO-2023-4078,2023-04-16,15.27,A,0.0,,1404469.85
GR-2023-4079,PO-2023-4079,2022-05-28,23.43,A,0.0,,2551677.46
GR-2023-4080,PO-2023-4080,2023-06-13,43.2,B,0.0,,3191513.13
GR-2023-4081,PO-2023-4081,2021-08-23,24.91,A,0.0,,1364905.07
GR-2023-4082,PO-2023-4082,2021-05-27,44.46,A,0.0,,4144325.98
GR-2023-4083,PO-2023-4083,2021-12-03,33.55,C,1.13,Dimensional deviation,2631505.84
GR-2023-4084,PO-2023-4084,2021-07-26,2.28,A,0.0,,262312.74
GR-2023-4085,PO-2023-4085,2022-10-31,37.11,A,0.0,,2621335.71
GR-2023-4086,PO-2023-4086,2022-03-17,46.24,A,0.0,,2974395.46
GR-2023-4087,PO-2023-4087,2023-04-06,9.8,A,0.0,,1115959.39
GR-2023-4088,PO-2023-4088,2021-01-06,37.8,B,0.0,,4436601.08
GR-2023-4089,PO-2023-4089,2022-06-07,19.47,A,0.0,,1960203.87
GR-2023-4090,PO-2023-4090,2023-02-16,29.2,A,0.0,,1761326.05
GR-2023-4091,PO-2023-4091,2021-07-22,34.96,A,0.0,,3131923.48
GR-2023-4092,PO-2023-4092,2023-12-11,11.47,B,0.0,,631434.74
GR-2023-4093,PO-2023-4093,2021-02-03,28.11,B,1.17,Dimensional deviation,2042173.99
GR-2023-4094,PO-2023-4094,2023-10-27,5.61,A,0.0,,335997.02
GR-2023-4095,PO-2023-4095,2024-01-02,3.5,B,0.0,,185299.94
GR-2023-4096,PO-2023-4096,2023-09-22,16.25,A,0.0,,1444471.44
GR-2023-4097,PO-2023-4097,2021-07-17,12.18,A,0.0,,990274.71
GR-2023-4098,PO-2023-4098,2021-12-30,24.76,A,0.0,,2137077.58
GR-2023-4099,PO-2023-4099,2023-08-04,31.08,A,0.0,,2348086.48
GR-2023-4100,PO-2023-4100,2022-10-21,7.26,A,0.0,,746160.65
GR-2023-4101,PO-2023-4101,2023-04-27,42.93,A,0.0,,4619974.47
GR-2023-4102,PO-2023-4102,2022-02-27,19.16,A,0.0,,1245710.15
GR-2023-4103,PO-2023-4103,2022-02-09,2.61,A,0.0,,154779.34
GR-2023-4104,PO-2023-4104,2022-01-30,43.58,A,0.0,,5184540.76
GR-2023-4105,PO-2023-4105,2022-11-26,45.85,A,0.0,,2538713.75
GR-2023-4106,PO-2023-4106,2021-07-26,39.3,A,0.0,,1864047.31
GR-2023-4107,PO-2023-4107,2023-09-28,16.02,C,0.31,Dimensional deviation,1097787.25
GR-2023-4108,PO-2023-4108,2021-10-25,48.72,A,0.0,,3694370.74
GR-2023-4109,PO-2023-4109,2022-03-07,7.25,A,0.0,,796541.75
GR-2023-4110,PO-2023-4110,2021-03-31,12.1,B,0.14,Dimensional deviation,1521888.15
GR-2023-4111,PO-2023-4111,2022-01-20,18.32,B,0.5,Dimensional deviation,1110867.06
GR-2023-4112,PO-2023-4112,2021-07-28,6.25,C,0.15,Dimensional deviation,414561.65
GR-2023-4113,PO-2023-4113,2022-10-07,28.96,B,0.0,,1736638.98
GR-2023-4114,PO-2023-4114,2021-12-29,26.15,B,0.0,,3071440.84
GR-2023-4115,PO-2023-4115,2022-03-27,36.56,A,0.0,,2364536.54
GR-2023-4116,PO-2023-4116,2022-08-15,11.5,A,0.0,,684122.62
GR-2023-4117,PO-2023-4117,2022-09-11,21.76,A,0.0,,997303.82
GR-2023-4118,PO-2023-4118,2023-11-21,10.45,A,0.0,,607679.53
GR-2023-4119,PO-2023-4119,2023-01-13,37.45,A,0.0,,3503141.06
GR-2023-4120,PO-2023-4120,2022-05-25,32.01,A,0.0,,2320383.92
GR-2023-4121,PO-2023-4121,2023-09-02,20.72,A,0.0,,2147151.82
GR-2023-4122,PO-2023-4122,2022-01-04,19.06,A,0.0,,1341423.69
GR-2023-4123,PO-2023-4123,2022-07-08,47.69,A,0.0,,3495398.99
GR-2023-4124,PO-2023-4124,2023-11-24,21.35,B,0.0,,1132417.29
GR-2023-4125,PO-2023-4125,2023-02-07,20.7,A,0.0,,1844189.9
GR-2023-4126,PO-2023-4126,2021-12-13,37.63,B,1.4,Dimensional deviation,4724055.35
GR-2023-4127,PO-2023-4127,2023-03-30,33.44,A,0.0,,2369549.33
GR-2023-4128,PO-2023-4128,2023-04-22,44.24,A,0.0,,4500763.65
GR-2023-4129,PO-2023-4129,2022-08-27,25.06,A,0.0,,2253617.6
GR-2023-4130,PO-2023-4130,2021-08-15,4.99,A,0.0,,466288.32
GR-2023-4131,PO-2023-4131,2023-05-16,46.2,A,0.0,,3231394.65
GR-2023-4132,PO-2023-4132,2022-08-17,16.95,B,0.0,,1730198.86
GR-2023-4133,PO-2023-4133,2021-03-05,20.24,B,0.0,,1730652.4
GR-2023-4134,PO-2023-4134,2023-08-29,39.46,B,0.0,,2010161.33
GR-2023-4135,PO-2023-4135,2023-01-13,5.04,A,0.0,,378581.21
GR-2023-4136,PO-2023-4136,2023-12-04,5.3,B,0.0,,337726.02
GR-2023-4137,PO-2023-4137,2022-03-08,19.48,B,0.0,,1575149.69
GR-2023-4138,PO-2023-4138,2021-01-20,27.03,A,0.0,,2094310.7
GR-2023-4139,PO-2023-4139,2021-02-15,36.81,A,0.0,,3245082.89
GR-2023-4140,PO-2023-4140,2021-10-12,20.32,A,0.0,,1225153.57
GR-2023-4141,PO-2023-4141,2022-09-09,9.92,A,0.0,,932765.03
GR-2023-4142,PO-2023-4142,2021-12-11,17.88,A,0.0,,1348321.14
GR-2023-4143,PO-2023-4143,2021-08-29,37.44,A,0.0,,3346367.77
GR-2023-4144,PO-2023-4144,2022-09-20,20.27,B,0.0,,1792406.94
GR-2023-4145,PO-2023-4145,2021-06-25,32.43,B,0.0,,3170974.88
GR-2023-4146,PO-2023-4146,2022-09-06,31.12,A,0.0,,2476277.48
GR-2023-4147,PO-2023-4147,2021-03-09,11.92,A,0.0,,835076.4
GR-2023-4148,PO-2023-4148,2021-08-28,46.39,B,1.26,Dimensional deviation,2639812.16
GR-2023-4149,PO-2023-4149,2021-03-10,38.71,A,0.0,,2479083.73
GR-2023-4150,PO-2023-4150,2022-07-26,10.32,B,0.05,Dimensional deviation,683694.6
GR-2023-4151,PO-2023-4151,2022-03-27,41.78,A,0.0,,3942869.03
GR-2023-4152,PO-2023-4152,2022-08-02,3.2,A,0.0,,281821.96
GR-2023-4153,PO-2023-4153,2022-07-09,47.63,A,0.0,,5251936.09
GR-2023-4154,PO-2023-4154,2022-03-26,48.22,C,1.09,Dimensional deviation,5848664.19
GR-2023-4155,PO-2023-4155,2021-08-16,48.72,B,0.0,,4311847.48
GR-2023-4156,PO-2023-4156,2021-06-25,42.34,A,0.0,,4010595.9
GR-2023-4157,PO-2023-4157,2021-03-31,28.52,A,0.0,,3170468.15
GR-2023-4158,PO-2023-4158,2021-09-08,49.64,A,0.0,,5050917.53
GR-2023-4159,PO-2023-4159,2021-04-09,7.99,A,0.0,,941026.4
GR-2023-4160,PO-2023-4160,2022-02-22,44.72,B,0.0,,5164093.68
GR-2023-4161,PO-2023-4161,2022-06-30,11.19,A,0.0,,674071.44
GR-2023-4162,PO-2023-4162,2021-05-21,24.73,B,0.0,,2862933.33
GR-2023-4163,PO-2023-4163,2021-08-11,19.64,A,0.0,,1005989.49
GR-2023-4164,PO-2023-4164,2023-09-19,39.38,A,0.0,,2134593.29
GR-2023-4165,PO-2023-4165,2021-08-01,49.42,B,0.0,,3375759.86
GR-2023-4166,PO-2023-4166,2021-01-17,28.03,B,0.0,,2657581.8
GR-2023-4167,PO-2023-4167,2021-07-21,42.11,A,0.0,,3351337.66
GR-2023-4168,PO-2023-4168,2022-09-12,45.21,A,0.0,,5236689.08
GR-2023-4169,PO-2023-4169,2022-03-25,42.59,A,0.0,,3095091.54
GR-2023-4170,PO-2023-4170,2022-09-13,30.62,B,0.0,,1928288.35
GR-2023-4171,PO-2023-4171,2021-06-29,15.1,C,0.64,Dimensional deviation,1933189.02
GR-2023-4172,PO-2023-4172,2023-02-23,9.29,A,0.0,,865887.29
GR-2023-4173,PO-2023-4173,2022-12-30,4.5,C,0.02,Dimensional deviation,308975.66
GR-2023-4174,PO-2023-4174,2022-04-07,21.01,A,0.0,,2003214.98
GR-2023-4175,PO-2023-4175,2022-01-25,20.73,B,0.0,,1338782.09
GR-2023-4176,PO-2023-4176,2022-12-08,9.56,A,0.0,,904311.36
GR-2023-4177,PO-2023-4177,2022-10-13,7.8,A,0.0,,564243.68
GR-2023-4178,PO-2023-4178,2021-05-28,30.05,A,0.0,,2754223.74
GR-2023-4179,PO-2023-4179,2023-12-28,19.99,A,0.0,,1332092.48
GR-2023-4180,PO-2023-4180,2022-04-13,18.94,A,0.0,,1704995.29
GR-2023-4181,PO-2023-4181,2022-12-08,18.04,A,0.0,,1710338.58
GR-2023-4182,PO-2023-4182,2022-03-10,38.75,A,0.0,,2630923.48
GR-2023-4183,PO-2023-4183,2022-01-20,23.25,A,0.0,,1731756.04
GR-2023-4184,PO-2023-4184,2023-01-14,2.25,A,0.0,,167318.57
GR-2023-4185,PO-2023-4185,2023-09-19,5.07,B,0.0,,554792.91
GR-2023-4186,PO-2023-4186,2022-07-28,1.25,B,0.0,,132976.1
GR-2023-4187,PO-2023-4187,2023-05-30,2.88,B,0.13,Dimensional deviation,303287.15
GR-2023-4188,PO-2023-4188,2021-08-08,48.33,A,0.0,,5743016.39
GR-2023-4189,PO-2023-4189,2023-04-25,49.2,B,0.0,,5205746.15
GR-2023-4190,PO-2023-4190,2023-09-28,7.87,B,0.0,,634989.6
GR-2023-4191,PO-2023-4191,2022-02-14,6.93,B,0.0,,767434.8
GR-2023-4192,PO-2023-4192,2021-12-04,7.96,A,0.0,,448849.92
GR-2023-4193,PO-2023-4193,2021-11-21,26.36,B,1.01,Dimensional deviation,2278171.52
GR-2023-4194,PO-2023-4194,2023-12-21,49.64,B,0.0,,4466457.5
GR-2023-4195,PO-2023-4195,2021-03-20,5.5,A,0.0,,549084.0
GR-2023-4196,PO-2023-4196,2022-07-09,12.12,A,0.0,,1361029.86
GR-2023-4197,PO-2023-4197,2021-09-10,33.42,B,0.0,,3602183.78
GR-2023-4198,PO-2023-4198,2022-10-12,48.09,B,0.0,,5602397.25
GR-2023-4199,PO-2023-4199,2021-12-16,45.9,B,0.0,,2107805.83
GR-2023-4200,PO-2023-4200,2022-08-22,47.41,B,0.0,,4152212.21
GR-2023-4201,PO-2023-4201,2023-08-16,2.42,A,0.0,,278229.1
GR-2023-4202,PO-2023-4202,2021-06-14,6.0,A,0.0,,400130.05
GR-2023-4203,PO-2023-4203,2022-11-22,4.74,B,0.0,,334450.53
GR-2023-4204,PO-2023-4204,2021-09-29,46.47,A,0.0,,3012328.64
GR-2023-4205,PO-2023-4205,2023-05-01,36.63,A,0.0,,3401647.75
GR-2023-4206,PO-2023-4206,2021-04-02,30.84,B,1.41,Dimensional deviation,3223968.3
GR-2023-4207,PO-2023-4207,2022-04-16,11.84,B,0.0,,841418.46
GR-2023-4208,PO-2023-4208,2021-03-09,28.15,A,0.0,,2920602.7
GR-2023-4209,PO-2023-4209,2021-11-11,41.03,A,0.0,,3787108.26
GR-2023-4210,PO-2023-4210,2023-07-14,41.17,B,0.0,,3103732.16
GR-2023-4211,PO-2023-4211,2021-02-10,27.8,A,0.0,,3279603.92
GR-2023-4212,PO-2023-4212,2023-02-17,27.67,A,0.0,,1823920.92
GR-2023-4213,PO-2023-4213,2021-01-09,28.63,A,0.0,,1399545.58
GR-2023-4214,PO-2023-4214,2023-01-10,30.59,B,0.0,,2639127.68
GR-2023-4215,PO-2023-4215,2023-02-18,19.92,A,0.0,,1533629.14
GR-2023-4216,PO-2023-4216,2022-04-29,19.05,A,0.0,,2149778.75
GR-2023-4217,PO-2023-4217,2023-04-04,22.55,A,0.0,,1183349.53
GR-2023-4218,PO-2023-4218,2023-05-14,29.51,B,0.0,,2574355.84
GR-2023-4219,PO-2023-4219,2023-01-20,25.88,A,0.0,,1554542.65
GR-2023-4220,PO-2023-4220,2023-04-12,15.41,B,0.0,,1047078.3
GR-2023-4221,PO-2023-4221,2023-11-04,38.92,B,0.39,Dimensional deviation,4440501.58
GR-2023-4222,PO-2023-4222,2022-08-13,36.5,C,0.84,Dimensional deviation,4384437.03
GR-2023-4223,PO-2023-4223,2022-03-18,1.23,B,0.0,,58293.67
GR-2023-4224,PO-2023-4224,2023-07-27,6.41,A,0.0,,448273.61
GR-2023-4225,PO-2023-4225,2023-04-04,26.98,A,0.0,,1866577.19
GR-2023-4226,PO-2023-4226,2021-03-10,41.59,A,0.0,,3652423.52
GR-2023-4227,PO-2023-4227,2021-02-09,8.98,A,0.0,,714955.22
GR-2023-4228,PO-2023-4228,2022-03-26,31.26,A,0.0,,2209545.24
GR-2023-4229,PO-2023-4229,2022-08-31,46.2,A,0.0,,5062976.76
GR-2023-4230,PO-2023-4230,2021-10-21,12.05,A,0.0,,797517.58
GR-2023-4231,PO-2023-4231,2023-06-23,44.97,A,0.0,,4387184.09
GR-2023-4232,PO-2023-4232,2021-07-13,5.84,A,0.0,,393568.21
GR-2023-4233,PO-2023-4233,2021-10-24,15.66,A,0.0,,1193616.06
GR-2023-4234,PO-2023-4234,2022-01-10,34.27,A,0.0,,3083576.46
GR-2023-4235,PO-2023-4235,2023-03-06,42.71,A,0.0,,4631790.24
GR-2023-4236,PO-2023-4236,2022-04-05,37.72,A,0.0,,4456642.24
GR-2023-4237,PO-2023-4237,2022-04-28,3.18,A,0.0,,272442.04
GR-2023-4238,PO-2023-4238,2021-02-02,3.07,C,0.06,Dimensional deviation,174069.09
GR-2023-4239,PO-2023-4239,2021-04-25,32.21,B,0.0,,1978996.83
GR-2023-4240,PO-2023-4240,2022-04-13,5.11,A,0.0,,255617.98
GR-2023-4241,PO-2023-4241,2021-02-25,21.07,B,1.01,Dimensional deviation,1682254.44
GR-2023-4242,PO-2023-4242,2022-12-14,35.28,B,0.0,,1757914.58
GR-2023-4243,PO-2023-4243,2023-02-06,1.12,B,0.0,,88157.75
GR-2023-4244,PO-2023-4244,2021-11-05,14.9,B,0.0,,1552090.5
GR-2023-4245,PO-2023-4245,2022-04-06,5.03,B,0.0,,373834.37
GR-2023-4246,PO-2023-4246,2023-08-28,38.42,B,0.0,,2564999.13
GR-2023-4247,PO-2023-4247,2022-09-02,41.84,A,0.0,,3293102.0
GR-2023-4248,PO-2023-4248,2021-09-09,10.11,C,0.26,Dimensional deviation,1003018.61
GR-2023-4249,PO-2023-4249,2021-06-23,21.84,B,0.0,,1681891.6
GR-2023-4250,PO-2023-4250,2022-12-13,9.58,A,0.0,,775889.85
GR-2023-4251,PO-2023-4251,2023-05-18,2.28,A,0.0,,202773.52
GR-2023-4252,PO-2023-4252,2021-07-01,27.73,B,0.0,,2100645.36
GR-2023-4253,PO-2023-4253,2021-05-12,12.95,A,0.0,,1248074.99
GR-2023-4254,PO-2023-4254,2023-09-20,19.75,A,0.0,,2131372.4
GR-2023-4255,PO-2023-4255,2023-06-10,12.95,B,0.0,,735769.71
GR-2023-4256,PO-2023-4256,2023-09-28,18.28,A,0.0,,1044030.56
GR-2023-4257,PO-2023-4257,2023-02-24,32.7,A,0.0,,2373848.76
GR-2023-4258,PO-2023-4258,2023-10-26,14.98,A,0.0,,847377.93
GR-2023-4259,PO-2023-4259,2022-02-10,2.4,B,0.0,,244382.05
GR-2023-4260,PO-2023-4260,2022-11-28,28.44,A,0.0,,2788638.87
GR-2023-4261,PO-2023-4261,2021-06-12,13.66,A,0.0,,971972.41
GR-2023-4262,PO-2023-4262,2023-11-07,30.98,A,0.0,,1690923.47
GR-2023-4263,PO-2023-4263,2022-06-26,33.28,B,0.0,,2002259.4
GR-2023-4264,PO-2023-4264,2023-10-25,28.71,A,0.0,,3217515.92
GR-2023-4265,PO-2023-4265,2022-03-15,3.0,B,0.0,,158178.96
GR-2023-4266,PO-2023-4266,2021-03-13,8.98,A,0.0,,695421.89
GR-2023-4267,PO-2023-4267,2022-01-21,43.19,A,0.0,,4809278.66
GR-2023-4268,PO-2023-4268,2021-05-19,9.89,A,0.0,,657758.19
GR-2023-4269,PO-2023-4269,2022-04-09,47.47,B,0.0,,3443694.04
GR-2023-4270,PO-2023-4270,2022-10-17,48.47,B,0.0,,3154056.7
GR-2023-4271,PO-2023-4271,2023-12-05,8.39,C,0.42,Dimensional deviation,605183.48
GR-2023-4272,PO-2023-4272,2022-08-19,2.05,A,0.0,,155549.98
GR-2023-4273,PO-2023-4273,2022-10-16,29.24,A,0.0,,3457491.64
GR-2023-4274,PO-2023-4274,2022-11-09,46.44,A,0.0,,5088478.64
GR-2023-4275,PO-2023-4275,2021-05-08,37.67,B,0.0,,4181724.64
GR-2023-4276,PO-2023-4276,2023-10-24,35.39,B,0.79,Dimensional deviation,3783406.51
GR-2023-4277,PO-2023-4277,2023-06-30,34.52,A,0.0,,2253202.1
GR-2023-4278,PO-2023-4278,2021-06-12,15.62,A,0.0,,1735975.66
GR-2023-4279,PO-2023-4279,2023-02-13,8.14,A,0.0,,490662.24
GR-2023-4280,PO-2023-4280,2023-08-20,45.34,A,0.0,,5380191.51
GR-2023-4281,PO-2023-4281,2023-08-24,6.64,A,0.0,,561835.77
GR-2023-4282,PO-2023-4282,2021-05-01,10.96,A,0.0,,1029152.66
GR-2023-4283,PO-2023-4283,2021-10-07,23.03,A,0.0,,2227343.15
GR-2023-4284,PO-2023-4284,2022-05-29,32.39,B,0.0,,3621742.26
GR-2023-4285,PO-2023-4285,2021-05-06,4.13,A,0.0,,472745.23
GR-2023-4286,PO-2023-4286,2023-04-06,20.31,B,0.0,,1539193.59
GR-2023-4287,PO-2023-4287,2021-10-20,10.78,A,0.0,,578456.46
GR-2023-4288,PO-2023-4288,2021-11-19,44.46,A,0.0,,4423458.95
GR-2023-4289,PO-2023-4289,2022-09-06,7.19,A,0.0,,765237.67
GR-2023-4290,PO-2023-4290,2022-03-07,21.61,B,0.0,,1712663.49
GR-2023-4291,PO-2023-4291,2023-03-04,9.15,B,0.0,,1082431.28
GR-2023-4292,PO-2023-4292,2023-04-22,35.08,A,0.0,,2588135.33
GR-2023-4293,PO-2023-4293,2022-06-08,43.07,B,0.92,Dimensional deviation,4112578.01
GR-2023-4294,PO-2023-4294,2023-02-02,28.64,A,0.0,,3101619.72
GR-2023-4295,PO-2023-4295,2022-01-25,31.38,A,0.0,,3217408.85
GR-2023-4296,PO-2023-4296,2022-03-20,41.16,A,0.0,,4874481.63
GR-2023-4297,PO-2023-4297,2021-06-19,15.16,B,0.0,,814408.75
GR-2023-4298,PO-2023-4298,2024-01-06,43.66,A,0.0,,2695845.31
GR-2023-4299,PO-2023-4299,2023-11-19,13.07,C,0.64,Dimensional deviation,704070.14
GR-2023-4300,PO-2023-4300,2021-05-20,4.12,A,0.0,,311505.33
GR-2023-4301,PO-2023-4301,2022-12-13,41.57,A,0.0,,2482538.23
GR-2023-4302,PO-2023-4302,2021-08-10,32.51,A,0.0,,2637259.45
GR-2023-4303,PO-2023-4303,2022-10-31,3.44,A,0.0,,166133.75
GR-2023-4304,PO-2023-4304,2021-02-03,26.22,A,0.0,,1810283.97
GR-2023-4305,PO-2023-4305,2023-07-16,41.99,A,0.0,,3325791.28
GR-2023-4306,PO-2023-4306,2021-03-31,8.49,A,0.0,,683776.49
GR-2023-4307,PO-2023-4307,2021-08-08,34.85,B,0.0,,3270324.75
GR-2023-4308,PO-2023-4308,2023-09-28,5.53,A,0.0,,404192.99
GR-2023-4309,PO-2023-4309,2023-05-30,6.52,A,0.0,,572395.44
GR-2023-4310,PO-2023-4310,2023-03-09,29.38,A,0.0,,2892769.78
GR-2023-4311,PO-2023-4311,2022-02-27,4.18,A,0.0,,465186.97
GR-2023-4312,PO-2023-4312,2022-10-28,48.21,A,0.0,,4134178.89
GR-2023-4313,PO-2023-4313,2022-02-04,32.53,A,0.0,,1627749.72
GR-2023-4314,PO-2023-4314,2023-05-22,35.32,B,0.0,,3055726.93
GR-2023-4315,PO-2023-4315,2023-02-03,29.33,A,0.0,,2626679.13
GR-2023-4316,PO-2023-4316,2023-11-15,8.74,A,0.0,,660118.62
GR-2023-4317,PO-2023-4317,2021-07-26,17.38,A,0.0,,840490.26
GR-2023-4318,PO-2023-4318,2022-11-15,21.87,B,0.0,,1786793.19
GR-2023-4319,PO-2023-4319,2021-01-15,8.37,A,0.0,,705235.93
GR-2023-4320,PO-2023-4320,2021-12-04,24.42,A,0.0,,1806342.37
GR-2023-4321,PO-2023-4321,2022-04-14,4.37,A,0.0,,321150.09
GR-2023-4322,PO-2023-4322,2021-05-14,7.15,B,0.0,,600290.25
GR-2023-4323,PO-2023-4323,2023-05-30,1.22,A,0.0,,104709.72
GR-2023-4324,PO-2023-4324,2021-01-29,44.34,A,0.0,,4804174.32
GR-2023-4325,PO-2023-4325,2023-08-06,42.96,B,0.0,,4701125.56
GR-2023-4326,PO-2023-4326,2023-09-05,45.87,A,0.0,,5356074.24
GR-2023-4327,PO-2023-4327,2021-09-21,7.81,A,0.0,,429862.39
GR-2023-4328,PO-2023-4328,2023-09-17,10.71,A,0.0,,1109707.17
GR-2023-4329,PO-2023-4329,2021-01-23,8.16,A,0.0,,397092.64
GR-2023-4330,PO-2023-4330,2022-08-02,15.35,A,0.0,,1032264.97
GR-2023-4331,PO-2023-4331,2021-04-27,42.58,A,0.0,,4126139.22
GR-2023-4332,PO-2023-4332,2023-09-01,46.77,B,0.0,,4485273.62
GR-2023-4333,PO-2023-4333,2023-09-10,18.85,A,0.0,,1712330.6
GR-2023-4334,PO-2023-4334,2023-04-11,20.81,A,0.0,,1005726.06
GR-2023-4335,PO-2023-4335,2023-02-16,10.49,A,0.0,,1090082.64
GR-2023-4336,PO-2023-4336,2021-02-12,8.83,A,0.0,,951668.19
GR-2023-4337,PO-2023-4337,2021-10-20,10.6,B,0.0,,843408.33
GR-2023-4338,PO-2023-4338,2022-01-16,29.11,A,0.0,,2998306.96
GR-2023-4339,PO-2023-4339,2021-02-10,18.58,A,0.0,,1242520.85
GR-2023-4340,PO-2023-4340,2022-05-29,38.08,A,0.0,,2688071.15
GR-2023-4341,PO-2023-4341,2021-08-28,2.81,B,0.0,,275393.95
GR-2023-4342,PO-2023-4342,2021-05-25,21.4,A,0.0,,1018471.27
GR-2023-4343,PO-2023-4343,2021-10-16,28.35,A,0.0,,2813763.84
GR-2023-4344,PO-2023-4344,2022-06-28,30.29,A,0.0,,3325842.53
GR-2023-4345,PO-2023-4345,2022-04-07,25.75,A,0.0,,2548964.63
GR-2023-4346,PO-2023-4346,2023-10-15,6.22,A,0.0,,551284.34
GR-2023-4347,PO-2023-4347,2021-07-17,12.75,B,0.0,,1445374.15
GR-2023-4348,PO-2023-4348,2023-05-05,34.0,A,0.0,,2158547.53
GR-2023-4349,PO-2023-4349,2021-03-04,47.0,A,0.0,,5483643.65
GR-2023-4350,PO-2023-4350,2021-10-18,18.75,B,0.0,,1952211.07
GR-2023-4351,PO-2023-4351,2022-10-13,17.21,A,0.0,,1894346.6
GR-2023-4352,PO-2023-4352,2021-12-13,15.06,B,0.0,,729392.96
GR-2023-4353,PO-2023-4353,2021-10-25,20.14,A,0.0,,982726.98
GR-2023-4354,PO-2023-4354,2023-03-02,5.16,A,0.0,,243862.28
GR-2023-4355,PO-2023-4355,2022-12-01,40.98,A,0.0,,3399085.38
GR-2023-4356,PO-2023-4356,2023-04-07,43.95,B,0.0,,4284820.64
GR-2023-4357,PO-2023-4357,2022-05-07,42.3,A,0.0,,4801584.71
GR-2023-4358,PO-2023-4358,2022-02-19,45.07,A,0.0,,2239086.52
GR-2023-4359,PO-2023-4359,2021-04-25,4.2,B,0.0,,331008.29
GR-2023-4360,PO-2023-4360,2021-01-23,47.94,B,0.0,,2807189.07
GR-2023-4361,PO-2023-4361,2022-04-30,4.13,A,0.0,,356851.62
GR-2023-4362,PO-2023-4362,2022-01-10,3.4,A,0.0,,221234.36
GR-2023-4363,PO-2023-4363,2023-07-09,5.34,A,0.0,,548810.92
GR-2023-4364,PO-2023-4364,2021-12-20,39.56,A,0.0,,2029130.78
GR-2023-4365,PO-2023-4365,2023-06-13,18.02,B,0.0,,2149284.84
GR-2023-4366,PO-2023-4366,2022-09-23,38.49,A,0.0,,4198263.89
GR-2023-4367,PO-2023-4367,2022-04-11,2.78,A,0.0,,197835.53
GR-2023-4368,PO-2023-4368,2022-03-17,43.11,A,0.0,,3348885.25
GR-2023-4369,PO-2023-4369,2023-07-20,48.81,A,0.0,,2550808.17
GR-2023-4370,PO-2023-4370,2021-09-26,33.5,A,0.0,,3049186.45
GR-2023-4371,PO-2023-4371,2023-05-02,37.88,A,0.0,,2012295.33
GR-2023-4372,PO-2023-4372,2023-10-02,34.61,A,0.0,,1823070.02
GR-2023-4373,PO-2023-4373,2023-09-16,33.01,B,0.0,,2849590.17
GR-2023-4374,PO-2023-4374,2023-05-04,27.49,B,0.0,,3127693.49
GR-2023-4375,PO-2023-4375,2023-01-19,36.44,A,0.0,,2743647.4
GR-2023-4376,PO-2023-4376,2021-12-06,9.41,B,0.0,,536173.68
GR-2023-4377,PO-2023-4377,2023-06-09,26.01,A,0.0,,2539006.88
GR-2023-4378,PO-2023-4378,2022-02-11,5.19,A,0.0,,388117.65
GR-2023-4379,PO-2023-4379,2022-01-03,43.8,C,2.06,Dimensional deviation,4306086.47
GR-2023-4380,PO-2023-4380,2021-01-12,29.39,B,0.0,,1860039.88
GR-2023-4381,PO-2023-4381,2021-08-17,17.69,A,0.0,,1431637.04
GR-2023-4382,PO-2023-4382,2021-11-19,48.74,A,0.0,,5250177.08
GR-2023-4383,PO-2023-4383,2022-09-09,42.05,A,0.0,,4773431.95
GR-2023-4384,PO-2023-4384,2024-01-11,2.42,A,0.0,,123056.5
GR-2023-4385,PO-2023-4385,2022-08-30,6.32,B,0.0,,738026.1
GR-2023-4386,PO-2023-4386,2022-11-14,29.52,A,0.0,,2596685.27
GR-2023-4387,PO-2023-4387,2023-01-03,40.13,A,0.0,,3426120.86
GR-2023-4388,PO-2023-4388,2021-06-30,26.63,B,0.0,,1282751.84
GR-2023-4389,PO-2023-4389,2023-01-25,34.65,C,0.69,Dimensional deviation,2212673.6
GR-2023-4390,PO-2023-4390,2022-01-17,28.33,A,0.0,,3182723.82
GR-2023-4391,PO-2023-4391,2023-08-22,32.47,A,0.0,,3347951.87
GR-2023-4392,PO-2023-4392,2022-02-14,5.94,A,0.0,,662519.06
GR-2023-4393,PO-2023-4393,2021-02-08,20.05,B,0.0,,1854891.11
GR-2023-4394,PO-2023-4394,2022-07-26,20.64,A,0.0,,1927159.18
GR-2023-4395,PO-2023-4395,2021-11-19,11.57,B,0.31,Dimensional deviation,746535.27
GR-2023-4396,PO-2023-4396,2022-03-13,1.76,A,0.0,,101971.66
GR-2023-4397,PO-2023-4397,2021-02-07,1.96,A,0.0,,108758.99
GR-2023-4398,PO-2023-4398,2022-01-01,7.79,A,0.0,,762499.52
GR-2023-4399,PO-2023-4399,2023-07-27,23.91,A,0.0,,2507733.57
GR-2023-4400,PO-2023-4400,2022-08-19,25.09,A,0.0,,2616963.03
GR-2023-4401,PO-2023-4401,2022-07-31,47.05,B,0.0,,5544782.35
GR-2023-4402,PO-2023-4402,2023-04-27,3.41,A,0.0,,252950.8
GR-2023-4403,PO-2023-4403,2022-03-13,13.38,A,0.0,,977541.12
GR-2023-4404,PO-2023-4404,2022-11-21,19.55,A,0.0,,1517463.0
GR-2023-4405,PO-2023-4405,2023-05-17,10.68,A,0.0,,1084431.42
GR-2023-4406,PO-2023-4406,2023-11-19,28.48,A,0.0,,3114703.99
GR-2023-4407,PO-2023-4407,2023-01-01,42.79,B,0.0,,4605713.79
GR-2023-4408,PO-2023-4408,2023-06-15,26.22,B,0.0,,1661347.44
GR-2023-4409,PO-2023-4409,2023-08-15,26.66,A,0.0,,1210662.37
GR-2023-4410,PO-2023-4410,2022-09-06,38.87,A,0.0,,3646295.87
GR-2023-4411,PO-2023-4411,2022-04-04,12.82,A,0.0,,1530104.14
GR-2023-4412,PO-2023-4412,2022-12-01,2.07,C,0.04,Dimensional deviation,224110.35
GR-2023-4413,PO-2023-4413,2022-10-21,49.58,A,0.0,,2356758.41
GR-2023-4414,PO-2023-4414,2023-12-31,23.7,A,0.0,,2370080.76
GR-2023-4415,PO-2023-4415,2021-05-02,14.6,B,0.0,,1677890.31
GR-2023-4416,PO-2023-4416,2022-02-21,22.3,B,0.15,Dimensional deviation,2704336.99
GR-2023-4417,PO-2023-4417,2021-11-01,31.95,A,0.0,,3665563.29
GR-2023-4418,PO-2023-4418,2021-01-17,46.04,B,0.0,,2305770.43
GR-2023-4419,PO-2023-4419,2022-12-04,18.31,B,0.0,,1757856.17
GR-2023-4420,PO-2023-4420,2021-01-24,2.12,B,0.0,,125402.39
GR-2023-4421,PO-2023-4421,2021-07-20,17.69,A,0.0,,1985439.68
GR-2023-4422,PO-2023-4422,2023-08-23,41.38,A,0.0,,4192590.12
GR-2023-4423,PO-2023-4423,2022-11-15,39.69,B,0.0,,3982599.7
GR-2023-4424,PO-2023-4424,2021-08-26,33.16,A,0.0,,2926735.8
GR-2023-4425,PO-2023-4425,2021-12-18,9.97,B,0.0,,799517.0
GR-2023-4426,PO-2023-4426,2021-11-13,45.01,B,0.0,,4787853.58
GR-2023-4427,PO-2023-4427,2021-08-23,18.71,B,0.0,,1161674.19
GR-2023-4428,PO-2023-4428,2023-01-02,17.71,B,0.0,,906599.28
GR-2023-4429,PO-2023-4429,2023-06-09,29.01,B,0.81,Dimensional deviation,2137348.71
GR-2023-4430,PO-2023-4430,2023-09-18,41.5,B,0.0,,2848197.84
GR-2023-4431,PO-2023-4431,2022-04-09,46.19,A,0.0,,3532294.83
GR-2023-4432,PO-2023-4432,2022-01-25,23.19,A,0.0,,1482827.04
GR-2023-4433,PO-2023-4433,2023-03-11,42.36,A,0.0,,4036360.8
GR-2023-4434,PO-2023-4434,2023-02-14,38.07,A,0.0,,2462032.07
GR-2023-4435,PO-2023-4435,2022-01-04,26.05,B,0.0,,2209505.1
GR-2023-4436,PO-2023-4436,2023-06-30,1.68,A,0.0,,154817.05
GR-2023-4437,PO-2023-4437,2023-05-22,30.28,A,0.0,,2364942.58
GR-2023-4438,PO-2023-4438,2022-05-03,22.32,A,0.0,,1834758.52
GR-2023-4439,PO-2023-4439,2022-10-13,35.62,A,0.0,,3557071.44
GR-2023-4440,PO-2023-4440,2021-10-27,22.52,A,0.0,,2163046.94
GR-2023-4441,PO-2023-4441,2022-01-02,39.02,A,0.0,,4208395.3
GR-2023-4442,PO-2023-4442,2023-12-31,24.75,B,0.08,Dimensional deviation,2895777.54
GR-2023-4443,PO-2023-4443,2022-08-30,8.05,B,0.0,,735554.26
GR-2023-4444,PO-2023-4444,2023-04-15,3.25,A,0.0,,312843.1
GR-2023-4445,PO-2023-4445,2022-01-06,13.04,A,0.0,,718047.5
GR-2023-4446,PO-2023-4446,2023-02-04,23.7,A,0.0,,2158814.39
GR-2023-4447,PO-2023-4447,2021-08-30,29.81,A,0.0,,3027016.04
GR-2023-4448,PO-2023-4448,2022-06-30,26.45,B,0.0,,2603057.58
GR-2023-4449,PO-2023-4449,2022-09-20,44.03,B,0.0,,3228254.03
GR-2023-4450,PO-2023-4450,2021-07-06,31.94,B,1.07,Dimensional deviation,3102620.32
GR-2023-4451,PO-2023-4451,2021-09-13,1.76,B,0.0,,99174.52
GR-2023-4452,PO-2023-4452,2021-09-02,20.06,B,0.0,,2083755.74
GR-2023-4453,PO-2023-4453,2021-05-21,42.63,A,0.0,,3577278.36
GR-2023-4454,PO-2023-4454,2021-10-31,36.55,A,0.0,,3008564.62
GR-2023-4455,PO-2023-4455,2021-11-28,30.02,A,0.0,,1909629.35
GR-2023-4456,PO-2023-4456,2021-06-21,11.56,A,0.0,,928210.91
GR-2023-4457,PO-2023-4457,2023-10-02,18.53,B,0.0,,1624133.94
GR-2023-4458,PO-2023-4458,2023-07-28,22.64,B,0.0,,1515983.68
GR-2023-4459,PO-2023-4459,2021-06-18,3.74,B,0.0,,247169.87
GR-2023-4460,PO-2023-4460,2021-02-11,7.24,B,0.15,Dimensional deviation,721251.82
GR-2023-4461,PO-2023-4461,2023-12-09,25.03,A,0.0,,2294234.14
GR-2023-4462,PO-2023-4462,2022-10-07,9.29,B,0.0,,641116.83
GR-2023-4463,PO-2023-4463,2023-07-23,12.56,A,0.0,,1308432.0
GR-2023-4464,PO-2023-4464,2021-02-02,20.81,A,0.0,,2031393.63
GR-2023-4465,PO-2023-4465,2022-12-21,27.02,A,0.0,,2709081.03
GR-2023-4466,PO-2023-4466,2023-05-31,3.18,B,0.0,,356163.31
GR-2023-4467,PO-2023-4467,2021-10-06,4.51,B,0.0,,497683.33
GR-2023-4468,PO-2023-4468,2021-08-08,14.76,B,0.0,,730737.78
GR-2023-4469,PO-2023-4469,2022-10-14,1.14,A,0.0,,71394.34
GR-2023-4470,PO-2023-4470,2021-12-28,9.45,A,0.0,,978857.06
GR-2023-4471,PO-2023-4471,2022-02-22,26.51,A,0.0,,2643689.52
GR-2023-4472,PO-2023-4472,2023-05-07,41.94,B,0.0,,2651502.62
GR-2023-4473,PO-2023-4473,2021-07-08,37.14,B,0.0,,3346848.79
GR-2023-4474,PO-2023-4474,2023-11-17,21.85,A,0.0,,1293320.74
GR-2023-4475,PO-2023-4475,2021-02-24,4.92,B,0.0,,483134.75
GR-2023-4476,PO-2023-4476,2021-04-23,23.16,A,0.0,,1812595.76
GR-2023-4477,PO-2023-4477,2023-01-23,41.98,B,0.0,,2904162.24
GR-2023-4478,PO-2023-4478,2022-03-25,26.9,A,0.0,,1375302.17
GR-2023-4479,PO-2023-4479,2021-06-24,18.67,A,0.0,,2155926.2
GR-2023-4480,PO-2023-4480,2023-09-02,17.78,A,0.0,,1325415.6
GR-2023-4481,PO-2023-4481,2022-01-30,25.22,A,0.0,,1595085.31
GR-2023-4482,PO-2023-4482,2021-09-07,21.21,A,0.0,,1187112.95
GR-2023-4483,PO-2023-4483,2022-05-26,6.19,B,0.0,,626129.4
GR-2023-4484,PO-2023-4484,2023-03-02,11.64,B,0.0,,549603.07
GR-2023-4485,PO-2023-4485,2023-10-23,5.8,B,0.0,,499561.45
GR-2023-4486,PO-2023-4486,2023-09-26,8.8,C,0.17,Dimensional deviation,526833.96
GR-2023-4487,PO-2023-4487,2022-08-27,15.75,A,0.0,,1643098.24
GR-2023-4488,PO-2023-4488,2022-01-04,11.0,B,0.0,,677031.66
GR-2023-4489,PO-2023-4489,2021-08-24,21.36,A,0.0,,1117780.87
GR-2023-4490,PO-2023-4490,2021-12-28,10.08,A,0.0,,841020.67
GR-2023-4491,PO-2023-4491,2023-04-06,44.1,A,0.0,,3387473.79
GR-2023-4492,PO-2023-4492,2021-03-12,16.23,B,0.0,,1396266.95
GR-2023-4493,PO-2023-4493,2023-03-19,46.38,A,0.0,,2842473.0
GR-2023-4494,PO-2023-4494,2022-05-02,14.54,A,0.0,,900238.49
GR-2023-4495,PO-2023-4495,2022-04-23,34.71,A,0.0,,1772067.1
GR-2023-4496,PO-2023-4496,2022-01-12,33.36,A,0.0,,1923006.34
GR-2023-4497,PO-2023-4497,2023-03-06,14.61,B,0.0,,711106.66
GR-2023-4498,PO-2023-4498,2021-04-25,29.11,A,0.0,,1502178.58
GR-2023-4499,PO-2023-4499,2021-12-29,8.62,B,0.0,,703768.95
GR-2023-4500,PO-2023-4500,2022-02-11,27.06,A,0.0,,2141616.86
GR-2023-4501,PO-2023-4501,2023-04-13,17.27,B,0.0,,1367900.48
GR-2023-4502,PO-2023-4502,2023-12-13,44.59,A,0.0,,3972953.4
GR-2023-4503,PO-2023-4503,2021-05-07,46.16,A,0.0,,2565997.96
GR-2023-4504,PO-2023-4504,2021-09-21,27.71,A,0.0,,2101950.73
GR-2023-4505,PO-2023-4505,2023-05-20,36.8,A,0.0,,3212245.33
GR-2023-4506,PO-2023-4506,2021-08-15,4.74,B,0.0,,290228.03
GR-2023-4507,PO-2023-4507,2022-10-08,5.6,A,0.0,,426356.36
GR-2023-4508,PO-2023-4508,2021-12-17,41.73,A,0.0,,3288245.7
GR-2023-4509,PO-2023-4509,2023-05-05,29.96,A,0.0,,2741563.84
GR-2023-4510,PO-2023-4510,2023-10-05,5.31,A,0.0,,577471.08
GR-2023-4511,PO-2023-4511,2023-12-27,26.73,A,0.0,,3133052.37
GR-2023-4512,PO-2023-4512,2021-04-13,32.35,A,0.0,,1494569.23
GR-2023-4513,PO-2023-4513,2023-05-31,10.18,A,0.0,,985549.62
GR-2023-4514,PO-2023-4514,2021-09-02,40.24,A,0.0,,3904144.47
GR-2023-4515,PO-2023-4515,2021-09-12,23.97,B,0.0,,2634151.99
GR-2023-4516,PO-2023-4516,2022-07-13,15.74,B,0.22,Dimensional deviation,1519849.6
GR-2023-4517,PO-2023-4517,2022-05-20,30.44,A,0.0,,3084482.06
GR-2023-4518,PO-2023-4518,2023-12-01,11.95,A,0.0,,1167302.35
GR-2023-4519,PO-2023-4519,2021-09-20,42.68,A,0.0,,5119008.9
GR-2023-4520,PO-2023-4520,2021-11-17,39.06,B,0.0,,4372982.05
GR-2023-4521,PO-2023-4521,2023-06-24,41.52,A,0.0,,4082144.84
GR-2023-4522,PO-2023-4522,2022-10-29,41.7,A,0.0,,4597768.84
GR-2023-4523,PO-2023-4523,2021-08-22,20.36,B,0.89,Dimensional deviation,1037969.23
GR-2023-4524,PO-2023-4524,2023-03-29,18.46,A,0.0,,970107.17
GR-2023-4525,PO-2023-4525,2022-06-16,5.55,B,0.0,,415636.93
GR-2023-4526,PO-2023-4526,2021-05-01,44.8,A,0.0,,4711494.84
GR-2023-4527,PO-2023-4527,2023-04-15,38.6,A,0.0,,3571822.38
GR-2023-4528,PO-2023-4528,2023-06-10,43.8,B,0.0,,3910246.73
GR-2023-4529,PO-2023-4529,2021-10-20,28.37,B,0.0,,2890111.21
GR-2023-4530,PO-2023-4530,2022-01-05,24.67,A,0.0,,2548748.45
GR-2023-4531,PO-2023-4531,2022-11-12,20.6,A,0.0,,1027451.09
GR-2023-4532,PO-2023-4532,2022-03-28,46.77,A,0.0,,3693823.18
GR-2023-4533,PO-2023-4533,2021-10-10,32.97,B,0.0,,3252484.92
GR-2023-4534,PO-2023-4534,2022-01-19,32.82,A,0.0,,3072538.04
GR-2023-4535,PO-2023-4535,2022-07-14,43.69,B,0.0,,4761099.5
GR-2023-4536,PO-2023-4536,2021-05-14,10.06,A,0.0,,629772.5
GR-2023-4537,PO-2023-4537,2022-10-11,44.39,A,0.0,,2345816.09
GR-2023-4538,PO-2023-4538,2022-10-15,8.85,B,0.03,Dimensional deviation,980740.81
GR-2023-4539,PO-2023-4539,2022-07-26,8.68,B,0.0,,574540.26
GR-2023-4540,PO-2023-4540,2023-01-31,22.31,A,0.0,,1606302.06
GR-2023-4541,PO-2023-4541,2021-09-11,33.01,A,0.0,,3935072.83
GR-2023-4542,PO-2023-4542,2022-07-24,6.04,A,0.0,,496852.98
GR-2023-4543,PO-2023-4543,2021-05-30,2.9,A,0.0,,198835.82
GR-2023-4544,PO-2023-4544,2021-10-14,49.44,A,0.0,,4770176.92
GR-2023-4545,PO-2023-4545,2021-05-12,19.77,A,0.0,,1008562.23
GR-2023-4546,PO-2023-4546,2021-06-04,16.49,A,0.0,,1144808.54
GR-2023-4547,PO-2023-4547,2022-01-20,30.76,B,1.33,Dimensional deviation,1937379.49
GR-2023-4548,PO-2023-4548,2023-03-06,29.45,A,0.0,,3407664.84
GR-2023-4549,PO-2023-4549,2021-12-28,12.42,B,0.0,,1061916.03
GR-2023-4550,PO-2023-4550,2022-06-15,31.42,A,0.0,,2708554.39
GR-2023-4551,PO-2023-4551,2022-02-04,39.29,A,0.0,,2675202.57
GR-2023-4552,PO-2023-4552,2021-11-20,18.87,B,0.75,Dimensional deviation,1941727.7
GR-2023-4553,PO-2023-4553,2022-02-02,10.31,A,0.0,,1093480.31
GR-2023-4554,PO-2023-4554,2023-11-30,13.6,B,0.0,,1094897.14
GR-2023-4555,PO-2023-4555,2023-12-21,45.07,A,0.0,,2897703.93
GR-2023-4556,PO-2023-4556,2023-11-14,40.74,A,0.0,,2372563.68
GR-2023-4557,PO-2023-4557,2022-01-08,28.0,B,0.0,,1993433.43
GR-2023-4558,PO-2023-4558,2022-07-16,41.18,A,0.0,,1922945.73
GR-2023-4559,PO-2023-4559,2021-12-11,30.6,B,0.0,,3420136.84
GR-2023-4560,PO-2023-4560,2021-01-28,40.16,A,0.0,,3663048.31
GR-2023-4561,PO-2023-4561,2022-08-16,16.77,B,0.0,,877641.02
GR-2023-4562,PO-2023-4562,2023-04-23,13.64,B,0.0,,742896.97
GR-2023-4563,PO-2023-4563,2023-12-23,2.83,B,0.0,,253878.51
GR-2023-4564,PO-2023-4564,2022-12-04,27.84,A,0.0,,3250547.53
GR-2023-4565,PO-2023-4565,2022-08-03,32.04,B,0.53,Dimensional deviation,2932682.63
GR-2023-4566,PO-2023-4566,2023-06-04,30.78,B,0.0,,1992129.56
GR-2023-4567,PO-2023-4567,2023-04-23,35.3,A,0.0,,3853566.03
GR-2023-4568,PO-2023-4568,2023-06-14,42.26,B,0.0,,3889908.42
GR-2023-4569,PO-2023-4569,2021-07-02,39.74,A,0.0,,2589876.39
GR-2023-4570,PO-2023-4570,2023-07-18,20.03,B,0.0,,2167486.94
GR-2023-4571,PO-2023-4571,2023-06-19,32.75,A,0.0,,1673504.8
GR-2023-4572,PO-2023-4572,2023-11-17,34.62,B,0.0,,2556627.62
GR-2023-4573,PO-2023-4573,2022-08-31,10.96,A,0.0,,1069734.21
GR-2023-4574,PO-2023-4574,2023-06-17,1.9,A,0.0,,225820.01
GR-2023-4575,PO-2023-4575,2022-11-11,38.99,A,0.0,,2972637.85
GR-2023-4576,PO-2023-4576,2022-05-02,16.09,A,0.0,,895548.35
GR-2023-4577,PO-2023-4577,2022-07-15,21.46,B,0.11,Dimensional deviation,1863991.22
GR-2023-4578,PO-2023-4578,2021-12-17,7.04,A,0.0,,828980.17
GR-2023-4579,PO-2023-4579,2022-11-18,27.22,A,0.0,,3024611.27
GR-2023-4580,PO-2023-4580,2023-06-16,41.68,B,1.43,Dimensional deviation,3081192.6
GR-2023-4581,PO-2023-4581,2021-06-04,26.29,A,0.0,,1753965.62
GR-2023-4582,PO-2023-4582,2023-04-20,10.49,A,0.0,,884158.4
GR-2023-4583,PO-2023-4583,2021-02-16,38.55,A,0.0,,4211246.83
GR-2023-4584,PO-2023-4584,2023-07-04,5.12,A,0.0,,540100.81
GR-2023-4585,PO-2023-4585,2022-03-14,32.31,B,0.0,,2689477.69
GR-2023-4586,PO-2023-4586,2021-11-11,18.15,A,0.0,,1329377.19
GR-2023-4587,PO-2023-4587,2021-04-16,16.95,A,0.0,,954818.24
GR-2023-4588,PO-2023-4588,2023-05-30,15.85,B,0.0,,1050901.28
GR-2023-4589,PO-2023-4589,2022-06-28,39.18,A,0.0,,2878307.64
GR-2023-4590,PO-2023-4590,2022-05-22,27.13,A,0.0,,2610969.39
GR-2023-4591,PO-2023-4591,2022-02-18,22.37,B,0.0,,1727914.5
GR-2023-4592,PO-2023-4592,2021-04-16,41.7,A,0.0,,4688413.74
GR-2023-4593,PO-2023-4593,2022-08-13,23.61,B,0.0,,1821115.46
GR-2023-4594,PO-2023-4594,2023-05-10,12.96,B,0.0,,968347.31
GR-2023-4595,PO-2023-4595,2022-10-19,29.94,B,1.24,Dimensional deviation,3661720.22
GR-2023-4596,PO-2023-4596,2023-10-06,39.35,B,0.0,,4626912.47
GR-2023-4597,PO-2023-4597,2022-07-30,45.73,C,0.1,Dimensional deviation,5288862.57
GR-2023-4598,PO-2023-4598,2022-11-28,42.49,B,0.0,,3340015.81
GR-2023-4599,PO-2023-4599,2022-06-18,24.24,A,0.0,,1944692.52
GR-2023-4600,PO-2023-4600,2023-09-13,13.36,B,0.52,Dimensional deviation,818739.85
GR-2023-4601,PO-2023-4601,2023-05-24,4.94,A,0.0,,444301.9
GR-2023-4602,PO-2023-4602,2022-03-02,4.7,B,0.0,,480466.68
GR-2023-4603,PO-2023-4603,2022-03-05,31.44,B,0.0,,1553983.76
GR-2023-4604,PO-2023-4604,2021-04-14,39.68,A,0.0,,2919260.9
GR-2023-4605,PO-2023-4605,2023-11-11,37.42,A,0.0,,3719113.5
GR-2023-4606,PO-2023-4606,2022-05-23,32.99,B,0.0,,2537235.34
GR-2023-4607,PO-2023-4607,2022-12-18,41.52,B,0.13,Dimensional deviation,2470509.65
GR-2023-4608,PO-2023-4608,2023-06-16,41.52,B,1.83,Dimensional deviation,2146819.09
GR-2023-4609,PO-2023-4609,2021-03-10,3.91,A,0.0,,249849.62
GR-2023-4610,PO-2023-4610,2023-01-26,4.84,A,0.0,,469031.96
GR-2023-4611,PO-2023-4611,2023-11-01,49.27,B,0.0,,2559396.25
GR-2023-4612,PO-2023-4612,2022-10-24,37.64,A,0.0,,2961930.84
GR-2023-4613,PO-2023-4613,2023-04-16,16.28,B,0.0,,1107409.68
GR-2023-4614,PO-2023-4614,2023-06-02,32.3,A,0.0,,3041779.98
GR-2023-4615,PO-2023-4615,2023-10-05,36.23,A,0.0,,3630303.57
GR-2023-4616,PO-2023-4616,2023-04-05,44.17,A,0.0,,4355224.08
GR-2023-4617,PO-2023-4617,2023-02-16,20.76,B,0.0,,2461603.25
GR-2023-4618,PO-2023-4618,2023-02-22,32.18,A,0.0,,1625256.95
GR-2023-4619,PO-2023-4619,2021-12-19,1.17,B,0.0,,69072.54
GR-2023-4620,PO-2023-4620,2022-01-24,45.23,A,0.0,,4967526.18
GR-2023-4621,PO-2023-4621,2022-07-29,31.41,B,0.0,,2417557.39
GR-2023-4622,PO-2023-4622,2021-05-25,18.34,B,0.0,,1124631.79
GR-2023-4623,PO-2023-4623,2024-01-08,2.58,B,0.0,,209861.1
GR-2023-4624,PO-2023-4624,2022-05-25,29.84,A,0.0,,1550560.92
GR-2023-4625,PO-2023-4625,2023-10-29,13.77,A,0.0,,930705.4
GR-2023-4626,PO-2023-4626,2021-09-24,16.94,A,0.0,,1102218.26
GR-2023-4627,PO-2023-4627,2021-02-12,39.18,A,0.0,,3191482.2
GR-2023-4628,PO-2023-4628,2023-01-18,45.85,A,0.0,,4410257.84
GR-2023-4629,PO-2023-4629,2023-04-25,46.1,A,0.0,,5092162.47
GR-2023-4630,PO-2023-4630,2022-09-22,5.41,B,0.0,,326645.41
GR-2023-4631,PO-2023-4631,2021-06-17,1.41,B,0.0,,101743.87
GR-2023-4632,PO-2023-4632,2022-02-12,38.81,A,0.0,,3305683.56
GR-2023-4633,PO-2023-4633,2022-12-24,38.85,B,0.0,,2823135.63
GR-2023-4634,PO-2023-4634,2021-09-14,30.35,B,0.0,,2159483.77
GR-2023-4635,PO-2023-4635,2021-05-03,35.34,A,0.0,,3409744.44
GR-2023-4636,PO-2023-4636,2021-12-20,18.62,A,0.0,,1568318.83
GR-2023-4637,PO-2023-4637,2023-02-23,37.78,A,0.0,,2224938.47
GR-2023-4638,PO-2023-4638,2022-03-09,16.1,B,0.0,,1659165.28
GR-2023-4639,PO-2023-4639,2021-07-14,48.42,B,1.03,Dimensional deviation,6042198.17
GR-2023-4640,PO-2023-4640,2022-06-18,13.7,A,0.0,,1339425.85
GR-2023-4641,PO-2023-4641,2022-10-13,34.53,B,0.0,,3849825.5
GR-2023-4642,PO-2023-4642,2023-08-11,42.14,A,0.0,,4224871.54
GR-2023-4643,PO-2023-4643,2021-12-30,16.4,A,0.0,,1319587.83
GR-2023-4644,PO-2023-4644,2022-09-05,15.41,B,0.0,,1163582.62
GR-2023-4645,PO-2023-4645,2022-06-01,44.05,A,0.0,,3173914.44
GR-2023-4646,PO-2023-4646,2021-05-09,11.87,A,0.0,,707866.61
GR-2023-4647,PO-2023-4647,2022-10-11,22.0,B,0.36,Dimensional deviation,2035820.62
GR-2023-4648,PO-2023-4648,2021-08-09,18.51,A,0.0,,1608928.7
GR-2023-4649,PO-2023-4649,2022-10-13,20.76,A,0.0,,2259514.27
GR-2023-4650,PO-2023-4650,2022-05-18,49.39,A,0.0,,3348426.27
GR-2023-4651,PO-2023-4651,2022-01-24,20.78,A,0.0,,1904569.35
GR-2023-4652,PO-2023-4652,2022-07-05,3.67,A,0.0,,251633.11
GR-2023-4653,PO-2023-4653,2021-08-14,48.25,A,0.0,,5533220.4
GR-2023-4654,PO-2023-4654,2023-03-09,1.85,B,0.0,,207455.06
GR-2023-4655,PO-2023-4655,2024-01-01,33.43,A,0.0,,1846370.96
GR-2023-4656,PO-2023-4656,2021-09-15,7.91,A,0.0,,847058.89
GR-2023-4657,PO-2023-4657,2021-11-14,18.44,B,0.0,,1712204.53
GR-2023-4658,PO-2023-4658,2023-02-27,2.49,B,0.0,,148195.99
GR-2023-4659,PO-2023-4659,2023-10-21,1.53,A,0.0,,134985.2
GR-2023-4660,PO-2023-4660,2023-01-03,38.14,A,0.0,,3301837.39
GR-2023-4661,PO-2023-4661,2021-04-24,8.07,B,0.0,,394765.42
GR-2023-4662,PO-2023-4662,2023-08-12,17.55,B,0.0,,1446496.41
GR-2023-4663,PO-2023-4663,2022-06-17,23.68,B,0.0,,1282985.25
GR-2023-4664,PO-2023-4664,2023-01-04,17.24,A,0.0,,1958762.72
GR-2023-4665,PO-2023-4665,2021-04-06,43.99,A,0.0,,4665150.18
GR-2023-4666,PO-2023-4666,2021-11-08,1.77,B,0.0,,130843.79
GR-2023-4667,PO-2023-4667,2021-03-16,13.48,C,0.38,Dimensional deviation,1100295.24
GR-2023-4668,PO-2023-4668,2022-09-24,22.98,B,0.0,,2434598.52
GR-2023-4669,PO-2023-4669,2022-12-19,13.17,B,0.03,Dimensional deviation,724984.18
GR-2023-4670,PO-2023-4670,2023-11-09,20.04,A,0.0,,1951999.02
GR-2023-4671,PO-2023-4671,2021-03-23,17.02,A,0.0,,1851321.67
GR-2023-4672,PO-2023-4672,2021-10-16,28.21,A,0.0,,2406999.47
GR-2023-4673,PO-2023-4673,2023-07-08,21.73,A,0.0,,2593381.09
GR-2023-4674,PO-2023-4674,2022-05-13,20.05,A,0.0,,2347826.29
GR-2023-4675,PO-2023-4675,2021-10-06,44.12,B,0.0,,5296355.06
GR-2023-4676,PO-2023-4676,2022-02-15,46.0,A,0.0,,3747487.6
GR-2023-4677,PO-2023-4677,2022-07-30,37.75,A,0.0,,3457505.36
GR-2023-4678,PO-2023-4678,2023-11-24,17.11,A,0.0,,1747167.5
GR-2023-4679,PO-2023-4679,2022-06-26,36.71,A,0.0,,3198449.37
GR-2023-4680,PO-2023-4680,2022-08-26,29.63,A,0.0,,3032146.12
GR-2023-4681,PO-2023-4681,2023-08-13,12.39,A,0.0,,970005.88
GR-2023-4682,PO-2023-4682,2022-05-12,47.75,B,0.0,,3625011.93
GR-2023-4683,PO-2023-4683,2021-05-08,7.16,B,0.0,,716287.79
GR-2023-4684,PO-2023-4684,2021-02-01,37.96,A,0.0,,2876494.76
GR-2023-4685,PO-2023-4685,2023-12-31,19.5,B,0.0,,1855310.56
GR-2023-4686,PO-2023-4686,2021-12-15,33.51,A,0.0,,3701106.45
GR-2023-4687,PO-2023-4687,2023-12-20,45.02,B,0.0,,4605762.34
GR-2023-4688,PO-2023-4688,2023-12-25,12.97,B,0.0,,791248.57
GR-2023-4689,PO-2023-4689,2023-11-27,21.9,A,0.0,,2183394.22
GR-2023-4690,PO-2023-4690,2023-05-29,32.31,A,0.0,,2672173.64
GR-2023-4691,PO-2023-4691,2023-04-06,39.96,A,0.0,,2473627.83
GR-2023-4692,PO-2023-4692,2022-08-07,17.37,A,0.0,,886551.05
GR-2023-4693,PO-2023-4693,2022-03-03,16.77,B,0.0,,1190212.3
GR-2023-4694,PO-2023-4694,2022-11-19,34.98,B,0.0,,2881922.0
GR-2023-4695,PO-2023-4695,2023-08-11,47.9,A,0.0,,2410666.54
GR-2023-4696,PO-2023-4696,2022-08-27,34.17,B,0.0,,4096579.26
GR-2023-4697,PO-2023-4697,2023-06-11,38.08,A,0.0,,4130377.01
GR-2023-4698,PO-2023-4698,2021-09-11,13.47,A,0.0,,840500.13
GR-2023-4699,PO-2023-4699,2023-04-27,4.52,B,0.0,,325545.19
GR-2023-4700,PO-2023-4700,2023-06-27,30.94,A,0.0,,2416272.58
GR-2023-4701,PO-2023-4701,2023-06-02,45.52,A,0.0,,2230183.61
GR-2023-4702,PO-2023-4702,2023-01-05,3.97,B,0.0,,212544.51
GR-2023-4703,PO-2023-4703,2022-02-12,36.62,C,1.34,Dimensional deviation,2760756.71
GR-2023-4704,PO-2023-4704,2021-12-04,7.73,B,0.19,Dimensional deviation,708594.91
GR-2023-4705,PO-2023-4705,2022-03-21,24.49,A,0.0,,1856260.63
GR-2023-4706,PO-2023-4706,2023-12-06,32.93,B,0.0,,1611436.67
GR-2023-4707,PO-2023-4707,2023-11-13,1.34,C,0.06,Dimensional deviation,87794.76
GR-2023-4708,PO-2023-4708,2021-01-20,43.23,B,0.0,,3400226.75
GR-2023-4709,PO-2023-4709,2023-02-12,20.46,A,0.0,,2081925.54
GR-2023-4710,PO-2023-4710,2022-12-18,14.31,A,0.0,,1594769.04
GR-2023-4711,PO-2023-4711,2022-05-29,2.97,B,0.0,,335369.46
GR-2023-4712,PO-2023-4712,2022-07-13,25.07,A,0.0,,1229241.69
GR-2023-4713,PO-2023-4713,2022-03-14,31.53,A,0.0,,1570236.23
GR-2023-4714,PO-2023-4714,2021-11-26,20.93,B,0.0,,2111757.73
GR-2023-4715,PO-2023-4715,2021-11-16,36.98,B,0.0,,2147975.83
GR-2023-4716,PO-2023-4716,2023-01-15,28.27,B,0.0,,3100750.34
GR-2023-4717,PO-2023-4717,2023-10-23,43.43,A,0.0,,3779709.62
GR-2023-4718,PO-2023-4718,2021-12-07,21.39,B,0.0,,1313384.65
GR-2023-4719,PO-2023-4719,2023-02-13,32.39,A,0.0,,2108748.43
GR-2023-4720,PO-2023-4720,2023-03-27,28.38,A,0.0,,2942827.64
GR-2023-4721,PO-2023-4721,2023-09-27,33.44,B,0.0,,3769752.29
GR-2023-4722,PO-2023-4722,2021-07-30,23.2,B,0.0,,1706845.77
GR-2023-4723,PO-2023-4723,2021-11-25,5.67,A,0.0,,387665.09
GR-2023-4724,PO-2023-4724,2021-12-15,33.8,A,0.0,,2620449.7
GR-2023-4725,PO-2023-4725,2022-01-15,26.11,B,0.0,,2458638.4
GR-2023-4726,PO-2023-4726,2023-09-20,22.8,A,0.0,,1625363.44
GR-2023-4727,PO-2023-4727,2022-11-02,1.83,C,0.05,Dimensional deviation,138699.26
GR-2023-4728,PO-2023-4728,2022-07-06,11.82,B,0.0,,1220032.17
GR-2023-4729,PO-2023-4729,2023-09-04,17.41,A,0.0,,1324801.16
GR-2023-4730,PO-2023-4730,2022-01-07,41.36,B,0.0,,2705314.74
GR-2023-4731,PO-2023-4731,2021-05-01,47.17,A,0.0,,4597993.05
GR-2023-4732,PO-2023-4732,2021-08-25,18.62,B,0.0,,1487210.48
GR-2023-4733,PO-2023-4733,2021-04-23,6.97,A,0.0,,491937.89
GR-2023-4734,PO-2023-4734,2023-08-14,38.38,B,0.0,,3512512.15
GR-2023-4735,PO-2023-4735,2022-05-16,34.99,B,0.0,,2846486.89
GR-2023-4736,PO-2023-4736,2022-12-31,47.83,A,0.0,,3381492.99
GR-2023-4737,PO-2023-4737,2021-08-14,14.14,B,0.0,,1674094.13
GR-2023-4738,PO-2023-4738,2023-10-10,20.16,A,0.0,,1412703.38
GR-2023-4739,PO-2023-4739,2023-02-15,31.14,A,0.0,,2149901.73
GR-2023-4740,PO-2023-4740,2021-11-11,18.06,A,0.0,,839853.58
GR-2023-4741,PO-2023-4741,2022-12-18,41.66,B,0.0,,3016984.51
GR-2023-4742,PO-2023-4742,2021-08-03,3.16,A,0.0,,329857.87
GR-2023-4743,PO-2023-4743,2022-07-07,21.0,A,0.0,,1327924.44
GR-2023-4744,PO-2023-4744,2022-09-20,15.68,A,0.0,,1256450.27
GR-2023-4745,PO-2023-4745,2023-04-17,13.35,A,0.0,,1595258.03
GR-2023-4746,PO-2023-4746,2023-10-10,7.03,A,0.0,,505501.97
GR-2023-4747,PO-2023-4747,2022-12-13,35.16,C,0.86,Dimensional deviation,3080870.67
GR-2023-4748,PO-2023-4748,2023-02-15,6.96,B,0.0,,328803.14
GR-2023-4749,PO-2023-4749,2023-03-23,4.77,A,0.0,,341967.43
GR-2023-4750,PO-2023-4750,2021-03-22,21.47,B,1.04,Dimensional deviation,1113900.64
GR-2023-4751,PO-2023-4751,2023-08-15,24.81,A,0.0,,1932795.32
GR-2023-4752,PO-2023-4752,2022-01-16,16.29,B,0.0,,857329.36
GR-2023-4753,PO-2023-4753,2021-12-01,29.33,A,0.0,,3037995.92
GR-2023-4754,PO-2023-4754,2023-05-26,33.9,A,0.0,,2442148.35
GR-2023-4755,PO-2023-4755,2023-06-08,19.03,A,0.0,,1818040.57
GR-2023-4756,PO-2023-4756,2023-12-24,24.77,A,0.0,,1973938.89
GR-2023-4757,PO-2023-4757,2024-01-07,39.04,B,0.0,,4604743.12
GR-2023-4758,PO-2023-4758,2022-12-18,30.81,A,0.0,,1567498.99
GR-2023-4759,PO-2023-4759,2021-04-19,9.04,A,0.0,,841207.25
GR-2023-4760,PO-2023-4760,2022-04-21,42.5,B,0.0,,4877036.44
GR-2023-4761,PO-2023-4761,2023-09-27,38.37,A,0.0,,4304130.69
GR-2023-4762,PO-2023-4762,2022-07-16,10.53,A,0.0,,1087276.87
GR-2023-4763,PO-2023-4763,2021-02-02,33.8,A,0.0,,2112234.7
GR-2023-4764,PO-2023-4764,2023-06-18,40.51,B,0.0,,3034082.13
GR-2023-4765,PO-2023-4765,2023-12-03,9.59,B,0.4,Dimensional deviation,1227840.34
GR-2023-4766,PO-2023-4766,2022-05-07,35.43,A,0.0,,3745134.2
GR-2023-4767,PO-2023-4767,2023-11-10,21.84,A,0.0,,1955064.47
GR-2023-4768,PO-2023-4768,2021-09-26,39.8,A,0.0,,2301039.54
GR-2023-4769,PO-2023-4769,2021-12-12,40.28,A,0.0,,2070863.23
GR-2023-4770,PO-2023-4770,2023-10-11,40.35,B,0.0,,4471261.75
GR-2023-4771,PO-2023-4771,2022-10-26,31.66,A,0.0,,2083707.34
GR-2023-4772,PO-2023-4772,2022-03-28,33.6,B,0.17,Dimensional deviation,2477729.92
GR-2023-4773,PO-2023-4773,2021-06-17,5.74,A,0.0,,594963.72
GR-2023-4774,PO-2023-4774,2022-12-17,19.66,A,0.0,,1553165.15
GR-2023-4775,PO-2023-4775,2021-02-23,3.83,B,0.0,,331953.68
GR-2023-4776,PO-2023-4776,2021-08-06,42.04,B,0.0,,4169139.59
GR-2023-4777,PO-2023-4777,2022-09-20,39.07,B,0.0,,2582309.34
GR-2023-4778,PO-2023-4778,2021-06-21,33.58,A,0.0,,1945355.29
GR-2023-4779,PO-2023-4779,2022-06-24,10.66,B,0.0,,742609.13
GR-2023-4780,PO-2023-4780,2021-07-31,22.52,A,0.0,,1943748.79
GR-2023-4781,PO-2023-4781,2021-02-05,25.9,A,0.0,,2871888.61
GR-2023-4782,PO-2023-4782,2022-08-30,3.24,A,0.0,,286800.95
GR-2023-4783,PO-2023-4783,2023-09-30,48.23,B,0.0,,3051105.55
GR-2023-4784,PO-2023-4784,2023-02-22,1.13,A,0.0,,86535.49
GR-2023-4785,PO-2023-4785,2021-05-19,47.72,A,0.0,,3953058.4
GR-2023-4786,PO-2023-4786,2022-08-10,20.31,B,0.0,,990546.41
GR-2023-4787,PO-2023-4787,2021-08-06,40.64,A,0.0,,2521387.65
GR-2023-4788,PO-2023-4788,2021-12-06,32.94,A,0.0,,3460998.5
GR-2023-4789,PO-2023-4789,2023-06-11,6.29,B,0.0,,577631.43
GR-2023-4790,PO-2023-4790,2021-04-01,30.59,A,0.0,,1435527.32
GR-2023-4791,PO-2023-4791,2022-06-10,31.26,B,0.61,Dimensional deviation,2109818.41
GR-2023-4792,PO-2023-4792,2022-11-27,34.13,B,0.0,,1869040.31
GR-2023-4793,PO-2023-4793,2023-02-17,20.37,A,0.0,,1756740.41
GR-2023-4794,PO-2023-4794,2023-03-21,23.43,A,0.0,,1375506.28
GR-2023-4795,PO-2023-4795,2022-05-29,32.04,B,0.0,,2413099.2
GR-2023-4796,PO-2023-4796,2022-12-06,39.72,A,0.0,,2221787.2
GR-2023-4797,PO-2023-4797,2023-06-03,35.34,A,0.0,,2824506.23
GR-2023-4798,PO-2023-4798,2022-08-04,7.93,A,0.0,,859331.75
GR-2023-4799,PO-2023-4799,2022-04-30,27.48,B,0.0,,2819135.09
