po_id,supplier_id,invoice_date,agreed_payment_days,actual_payment_date,days_late
PO-2021-0000,VS29,2021-06-07,30,2021-07-04,0
PO-2021-0001,VS06,2021-02-03,30,2021-03-23,21
PO-2021-0002,VS04,2023-04-05,21,2023-05-07,14
PO-2021-0003,VS19,2023-07-24,30,2023-09-10,21
PO-2021-0004,VS10,2023-09-27,30,2023-11-09,16
PO-2021-0005,VS21,2021-05-08,15,2021-05-21,1
PO-2021-0006,VS04,2021-11-22,21,2021-12-29,19
PO-2021-0007,VS16,2021-05-23,15,2021-06-08,4
PO-2021-0008,VS06,2021-03-26,30,2021-05-09,17
PO-2021-0009,VS14,2022-06-22,30,2022-07-20,1
PO-2021-0010,VS30,2022-09-10,45,2022-11-10,19
PO-2021-0011,VS07,2023-07-31,15,2023-09-02,21
PO-2021-0012,VS05,2022-12-19,15,2023-01-15,15
PO-2021-0013,VS34,2022-09-15,21,2022-10-17,14
PO-2021-0014,VS09,2021-08-04,30,2021-09-14,14
PO-2021-0015,VS18,2021-11-18,30,2021-12-15,0
PO-2021-0016,VS33,2022-06-28,45,2022-08-28,19
PO-2021-0017,VS28,2021-07-12,15,2021-07-26,2
PO-2021-0018,VS11,2022-06-24,30,2022-07-27,6
PO-2021-0019,VS05,2021-08-21,15,2021-09-13,11
PO-2021-0020,VS28,2021-11-03,15,2021-11-24,9
PO-2021-0021,VS23,2021-03-26,45,2021-05-06,0
PO-2021-0022,VS10,2023-04-16,30,2023-05-28,15
PO-2021-0023,VS27,2022-01-01,21,2022-01-19,0
PO-2021-0024,VS16,2023-04-27,15,2023-05-10,1
PO-2021-0025,VS31,2021-03-24,45,2021-05-26,21
PO-2021-0026,VS15,2022-09-21,45,2022-11-25,23
PO-2021-0027,VS05,2022-07-28,15,2022-08-25,16
PO-2021-0028,VS02,2022-11-13,21,2022-12-07,6
PO-2021-0029,VS03,2022-07-01,21,2022-08-12,24
PO-2021-0030,VS28,2022-10-08,15,2022-10-26,6
PO-2021-0031,VS03,2022-06-09,21,2022-06-27,0
PO-2021-0032,VS24,2022-02-11,45,2022-03-24,0
PO-2021-0033,VS08,2022-10-08,21,2022-10-23,0
PO-2021-0034,VS19,2023-04-08,30,2023-05-05,0
PO-2021-0035,VS20,2021-12-26,21,2022-01-29,16
PO-2021-0036,VS28,2022-03-10,15,2022-04-11,20
PO-2021-0037,VS31,2023-11-16,45,2024-01-19,22
PO-2021-0038,VS06,2022-11-21,30,2023-01-01,14
PO-2021-0039,VS02,2021-11-01,21,2021-11-19,0
PO-2021-0040,VS30,2021-06-02,45,2021-07-27,13
PO-2021-0041,VS32,2023-03-01,45,2023-04-28,16
PO-2021-0042,VS28,2021-08-10,15,2021-08-22,0
PO-2021-0043,VS04,2023-08-13,21,2023-08-31,0
PO-2021-0044,VS30,2021-10-04,45,2021-12-04,19
PO-2021-0045,VS33,2023-06-29,45,2023-08-24,14
PO-2021-0046,VS29,2023-09-03,30,2023-10-17,17
PO-2021-0047,VS32,2023-12-07,45,2024-01-18,0
PO-2021-0048,VS18,2022-04-29,30,2022-05-29,3
PO-2021-0049,VS15,2021-11-08,45,2021-12-17,0
PO-2021-0050,VS27,2023-05-03,21,2023-06-02,12
PO-2021-0051,VS25,2023-05-14,30,2023-07-05,25
PO-2021-0052,VS01,2023-09-07,15,2023-09-19,0
PO-2021-0053,VS32,2022-03-31,45,2022-05-23,11
PO-2021-0054,VS26,2022-11-23,21,2022-12-11,0
PO-2021-0055,VS02,2024-01-02,21,2024-01-24,4
PO-2021-0056,VS09,2023-05-31,30,2023-07-07,10
PO-2021-0057,VS30,2022-03-13,45,2022-04-24,0
PO-2021-0058,VS17,2023-05-17,45,2023-06-28,0
PO-2021-0059,VS15,2022-12-21,45,2023-02-14,13
PO-2021-0060,VS16,2021-03-08,15,2021-03-28,8
PO-2021-0061,VS31,2021-09-19,45,2021-10-31,0
PO-2021-0062,VS24,2022-06-12,45,2022-08-04,11
PO-2021-0063,VS11,2021-08-26,30,2021-09-28,6
PO-2021-0064,VS26,2023-02-11,21,2023-03-22,21
PO-2021-0065,VS07,2022-05-16,15,2022-05-28,0
PO-2021-0066,VS23,2021-03-29,45,2021-05-26,16
PO-2021-0067,VS01,2022-12-03,15,2022-12-15,0
PO-2021-0068,VS10,2023-08-03,30,2023-08-30,0
PO-2021-0069,VS31,2022-07-11,45,2022-08-22,0
PO-2021-0070,VS16,2022-10-26,15,2022-11-02,0
PO-2021-0071,VS25,2023-08-13,30,2023-09-29,20
PO-2021-0072,VS14,2023-09-29,30,2023-10-26,0
PO-2021-0073,VS01,2022-07-23,15,2022-08-14,10
PO-2021-0074,VS32,2023-04-16,45,2023-05-28,0
PO-2021-0075,VS29,2023-10-06,30,2023-11-02,0
PO-2021-0076,VS20,2022-05-17,21,2022-06-20,16
PO-2021-0077,VS23,2022-11-12,45,2023-01-02,9
PO-2021-0078,VS21,2022-02-02,15,2022-02-13,0
PO-2021-0079,VS13,2022-01-18,30,2022-02-28,14
PO-2021-0080,VS19,2023-12-14,30,2024-01-10,0
PO-2021-0081,VS20,2022-01-06,21,2022-02-14,21
PO-2021-0082,VS19,2021-04-25,30,2021-06-10,19
PO-2021-0083,VS19,2021-01-29,30,2021-03-12,15
PO-2021-0084,VS31,2022-06-05,45,2022-07-12,0
PO-2021-0085,VS10,2021-04-23,30,2021-06-01,12
PO-2021-0086,VS08,2022-05-27,21,2022-06-14,0
PO-2021-0087,VS34,2022-04-11,21,2022-05-17,18
PO-2021-0088,VS20,2023-06-01,21,2023-06-19,0
PO-2021-0089,VS14,2022-03-05,30,2022-04-01,0
PO-2021-0090,VS11,2021-06-06,30,2021-07-15,12
PO-2021-0091,VS03,2022-08-23,21,2022-09-10,0
PO-2021-0092,VS15,2021-05-29,45,2021-07-17,7
PO-2021-0093,VS28,2022-02-13,15,2022-02-28,3
PO-2021-0094,VS05,2021-10-22,15,2021-11-07,4
PO-2021-0095,VS29,2022-08-18,30,2022-09-30,16
PO-2021-0096,VS33,2022-07-15,45,2022-08-26,0
PO-2021-0097,VS21,2023-06-07,15,2023-06-15,0
PO-2021-0098,VS18,2021-02-15,30,2021-03-14,0
PO-2021-0099,VS18,2023-06-28,30,2023-07-31,6
PO-2021-0100,VS31,2021-07-09,45,2021-08-20,0
PO-2021-0101,VS22,2021-11-29,21,2021-12-24,7
PO-2021-0102,VS30,2021-03-20,45,2021-05-10,9
PO-2021-0103,VS33,2023-04-11,45,2023-05-27,4
PO-2021-0104,VS13,2021-04-25,30,2021-06-10,19
PO-2021-0105,VS04,2023-06-28,21,2023-07-30,14
PO-2021-0106,VS32,2023-06-20,45,2023-08-21,20
PO-2021-0107,VS11,2022-05-09,30,2022-06-22,17
PO-2021-0108,VS08,2022-04-09,21,2022-04-27,0
PO-2021-0109,VS19,2023-10-21,30,2023-11-29,12
PO-2021-0110,VS16,2023-08-29,15,2023-09-14,4
PO-2021-0111,VS09,2023-11-10,30,2023-12-09,2
PO-2021-0112,VS33,2022-12-01,45,2023-02-06,25
PO-2021-0113,VS10,2023-10-03,30,2023-10-30,0
PO-2021-0114,VS30,2023-02-15,45,2023-03-30,1
PO-2021-0115,VS15,2023-02-27,45,2023-04-09,0
PO-2021-0116,VS25,2023-02-23,30,2023-04-05,14
PO-2021-0117,VS07,2022-11-14,15,2022-11-26,0
PO-2021-0118,VS27,2021-10-26,21,2021-12-05,22
PO-2021-0119,VS26,2022-11-28,21,2022-12-12,0
PO-2021-0120,VS21,2023-02-21,15,2023-03-05,0
PO-2021-0121,VS19,2022-04-29,30,2022-06-03,8
PO-2021-0122,VS29,2021-07-28,30,2021-08-24,0
PO-2021-0123,VS04,2022-10-30,21,2022-11-21,4
PO-2021-0124,VS27,2023-12-27,21,2024-01-30,16
PO-2021-0125,VS32,2022-05-12,45,2022-06-23,0
PO-2021-0126,VS01,2022-06-10,15,2022-06-22,0
PO-2021-0127,VS29,2021-06-04,30,2021-07-01,0
PO-2021-0128,VS30,2022-05-31,45,2022-07-08,0
PO-2021-0129,VS16,2021-08-10,15,2021-08-22,0
PO-2021-0130,VS02,2022-08-31,21,2022-09-18,0
PO-2021-0131,VS32,2021-04-14,45,2021-06-17,22
PO-2021-0132,VS15,2022-12-26,45,2023-03-01,23
PO-2021-0133,VS07,2021-10-11,15,2021-10-25,2
PO-2021-0134,VS09,2023-01-21,30,2023-02-17,0
PO-2021-0135,VS13,2021-12-29,30,2022-02-02,8
PO-2021-0136,VS33,2023-12-27,45,2024-02-26,19
PO-2021-0137,VS22,2022-08-31,21,2022-09-18,0
PO-2021-0138,VS26,2022-04-11,21,2022-05-21,22
PO-2021-0139,VS08,2022-06-29,21,2022-07-23,6
PO-2021-0140,VS24,2023-02-23,45,2023-04-12,6
PO-2021-0141,VS15,2022-11-06,45,2022-12-24,6
PO-2021-0142,VS27,2022-09-14,21,2022-10-02,0
PO-2021-0143,VS08,2023-10-09,21,2023-11-08,12
PO-2021-0144,VS24,2023-07-22,45,2023-09-09,7
PO-2021-0145,VS07,2023-05-03,15,2023-05-21,6
PO-2021-0146,VS24,2021-03-12,45,2021-04-23,0
PO-2021-0147,VS24,2021-07-26,45,2021-09-25,19
PO-2021-0148,VS18,2023-03-30,30,2023-05-21,25
PO-2021-0149,VS14,2021-07-10,30,2021-08-17,11
PO-2021-0150,VS05,2022-02-28,15,2022-03-12,0
PO-2021-0151,VS10,2022-11-07,30,2022-12-26,22
PO-2021-0152,VS12,2022-06-01,15,2022-06-23,10
PO-2021-0153,VS16,2023-01-07,15,2023-01-19,0
PO-2021-0154,VS34,2023-05-16,21,2023-06-03,0
PO-2021-0155,VS33,2023-01-15,45,2023-02-26,0
PO-2021-0156,VS34,2021-04-02,21,2021-04-23,3
PO-2021-0157,VS26,2023-09-11,21,2023-10-02,3
PO-2021-0158,VS06,2021-06-03,30,2021-07-02,2
PO-2021-0159,VS25,2022-10-31,30,2022-11-27,0
PO-2021-0160,VS08,2021-07-26,21,2021-08-24,11
PO-2021-0161,VS27,2022-04-16,21,2022-05-17,13
PO-2021-0162,VS21,2021-07-17,15,2021-07-29,0
PO-2021-0163,VS05,2023-09-02,15,2023-09-25,11
PO-2021-0164,VS09,2023-02-06,30,2023-03-05,0
PO-2021-0165,VS08,2022-11-10,21,2022-12-02,4
PO-2021-0166,VS04,2023-05-20,21,2023-06-24,17
PO-2021-0167,VS14,2023-11-09,30,2023-12-12,6
PO-2021-0168,VS24,2022-12-22,45,2023-02-02,0
PO-2021-0169,VS02,2023-06-01,21,2023-06-26,7
PO-2021-0170,VS22,2022-09-28,21,2022-10-16,0
PO-2021-0171,VS05,2023-04-04,15,2023-04-16,0
PO-2021-0172,VS14,2023-12-26,30,2024-01-22,0
PO-2021-0173,VS21,2022-10-04,15,2022-10-21,5
PO-2021-0174,VS06,2021-04-15,30,2021-06-03,22
PO-2021-0175,VS27,2023-06-28,21,2023-07-16,0
PO-2021-0176,VS08,2023-06-03,21,2023-06-21,0
PO-2021-0177,VS03,2022-09-27,21,2022-10-13,0
PO-2021-0178,VS20,2022-02-26,21,2022-03-16,0
PO-2021-0179,VS08,2022-11-06,21,2022-12-16,22
PO-2021-0180,VS15,2023-02-21,45,2023-04-19,15
PO-2021-0181,VS26,2021-05-31,21,2021-06-23,5
PO-2021-0182,VS28,2022-10-07,15,2022-10-19,0
PO-2021-0183,VS02,2023-04-13,21,2023-05-01,0
PO-2021-0184,VS06,2023-01-15,30,2023-02-09,0
PO-2021-0185,VS34,2023-04-04,21,2023-04-24,2
PO-2021-0186,VS22,2022-04-02,21,2022-05-05,15
PO-2021-0187,VS13,2023-11-14,30,2023-12-11,0
PO-2021-0188,VS16,2021-11-02,15,2021-11-14,0
PO-2021-0189,VS05,2021-11-13,15,2021-12-04,9
PO-2021-0190,VS21,2023-07-12,15,2023-08-16,23
PO-2021-0191,VS18,2022-09-16,30,2022-10-10,0
PO-2021-0192,VS03,2023-07-18,21,2023-08-05,0
PO-2021-0193,VS33,2021-07-07,45,2021-08-18,0
PO-2021-0194,VS29,2021-03-29,30,2021-04-25,0
PO-2021-0195,VS29,2021-05-10,30,2021-06-15,9
PO-2021-0196,VS33,2021-06-25,45,2021-08-15,9
PO-2021-0197,VS34,2023-12-13,21,2023-12-31,0
PO-2021-0198,VS22,2023-04-21,21,2023-05-16,7
PO-2021-0199,VS07,2022-11-10,15,2022-11-22,0
PO-2021-0200,VS22,2021-11-07,21,2021-11-25,0
PO-2021-0201,VS26,2022-10-01,21,2022-10-14,0
PO-2021-0202,VS22,2023-02-14,21,2023-03-15,11
PO-2021-0203,VS06,2023-12-18,30,2024-01-13,0
PO-2021-0204,VS14,2022-01-08,30,2022-02-07,3
PO-2021-0205,VS10,2021-10-12,30,2021-11-08,0
PO-2021-0206,VS03,2023-12-18,21,2024-01-24,19
PO-2021-0207,VS10,2023-02-14,30,2023-03-13,0
PO-2021-0208,VS29,2021-12-09,30,2022-01-05,0
PO-2021-0209,VS19,2023-07-02,30,2023-08-13,15
PO-2021-0210,VS13,2023-08-22,30,2023-09-28,10
PO-2021-0211,VS19,2023-08-07,30,2023-09-28,25
PO-2021-0212,VS09,2022-02-16,30,2022-03-28,13
PO-2021-0213,VS34,2021-08-02,21,2021-08-20,0
PO-2021-0214,VS33,2023-07-13,45,2023-08-21,0
PO-2021-0215,VS23,2023-07-16,45,2023-09-14,18
PO-2021-0216,VS25,2022-05-01,30,2022-05-28,0
PO-2021-0217,VS10,2022-11-21,30,2023-01-03,16
PO-2021-0218,VS31,2021-10-15,45,2021-12-05,9
PO-2021-0219,VS14,2022-06-12,30,2022-08-03,25
PO-2021-0220,VS08,2023-05-20,21,2023-06-18,11
PO-2021-0221,VS30,2023-05-13,45,2023-07-06,12
PO-2021-0222,VS33,2021-02-06,45,2021-03-20,0
PO-2021-0223,VS16,2022-12-27,15,2023-01-08,0
PO-2021-0224,VS05,2023-01-12,15,2023-02-08,15
PO-2021-0225,VS25,2021-02-14,30,2021-03-31,18
PO-2021-0226,VS02,2022-06-07,21,2022-06-25,0
PO-2021-0227,VS22,2021-08-04,21,2021-09-12,21
PO-2021-0228,VS30,2021-12-28,45,2022-02-04,0
PO-2021-0229,VS03,2023-07-30,21,2023-08-12,0
PO-2021-0230,VS20,2022-10-12,21,2022-10-31,1
PO-2021-0231,VS03,2022-06-06,21,2022-06-23,0
PO-2021-0232,VS18,2022-11-14,30,2022-12-06,0
PO-2021-0233,VS25,2023-06-23,30,2023-08-06,17
PO-2021-0234,VS34,2023-01-26,21,2023-02-17,4
PO-2021-0235,VS12,2023-06-04,15,2023-06-16,0
PO-2021-0236,VS20,2022-09-01,21,2022-10-09,20
PO-2021-0237,VS23,2023-07-02,45,2023-09-06,24
PO-2021-0238,VS18,2023-06-13,30,2023-07-15,5
PO-2021-0239,VS11,2023-11-20,30,2023-12-29,12
PO-2021-0240,VS03,2023-06-20,21,2023-08-02,25
PO-2021-0241,VS25,2023-01-15,30,2023-02-24,13
PO-2021-0242,VS29,2023-02-04,30,2023-03-16,13
PO-2021-0243,VS18,2022-10-09,30,2022-11-03,0
PO-2021-0244,VS34,2023-10-23,21,2023-11-18,8
PO-2021-0245,VS29,2022-06-21,30,2022-07-20,2
PO-2021-0246,VS08,2022-02-17,21,2022-03-07,0
PO-2021-0247,VS06,2023-07-04,30,2023-08-09,9
PO-2021-0248,VS20,2022-08-21,21,2022-09-06,0
PO-2021-0249,VS24,2021-12-26,45,2022-02-23,17
PO-2021-0250,VS16,2021-10-15,15,2021-11-02,6
PO-2021-0251,VS09,2023-08-19,30,2023-09-19,4
PO-2021-0252,VS34,2023-09-11,21,2023-09-29,0
PO-2021-0253,VS21,2021-09-17,15,2021-10-18,19
PO-2021-0254,VS12,2021-09-23,15,2021-10-08,3
PO-2021-0255,VS34,2021-09-15,21,2021-10-20,17
PO-2021-0256,VS23,2022-04-10,45,2022-05-22,0
PO-2021-0257,VS18,2022-02-10,30,2022-03-09,0
PO-2021-0258,VS11,2023-10-30,30,2023-12-07,11
PO-2021-0259,VS03,2022-11-26,21,2022-12-14,0
PO-2021-0260,VS14,2022-06-30,30,2022-07-31,4
PO-2021-0261,VS20,2022-08-20,21,2022-09-28,21
PO-2021-0262,VS30,2022-09-05,45,2022-11-10,24
PO-2021-0263,VS30,2023-09-22,45,2023-11-03,0
PO-2021-0264,VS23,2022-10-19,45,2022-11-30,0
PO-2021-0265,VS21,2021-08-09,15,2021-08-30,9
PO-2021-0266,VS07,2021-10-19,15,2021-10-31,0
PO-2021-0267,VS16,2023-05-10,15,2023-05-22,0
PO-2021-0268,VS13,2022-10-06,30,2022-11-02,0
PO-2021-0269,VS32,2022-09-27,45,2022-11-22,14
PO-2021-0270,VS14,2022-05-12,30,2022-06-08,0
PO-2021-0271,VS19,2023-08-25,30,2023-09-22,1
PO-2021-0272,VS24,2022-06-29,45,2022-08-10,0
PO-2021-0273,VS24,2022-02-06,45,2022-03-19,0
PO-2021-0274,VS08,2022-07-30,21,2022-08-17,0
PO-2021-0275,VS24,2022-11-29,45,2023-01-25,15
PO-2021-0276,VS03,2021-03-27,21,2021-04-10,0
PO-2021-0277,VS30,2023-12-03,45,2024-01-14,0
PO-2021-0278,VS11,2022-10-18,30,2022-11-10,0
PO-2021-0279,VS33,2022-11-23,45,2022-12-30,0
PO-2021-0280,VS02,2023-09-03,21,2023-10-13,22
PO-2021-0281,VS02,2022-09-26,21,2022-10-16,2
PO-2021-0282,VS04,2022-04-15,21,2022-05-06,3
PO-2021-0283,VS10,2023-02-21,30,2023-03-20,0
PO-2021-0284,VS02,2022-01-29,21,2022-02-16,0
PO-2021-0285,VS27,2022-02-25,21,2022-03-15,0
PO-2021-0286,VS09,2021-05-11,30,2021-07-02,25
PO-2021-0287,VS34,2023-09-10,21,2023-10-05,7
PO-2021-0288,VS23,2022-12-06,45,2023-01-18,1
PO-2021-0289,VS20,2022-07-29,21,2022-08-16,0
PO-2021-0290,VS14,2022-08-18,30,2022-09-17,3
PO-2021-0291,VS19,2022-07-18,30,2022-08-14,0
PO-2021-0292,VS10,2022-12-11,30,2023-01-07,0
PO-2021-0293,VS29,2022-12-14,30,2023-01-22,12
PO-2021-0294,VS18,2022-07-13,30,2022-08-19,10
PO-2021-0295,VS04,2022-05-15,21,2022-06-02,0
PO-2021-0296,VS22,2023-04-30,21,2023-05-18,0
PO-2021-0297,VS27,2021-11-23,21,2021-12-11,0
PO-2021-0298,VS19,2022-10-23,30,2022-12-07,18
PO-2021-0299,VS03,2022-04-24,21,2022-05-15,3
PO-2021-0300,VS32,2023-03-28,45,2023-06-03,25
PO-2021-0301,VS01,2021-03-21,15,2021-04-27,25
PO-2021-0302,VS30,2022-08-09,45,2022-10-12,22
PO-2021-0303,VS30,2023-11-02,45,2023-12-14,0
PO-2021-0304,VS17,2023-08-01,45,2023-09-12,0
PO-2021-0305,VS12,2022-02-03,15,2022-02-15,0
PO-2021-0306,VS07,2023-04-04,15,2023-04-27,11
PO-2021-0307,VS17,2021-01-17,45,2021-03-03,3
PO-2021-0308,VS01,2022-09-14,15,2022-10-16,20
PO-2021-0309,VS30,2021-09-03,45,2021-10-27,12
PO-2021-0310,VS08,2022-10-02,21,2022-10-27,7
PO-2021-0311,VS10,2023-09-10,30,2023-10-07,0
PO-2021-0312,VS14,2023-08-26,30,2023-09-21,0
PO-2021-0313,VS34,2021-06-20,21,2021-07-10,2
PO-2021-0314,VS04,2021-08-21,21,2021-09-23,15
PO-2021-0315,VS11,2021-11-06,30,2021-12-26,23
PO-2021-0316,VS32,2022-02-28,45,2022-04-11,0
PO-2021-0317,VS09,2023-07-21,30,2023-08-17,0
PO-2021-0318,VS20,2023-08-08,21,2023-09-13,18
PO-2021-0319,VS05,2022-03-26,15,2022-04-27,20
PO-2021-0320,VS05,2021-05-07,15,2021-05-21,2
PO-2021-0321,VS27,2021-10-08,21,2021-10-26,0
PO-2021-0322,VS06,2023-02-12,30,2023-03-08,0
PO-2021-0323,VS26,2022-01-04,21,2022-01-24,2
PO-2021-0324,VS20,2021-02-19,21,2021-03-04,0
PO-2021-0325,VS15,2023-02-19,45,2023-04-02,0
PO-2021-0326,VS03,2021-08-23,21,2021-10-04,24
PO-2021-0327,VS14,2022-05-11,30,2022-06-17,10
PO-2021-0328,VS16,2021-04-13,15,2021-05-10,15
PO-2021-0329,VS09,2021-04-29,30,2021-05-26,0
PO-2021-0330,VS21,2022-10-19,15,2022-10-31,0
PO-2021-0331,VS15,2023-12-07,45,2024-01-14,0
PO-2021-0332,VS28,2021-12-28,15,2022-01-17,8
PO-2021-0333,VS34,2023-02-23,21,2023-04-05,23
PO-2021-0334,VS12,2023-02-13,15,2023-03-13,16
PO-2021-0335,VS30,2021-10-26,45,2021-12-07,0
PO-2021-0336,VS09,2023-12-25,30,2024-02-15,25
PO-2021-0337,VS29,2021-06-14,30,2021-07-13,2
PO-2021-0338,VS18,2021-04-19,30,2021-05-29,13
PO-2021-0339,VS14,2022-01-24,30,2022-03-03,11
PO-2021-0340,VS14,2021-02-04,30,2021-03-15,12
PO-2021-0341,VS16,2023-09-11,15,2023-09-23,0
PO-2021-0342,VS25,2022-08-06,30,2022-09-02,0
PO-2021-0343,VS33,2023-01-10,45,2023-03-02,9
PO-2021-0344,VS21,2023-08-23,15,2023-09-04,0
PO-2021-0345,VS10,2022-04-02,30,2022-05-12,13
PO-2021-0346,VS19,2023-05-09,30,2023-06-01,0
PO-2021-0347,VS32,2022-05-22,45,2022-07-20,17
PO-2021-0348,VS32,2023-10-01,45,2023-11-29,17
PO-2021-0349,VS32,2021-10-17,45,2021-12-19,21
PO-2021-0350,VS34,2021-05-04,21,2021-05-23,1
PO-2021-0351,VS01,2021-04-13,15,2021-04-20,0
PO-2021-0352,VS01,2021-11-09,15,2021-12-09,18
PO-2021-0353,VS32,2023-09-20,45,2023-11-08,7
PO-2021-0354,VS34,2021-02-07,21,2021-02-20,0
PO-2021-0355,VS12,2023-06-04,15,2023-06-20,4
PO-2021-0356,VS34,2022-02-01,21,2022-02-19,0
PO-2021-0357,VS24,2021-06-14,45,2021-07-26,0
PO-2021-0358,VS20,2022-04-11,21,2022-05-05,6
PO-2021-0359,VS06,2021-03-09,30,2021-04-05,0
PO-2021-0360,VS11,2021-01-23,30,2021-02-24,5
PO-2021-0361,VS07,2022-11-13,15,2022-11-25,0
PO-2021-0362,VS18,2023-09-04,30,2023-10-22,21
PO-2021-0363,VS12,2021-03-12,15,2021-04-13,20
PO-2021-0364,VS05,2023-03-30,15,2023-04-25,14
PO-2021-0365,VS25,2022-11-14,30,2022-12-26,15
PO-2021-0366,VS23,2023-10-26,45,2023-12-03,0
PO-2021-0367,VS26,2022-12-02,21,2022-12-25,5
PO-2021-0368,VS15,2023-10-05,45,2023-11-23,7
PO-2021-0369,VS06,2023-02-21,30,2023-03-30,10
PO-2021-0370,VS10,2022-07-06,30,2022-08-20,18
PO-2021-0371,VS21,2023-03-12,15,2023-03-23,0
PO-2021-0372,VS24,2023-07-03,45,2023-08-14,0
PO-2021-0373,VS33,2023-07-12,45,2023-08-23,0
PO-2021-0374,VS21,2021-07-13,15,2021-07-25,0
PO-2021-0375,VS16,2021-06-26,15,2021-07-08,0
PO-2021-0376,VS20,2022-07-08,21,2022-07-26,0
PO-2021-0377,VS27,2022-07-23,21,2022-08-27,17
PO-2021-0378,VS32,2022-05-24,45,2022-07-05,0
PO-2021-0379,VS22,2023-03-25,21,2023-04-12,0
PO-2021-0380,VS09,2023-06-04,30,2023-07-01,0
PO-2021-0381,VS21,2023-09-12,15,2023-10-07,13
PO-2021-0382,VS16,2023-10-06,15,2023-11-09,22
PO-2021-0383,VS08,2023-01-21,21,2023-02-08,0
PO-2021-0384,VS30,2021-02-28,45,2021-04-18,7
PO-2021-0385,VS27,2021-05-25,21,2021-06-17,5
PO-2021-0386,VS28,2021-11-15,15,2021-12-16,19
PO-2021-0387,VS33,2023-04-04,45,2023-06-05,20
PO-2021-0388,VS07,2021-06-27,15,2021-07-09,0
PO-2021-0389,VS26,2021-04-04,21,2021-05-09,17
PO-2021-0390,VS17,2021-07-24,45,2021-09-04,0
PO-2021-0391,VS29,2022-04-01,30,2022-04-28,0
PO-2021-0392,VS10,2023-10-25,30,2023-12-03,12
PO-2021-0393,VS06,2023-05-05,30,2023-05-31,0
PO-2021-0394,VS22,2022-10-04,21,2022-10-23,1
PO-2021-0395,VS07,2023-09-06,15,2023-09-18,0
PO-2021-0396,VS03,2022-09-10,21,2022-10-20,22
PO-2021-0397,VS16,2021-12-06,15,2022-01-06,19
PO-2021-0398,VS30,2023-05-27,45,2023-07-08,0
PO-2021-0399,VS26,2023-06-08,21,2023-06-26,0
PO-2021-0400,VS25,2023-06-02,30,2023-07-14,15
PO-2021-0401,VS07,2021-05-12,15,2021-05-24,0
PO-2021-0402,VS17,2021-08-25,45,2021-10-05,0
PO-2021-0403,VS26,2023-03-10,21,2023-03-28,0
PO-2021-0404,VS20,2021-12-23,21,2022-01-09,0
PO-2021-0405,VS08,2022-09-21,21,2022-10-09,0
PO-2021-0406,VS09,2023-05-10,30,2023-06-06,0
PO-2021-0407,VS11,2021-12-24,30,2022-01-20,0
PO-2021-0408,VS23,2021-04-23,45,2021-06-23,19
PO-2021-0409,VS32,2023-11-05,45,2023-12-12,0
PO-2021-0410,VS11,2023-10-01,30,2023-10-28,0
PO-2021-0411,VS03,2022-08-25,21,2022-09-12,0
PO-2021-0412,VS32,2023-07-29,45,2023-10-04,25
PO-2021-0413,VS03,2023-01-25,21,2023-02-24,12
PO-2021-0414,VS20,2022-05-25,21,2022-06-12,0
PO-2021-0415,VS08,2023-06-22,21,2023-07-10,0
PO-2021-0416,VS28,2022-12-23,15,2023-01-04,0
PO-2021-0417,VS23,2021-05-05,45,2021-06-16,0
PO-2021-0418,VS19,2022-08-26,30,2022-10-02,10
PO-2021-0419,VS09,2021-07-18,30,2021-08-31,17
PO-2021-0420,VS09,2021-09-20,30,2021-10-22,5
PO-2021-0421,VS32,2023-03-19,45,2023-04-30,0
PO-2021-0422,VS29,2023-02-11,30,2023-03-10,0
PO-2021-0423,VS33,2023-04-09,45,2023-05-28,7
PO-2021-0424,VS21,2023-09-30,15,2023-10-12,0
PO-2021-0425,VS23,2023-07-31,45,2023-09-19,8
PO-2021-0426,VS32,2022-03-13,45,2022-04-24,0
PO-2021-0427,VS32,2021-09-28,45,2021-11-09,0
PO-2021-0428,VS30,2021-07-26,45,2021-09-17,11
PO-2021-0429,VS01,2023-07-27,15,2023-08-08,0
PO-2021-0430,VS11,2022-09-14,30,2022-10-31,20
PO-2021-0431,VS11,2023-02-04,30,2023-02-27,0
PO-2021-0432,VS28,2022-04-28,15,2022-05-22,12
PO-2021-0433,VS09,2021-06-12,30,2021-08-01,23
PO-2021-0434,VS08,2022-12-08,21,2023-01-17,22
PO-2021-0435,VS06,2023-02-27,30,2023-04-08,13
PO-2021-0436,VS25,2021-10-11,30,2021-11-08,1
PO-2021-0437,VS01,2023-12-26,15,2024-01-30,23
PO-2021-0438,VS27,2021-11-10,21,2021-11-28,0
PO-2021-0439,VS08,2021-10-17,21,2021-10-30,0
PO-2021-0440,VS16,2021-10-17,15,2021-10-25,0
PO-2021-0441,VS02,2022-08-10,21,2022-09-04,7
PO-2021-0442,VS19,2023-03-17,30,2023-04-13,0
PO-2021-0443,VS25,2023-10-14,30,2023-11-17,7
PO-2021-0444,VS01,2023-12-21,15,2024-01-02,0
PO-2021-0445,VS24,2023-05-15,45,2023-06-27,1
PO-2021-0446,VS02,2021-06-02,21,2021-07-08,18
PO-2021-0447,VS33,2023-03-30,45,2023-05-19,8
PO-2021-0448,VS26,2023-05-21,21,2023-06-26,18
PO-2021-0449,VS06,2022-07-26,30,2022-08-22,0
PO-2021-0450,VS21,2021-11-18,15,2021-11-30,0
PO-2021-0451,VS20,2021-05-19,21,2021-06-30,24
PO-2021-0452,VS06,2022-05-19,30,2022-06-23,8
PO-2021-0453,VS12,2022-09-29,15,2022-10-11,0
PO-2021-0454,VS32,2021-12-05,45,2022-01-16,0
PO-2021-0455,VS11,2022-06-18,30,2022-07-29,14
PO-2021-0456,VS02,2021-09-02,21,2021-10-03,13
PO-2021-0457,VS05,2022-06-26,15,2022-07-17,9
PO-2021-0458,VS24,2021-12-11,45,2022-01-23,1
PO-2021-0459,VS15,2021-08-28,45,2021-10-27,18
PO-2021-0460,VS03,2022-05-19,21,2022-06-06,0
PO-2021-0461,VS27,2021-03-17,21,2021-04-29,25
PO-2021-0462,VS18,2022-10-21,30,2022-11-14,0
PO-2021-0463,VS12,2021-04-21,15,2021-05-03,0
PO-2021-0464,VS30,2021-05-25,45,2021-07-06,0
PO-2021-0465,VS01,2023-07-28,15,2023-08-09,0
PO-2021-0466,VS30,2022-05-15,45,2022-06-26,0
PO-2021-0467,VS16,2022-02-08,15,2022-02-20,0
PO-2021-0468,VS01,2022-12-14,15,2022-12-28,2
PO-2021-0469,VS07,2022-09-25,15,2022-10-07,0
PO-2021-0470,VS10,2021-05-06,30,2021-05-30,0
PO-2021-0471,VS24,2023-04-29,45,2023-06-10,0
PO-2021-0472,VS09,2023-11-05,30,2023-12-07,5
PO-2021-0473,VS16,2021-09-28,15,2021-10-10,0
PO-2021-0474,VS21,2023-03-19,15,2023-03-31,0
PO-2021-0475,VS07,2021-10-09,15,2021-10-16,0
PO-2021-0476,VS08,2023-04-16,21,2023-05-14,10
PO-2021-0477,VS30,2022-09-27,45,2022-11-27,19
PO-2021-0478,VS03,2022-09-19,21,2022-10-24,17
PO-2021-0479,VS23,2022-05-27,45,2022-07-08,0
PO-2021-0480,VS02,2021-12-26,21,2022-02-04,22
PO-2021-0481,VS07,2022-05-30,15,2022-06-11,0
PO-2021-0482,VS04,2021-01-28,21,2021-02-13,0
PO-2021-0483,VS17,2021-06-25,45,2021-08-10,4
PO-2021-0484,VS09,2023-07-01,30,2023-07-28,0
PO-2021-0485,VS03,2021-09-11,21,2021-10-23,24
PO-2021-0486,VS32,2023-03-23,45,2023-05-04,0
PO-2021-0487,VS12,2022-03-19,15,2022-03-30,0
PO-2021-0488,VS19,2022-05-22,30,2022-06-18,0
PO-2021-0489,VS18,2021-07-02,30,2021-08-07,9
PO-2021-0490,VS16,2023-12-16,15,2024-01-08,11
PO-2021-0491,VS31,2023-01-09,45,2023-03-07,15
PO-2021-0492,VS21,2023-10-29,15,2023-11-23,13
PO-2021-0493,VS02,2022-03-28,21,2022-05-08,23
PO-2021-0494,VS15,2023-01-06,45,2023-03-04,15
PO-2021-0495,VS04,2024-01-01,21,2024-01-22,3
PO-2021-0496,VS12,2022-12-31,15,2023-01-12,0
PO-2021-0497,VS02,2023-01-08,21,2023-02-09,14
PO-2021-0498,VS32,2022-01-24,45,2022-03-08,1
PO-2021-0499,VS15,2021-04-29,45,2021-06-19,9
PO-2021-0500,VS09,2022-02-20,30,2022-03-19,0
PO-2021-0501,VS02,2021-05-05,21,2021-05-24,1
PO-2021-0502,VS34,2021-08-19,21,2021-09-18,12
PO-2021-0503,VS07,2023-03-25,15,2023-04-24,18
PO-2021-0504,VS32,2023-06-17,45,2023-08-20,22
PO-2021-0505,VS15,2023-01-04,45,2023-02-15,0
PO-2021-0506,VS12,2021-09-21,15,2021-10-12,9
PO-2021-0507,VS12,2021-03-11,15,2021-04-17,25
PO-2021-0508,VS32,2021-08-05,45,2021-10-06,20
PO-2021-0509,VS11,2022-10-20,30,2022-12-04,18
PO-2021-0510,VS29,2022-11-22,30,2023-01-12,24
PO-2021-0511,VS17,2022-12-22,45,2023-02-07,5
PO-2021-0512,VS11,2023-05-13,30,2023-06-09,0
PO-2021-0513,VS07,2023-02-11,15,2023-02-23,0
PO-2021-0514,VS11,2022-04-10,30,2022-05-10,3
PO-2021-0515,VS21,2021-02-14,15,2021-03-08,10
PO-2021-0516,VS11,2023-02-11,30,2023-03-16,6
PO-2021-0517,VS31,2022-11-27,45,2023-01-08,0
PO-2021-0518,VS11,2023-06-12,30,2023-07-09,0
PO-2021-0519,VS17,2023-04-22,45,2023-06-27,24
PO-2021-0520,VS10,2023-10-06,30,2023-11-04,2
PO-2021-0521,VS13,2023-09-14,30,2023-10-11,0
PO-2021-0522,VS31,2021-06-20,45,2021-08-02,1
PO-2021-0523,VS06,2022-06-30,30,2022-07-27,0
PO-2021-0524,VS12,2023-01-30,15,2023-02-23,12
PO-2021-0525,VS18,2022-04-12,30,2022-06-01,23
PO-2021-0526,VS23,2021-06-28,45,2021-08-09,0
PO-2021-0527,VS25,2021-05-08,30,2021-06-25,21
PO-2021-0528,VS31,2022-05-01,45,2022-07-03,21
PO-2021-0529,VS33,2021-03-16,45,2021-04-27,0
PO-2021-0530,VS08,2021-11-01,21,2021-11-23,4
PO-2021-0531,VS09,2022-02-02,30,2022-03-16,15
PO-2021-0532,VS10,2022-02-21,30,2022-03-20,0
PO-2021-0533,VS06,2021-05-21,30,2021-06-15,0
PO-2021-0534,VS30,2023-12-04,45,2024-01-15,0
PO-2021-0535,VS08,2023-05-13,21,2023-05-31,0
PO-2021-0536,VS07,2021-07-28,15,2021-08-24,15
PO-2021-0537,VS17,2023-04-25,45,2023-06-12,6
PO-2021-0538,VS12,2021-03-21,15,2021-04-02,0
PO-2021-0539,VS03,2023-04-06,21,2023-05-01,7
PO-2021-0540,VS31,2021-04-14,45,2021-06-11,16
PO-2021-0541,VS20,2022-09-16,21,2022-10-13,9
PO-2021-0542,VS15,2021-07-24,45,2021-09-26,22
PO-2021-0543,VS18,2022-10-23,30,2022-11-14,0
PO-2021-0544,VS27,2022-03-12,21,2022-04-04,5
PO-2021-0545,VS11,2023-11-25,30,2024-01-07,16
PO-2021-0546,VS02,2023-12-13,21,2024-01-20,20
PO-2021-0547,VS03,2022-05-29,21,2022-07-02,16
PO-2021-0548,VS24,2022-07-19,45,2022-09-22,23
PO-2021-0549,VS16,2021-03-07,15,2021-04-08,20
PO-2021-0550,VS23,2022-12-21,45,2023-02-01,0
PO-2021-0551,VS19,2021-07-08,30,2021-08-27,23
PO-2021-0552,VS15,2022-03-18,45,2022-05-05,6
PO-2021-0553,VS02,2023-11-21,21,2023-12-17,8
PO-2021-0554,VS15,2021-01-21,45,2021-03-04,0
PO-2021-0555,VS28,2022-07-21,15,2022-07-30,0
PO-2021-0556,VS20,2023-08-17,21,2023-09-04,0
PO-2021-0557,VS33,2021-01-19,45,2021-03-11,9
PO-2021-0558,VS07,2022-09-07,15,2022-10-04,15
PO-2021-0559,VS18,2022-10-31,30,2022-12-17,20
PO-2021-0560,VS13,2022-09-07,30,2022-10-17,13
PO-2021-0561,VS21,2023-04-11,15,2023-05-18,25
PO-2021-0562,VS27,2022-06-19,21,2022-07-07,0
PO-2021-0563,VS22,2022-01-27,21,2022-02-21,7
PO-2021-0564,VS33,2023-01-08,45,2023-02-15,0
PO-2021-0565,VS19,2022-01-09,30,2022-02-05,0
PO-2021-0566,VS22,2022-01-13,21,2022-02-03,3
PO-2021-0567,VS22,2023-05-15,21,2023-06-02,0
PO-2021-0568,VS04,2023-08-25,21,2023-09-12,0
PO-2021-0569,VS34,2023-02-24,21,2023-04-02,19
PO-2021-0570,VS13,2021-10-12,30,2021-11-08,0
PO-2021-0571,VS21,2021-10-24,15,2021-10-31,0
PO-2021-0572,VS21,2022-01-01,15,2022-01-16,3
PO-2021-0573,VS11,2021-12-15,30,2022-01-29,18
PO-2021-0574,VS28,2023-06-11,15,2023-06-23,0
PO-2021-0575,VS13,2021-03-22,30,2021-05-03,15
PO-2021-0576,VS13,2023-12-27,30,2024-01-23,0
PO-2021-0577,VS23,2022-04-12,45,2022-05-28,4
PO-2021-0578,VS11,2022-09-22,30,2022-11-05,17
PO-2021-0579,VS34,2023-07-26,21,2023-09-05,23
PO-2021-0580,VS32,2022-12-06,45,2023-02-07,21
PO-2021-0581,VS02,2023-04-10,21,2023-04-28,0
PO-2021-0582,VS33,2021-02-17,45,2021-03-31,0
PO-2021-0583,VS25,2021-03-21,30,2021-04-17,0
PO-2021-0584,VS07,2021-04-12,15,2021-04-27,3
PO-2021-0585,VS08,2023-02-21,21,2023-03-11,0
PO-2021-0586,VS20,2021-01-23,21,2021-02-10,0
PO-2021-0587,VS27,2021-10-11,21,2021-11-03,5
PO-2021-0588,VS07,2021-08-25,15,2021-09-30,24
PO-2021-0589,VS13,2023-12-11,30,2024-01-09,2
PO-2021-0590,VS14,2023-10-17,30,2023-11-08,0
PO-2021-0591,VS08,2021-07-05,21,2021-08-15,23
PO-2021-0592,VS07,2021-06-06,15,2021-06-20,2
PO-2021-0593,VS30,2022-06-28,45,2022-09-03,25
PO-2021-0594,VS24,2022-08-22,45,2022-10-03,0
PO-2021-0595,VS01,2021-04-07,15,2021-04-19,0
PO-2021-0596,VS18,2023-06-19,30,2023-07-16,0
PO-2021-0597,VS26,2023-04-04,21,2023-05-11,19
PO-2021-0598,VS11,2023-05-17,30,2023-06-26,13
PO-2021-0599,VS27,2021-08-04,21,2021-08-31,9
PO-2021-0600,VS23,2023-02-20,45,2023-03-30,0
PO-2021-0601,VS31,2021-09-28,45,2021-11-24,15
PO-2021-0602,VS17,2021-05-13,45,2021-07-01,7
PO-2021-0603,VS22,2022-04-07,21,2022-04-25,0
PO-2021-0604,VS16,2023-06-09,15,2023-06-21,0
PO-2021-0605,VS04,2021-11-04,21,2021-12-16,24
PO-2021-0606,VS11,2023-10-16,30,2023-11-08,0
PO-2021-0607,VS04,2022-07-27,21,2022-08-30,16
PO-2021-0608,VS06,2022-04-30,30,2022-06-05,9
PO-2021-0609,VS29,2023-10-21,30,2023-12-05,18
PO-2021-0610,VS07,2021-02-09,15,2021-02-21,0
PO-2021-0611,VS20,2021-07-09,21,2021-07-27,0
PO-2021-0612,VS24,2022-12-03,45,2023-01-14,0
PO-2021-0613,VS24,2023-08-30,45,2023-10-11,0
PO-2021-0614,VS22,2021-01-08,21,2021-01-30,4
PO-2021-0615,VS24,2023-12-09,45,2024-01-15,0
PO-2021-0616,VS07,2023-04-22,15,2023-05-18,14
PO-2021-0617,VS30,2022-03-21,45,2022-05-27,25
PO-2021-0618,VS08,2021-04-09,21,2021-04-27,0
PO-2021-0619,VS32,2021-10-06,45,2021-11-17,0
PO-2021-0620,VS33,2023-09-20,45,2023-11-05,4
PO-2021-0621,VS25,2021-08-04,30,2021-09-15,15
PO-2021-0622,VS18,2022-05-27,30,2022-06-23,0
PO-2021-0623,VS09,2021-10-04,30,2021-10-31,0
PO-2021-0624,VS21,2022-09-08,15,2022-10-11,21
PO-2021-0625,VS23,2022-08-22,45,2022-10-03,0
PO-2021-0626,VS21,2023-11-01,15,2023-12-01,18
PO-2021-0627,VS19,2023-05-08,30,2023-06-04,0
PO-2021-0628,VS10,2023-02-23,30,2023-03-22,0
PO-2021-0629,VS19,2021-11-29,30,2021-12-26,0
PO-2021-0630,VS14,2022-08-31,30,2022-09-27,0
PO-2021-0631,VS25,2022-04-08,30,2022-05-09,4
PO-2021-0632,VS04,2022-08-16,21,2022-09-03,0
PO-2021-0633,VS04,2022-10-06,21,2022-10-28,4
PO-2021-0634,VS15,2023-06-30,45,2023-08-12,1
PO-2021-0635,VS13,2022-02-10,30,2022-03-09,0
PO-2021-0636,VS12,2022-01-21,15,2022-02-06,4
PO-2021-0637,VS09,2022-06-29,30,2022-07-26,0
PO-2021-0638,VS10,2023-08-17,30,2023-09-13,0
PO-2021-0639,VS32,2022-09-12,45,2022-10-24,0
PO-2021-0640,VS15,2023-12-16,45,2024-01-27,0
PO-2021-0641,VS26,2023-05-05,21,2023-05-23,0
PO-2021-0642,VS22,2022-11-14,21,2022-12-18,16
PO-2021-0643,VS31,2023-12-26,45,2024-02-03,0
PO-2021-0644,VS23,2021-08-26,45,2021-10-07,0
PO-2021-0645,VS03,2022-05-18,21,2022-06-25,20
PO-2021-0646,VS17,2023-03-05,45,2023-04-16,0
PO-2021-0647,VS33,2023-02-10,45,2023-03-24,0
PO-2021-0648,VS21,2022-02-02,15,2022-02-25,11
PO-2021-0649,VS01,2024-01-01,15,2024-01-18,5
PO-2021-0650,VS07,2023-05-22,15,2023-06-03,0
PO-2021-0651,VS05,2023-06-14,15,2023-07-15,19
PO-2021-0652,VS05,2021-07-02,15,2021-08-08,25
PO-2021-0653,VS17,2022-04-15,45,2022-06-11,15
PO-2021-0654,VS02,2022-10-13,21,2022-10-31,0
PO-2021-0655,VS03,2021-05-13,21,2021-05-31,0
PO-2021-0656,VS06,2022-09-13,30,2022-10-16,6
PO-2021-0657,VS31,2021-03-08,45,2021-04-24,5
PO-2021-0658,VS10,2022-08-31,30,2022-10-10,13
PO-2021-0659,VS01,2023-02-07,15,2023-02-22,3
PO-2021-0660,VS26,2021-01-14,21,2021-02-25,24
PO-2021-0661,VS14,2022-12-09,30,2023-01-01,0
PO-2021-0662,VS12,2021-11-29,15,2021-12-08,0
PO-2021-0663,VS04,2022-01-10,21,2022-01-30,2
PO-2021-0664,VS17,2021-05-21,45,2021-06-30,0
PO-2021-0665,VS09,2023-01-05,30,2023-02-01,0
PO-2021-0666,VS32,2022-10-16,45,2022-11-25,0
PO-2021-0667,VS24,2021-11-12,45,2021-12-24,0
PO-2021-0668,VS15,2022-05-23,45,2022-07-04,0
PO-2021-0669,VS31,2022-11-14,45,2023-01-05,10
PO-2021-0670,VS12,2021-08-14,15,2021-08-29,3
PO-2021-0671,VS17,2022-02-10,45,2022-03-24,0
PO-2021-0672,VS26,2021-03-08,21,2021-03-27,1
PO-2021-0673,VS10,2023-08-28,30,2023-09-24,0
PO-2021-0674,VS09,2022-08-22,30,2022-09-18,0
PO-2021-0675,VS01,2023-10-29,15,2023-11-10,0
PO-2021-0676,VS33,2021-12-09,45,2022-02-14,25
PO-2021-0677,VS31,2021-10-30,45,2021-12-26,15
PO-2021-0678,VS17,2021-05-12,45,2021-06-23,0
PO-2021-0679,VS25,2023-01-13,30,2023-02-19,10
PO-2021-0680,VS07,2022-10-29,15,2022-11-10,0
PO-2021-0681,VS12,2022-06-27,15,2022-07-10,1
PO-2021-0682,VS34,2021-06-12,21,2021-06-30,0
PO-2021-0683,VS23,2023-04-15,45,2023-06-06,10
PO-2021-0684,VS33,2021-01-17,45,2021-02-28,0
PO-2021-0685,VS14,2022-08-02,30,2022-08-29,0
PO-2021-0686,VS15,2021-09-03,45,2021-10-15,0
PO-2021-0687,VS31,2023-09-11,45,2023-10-28,5
PO-2021-0688,VS16,2021-02-18,15,2021-03-14,12
PO-2021-0689,VS03,2023-11-19,21,2023-12-11,4
PO-2021-0690,VS26,2023-11-28,21,2024-01-03,18
PO-2021-0691,VS14,2021-06-28,30,2021-07-29,4
PO-2021-0692,VS15,2021-12-19,45,2022-02-11,12
PO-2021-0693,VS33,2022-01-11,45,2022-03-12,18
PO-2021-0694,VS15,2021-05-24,45,2021-07-23,18
PO-2021-0695,VS33,2023-12-10,45,2024-02-06,16
PO-2021-0696,VS03,2023-09-05,21,2023-09-28,5
PO-2021-0697,VS01,2021-09-27,15,2021-10-11,2
PO-2021-0698,VS28,2023-12-25,15,2024-01-14,8
PO-2021-0699,VS23,2023-02-23,45,2023-04-06,0
PO-2021-0700,VS06,2022-04-25,30,2022-06-15,24
PO-2021-0701,VS01,2022-01-26,15,2022-02-25,18
PO-2021-0702,VS14,2023-02-11,30,2023-03-23,13
PO-2021-0703,VS17,2022-06-07,45,2022-07-19,0
PO-2021-0704,VS14,2023-03-28,30,2023-04-24,0
PO-2021-0705,VS31,2023-02-01,45,2023-03-13,0
PO-2021-0706,VS09,2023-03-30,30,2023-05-13,17
PO-2021-0707,VS07,2021-12-01,15,2022-01-01,19
PO-2021-0708,VS11,2021-04-20,30,2021-05-17,0
PO-2021-0709,VS31,2021-10-28,45,2021-12-23,14
PO-2021-0710,VS03,2021-06-16,21,2021-07-02,0
PO-2021-0711,VS19,2023-12-07,30,2024-01-03,0
PO-2021-0712,VS29,2023-10-13,30,2023-11-23,14
PO-2021-0713,VS19,2023-12-01,30,2024-01-14,17
PO-2021-0714,VS11,2022-04-23,30,2022-05-20,0
PO-2021-0715,VS18,2021-06-30,30,2021-07-26,0
PO-2021-0716,VS34,2022-02-18,21,2022-03-30,22
PO-2021-0717,VS23,2022-08-09,45,2022-09-20,0
PO-2021-0718,VS30,2022-02-06,45,2022-03-29,9
PO-2021-0719,VS07,2023-11-06,15,2023-11-22,4
PO-2021-0720,VS17,2023-11-21,45,2024-01-07,5
PO-2021-0721,VS25,2023-06-29,30,2023-08-17,22
PO-2021-0722,VS30,2023-08-01,45,2023-09-26,14
PO-2021-0723,VS15,2022-03-31,45,2022-05-12,0
PO-2021-0724,VS17,2021-01-23,45,2021-03-21,15
PO-2021-0725,VS05,2022-12-05,15,2022-12-17,0
PO-2021-0726,VS18,2022-03-27,30,2022-05-14,21
PO-2021-0727,VS13,2023-10-22,30,2023-11-18,0
PO-2021-0728,VS13,2022-04-18,30,2022-05-18,3
PO-2021-0729,VS08,2021-08-10,21,2021-09-07,10
PO-2021-0730,VS03,2021-01-17,21,2021-02-04,0
PO-2021-0731,VS32,2022-07-20,45,2022-09-08,8
PO-2021-0732,VS15,2023-03-29,45,2023-06-01,22
PO-2021-0733,VS33,2021-03-11,45,2021-04-30,8
PO-2021-0734,VS08,2023-07-29,21,2023-08-28,12
PO-2021-0735,VS25,2022-03-11,30,2022-04-07,0
PO-2021-0736,VS17,2022-01-22,45,2022-03-05,0
PO-2021-0737,VS12,2023-01-23,15,2023-03-01,25
PO-2021-0738,VS24,2023-02-05,45,2023-04-01,13
PO-2021-0739,VS07,2022-04-17,15,2022-04-28,0
PO-2021-0740,VS10,2022-02-09,30,2022-03-17,9
PO-2021-0741,VS09,2023-10-24,30,2023-11-20,0
PO-2021-0742,VS17,2022-09-10,45,2022-10-22,0
PO-2021-0743,VS04,2021-12-04,21,2021-12-22,0
PO-2021-0744,VS29,2021-07-20,30,2021-08-26,10
PO-2021-0745,VS23,2022-06-15,45,2022-08-07,11
PO-2021-0746,VS12,2022-02-15,15,2022-02-27,0
PO-2021-0747,VS06,2023-07-08,30,2023-08-13,9
PO-2021-0748,VS22,2021-12-13,21,2021-12-26,0
PO-2021-0749,VS11,2021-06-15,30,2021-07-23,11
PO-2021-0750,VS26,2022-07-05,21,2022-07-22,0
PO-2021-0751,VS29,2023-12-06,30,2024-01-02,0
PO-2021-0752,VS17,2022-04-29,45,2022-06-10,0
PO-2021-0753,VS31,2021-05-14,45,2021-06-27,2
PO-2021-0754,VS07,2021-06-23,15,2021-07-02,0
PO-2021-0755,VS15,2022-09-29,45,2022-12-02,22
PO-2021-0756,VS34,2021-09-29,21,2021-10-18,1
PO-2021-0757,VS30,2023-09-06,45,2023-10-16,0
PO-2021-0758,VS30,2022-01-01,45,2022-02-21,9
PO-2021-0759,VS31,2022-12-16,45,2023-01-23,0
PO-2021-0760,VS27,2023-01-23,21,2023-02-26,16
PO-2021-0761,VS23,2021-10-10,45,2021-11-21,0
PO-2021-0762,VS20,2023-09-08,21,2023-09-23,0
PO-2021-0763,VS01,2022-04-22,15,2022-05-11,7
PO-2021-0764,VS26,2023-06-18,21,2023-07-01,0
PO-2021-0765,VS15,2023-02-17,45,2023-03-31,0
PO-2021-0766,VS19,2022-07-14,30,2022-09-03,24
PO-2021-0767,VS09,2022-01-12,30,2022-02-08,0
PO-2021-0768,VS32,2022-07-15,45,2022-08-31,5
PO-2021-0769,VS12,2021-02-18,15,2021-03-18,16
PO-2021-0770,VS15,2021-01-20,45,2021-03-03,0
PO-2021-0771,VS20,2023-05-14,21,2023-06-23,22
PO-2021-0772,VS22,2021-03-09,21,2021-04-19,23
PO-2021-0773,VS26,2022-07-03,21,2022-08-14,24
PO-2021-0774,VS01,2023-02-24,15,2023-04-02,25
PO-2021-0775,VS16,2023-06-30,15,2023-07-31,19
PO-2021-0776,VS14,2023-12-07,30,2024-01-03,0
PO-2021-0777,VS03,2021-11-24,21,2021-12-12,0
PO-2021-0778,VS13,2022-09-07,30,2022-10-16,12
PO-2021-0779,VS16,2021-08-23,15,2021-09-04,0
PO-2021-0780,VS26,2021-09-06,21,2021-10-08,14
PO-2021-0781,VS10,2023-09-04,30,2023-10-01,0
PO-2021-0782,VS22,2021-07-10,21,2021-08-13,16
PO-2021-0783,VS09,2021-08-11,30,2021-10-02,25
PO-2021-0784,VS29,2022-12-16,30,2023-01-19,7
PO-2021-0785,VS17,2021-10-06,45,2021-11-18,1
PO-2021-0786,VS13,2023-10-04,30,2023-10-26,0
PO-2021-0787,VS11,2022-07-21,30,2022-08-25,8
PO-2021-0788,VS30,2023-01-25,45,2023-03-08,0
PO-2021-0789,VS02,2022-01-18,21,2022-02-06,1
PO-2021-0790,VS25,2021-05-13,30,2021-06-23,14
PO-2021-0791,VS19,2021-11-15,30,2021-12-18,6
PO-2021-0792,VS05,2023-12-11,15,2023-12-23,0
PO-2021-0793,VS07,2022-02-21,15,2022-03-12,7
PO-2021-0794,VS32,2023-03-10,45,2023-05-01,10
PO-2021-0795,VS15,2023-01-24,45,2023-03-27,20
PO-2021-0796,VS06,2023-10-07,30,2023-11-09,6
PO-2021-0797,VS24,2023-05-05,45,2023-06-16,0
PO-2021-0798,VS20,2021-05-28,21,2021-06-30,15
PO-2021-0799,VS15,2021-07-30,45,2021-09-10,0
PO-2021-0800,VS12,2022-05-28,15,2022-06-05,0
PO-2021-0801,VS30,2023-01-07,45,2023-02-14,0
PO-2021-0802,VS33,2023-04-06,45,2023-05-14,0
PO-2021-0803,VS23,2023-06-30,45,2023-08-25,14
PO-2021-0804,VS28,2023-04-28,15,2023-05-10,0
PO-2021-0805,VS17,2023-02-11,45,2023-03-25,0
PO-2021-0806,VS03,2021-01-04,21,2021-02-10,19
PO-2021-0807,VS20,2021-01-17,21,2021-01-31,0
PO-2021-0808,VS33,2022-07-23,45,2022-09-28,25
PO-2021-0809,VS30,2021-03-22,45,2021-05-11,8
PO-2021-0810,VS15,2022-05-30,45,2022-07-15,4
PO-2021-0811,VS05,2022-03-25,15,2022-04-19,13
PO-2021-0812,VS20,2021-07-18,21,2021-08-09,4
PO-2021-0813,VS22,2021-04-28,21,2021-06-07,22
PO-2021-0814,VS01,2022-04-13,15,2022-04-25,0
PO-2021-0815,VS21,2021-11-06,15,2021-11-18,0
PO-2021-0816,VS29,2023-03-19,30,2023-04-15,0
PO-2021-0817,VS10,2023-03-22,30,2023-04-18,0
PO-2021-0818,VS26,2021-04-14,21,2021-05-02,0
PO-2021-0819,VS09,2021-09-28,30,2021-10-25,0
PO-2021-0820,VS34,2022-02-09,21,2022-03-24,25
PO-2021-0821,VS06,2022-10-28,30,2022-12-19,25
PO-2021-0822,VS21,2022-01-29,15,2022-02-10,0
PO-2021-0823,VS23,2021-12-16,45,2022-02-09,13
PO-2021-0824,VS24,2022-02-16,45,2022-03-30,0
PO-2021-0825,VS16,2021-04-25,15,2021-05-05,0
PO-2021-0826,VS08,2022-12-08,21,2023-01-18,23
PO-2021-0827,VS14,2022-03-13,30,2022-05-02,23
PO-2021-0828,VS02,2021-10-20,21,2021-11-15,8
PO-2021-0829,VS11,2022-06-11,30,2022-07-11,3
PO-2021-0830,VS04,2022-07-13,21,2022-08-02,2
PO-2021-0831,VS24,2022-07-13,45,2022-08-24,0
PO-2021-0832,VS15,2023-03-06,45,2023-04-26,9
PO-2021-0833,VS06,2023-09-23,30,2023-11-02,13
PO-2021-0834,VS03,2021-02-17,21,2021-03-24,17
PO-2021-0835,VS11,2023-03-20,30,2023-04-16,0
PO-2021-0836,VS16,2022-09-15,15,2022-09-27,0
PO-2021-0837,VS02,2023-03-07,21,2023-04-03,9
PO-2021-0838,VS09,2023-03-19,30,2023-04-10,0
PO-2021-0839,VS27,2022-04-14,21,2022-05-18,16
PO-2021-0840,VS29,2022-11-09,30,2022-12-09,3
PO-2021-0841,VS09,2022-02-22,30,2022-03-21,0
PO-2021-0842,VS10,2023-06-03,30,2023-07-15,15
PO-2021-0843,VS12,2021-09-03,15,2021-10-03,18
PO-2021-0844,VS27,2022-10-18,21,2022-11-10,5
PO-2021-0845,VS10,2022-07-18,30,2022-08-20,6
PO-2021-0846,VS15,2022-07-04,45,2022-08-31,16
PO-2021-0847,VS09,2023-09-07,30,2023-10-27,23
PO-2021-0848,VS12,2023-02-08,15,2023-02-20,0
PO-2021-0849,VS03,2022-04-12,21,2022-05-17,17
PO-2021-0850,VS15,2023-04-29,45,2023-07-01,21
PO-2021-0851,VS21,2023-10-04,15,2023-10-12,0
PO-2021-0852,VS25,2021-03-30,30,2021-05-21,25
PO-2021-0853,VS03,2023-12-15,21,2024-01-03,1
PO-2021-0854,VS34,2022-05-22,21,2022-06-13,4
PO-2021-0855,VS34,2023-03-08,21,2023-04-04,9
PO-2021-0856,VS30,2022-08-12,45,2022-10-16,23
PO-2021-0857,VS10,2023-11-28,30,2024-01-19,25
PO-2021-0858,VS08,2023-10-26,21,2023-11-14,1
PO-2021-0859,VS26,2021-10-08,21,2021-10-31,5
PO-2021-0860,VS30,2022-02-21,45,2022-04-27,23
PO-2021-0861,VS08,2021-12-05,21,2021-12-26,3
PO-2021-0862,VS34,2021-06-27,21,2021-07-25,10
PO-2021-0863,VS25,2021-11-27,30,2021-12-24,0
PO-2021-0864,VS11,2021-11-07,30,2021-12-03,0
PO-2021-0865,VS20,2022-09-26,21,2022-10-25,11
PO-2021-0866,VS01,2022-02-23,15,2022-03-07,0
PO-2021-0867,VS32,2021-01-15,45,2021-02-26,0
PO-2021-0868,VS29,2023-04-23,30,2023-06-08,19
PO-2021-0869,VS14,2022-07-27,30,2022-08-18,0
PO-2021-0870,VS10,2021-03-20,30,2021-04-16,0
PO-2021-0871,VS06,2022-11-13,30,2023-01-01,22
PO-2021-0872,VS12,2022-08-09,15,2022-08-21,0
PO-2021-0873,VS20,2021-07-13,21,2021-07-31,0
PO-2021-0874,VS05,2023-05-29,15,2023-06-30,20
PO-2021-0875,VS34,2022-11-09,21,2022-12-08,11
PO-2021-0876,VS07,2021-05-03,15,2021-05-15,0
PO-2021-0877,VS28,2022-08-15,15,2022-08-27,0
PO-2021-0878,VS09,2022-12-29,30,2023-02-15,21
PO-2021-0879,VS15,2022-01-07,45,2022-02-13,0
PO-2021-0880,VS08,2023-08-14,21,2023-09-15,14
PO-2021-0881,VS22,2021-04-07,21,2021-04-25,0
PO-2021-0882,VS19,2022-02-20,30,2022-03-29,10
PO-2021-0883,VS01,2022-10-29,15,2022-11-22,12
PO-2021-0884,VS12,2021-03-04,15,2021-03-22,6
PO-2021-0885,VS31,2023-09-12,45,2023-10-24,0
PO-2021-0886,VS22,2023-08-05,21,2023-08-20,0
PO-2021-0887,VS34,2021-04-28,21,2021-05-26,10
PO-2021-0888,VS14,2021-02-11,30,2021-03-13,3
PO-2021-0889,VS10,2021-05-19,30,2021-07-08,23
PO-2021-0890,VS11,2024-01-03,30,2024-02-02,3
PO-2021-0891,VS21,2022-09-27,15,2022-10-09,0
PO-2021-0892,VS29,2023-02-04,30,2023-03-21,18
PO-2021-0893,VS03,2023-02-09,21,2023-03-22,23
PO-2021-0894,VS33,2023-09-19,45,2023-11-17,17
PO-2021-0895,VS20,2023-12-12,21,2023-12-30,0
PO-2021-0896,VS14,2021-10-02,30,2021-10-28,0
PO-2021-0897,VS01,2021-08-29,15,2021-09-10,0
PO-2021-0898,VS22,2021-07-01,21,2021-07-19,0
PO-2021-0899,VS02,2022-10-05,21,2022-11-13,21
PO-2021-0900,VS19,2022-02-02,30,2022-02-28,0
PO-2021-0901,VS18,2021-09-01,30,2021-09-23,0
PO-2021-0902,VS07,2023-11-22,15,2023-12-23,19
PO-2021-0903,VS19,2021-10-20,30,2021-12-08,22
PO-2021-0904,VS04,2023-07-01,21,2023-07-19,0
PO-2021-0905,VS25,2021-08-08,30,2021-08-30,0
PO-2021-0906,VS23,2023-07-06,45,2023-08-17,0
PO-2021-0907,VS06,2024-01-01,30,2024-02-01,4
PO-2021-0908,VS07,2023-08-21,15,2023-09-10,8
PO-2021-0909,VS31,2023-08-15,45,2023-10-01,5
PO-2021-0910,VS24,2022-06-16,45,2022-08-20,23
PO-2021-0911,VS30,2022-10-31,45,2022-12-12,0
PO-2021-0912,VS30,2023-09-11,45,2023-10-28,5
PO-2021-0913,VS33,2021-09-21,45,2021-11-13,11
PO-2021-0914,VS05,2022-11-02,15,2022-12-07,23
PO-2021-0915,VS16,2022-05-07,15,2022-05-19,0
PO-2021-0916,VS14,2022-12-02,30,2023-01-11,13
PO-2021-0917,VS16,2022-12-05,15,2023-01-08,22
PO-2021-0918,VS08,2023-09-27,21,2023-10-15,0
PO-2021-0919,VS20,2021-12-30,21,2022-01-20,3
PO-2021-0920,VS21,2023-02-19,15,2023-03-26,23
PO-2021-0921,VS01,2021-10-15,15,2021-10-24,0
PO-2021-0922,VS29,2023-03-13,30,2023-04-09,0
PO-2021-0923,VS28,2022-09-19,15,2022-10-01,0
PO-2021-0924,VS26,2023-11-15,21,2023-12-03,0
PO-2021-0925,VS01,2021-04-22,15,2021-05-01,0
PO-2021-0926,VS16,2021-03-08,15,2021-03-24,4
PO-2021-0927,VS26,2023-02-26,21,2023-03-18,2
PO-2021-0928,VS09,2023-09-03,30,2023-10-22,22
PO-2021-0929,VS10,2023-05-08,30,2023-06-04,0
PO-2021-0930,VS05,2021-01-27,15,2021-02-17,9
PO-2021-0931,VS09,2023-06-17,30,2023-07-21,7
PO-2021-0932,VS12,2023-05-25,15,2023-06-21,15
PO-2021-0933,VS23,2023-03-02,45,2023-04-13,0
PO-2021-0934,VS16,2023-10-21,15,2023-10-29,0
PO-2021-0935,VS03,2023-01-25,21,2023-02-21,9
PO-2021-0936,VS06,2023-09-17,30,2023-11-02,19
PO-2021-0937,VS30,2022-07-30,45,2022-09-24,14
PO-2021-0938,VS31,2022-05-21,45,2022-07-09,7
PO-2021-0939,VS04,2022-10-05,21,2022-10-21,0
PO-2021-0940,VS31,2023-11-19,45,2024-01-01,1
PO-2021-0941,VS19,2022-08-30,30,2022-09-26,0
PO-2021-0942,VS17,2022-09-18,45,2022-10-25,0
PO-2021-0943,VS19,2021-04-19,30,2021-05-16,0
PO-2021-0944,VS18,2021-06-10,30,2021-07-07,0
PO-2021-0945,VS08,2021-02-02,21,2021-03-07,15
PO-2021-0946,VS24,2023-07-07,45,2023-09-11,24
PO-2021-0947,VS34,2022-01-09,21,2022-01-27,0
PO-2021-0948,VS32,2021-11-15,45,2021-12-31,4
PO-2021-0949,VS14,2021-12-12,30,2022-02-02,25
PO-2021-0950,VS11,2021-04-21,30,2021-05-23,5
PO-2021-0951,VS15,2023-12-30,45,2024-02-10,0
PO-2021-0952,VS34,2021-10-28,21,2021-12-10,25
PO-2021-0953,VS21,2023-02-25,15,2023-03-09,0
PO-2021-0954,VS28,2022-12-29,15,2023-01-18,8
PO-2021-0955,VS26,2022-06-10,21,2022-07-16,18
PO-2021-0956,VS34,2022-02-07,21,2022-02-25,0
PO-2021-0957,VS01,2021-01-25,15,2021-02-20,14
PO-2021-0958,VS23,2023-07-06,45,2023-08-14,0
PO-2021-0959,VS06,2021-02-21,30,2021-03-20,0
PO-2021-0960,VS08,2021-09-10,21,2021-10-06,8
PO-2021-0961,VS08,2022-01-17,21,2022-02-15,11
PO-2021-0962,VS18,2023-07-21,30,2023-08-26,9
PO-2021-0963,VS17,2022-10-28,45,2022-12-09,0
PO-2021-0964,VS25,2023-02-26,30,2023-03-24,0
PO-2021-0965,VS29,2022-01-03,30,2022-02-21,22
PO-2021-0966,VS12,2023-03-19,15,2023-04-12,12
PO-2021-0967,VS07,2022-03-27,15,2022-04-08,0
PO-2021-0968,VS17,2021-05-28,45,2021-07-21,12
PO-2021-0969,VS03,2021-01-05,21,2021-01-26,3
PO-2021-0970,VS33,2021-01-11,45,2021-03-18,24
PO-2021-0971,VS15,2021-05-27,45,2021-07-08,0
PO-2021-0972,VS08,2023-09-18,21,2023-10-24,18
PO-2021-0973,VS26,2022-09-16,21,2022-10-04,0
PO-2021-0974,VS22,2023-01-22,21,2023-02-26,17
PO-2021-0975,VS12,2022-02-23,15,2022-03-07,0
PO-2021-0976,VS25,2022-09-08,30,2022-10-12,7
PO-2021-0977,VS13,2023-06-19,30,2023-07-16,0
PO-2021-0978,VS32,2022-05-07,45,2022-06-19,1
PO-2021-0979,VS29,2023-10-24,30,2023-11-27,7
PO-2021-0980,VS26,2021-04-01,21,2021-04-26,7
PO-2021-0981,VS10,2023-07-31,30,2023-08-22,0
PO-2021-0982,VS02,2023-10-02,21,2023-10-23,3
PO-2021-0983,VS01,2021-09-28,15,2021-10-10,0
PO-2021-0984,VS30,2021-07-22,45,2021-08-29,0
PO-2021-0985,VS32,2021-08-25,45,2021-10-06,0
PO-2021-0986,VS21,2023-04-07,15,2023-05-09,20
PO-2021-0987,VS14,2022-10-24,30,2022-11-22,2
PO-2021-0988,VS10,2022-07-18,30,2022-08-14,0
PO-2021-0989,VS16,2023-06-21,15,2023-07-26,23
PO-2021-0990,VS11,2023-02-13,30,2023-03-12,0
PO-2021-0991,VS06,2022-01-06,30,2022-02-02,0
PO-2021-0992,VS09,2023-09-05,30,2023-10-03,1
PO-2021-0993,VS16,2023-04-27,15,2023-05-09,0
PO-2021-0994,VS06,2023-10-24,30,2023-11-20,0
PO-2021-0995,VS08,2022-02-01,21,2022-03-11,20
PO-2021-0996,VS15,2023-11-09,45,2024-01-04,14
PO-2021-0997,VS13,2021-04-22,30,2021-05-19,0
PO-2021-0998,VS12,2023-10-19,15,2023-10-31,0
PO-2021-0999,VS19,2023-01-19,30,2023-02-25,10
PO-2021-1000,VS03,2023-07-21,21,2023-09-02,25
PO-2021-1001,VS02,2021-11-23,21,2021-12-11,0
PO-2021-1002,VS21,2023-07-03,15,2023-07-26,11
PO-2021-1003,VS08,2022-04-20,21,2022-05-23,15
PO-2021-1004,VS25,2022-02-17,30,2022-04-09,24
PO-2021-1005,VS10,2023-06-15,30,2023-08-05,24
PO-2021-1006,VS09,2023-02-07,30,2023-03-26,20
PO-2021-1007,VS22,2022-02-22,21,2022-03-12,0
PO-2021-1008,VS08,2021-10-10,21,2021-10-27,0
PO-2021-1009,VS19,2022-03-30,30,2022-05-11,15
PO-2021-1010,VS15,2021-12-18,45,2022-02-04,6
PO-2021-1011,VS30,2023-08-31,45,2023-10-12,0
PO-2021-1012,VS21,2022-05-26,15,2022-06-07,0
PO-2021-1013,VS01,2021-11-05,15,2021-11-17,0
PO-2021-1014,VS03,2023-11-02,21,2023-12-02,12
PO-2021-1015,VS29,2021-07-23,30,2021-08-23,4
PO-2021-1016,VS14,2023-04-16,30,2023-06-01,19
PO-2021-1017,VS31,2021-02-05,45,2021-03-23,4
PO-2021-1018,VS30,2021-02-22,45,2021-04-05,0
PO-2021-1019,VS24,2022-01-17,45,2022-03-09,9
PO-2021-1020,VS25,2021-05-28,30,2021-06-28,4
PO-2021-1021,VS14,2022-07-10,30,2022-08-06,0
PO-2021-1022,VS24,2023-11-24,45,2024-01-01,0
PO-2021-1023,VS24,2021-03-28,45,2021-05-23,14
PO-2021-1024,VS09,2022-02-27,30,2022-04-11,16
PO-2021-1025,VS15,2022-03-09,45,2022-04-20,0
PO-2021-1026,VS18,2023-05-20,30,2023-06-12,0
PO-2021-1027,VS34,2023-10-27,21,2023-11-22,8
PO-2021-1028,VS29,2022-08-25,30,2022-10-13,22
PO-2021-1029,VS13,2021-05-18,30,2021-06-09,0
PO-2021-1030,VS05,2022-08-17,15,2022-08-29,0
PO-2021-1031,VS10,2023-10-17,30,2023-12-01,18
PO-2021-1032,VS09,2023-05-07,30,2023-06-23,20
PO-2021-1033,VS19,2021-02-16,30,2021-03-30,15
PO-2021-1034,VS22,2023-12-04,21,2024-01-12,21
PO-2021-1035,VS32,2022-11-03,45,2022-12-11,0
PO-2021-1036,VS20,2021-10-01,21,2021-10-26,7
PO-2021-1037,VS04,2022-08-17,21,2022-09-05,1
PO-2021-1038,VS19,2021-11-29,30,2021-12-26,0
PO-2021-1039,VS11,2021-11-14,30,2021-12-14,3
PO-2021-1040,VS29,2021-09-20,30,2021-10-17,0
PO-2021-1041,VS21,2021-03-16,15,2021-03-28,0
PO-2021-1042,VS20,2024-01-01,21,2024-01-19,0
PO-2021-1043,VS30,2021-10-28,45,2021-12-28,19
PO-2021-1044,VS22,2023-11-09,21,2023-12-18,21
PO-2021-1045,VS29,2021-11-01,30,2021-11-30,2
PO-2021-1046,VS08,2021-10-16,21,2021-11-03,0
PO-2021-1047,VS23,2023-07-06,45,2023-08-25,8
PO-2021-1048,VS15,2023-12-18,45,2024-02-13,15
PO-2021-1049,VS33,2021-07-01,45,2021-08-12,0
PO-2021-1050,VS04,2023-11-17,21,2023-12-25,20
PO-2021-1051,VS25,2023-01-31,30,2023-02-27,0
PO-2021-1052,VS06,2023-07-05,30,2023-08-04,3
PO-2021-1053,VS19,2023-06-29,30,2023-08-03,8
PO-2021-1054,VS09,2023-05-02,30,2023-06-03,5
PO-2021-1055,VS05,2022-11-21,15,2022-12-03,0
PO-2021-1056,VS12,2023-05-02,15,2023-05-31,17
PO-2021-1057,VS12,2022-02-16,15,2022-03-06,6
PO-2021-1058,VS32,2022-09-18,45,2022-11-09,10
PO-2021-1059,VS10,2021-01-09,30,2021-02-05,0
PO-2021-1060,VS08,2023-08-29,21,2023-09-13,0
PO-2021-1061,VS02,2022-05-20,21,2022-06-07,0
PO-2021-1062,VS31,2023-01-14,45,2023-02-20,0
PO-2021-1063,VS24,2021-09-05,45,2021-10-17,0
PO-2021-1064,VS04,2021-12-03,21,2022-01-09,19
PO-2021-1065,VS11,2023-01-05,30,2023-02-01,0
PO-2021-1066,VS19,2021-04-13,30,2021-05-05,0
PO-2021-1067,VS12,2022-02-04,15,2022-02-12,0
PO-2021-1068,VS20,2022-10-13,21,2022-10-31,0
PO-2021-1069,VS23,2024-01-03,45,2024-02-13,0
PO-2021-1070,VS27,2023-09-24,21,2023-10-28,16
PO-2021-1071,VS33,2021-11-16,45,2021-12-29,1
PO-2021-1072,VS08,2023-12-16,21,2024-01-19,16
PO-2021-1073,VS31,2021-02-08,45,2021-04-05,14
PO-2021-1074,VS22,2023-12-11,21,2024-01-06,8
PO-2021-1075,VS09,2022-04-04,30,2022-05-10,9
PO-2021-1076,VS06,2021-09-27,30,2021-11-08,15
PO-2021-1077,VS31,2021-02-11,45,2021-04-06,12
PO-2021-1078,VS04,2023-11-21,21,2023-12-19,10
PO-2021-1079,VS01,2022-09-13,15,2022-09-28,3
PO-2021-1080,VS12,2022-02-17,15,2022-03-01,0
PO-2021-1081,VS23,2022-07-26,45,2022-09-06,0
PO-2021-1082,VS33,2022-05-14,45,2022-07-05,10
PO-2021-1083,VS14,2023-12-23,30,2024-01-23,4
PO-2021-1084,VS07,2021-01-12,15,2021-02-16,23
PO-2021-1085,VS12,2023-01-24,15,2023-02-05,0
PO-2021-1086,VS28,2023-02-20,15,2023-03-04,0
PO-2021-1087,VS08,2022-10-09,21,2022-11-15,19
PO-2021-1088,VS19,2023-01-13,30,2023-02-09,0
PO-2021-1089,VS25,2021-08-28,30,2021-09-24,0
PO-2021-1090,VS15,2023-07-02,45,2023-08-19,6
PO-2021-1091,VS05,2022-01-25,15,2022-02-21,15
PO-2021-1092,VS07,2023-10-07,15,2023-11-13,25
PO-2021-1093,VS10,2021-09-05,30,2021-10-15,13
PO-2021-1094,VS05,2021-12-15,15,2021-12-27,0
PO-2021-1095,VS08,2023-04-11,21,2023-05-09,10
PO-2021-1096,VS26,2022-07-17,21,2022-08-04,0
PO-2021-1097,VS33,2023-09-23,45,2023-11-23,19
PO-2021-1098,VS32,2022-06-01,45,2022-07-13,0
PO-2021-1099,VS04,2021-07-26,21,2021-08-16,3
PO-2021-1100,VS21,2023-02-26,15,2023-03-10,0
PO-2021-1101,VS34,2021-06-09,21,2021-07-10,13
PO-2021-1102,VS32,2023-10-20,45,2023-12-12,11
PO-2021-1103,VS03,2021-02-09,21,2021-03-12,13
PO-2021-1104,VS25,2022-10-10,30,2022-11-06,0
PO-2021-1105,VS11,2022-09-16,30,2022-10-27,14
PO-2021-1106,VS08,2023-09-29,21,2023-10-19,2
PO-2021-1107,VS31,2023-08-24,45,2023-10-09,4
PO-2021-1108,VS32,2022-06-27,45,2022-08-08,0
PO-2021-1109,VS04,2022-10-22,21,2022-11-09,0
PO-2021-1110,VS02,2022-12-19,21,2023-01-06,0
PO-2021-1111,VS23,2023-04-27,45,2023-06-17,9
PO-2021-1112,VS06,2022-10-05,30,2022-11-01,0
PO-2021-1113,VS21,2021-02-13,15,2021-02-25,0
PO-2021-1114,VS27,2023-11-24,21,2023-12-12,0
PO-2021-1115,VS25,2022-10-14,30,2022-11-16,6
PO-2021-1116,VS14,2021-07-27,30,2021-09-09,17
PO-2021-1117,VS11,2022-11-30,30,2023-01-10,14
PO-2021-1118,VS14,2021-06-07,30,2021-07-23,19
PO-2021-1119,VS15,2023-04-07,45,2023-06-13,25
PO-2021-1120,VS18,2022-11-24,30,2022-12-21,0
PO-2021-1121,VS23,2022-03-09,45,2022-05-08,18
PO-2021-1122,VS28,2022-09-10,15,2022-09-29,7
PO-2021-1123,VS30,2023-11-25,45,2024-01-28,22
PO-2021-1124,VS12,2023-11-27,15,2023-12-30,21
PO-2021-1125,VS18,2023-08-19,30,2023-09-18,3
PO-2021-1126,VS34,2021-05-06,21,2021-06-04,11
PO-2021-1127,VS28,2022-09-10,15,2022-10-15,23
PO-2021-1128,VS27,2022-02-24,21,2022-04-05,22
PO-2021-1129,VS26,2022-05-02,21,2022-05-29,9
PO-2021-1130,VS30,2022-10-01,45,2022-11-12,0
PO-2021-1131,VS13,2021-03-20,30,2021-05-05,19
PO-2021-1132,VS12,2022-07-26,15,2022-08-09,2
PO-2021-1133,VS06,2021-04-27,30,2021-05-24,0
PO-2021-1134,VS06,2023-01-18,30,2023-03-05,19
PO-2021-1135,VS08,2022-05-02,21,2022-05-20,0
PO-2021-1136,VS17,2023-12-15,45,2024-01-26,0
PO-2021-1137,VS22,2022-10-07,21,2022-11-08,14
PO-2021-1138,VS10,2022-03-26,30,2022-05-01,9
PO-2021-1139,VS17,2023-04-20,45,2023-06-03,2
PO-2021-1140,VS28,2022-10-14,15,2022-10-30,4
PO-2021-1141,VS24,2021-10-27,45,2021-12-08,0
PO-2021-1142,VS04,2021-03-16,21,2021-04-23,20
PO-2021-1143,VS08,2023-01-17,21,2023-02-04,0
PO-2021-1144,VS26,2021-01-20,21,2021-02-07,0
PO-2021-1145,VS20,2022-05-01,21,2022-06-07,19
PO-2021-1146,VS27,2022-10-15,21,2022-11-02,0
PO-2021-1147,VS31,2023-10-07,45,2023-12-07,19
PO-2021-1148,VS11,2021-07-28,30,2021-08-24,0
PO-2021-1149,VS30,2022-11-04,45,2022-12-27,11
PO-2021-1150,VS09,2023-07-01,30,2023-08-14,17
PO-2021-1151,VS08,2021-06-21,21,2021-07-24,15
PO-2021-1152,VS27,2021-09-27,21,2021-11-09,25
PO-2021-1153,VS12,2022-06-21,15,2022-07-17,14
PO-2021-1154,VS12,2023-01-26,15,2023-02-07,0
PO-2021-1155,VS02,2022-04-08,21,2022-05-03,7
PO-2021-1156,VS06,2022-04-17,30,2022-05-14,0
PO-2021-1157,VS26,2021-04-15,21,2021-05-06,3
PO-2021-1158,VS08,2021-12-18,21,2022-01-05,0
PO-2021-1159,VS08,2023-10-13,21,2023-11-04,4
PO-2021-1160,VS19,2022-07-03,30,2022-08-08,9
PO-2021-1161,VS19,2022-03-21,30,2022-04-17,0
PO-2021-1162,VS19,2021-03-03,30,2021-04-11,12
PO-2021-1163,VS30,2023-01-31,45,2023-03-24,10
PO-2021-1164,VS14,2023-03-29,30,2023-05-07,12
PO-2021-1165,VS07,2021-06-02,15,2021-06-14,0
PO-2021-1166,VS23,2023-08-26,45,2023-10-05,0
PO-2021-1167,VS26,2022-09-15,21,2022-10-10,7
PO-2021-1168,VS17,2022-01-06,45,2022-02-17,0
PO-2021-1169,VS06,2021-10-01,30,2021-10-29,1
PO-2021-1170,VS21,2021-08-31,15,2021-09-22,10
PO-2021-1171,VS28,2023-01-12,15,2023-01-26,2
PO-2021-1172,VS34,2022-06-28,21,2022-08-03,18
PO-2021-1173,VS10,2023-10-07,30,2023-10-31,0
PO-2021-1174,VS04,2023-06-24,21,2023-07-12,0
PO-2021-1175,VS17,2023-08-25,45,2023-10-07,1
PO-2021-1176,VS29,2021-03-28,30,2021-05-07,13
PO-2021-1177,VS08,2023-10-10,21,2023-10-26,0
PO-2021-1178,VS11,2022-01-08,30,2022-02-12,8
PO-2021-1179,VS01,2022-03-14,15,2022-04-12,17
PO-2021-1180,VS32,2022-05-23,45,2022-07-04,0
PO-2021-1181,VS26,2021-09-10,21,2021-09-28,0
PO-2021-1182,VS02,2021-11-14,21,2021-12-18,16
PO-2021-1183,VS18,2023-07-22,30,2023-09-05,18
PO-2021-1184,VS21,2023-07-20,15,2023-08-19,18
PO-2021-1185,VS21,2022-08-06,15,2022-09-05,18
PO-2021-1186,VS06,2023-02-24,30,2023-04-15,23
PO-2021-1187,VS06,2023-03-31,30,2023-04-27,0
PO-2021-1188,VS19,2023-04-08,30,2023-05-02,0
PO-2021-1189,VS09,2022-10-01,30,2022-10-28,0
PO-2021-1190,VS32,2022-02-17,45,2022-04-13,13
PO-2021-1191,VS06,2023-05-20,30,2023-07-01,15
PO-2021-1192,VS06,2023-05-26,30,2023-06-22,0
PO-2021-1193,VS10,2022-04-08,30,2022-05-05,0
PO-2021-1194,VS30,2022-08-22,45,2022-10-26,23
PO-2021-1195,VS09,2021-11-04,30,2021-12-09,8
PO-2021-1196,VS05,2021-04-11,15,2021-05-09,16
PO-2021-1197,VS30,2021-07-16,45,2021-09-03,7
PO-2021-1198,VS02,2023-11-01,21,2023-11-16,0
PO-2021-1199,VS26,2022-01-12,21,2022-02-10,11
PO-2021-1200,VS30,2022-10-08,45,2022-11-25,6
PO-2021-1201,VS14,2022-01-22,30,2022-02-17,0
PO-2021-1202,VS28,2021-08-09,15,2021-09-02,12
PO-2021-1203,VS31,2021-12-21,45,2022-02-01,0
PO-2021-1204,VS20,2023-09-27,21,2023-10-15,0
PO-2021-1205,VS20,2023-03-23,21,2023-04-09,0
PO-2021-1206,VS13,2021-02-05,30,2021-02-28,0
PO-2021-1207,VS28,2022-05-14,15,2022-05-21,0
PO-2021-1208,VS31,2021-11-03,45,2021-12-16,1
PO-2021-1209,VS32,2023-07-04,45,2023-08-15,0
PO-2021-1210,VS19,2022-02-20,30,2022-03-19,0
PO-2021-1211,VS27,2023-06-07,21,2023-06-27,2
PO-2021-1212,VS03,2022-08-22,21,2022-09-09,0
PO-2021-1213,VS15,2023-09-30,45,2023-11-11,0
PO-2021-1214,VS18,2021-05-14,30,2021-06-20,10
PO-2021-1215,VS29,2022-12-15,30,2023-02-01,21
PO-2021-1216,VS23,2023-08-23,45,2023-10-29,25
PO-2021-1217,VS30,2022-11-29,45,2023-01-10,0
PO-2021-1218,VS24,2023-05-07,45,2023-06-29,11
PO-2021-1219,VS19,2022-03-04,30,2022-04-22,22
PO-2021-1220,VS32,2021-11-20,45,2022-01-01,0
PO-2021-1221,VS16,2022-09-17,15,2022-09-29,0
PO-2021-1222,VS23,2022-06-22,45,2022-08-03,0
PO-2021-1223,VS05,2021-03-10,15,2021-03-19,0
PO-2021-1224,VS32,2022-04-07,45,2022-06-08,20
PO-2021-1225,VS18,2021-04-09,30,2021-05-01,0
PO-2021-1226,VS04,2021-08-05,21,2021-08-18,0
PO-2021-1227,VS07,2021-08-19,15,2021-09-10,10
PO-2021-1228,VS08,2021-12-12,21,2022-01-15,16
PO-2021-1229,VS33,2023-06-27,45,2023-08-29,21
PO-2021-1230,VS22,2023-01-18,21,2023-02-06,1
PO-2021-1231,VS16,2021-01-17,15,2021-01-29,0
PO-2021-1232,VS24,2022-07-02,45,2022-09-05,23
PO-2021-1233,VS27,2023-12-24,21,2024-01-16,5
PO-2021-1234,VS34,2023-08-01,21,2023-08-19,0
PO-2021-1235,VS34,2021-01-24,21,2021-02-11,0
PO-2021-1236,VS28,2021-12-06,15,2021-12-22,4
PO-2021-1237,VS04,2021-11-09,21,2021-11-27,0
PO-2021-1238,VS21,2022-09-19,15,2022-09-26,0
PO-2021-1239,VS26,2021-10-31,21,2021-12-13,25
PO-2021-1240,VS23,2023-06-28,45,2023-08-11,2
PO-2021-1241,VS22,2021-03-20,21,2021-04-25,18
PO-2021-1242,VS19,2023-12-05,30,2024-01-26,25
PO-2021-1243,VS11,2022-12-02,30,2022-12-29,0
PO-2021-1244,VS16,2022-06-17,15,2022-06-25,0
PO-2021-1245,VS24,2021-05-06,45,2021-06-17,0
PO-2021-1246,VS29,2021-09-16,30,2021-10-17,4
PO-2021-1247,VS15,2022-05-02,45,2022-06-22,9
PO-2021-1248,VS25,2021-10-17,30,2021-12-05,22
PO-2021-1249,VS24,2022-02-02,45,2022-03-20,4
PO-2021-1250,VS06,2021-06-20,30,2021-08-02,16
PO-2021-1251,VS05,2023-07-06,15,2023-08-09,22
PO-2021-1252,VS26,2023-12-02,21,2024-01-11,22
PO-2021-1253,VS27,2023-10-03,21,2023-10-31,10
PO-2021-1254,VS09,2023-07-30,30,2023-08-26,0
PO-2021-1255,VS31,2023-07-25,45,2023-09-05,0
PO-2021-1256,VS27,2021-09-04,21,2021-09-17,0
PO-2021-1257,VS10,2023-12-10,30,2024-01-18,12
PO-2021-1258,VS32,2022-08-29,45,2022-10-09,0
PO-2021-1259,VS04,2023-05-17,21,2023-06-05,1
PO-2021-1260,VS01,2023-10-02,15,2023-10-14,0
PO-2021-1261,VS31,2023-05-09,45,2023-06-20,0
PO-2021-1262,VS31,2023-02-15,45,2023-03-29,0
PO-2021-1263,VS29,2023-07-14,30,2023-08-15,5
PO-2021-1264,VS25,2023-04-22,30,2023-05-26,7
PO-2021-1265,VS18,2023-06-30,30,2023-08-18,22
PO-2021-1266,VS08,2022-09-28,21,2022-10-16,0
PO-2021-1267,VS34,2021-04-22,21,2021-05-20,10
PO-2021-1268,VS12,2021-09-07,15,2021-09-30,11
PO-2021-1269,VS06,2023-07-02,30,2023-07-31,2
PO-2021-1270,VS02,2023-10-07,21,2023-11-02,8
PO-2021-1271,VS25,2022-10-15,30,2022-11-11,0
PO-2021-1272,VS19,2021-12-14,30,2022-01-31,21
PO-2021-1273,VS27,2022-09-24,21,2022-10-28,16
PO-2021-1274,VS04,2021-02-28,21,2021-03-22,4
PO-2021-1275,VS17,2022-10-29,45,2022-12-21,11
PO-2021-1276,VS16,2022-02-22,15,2022-03-01,0
PO-2021-1277,VS18,2021-08-27,30,2021-10-17,24
PO-2021-1278,VS02,2023-09-22,21,2023-10-29,19
PO-2021-1279,VS07,2022-07-09,15,2022-07-21,0
PO-2021-1280,VS27,2022-09-19,21,2022-10-16,9
PO-2021-1281,VS24,2021-10-22,45,2021-12-16,13
PO-2021-1282,VS29,2023-05-21,30,2023-06-17,0
PO-2021-1283,VS11,2022-08-19,30,2022-09-15,0
PO-2021-1284,VS25,2022-06-01,30,2022-07-18,20
PO-2021-1285,VS03,2022-08-03,21,2022-08-21,0
PO-2021-1286,VS26,2021-07-06,21,2021-07-24,0
PO-2021-1287,VS14,2023-06-07,30,2023-07-08,4
PO-2021-1288,VS17,2022-12-06,45,2023-01-17,0
PO-2021-1289,VS14,2022-12-04,30,2022-12-30,0
PO-2021-1290,VS01,2021-10-04,15,2021-10-13,0
PO-2021-1291,VS32,2023-04-30,45,2023-06-11,0
PO-2021-1292,VS02,2021-06-11,21,2021-06-29,0
PO-2021-1293,VS25,2023-01-07,30,2023-02-03,0
PO-2021-1294,VS30,2021-09-16,45,2021-10-28,0
PO-2021-1295,VS18,2021-02-13,30,2021-03-27,15
PO-2021-1296,VS15,2022-09-16,45,2022-11-05,8
PO-2021-1297,VS32,2022-08-01,45,2022-09-22,10
PO-2021-1298,VS08,2023-03-26,21,2023-04-13,0
PO-2021-1299,VS12,2022-02-04,15,2022-02-16,0
PO-2021-1300,VS15,2022-06-19,45,2022-08-01,1
PO-2021-1301,VS17,2021-02-20,45,2021-04-02,0
PO-2021-1302,VS21,2021-04-20,15,2021-04-30,0
PO-2021-1303,VS30,2023-12-01,45,2024-01-12,0
PO-2021-1304,VS04,2022-04-08,21,2022-04-26,0
PO-2021-1305,VS26,2021-01-14,21,2021-02-19,18
PO-2021-1306,VS15,2021-02-24,45,2021-04-18,11
PO-2021-1307,VS22,2021-12-06,21,2021-12-24,0
PO-2021-1308,VS28,2023-09-13,15,2023-10-09,14
PO-2021-1309,VS16,2022-05-31,15,2022-07-06,24
PO-2021-1310,VS34,2022-11-18,21,2022-12-06,0
PO-2021-1311,VS07,2023-06-21,15,2023-06-28,0
PO-2021-1312,VS25,2021-03-13,30,2021-05-04,25
PO-2021-1313,VS04,2021-09-22,21,2021-10-16,6
PO-2021-1314,VS07,2021-05-18,15,2021-06-24,25
PO-2021-1315,VS07,2023-04-06,15,2023-04-18,0
PO-2021-1316,VS30,2021-01-25,45,2021-03-05,0
PO-2021-1317,VS22,2021-07-30,21,2021-09-05,19
PO-2021-1318,VS07,2021-08-13,15,2021-08-25,0
PO-2021-1319,VS09,2022-02-04,30,2022-03-10,7
PO-2021-1320,VS12,2023-07-03,15,2023-08-09,25
PO-2021-1321,VS28,2022-10-04,15,2022-10-16,0
PO-2021-1322,VS10,2021-10-29,30,2021-12-20,25
PO-2021-1323,VS34,2021-01-20,21,2021-02-02,0
PO-2021-1324,VS28,2021-04-25,15,2021-05-12,5
PO-2021-1325,VS22,2021-05-24,21,2021-06-28,17
PO-2021-1326,VS22,2022-11-13,21,2022-12-01,0
PO-2021-1327,VS32,2021-03-31,45,2021-05-07,0
PO-2021-1328,VS30,2022-04-20,45,2022-06-01,0
PO-2021-1329,VS14,2023-02-12,30,2023-03-12,1
PO-2021-1330,VS05,2021-01-24,15,2021-02-05,0
PO-2021-1331,VS13,2023-06-24,30,2023-07-24,3
PO-2021-1332,VS12,2022-08-08,15,2022-08-20,0
PO-2021-1333,VS12,2022-05-22,15,2022-06-03,0
PO-2021-1334,VS09,2021-02-15,30,2021-03-14,0
PO-2021-1335,VS20,2022-03-10,21,2022-03-31,3
PO-2021-1336,VS34,2021-12-20,21,2022-01-07,0
PO-2021-1337,VS13,2021-09-28,30,2021-10-25,0
PO-2021-1338,VS16,2023-06-02,15,2023-06-12,0
PO-2021-1339,VS10,2022-08-29,30,2022-10-01,6
PO-2021-1340,VS33,2021-09-19,45,2021-10-31,0
PO-2021-1341,VS11,2021-05-16,30,2021-06-27,15
PO-2021-1342,VS24,2023-11-12,45,2024-01-08,15
PO-2021-1343,VS34,2023-02-08,21,2023-03-11,13
PO-2021-1344,VS03,2023-04-05,21,2023-04-23,0
PO-2021-1345,VS14,2023-03-25,30,2023-05-05,14
PO-2021-1346,VS17,2023-02-09,45,2023-03-21,0
PO-2021-1347,VS34,2023-07-03,21,2023-08-11,21
PO-2021-1348,VS28,2022-11-23,15,2022-12-28,23
PO-2021-1349,VS21,2023-10-19,15,2023-11-16,16
PO-2021-1350,VS05,2022-07-01,15,2022-07-13,0
PO-2021-1351,VS06,2023-11-20,30,2023-12-19,2
PO-2021-1352,VS03,2023-01-11,21,2023-01-26,0
PO-2021-1353,VS20,2022-05-31,21,2022-06-26,8
PO-2021-1354,VS01,2022-06-22,15,2022-07-21,17
PO-2021-1355,VS01,2023-04-14,15,2023-04-21,0
PO-2021-1356,VS15,2023-03-29,45,2023-05-31,21
PO-2021-1357,VS30,2023-11-26,45,2024-01-20,13
PO-2021-1358,VS27,2023-06-01,21,2023-07-04,15
PO-2021-1359,VS09,2023-02-10,30,2023-03-09,0
PO-2021-1360,VS22,2022-12-31,21,2023-02-10,23
PO-2021-1361,VS21,2022-09-09,15,2022-09-16,0
PO-2021-1362,VS22,2021-11-14,21,2021-11-29,0
PO-2021-1363,VS25,2021-05-14,30,2021-06-21,11
PO-2021-1364,VS06,2022-09-19,30,2022-10-16,0
PO-2021-1365,VS02,2023-10-01,21,2023-10-24,5
PO-2021-1366,VS14,2022-08-08,30,2022-09-25,21
PO-2021-1367,VS24,2021-05-01,45,2021-06-30,18
PO-2021-1368,VS11,2023-03-15,30,2023-04-25,14
PO-2021-1369,VS25,2021-05-24,30,2021-06-21,1
PO-2021-1370,VS11,2023-09-03,30,2023-10-06,6
PO-2021-1371,VS18,2023-08-01,30,2023-08-29,1
PO-2021-1372,VS16,2023-04-01,15,2023-05-06,23
PO-2021-1373,VS30,2023-08-04,45,2023-09-16,1
PO-2021-1374,VS20,2022-12-15,21,2023-01-02,0
PO-2021-1375,VS16,2023-05-04,15,2023-05-16,0
PO-2021-1376,VS12,2023-03-02,15,2023-03-10,0
PO-2021-1377,VS18,2021-11-23,30,2021-12-26,6
PO-2021-1378,VS32,2022-03-24,45,2022-05-05,0
PO-2021-1379,VS07,2021-06-09,15,2021-06-21,0
PO-2021-1380,VS17,2021-12-07,45,2022-02-07,20
PO-2021-1381,VS25,2023-08-07,30,2023-09-03,0
PO-2021-1382,VS01,2021-03-22,15,2021-04-03,0
PO-2021-1383,VS32,2023-08-12,45,2023-09-29,6
PO-2021-1384,VS09,2023-06-19,30,2023-08-03,18
PO-2021-1385,VS07,2021-02-09,15,2021-02-21,0
PO-2021-1386,VS05,2021-12-14,15,2022-01-07,12
PO-2021-1387,VS14,2022-01-03,30,2022-02-21,22
PO-2021-1388,VS34,2021-04-11,21,2021-05-24,25
PO-2021-1389,VS04,2021-01-13,21,2021-02-12,12
PO-2021-1390,VS13,2022-05-07,30,2022-06-03,0
PO-2021-1391,VS13,2022-11-25,30,2023-01-05,14
PO-2021-1392,VS11,2021-12-13,30,2022-01-12,3
PO-2021-1393,VS13,2022-10-26,30,2022-12-04,12
PO-2021-1394,VS15,2021-09-08,45,2021-10-25,5
PO-2021-1395,VS21,2023-04-07,15,2023-04-17,0
PO-2021-1396,VS24,2022-07-28,45,2022-09-21,13
PO-2021-1397,VS07,2023-10-24,15,2023-11-05,0
PO-2021-1398,VS17,2021-12-21,45,2022-01-28,0
PO-2021-1399,VS09,2023-03-10,30,2023-04-29,23
PO-2021-1400,VS31,2022-10-17,45,2022-12-21,23
PO-2021-1401,VS25,2023-07-12,30,2023-08-28,20
PO-2021-1402,VS15,2021-01-31,45,2021-04-03,20
PO-2021-1403,VS28,2022-05-03,15,2022-05-15,0
PO-2021-1404,VS19,2023-10-22,30,2023-11-18,0
PO-2021-1405,VS29,2022-05-06,30,2022-06-03,1
PO-2021-1406,VS34,2021-03-26,21,2021-04-26,13
PO-2021-1407,VS22,2022-04-18,21,2022-05-06,0
PO-2021-1408,VS15,2022-05-27,45,2022-07-08,0
PO-2021-1409,VS05,2021-01-16,15,2021-02-16,19
PO-2021-1410,VS14,2021-10-20,30,2021-12-03,17
PO-2021-1411,VS16,2022-02-26,15,2022-03-29,19
PO-2021-1412,VS13,2021-12-06,30,2022-01-11,9
PO-2021-1413,VS29,2022-08-11,30,2022-09-21,14
PO-2021-1414,VS26,2023-01-10,21,2023-02-03,6
PO-2021-1415,VS10,2023-06-10,30,2023-07-07,0
PO-2021-1416,VS10,2022-09-10,30,2022-10-31,24
PO-2021-1417,VS30,2022-09-22,45,2022-11-19,16
PO-2021-1418,VS09,2022-11-17,30,2022-12-21,7
PO-2021-1419,VS33,2021-01-30,45,2021-03-30,17
PO-2021-1420,VS25,2023-02-07,30,2023-03-06,0
PO-2021-1421,VS03,2023-04-21,21,2023-05-10,1
PO-2021-1422,VS17,2023-06-16,45,2023-07-27,0
PO-2021-1423,VS04,2023-01-28,21,2023-02-11,0
PO-2021-1424,VS03,2023-09-09,21,2023-10-08,11
PO-2021-1425,VS17,2021-11-02,45,2021-12-25,11
PO-2021-1426,VS01,2021-11-30,15,2021-12-11,0
PO-2021-1427,VS06,2023-03-29,30,2023-05-19,24
PO-2021-1428,VS17,2023-05-28,45,2023-07-30,21
PO-2021-1429,VS27,2022-09-26,21,2022-10-24,10
PO-2021-1430,VS10,2022-12-10,30,2023-01-07,1
PO-2021-1431,VS01,2022-09-26,15,2022-10-29,21
PO-2021-1432,VS34,2023-05-09,21,2023-05-23,0
PO-2021-1433,VS24,2021-12-31,45,2022-02-11,0
PO-2021-1434,VS08,2023-10-30,21,2023-11-17,0
PO-2021-1435,VS12,2021-05-04,15,2021-05-17,1
PO-2021-1436,VS07,2023-06-25,15,2023-07-06,0
PO-2021-1437,VS05,2022-07-24,15,2022-08-05,0
PO-2021-1438,VS01,2021-07-29,15,2021-08-30,20
PO-2021-1439,VS07,2021-03-30,15,2021-04-24,13
PO-2021-1440,VS18,2023-12-05,30,2024-01-05,4
PO-2021-1441,VS24,2022-11-24,45,2023-01-06,1
PO-2021-1442,VS25,2023-03-31,30,2023-05-06,9
PO-2021-1443,VS01,2021-07-28,15,2021-08-09,0
PO-2021-1444,VS08,2021-02-25,21,2021-03-27,12
PO-2021-1445,VS29,2023-01-28,30,2023-02-24,0
PO-2021-1446,VS02,2022-10-25,21,2022-11-12,0
PO-2021-1447,VS29,2022-11-01,30,2022-12-16,18
PO-2021-1448,VS23,2021-06-19,45,2021-08-17,17
PO-2021-1449,VS25,2021-07-28,30,2021-09-17,24
PO-2021-1450,VS03,2023-11-03,21,2023-11-21,0
PO-2021-1451,VS11,2023-08-18,30,2023-10-02,18
PO-2021-1452,VS16,2022-05-12,15,2022-05-24,0
PO-2021-1453,VS07,2021-07-06,15,2021-07-18,0
PO-2021-1454,VS18,2023-02-28,30,2023-04-13,17
PO-2021-1455,VS09,2021-09-13,30,2021-10-20,10
PO-2021-1456,VS15,2022-11-16,45,2022-12-23,0
PO-2021-1457,VS28,2023-02-24,15,2023-03-08,0
PO-2021-1458,VS06,2021-08-20,30,2021-09-16,0
PO-2021-1459,VS24,2021-08-29,45,2021-10-14,4
PO-2021-1460,VS20,2021-01-07,21,2021-01-23,0
PO-2021-1461,VS21,2023-05-21,15,2023-06-21,19
PO-2021-1462,VS15,2023-12-04,45,2024-01-14,0
PO-2021-1463,VS10,2022-10-13,30,2022-11-25,16
PO-2021-1464,VS19,2021-11-01,30,2021-11-28,0
PO-2021-1465,VS21,2021-03-15,15,2021-03-22,0
PO-2021-1466,VS14,2023-09-10,30,2023-10-20,13
PO-2021-1467,VS10,2022-11-17,30,2022-12-14,0
PO-2021-1468,VS12,2021-04-21,15,2021-05-08,5
PO-2021-1469,VS02,2021-11-26,21,2021-12-16,2
PO-2021-1470,VS26,2022-12-18,21,2023-01-12,7
PO-2021-1471,VS26,2022-02-07,21,2022-02-25,0
PO-2021-1472,VS20,2021-04-24,21,2021-05-20,8
PO-2021-1473,VS19,2023-09-19,30,2023-10-16,0
PO-2021-1474,VS24,2021-01-22,45,2021-03-05,0
PO-2021-1475,VS28,2023-02-14,15,2023-03-14,16
PO-2021-1476,VS04,2022-01-06,21,2022-02-12,19
PO-2021-1477,VS10,2023-06-11,30,2023-07-26,18
PO-2021-1478,VS20,2023-10-01,21,2023-10-31,12
PO-2021-1479,VS30,2021-07-06,45,2021-08-14,0
PO-2021-1480,VS08,2021-01-27,21,2021-02-10,0
PO-2021-1481,VS15,2023-11-13,45,2024-01-10,16
PO-2021-1482,VS07,2022-07-18,15,2022-07-30,0
PO-2021-1483,VS20,2023-06-11,21,2023-07-12,13
PO-2021-1484,VS26,2022-01-17,21,2022-02-04,0
PO-2021-1485,VS32,2023-12-25,45,2024-02-13,8
PO-2021-1486,VS14,2021-09-15,30,2021-10-12,0
PO-2021-1487,VS29,2021-01-14,30,2021-02-10,0
PO-2021-1488,VS06,2021-11-30,30,2022-01-07,11
PO-2021-1489,VS33,2021-09-16,45,2021-10-28,0
PO-2021-1490,VS16,2021-01-04,15,2021-01-16,0
PO-2021-1491,VS29,2022-08-27,30,2022-10-07,14
PO-2021-1492,VS33,2022-12-26,45,2023-02-11,5
PO-2021-1493,VS03,2022-05-04,21,2022-05-21,0
PO-2021-1494,VS14,2021-10-05,30,2021-11-09,8
PO-2021-1495,VS17,2021-06-05,45,2021-07-16,0
PO-2021-1496,VS06,2023-07-27,30,2023-08-23,0
PO-2021-1497,VS05,2022-02-25,15,2022-03-17,8
PO-2021-1498,VS33,2023-02-05,45,2023-04-01,13
PO-2021-1499,VS25,2023-06-11,30,2023-07-08,0
PO-2021-1500,VS08,2021-09-16,21,2021-10-04,0
PO-2021-1501,VS22,2023-01-17,21,2023-02-19,15
PO-2021-1502,VS07,2021-01-24,15,2021-02-05,0
PO-2021-1503,VS12,2021-09-13,15,2021-09-25,0
PO-2021-1504,VS07,2023-10-03,15,2023-10-15,0
PO-2021-1505,VS07,2022-07-13,15,2022-07-25,0
PO-2021-1506,VS23,2022-01-09,45,2022-02-15,0
PO-2021-1507,VS09,2023-09-07,30,2023-10-04,0
PO-2021-1508,VS10,2021-09-19,30,2021-11-06,21
PO-2021-1509,VS16,2023-02-01,15,2023-02-19,6
PO-2021-1510,VS33,2023-08-21,45,2023-10-09,7
PO-2021-1511,VS20,2022-04-17,21,2022-05-28,23
PO-2021-1512,VS06,2021-07-07,30,2021-08-03,0
PO-2021-1513,VS06,2021-05-01,30,2021-05-28,0
PO-2021-1514,VS33,2023-05-22,45,2023-07-23,20
PO-2021-1515,VS08,2023-12-30,21,2024-01-18,1
PO-2021-1516,VS28,2021-01-18,15,2021-02-03,4
PO-2021-1517,VS03,2023-12-21,21,2024-01-08,0
PO-2021-1518,VS15,2023-12-12,45,2024-01-23,0
PO-2021-1519,VS04,2022-12-28,21,2023-01-15,0
PO-2021-1520,VS16,2022-11-27,15,2022-12-09,0
PO-2021-1521,VS31,2022-09-08,45,2022-10-15,0
PO-2021-1522,VS14,2023-03-21,30,2023-04-20,3
PO-2021-1523,VS30,2021-03-17,45,2021-05-13,15
PO-2021-1524,VS20,2022-11-07,21,2022-11-25,0
PO-2021-1525,VS26,2022-01-20,21,2022-02-18,11
PO-2021-1526,VS34,2021-06-26,21,2021-08-05,22
PO-2021-1527,VS10,2021-01-18,30,2021-03-05,19
PO-2021-1528,VS28,2023-01-20,15,2023-02-06,5
PO-2021-1529,VS11,2023-06-22,30,2023-07-25,6
PO-2021-1530,VS08,2022-02-14,21,2022-03-04,0
PO-2021-1531,VS03,2022-11-13,21,2022-12-25,24
PO-2021-1532,VS08,2022-07-02,21,2022-07-23,3
PO-2021-1533,VS21,2021-09-21,15,2021-10-03,0
PO-2021-1534,VS08,2021-09-30,21,2021-10-26,8
PO-2021-1535,VS01,2023-10-25,15,2023-11-13,7
PO-2021-1536,VS28,2021-01-20,15,2021-02-01,0
PO-2021-1537,VS16,2023-06-01,15,2023-06-23,10
PO-2021-1538,VS17,2021-08-27,45,2021-10-08,0
PO-2021-1539,VS33,2021-08-03,45,2021-09-14,0
PO-2021-1540,VS15,2021-11-04,45,2021-12-16,0
PO-2021-1541,VS28,2021-10-30,15,2021-12-06,25
PO-2021-1542,VS27,2023-02-21,21,2023-04-05,25
PO-2021-1543,VS22,2022-04-03,21,2022-04-21,0
PO-2021-1544,VS20,2021-04-19,21,2021-05-20,13
PO-2021-1545,VS16,2023-05-10,15,2023-05-22,0
PO-2021-1546,VS21,2021-04-20,15,2021-05-08,6
PO-2021-1547,VS28,2021-07-29,15,2021-09-02,23
PO-2021-1548,VS08,2022-09-19,21,2022-10-18,11
PO-2021-1549,VS22,2021-09-27,21,2021-11-02,18
PO-2021-1550,VS24,2023-12-23,45,2024-02-09,6
PO-2021-1551,VS07,2021-07-01,15,2021-07-10,0
PO-2021-1552,VS13,2022-01-29,30,2022-03-10,13
PO-2021-1553,VS20,2022-12-07,21,2023-01-14,20
PO-2021-1554,VS03,2021-11-14,21,2021-12-16,14
PO-2021-1555,VS24,2022-12-16,45,2023-01-29,2
PO-2021-1556,VS31,2021-05-22,45,2021-07-02,0
PO-2021-1557,VS11,2021-02-17,30,2021-03-16,0
PO-2021-1558,VS13,2021-05-08,30,2021-06-03,0
PO-2021-1559,VS11,2021-06-06,30,2021-07-02,0
PO-2021-1560,VS26,2023-03-14,21,2023-04-01,0
PO-2021-1561,VS01,2022-03-26,15,2022-05-01,24
PO-2021-1562,VS20,2022-06-18,21,2022-07-06,0
PO-2021-1563,VS15,2021-12-20,45,2022-01-27,0
PO-2021-1564,VS18,2021-11-03,30,2021-11-25,0
PO-2021-1565,VS14,2022-05-28,30,2022-07-08,14
PO-2021-1566,VS21,2023-01-29,15,2023-02-10,0
PO-2021-1567,VS27,2021-10-04,21,2021-10-22,0
PO-2021-1568,VS15,2023-01-02,45,2023-03-04,19
PO-2021-1569,VS25,2021-08-09,30,2021-09-05,0
PO-2021-1570,VS29,2022-03-02,30,2022-04-16,18
PO-2021-1571,VS10,2023-03-24,30,2023-04-20,0
PO-2021-1572,VS31,2021-11-03,45,2021-12-15,0
PO-2021-1573,VS32,2022-01-25,45,2022-03-29,21
PO-2021-1574,VS26,2022-01-02,21,2022-02-08,19
PO-2021-1575,VS26,2023-07-24,21,2023-08-11,0
PO-2021-1576,VS07,2021-01-28,15,2021-02-07,0
PO-2021-1577,VS09,2021-04-03,30,2021-04-30,0
PO-2021-1578,VS01,2021-01-31,15,2021-03-06,22
PO-2021-1579,VS13,2021-06-27,30,2021-08-11,18
PO-2021-1580,VS20,2021-12-04,21,2021-12-18,0
PO-2021-1581,VS08,2022-07-05,21,2022-07-23,0
PO-2021-1582,VS33,2021-08-02,45,2021-09-16,3
PO-2021-1583,VS28,2022-04-13,15,2022-04-27,2
PO-2021-1584,VS08,2023-03-02,21,2023-03-20,0
PO-2021-1585,VS23,2022-08-04,45,2022-09-15,0
PO-2021-1586,VS10,2021-04-02,30,2021-04-29,0
PO-2021-1587,VS10,2023-05-24,30,2023-06-20,0
PO-2021-1588,VS32,2022-07-13,45,2022-08-28,4
PO-2021-1589,VS01,2021-06-09,15,2021-06-21,0
PO-2021-1590,VS29,2023-03-14,30,2023-04-10,0
PO-2021-1591,VS10,2022-07-28,30,2022-09-03,10
PO-2021-1592,VS23,2023-03-03,45,2023-05-06,22
PO-2021-1593,VS09,2022-11-17,30,2023-01-08,25
PO-2021-1594,VS32,2024-01-02,45,2024-02-18,5
PO-2021-1595,VS34,2023-05-17,21,2023-06-18,14
PO-2021-1596,VS02,2022-02-24,21,2022-03-14,0
PO-2021-1597,VS23,2021-05-06,45,2021-06-17,0
PO-2021-1598,VS30,2022-08-30,45,2022-10-21,10
PO-2021-1599,VS14,2022-05-15,30,2022-06-11,0
PO-2022-1600,VS25,2021-10-24,30,2021-11-28,8
PO-2022-1601,VS05,2021-08-09,15,2021-08-21,0
PO-2022-1602,VS24,2021-10-31,45,2021-12-21,9
PO-2022-1603,VS10,2023-05-06,30,2023-06-26,24
PO-2022-1604,VS31,2022-09-09,45,2022-11-04,14
PO-2022-1605,VS19,2021-01-31,30,2021-03-24,25
PO-2022-1606,VS33,2021-12-25,45,2022-02-14,9
PO-2022-1607,VS17,2023-07-23,45,2023-09-09,6
PO-2022-1608,VS06,2022-07-14,30,2022-08-23,13
PO-2022-1609,VS26,2022-03-13,21,2022-04-19,19
PO-2022-1610,VS30,2021-06-11,45,2021-07-20,0
PO-2022-1611,VS04,2021-12-07,21,2021-12-25,0
PO-2022-1612,VS05,2021-08-05,15,2021-08-17,0
PO-2022-1613,VS19,2022-05-09,30,2022-06-13,8
PO-2022-1614,VS20,2021-01-26,21,2021-02-27,14
PO-2022-1615,VS18,2022-05-11,30,2022-06-16,9
PO-2022-1616,VS03,2023-09-21,21,2023-10-09,0
PO-2022-1617,VS19,2023-01-04,30,2023-02-07,7
PO-2022-1618,VS09,2023-01-02,30,2023-01-29,0
PO-2022-1619,VS33,2021-07-29,45,2021-09-20,11
PO-2022-1620,VS19,2021-03-21,30,2021-04-17,0
PO-2022-1621,VS15,2021-07-14,45,2021-08-25,0
PO-2022-1622,VS33,2021-11-29,45,2022-01-10,0
PO-2022-1623,VS29,2022-12-04,30,2022-12-31,0
PO-2022-1624,VS25,2021-03-26,30,2021-05-02,10
PO-2022-1625,VS32,2021-11-12,45,2022-01-09,16
PO-2022-1626,VS32,2021-07-01,45,2021-08-18,6
PO-2022-1627,VS05,2021-11-30,15,2021-12-11,0
PO-2022-1628,VS30,2022-01-05,45,2022-02-16,0
PO-2022-1629,VS09,2023-06-28,30,2023-07-25,0
PO-2022-1630,VS26,2022-08-14,21,2022-09-21,20
PO-2022-1631,VS24,2023-06-25,45,2023-08-27,21
PO-2022-1632,VS27,2021-06-23,21,2021-07-06,0
PO-2022-1633,VS04,2021-04-01,21,2021-04-18,0
PO-2022-1634,VS19,2021-08-07,30,2021-09-03,0
PO-2022-1635,VS25,2022-04-05,30,2022-05-26,24
PO-2022-1636,VS30,2024-01-04,45,2024-02-17,2
PO-2022-1637,VS13,2023-06-10,30,2023-07-07,0
PO-2022-1638,VS14,2023-09-26,30,2023-10-22,0
PO-2022-1639,VS31,2021-11-18,45,2021-12-30,0
PO-2022-1640,VS04,2023-02-21,21,2023-03-31,20
PO-2022-1641,VS14,2021-04-24,30,2021-05-22,1
PO-2022-1642,VS12,2022-06-04,15,2022-06-16,0
PO-2022-1643,VS29,2022-09-06,30,2022-10-28,25
PO-2022-1644,VS04,2022-01-15,21,2022-02-02,0
PO-2022-1645,VS11,2022-09-04,30,2022-10-19,18
PO-2022-1646,VS28,2021-11-29,15,2022-01-03,23
PO-2022-1647,VS05,2022-02-14,15,2022-03-02,4
PO-2022-1648,VS01,2022-10-14,15,2022-11-19,24
PO-2022-1649,VS08,2022-10-14,21,2022-11-14,13
PO-2022-1650,VS29,2021-09-18,30,2021-10-25,10
PO-2022-1651,VS11,2023-05-14,30,2023-06-10,0
PO-2022-1652,VS24,2021-02-02,45,2021-03-27,11
PO-2022-1653,VS32,2021-09-16,45,2021-11-10,13
PO-2022-1654,VS34,2023-05-26,21,2023-06-10,0
PO-2022-1655,VS12,2023-02-07,15,2023-02-17,0
PO-2022-1656,VS28,2022-08-10,15,2022-09-03,12
PO-2022-1657,VS07,2021-07-02,15,2021-07-13,0
PO-2022-1658,VS32,2021-08-04,45,2021-09-15,0
PO-2022-1659,VS19,2021-03-11,30,2021-04-07,0
PO-2022-1660,VS08,2023-02-23,21,2023-03-13,0
PO-2022-1661,VS27,2023-08-12,21,2023-08-30,0
PO-2022-1662,VS19,2023-11-09,30,2023-12-30,24
PO-2022-1663,VS16,2023-05-03,15,2023-05-22,7
PO-2022-1664,VS10,2021-02-26,30,2021-03-25,0
PO-2022-1665,VS22,2022-10-16,21,2022-11-02,0
PO-2022-1666,VS13,2023-03-16,30,2023-04-12,0
PO-2022-1667,VS09,2023-06-01,30,2023-07-16,18
PO-2022-1668,VS11,2023-11-29,30,2023-12-31,5
PO-2022-1669,VS08,2023-11-02,21,2023-12-02,12
PO-2022-1670,VS21,2021-11-25,15,2021-12-11,4
PO-2022-1671,VS02,2021-11-13,21,2021-12-19,18
PO-2022-1672,VS09,2021-02-24,30,2021-03-24,1
PO-2022-1673,VS15,2022-05-09,45,2022-07-10,20
PO-2022-1674,VS17,2023-02-17,45,2023-03-31,0
PO-2022-1675,VS07,2021-02-20,15,2021-03-14,10
PO-2022-1676,VS19,2021-10-21,30,2021-11-12,0
PO-2022-1677,VS14,2023-01-14,30,2023-02-05,0
PO-2022-1678,VS32,2021-06-03,45,2021-08-01,17
PO-2022-1679,VS11,2023-07-16,30,2023-08-09,0
PO-2022-1680,VS08,2021-03-09,21,2021-03-27,0
PO-2022-1681,VS11,2021-01-14,30,2021-03-04,22
PO-2022-1682,VS02,2021-03-05,21,2021-03-26,3
PO-2022-1683,VS14,2021-08-27,30,2021-09-26,3
PO-2022-1684,VS18,2021-09-20,30,2021-10-17,0
PO-2022-1685,VS30,2022-08-29,45,2022-10-10,0
PO-2022-1686,VS12,2022-05-31,15,2022-06-15,3
PO-2022-1687,VS07,2023-03-19,15,2023-04-14,14
PO-2022-1688,VS28,2023-09-30,15,2023-10-12,0
PO-2022-1689,VS25,2021-08-12,30,2021-09-08,0
PO-2022-1690,VS29,2021-05-15,30,2021-06-20,9
PO-2022-1691,VS19,2023-04-23,30,2023-05-21,1
PO-2022-1692,VS28,2022-10-26,15,2022-11-15,8
PO-2022-1693,VS24,2023-02-04,45,2023-03-22,4
PO-2022-1694,VS22,2021-01-26,21,2021-03-04,19
PO-2022-1695,VS25,2021-05-19,30,2021-07-03,18
PO-2022-1696,VS05,2022-07-27,15,2022-08-06,0
PO-2022-1697,VS13,2022-02-13,30,2022-03-09,0
PO-2022-1698,VS08,2023-05-16,21,2023-06-14,11
PO-2022-1699,VS16,2023-02-27,15,2023-03-11,0
PO-2022-1700,VS30,2021-01-13,45,2021-03-05,9
PO-2022-1701,VS34,2024-01-01,21,2024-01-23,4
PO-2022-1702,VS27,2021-07-17,21,2021-08-13,9
PO-2022-1703,VS21,2021-06-16,15,2021-06-28,0
PO-2022-1704,VS32,2023-07-23,45,2023-09-14,11
PO-2022-1705,VS15,2021-03-04,45,2021-04-21,6
PO-2022-1706,VS15,2023-06-15,45,2023-08-05,9
PO-2022-1707,VS01,2023-01-29,15,2023-02-27,17
PO-2022-1708,VS20,2021-04-12,21,2021-05-15,15
PO-2022-1709,VS18,2023-02-20,30,2023-03-17,0
PO-2022-1710,VS21,2021-09-19,15,2021-10-22,21
PO-2022-1711,VS08,2023-07-08,21,2023-08-06,11
PO-2022-1712,VS18,2023-10-04,30,2023-10-31,0
PO-2022-1713,VS19,2022-06-28,30,2022-07-30,5
PO-2022-1714,VS05,2022-03-01,15,2022-03-11,0
PO-2022-1715,VS30,2022-03-22,45,2022-05-23,20
PO-2022-1716,VS33,2023-12-20,45,2024-02-15,15
PO-2022-1717,VS33,2021-11-15,45,2022-01-11,15
PO-2022-1718,VS29,2023-03-04,30,2023-04-16,16
PO-2022-1719,VS28,2022-07-27,15,2022-08-17,9
PO-2022-1720,VS10,2021-08-01,30,2021-08-23,0
PO-2022-1721,VS30,2021-02-06,45,2021-04-03,14
PO-2022-1722,VS23,2023-07-20,45,2023-08-27,0
PO-2022-1723,VS14,2023-06-06,30,2023-07-12,9
PO-2022-1724,VS29,2021-04-22,30,2021-06-09,21
PO-2022-1725,VS13,2023-05-19,30,2023-06-30,15
PO-2022-1726,VS32,2023-12-24,45,2024-02-29,25
PO-2022-1727,VS08,2022-05-28,21,2022-06-15,0
PO-2022-1728,VS16,2022-07-03,15,2022-07-12,0
PO-2022-1729,VS26,2023-04-12,21,2023-04-28,0
PO-2022-1730,VS32,2022-07-07,45,2022-08-21,3
PO-2022-1731,VS19,2022-08-16,30,2022-09-12,0
PO-2022-1732,VS20,2023-09-07,21,2023-10-20,25
PO-2022-1733,VS22,2022-01-22,21,2022-02-09,0
PO-2022-1734,VS22,2023-05-30,21,2023-06-17,0
PO-2022-1735,VS01,2021-12-19,15,2021-12-31,0
PO-2022-1736,VS31,2022-05-25,45,2022-07-12,6
PO-2022-1737,VS15,2022-08-22,45,2022-10-20,17
PO-2022-1738,VS07,2021-07-15,15,2021-07-27,0
PO-2022-1739,VS17,2022-12-23,45,2023-02-03,0
PO-2022-1740,VS22,2022-09-12,21,2022-10-20,20
PO-2022-1741,VS08,2023-09-22,21,2023-10-25,15
PO-2022-1742,VS27,2021-11-02,21,2021-11-20,0
PO-2022-1743,VS16,2021-03-08,15,2021-03-18,0
PO-2022-1744,VS07,2023-02-16,15,2023-03-04,4
PO-2022-1745,VS12,2023-12-19,15,2024-01-06,6
PO-2022-1746,VS27,2023-03-15,21,2023-04-01,0
PO-2022-1747,VS08,2022-12-08,21,2023-01-02,7
PO-2022-1748,VS19,2022-12-15,30,2023-01-10,0
PO-2022-1749,VS30,2021-11-01,45,2021-12-31,18
PO-2022-1750,VS20,2021-12-03,21,2021-12-21,0
PO-2022-1751,VS03,2023-07-22,21,2023-08-08,0
PO-2022-1752,VS20,2023-10-01,21,2023-10-18,0
PO-2022-1753,VS17,2021-04-16,45,2021-05-23,0
PO-2022-1754,VS06,2021-11-17,30,2021-12-14,0
PO-2022-1755,VS19,2021-06-18,30,2021-07-15,0
PO-2022-1756,VS28,2023-03-06,15,2023-03-18,0
PO-2022-1757,VS20,2022-09-14,21,2022-10-25,23
PO-2022-1758,VS13,2021-10-16,30,2021-11-08,0
PO-2022-1759,VS06,2022-09-20,30,2022-10-24,7
PO-2022-1760,VS25,2022-01-14,30,2022-02-27,17
PO-2022-1761,VS33,2022-10-07,45,2022-11-18,0
PO-2022-1762,VS30,2023-04-24,45,2023-06-21,16
PO-2022-1763,VS06,2023-05-16,30,2023-06-12,0
PO-2022-1764,VS24,2023-11-18,45,2023-12-30,0
PO-2022-1765,VS26,2021-04-23,21,2021-05-07,0
PO-2022-1766,VS30,2023-11-30,45,2024-01-20,9
PO-2022-1767,VS22,2021-08-11,21,2021-09-07,9
PO-2022-1768,VS04,2022-11-13,21,2022-12-01,0
PO-2022-1769,VS14,2021-04-22,30,2021-05-19,0
PO-2022-1770,VS15,2021-10-10,45,2021-11-21,0
PO-2022-1771,VS13,2023-09-24,30,2023-11-08,18
PO-2022-1772,VS07,2023-12-04,15,2023-12-23,7
PO-2022-1773,VS26,2023-07-01,21,2023-08-02,14
PO-2022-1774,VS16,2022-01-15,15,2022-01-27,0
PO-2022-1775,VS28,2021-09-13,15,2021-09-25,0
PO-2022-1776,VS11,2022-05-11,30,2022-06-02,0
PO-2022-1777,VS19,2023-09-14,30,2023-10-17,6
PO-2022-1778,VS18,2023-01-26,30,2023-02-22,0
PO-2022-1779,VS28,2023-05-07,15,2023-05-26,7
PO-2022-1780,VS01,2023-03-12,15,2023-03-22,0
PO-2022-1781,VS03,2023-07-03,21,2023-08-09,19
PO-2022-1782,VS18,2023-07-31,30,2023-09-20,24
PO-2022-1783,VS23,2022-03-11,45,2022-04-25,3
PO-2022-1784,VS23,2021-11-10,45,2021-12-22,0
PO-2022-1785,VS20,2022-07-28,21,2022-08-16,1
PO-2022-1786,VS31,2023-02-14,45,2023-04-10,13
PO-2022-1787,VS17,2023-12-16,45,2024-01-24,0
PO-2022-1788,VS26,2022-12-17,21,2023-01-04,0
PO-2022-1789,VS07,2022-04-23,15,2022-05-25,20
PO-2022-1790,VS16,2022-04-23,15,2022-05-05,0
PO-2022-1791,VS05,2023-05-14,15,2023-05-26,0
PO-2022-1792,VS29,2021-06-02,30,2021-06-29,0
PO-2022-1793,VS07,2022-10-23,15,2022-11-14,10
PO-2022-1794,VS13,2022-02-17,30,2022-03-12,0
PO-2022-1795,VS11,2022-02-20,30,2022-03-19,0
PO-2022-1796,VS02,2021-06-29,21,2021-07-25,8
PO-2022-1797,VS27,2023-01-10,21,2023-01-28,0
PO-2022-1798,VS32,2023-12-21,45,2024-01-30,0
PO-2022-1799,VS23,2023-10-26,45,2023-12-05,0
PO-2022-1800,VS29,2021-05-21,30,2021-07-08,21
PO-2022-1801,VS09,2021-06-13,30,2021-07-08,0
PO-2022-1802,VS22,2021-04-19,21,2021-05-17,10
PO-2022-1803,VS23,2023-03-14,45,2023-04-25,0
PO-2022-1804,VS16,2021-06-06,15,2021-06-26,8
PO-2022-1805,VS08,2021-04-30,21,2021-05-18,0
PO-2022-1806,VS03,2021-03-06,21,2021-03-30,6
PO-2022-1807,VS09,2021-05-05,30,2021-06-01,0
PO-2022-1808,VS16,2021-05-11,15,2021-06-08,16
PO-2022-1809,VS23,2021-03-17,45,2021-05-01,3
PO-2022-1810,VS31,2021-06-18,45,2021-07-30,0
PO-2022-1811,VS33,2023-10-18,45,2023-11-29,0
PO-2022-1812,VS02,2022-04-15,21,2022-05-26,23
PO-2022-1813,VS25,2024-01-03,30,2024-01-30,0
PO-2022-1814,VS09,2023-02-15,30,2023-03-14,0
PO-2022-1815,VS08,2023-06-19,21,2023-07-31,24
PO-2022-1816,VS15,2022-05-06,45,2022-06-17,0
PO-2022-1817,VS01,2021-04-07,15,2021-04-19,0
PO-2022-1818,VS12,2023-06-21,15,2023-07-06,3
PO-2022-1819,VS19,2022-05-19,30,2022-07-10,25
PO-2022-1820,VS05,2021-06-10,15,2021-06-27,5
PO-2022-1821,VS15,2023-01-05,45,2023-03-01,13
PO-2022-1822,VS16,2022-08-26,15,2022-09-07,0
PO-2022-1823,VS07,2023-11-01,15,2023-12-07,24
PO-2022-1824,VS18,2023-09-26,30,2023-10-23,0
PO-2022-1825,VS20,2022-04-21,21,2022-05-16,7
PO-2022-1826,VS03,2021-10-21,21,2021-11-08,0
PO-2022-1827,VS02,2021-08-25,21,2021-09-19,7
PO-2022-1828,VS20,2023-03-01,21,2023-04-05,17
PO-2022-1829,VS02,2023-10-15,21,2023-11-18,16
PO-2022-1830,VS12,2023-02-19,15,2023-03-12,9
PO-2022-1831,VS02,2022-12-17,21,2023-01-27,23
PO-2022-1832,VS02,2022-03-23,21,2022-05-03,23
PO-2022-1833,VS07,2021-04-30,15,2021-05-10,0
PO-2022-1834,VS30,2022-08-15,45,2022-09-26,0
PO-2022-1835,VS11,2022-06-20,30,2022-07-13,0
PO-2022-1836,VS01,2021-10-01,15,2021-10-13,0
PO-2022-1837,VS19,2022-05-30,30,2022-07-09,13
PO-2022-1838,VS18,2023-01-14,30,2023-02-10,0
PO-2022-1839,VS08,2021-01-29,21,2021-02-16,0
PO-2022-1840,VS29,2022-01-05,30,2022-02-01,0
PO-2022-1841,VS31,2023-01-08,45,2023-02-19,0
PO-2022-1842,VS21,2022-07-24,15,2022-08-05,0
PO-2022-1843,VS17,2022-07-23,45,2022-09-08,5
PO-2022-1844,VS15,2021-04-15,45,2021-05-27,0
PO-2022-1845,VS21,2023-06-24,15,2023-07-06,0
PO-2022-1846,VS17,2022-06-18,45,2022-07-25,0
PO-2022-1847,VS16,2021-04-05,15,2021-04-19,2
PO-2022-1848,VS05,2023-11-16,15,2023-12-01,3
PO-2022-1849,VS05,2023-05-05,15,2023-05-17,0
PO-2022-1850,VS22,2023-01-11,21,2023-02-05,7
PO-2022-1851,VS11,2021-03-08,30,2021-04-12,8
PO-2022-1852,VS07,2021-02-25,15,2021-03-09,0
PO-2022-1853,VS23,2023-11-10,45,2024-01-15,24
PO-2022-1854,VS25,2021-11-07,30,2021-12-04,0
PO-2022-1855,VS27,2023-11-01,21,2023-11-26,7
PO-2022-1856,VS31,2021-04-19,45,2021-06-06,6
PO-2022-1857,VS16,2022-08-27,15,2022-09-12,4
PO-2022-1858,VS30,2022-04-21,45,2022-06-02,0
PO-2022-1859,VS27,2023-07-04,21,2023-07-23,1
PO-2022-1860,VS31,2023-01-15,45,2023-03-11,13
PO-2022-1861,VS16,2021-09-17,15,2021-09-28,0
PO-2022-1862,VS19,2022-06-21,30,2022-07-18,0
PO-2022-1863,VS10,2023-11-04,30,2023-12-17,16
PO-2022-1864,VS01,2023-07-22,15,2023-08-21,18
PO-2022-1865,VS07,2023-08-24,15,2023-09-26,21
PO-2022-1866,VS05,2021-12-11,15,2021-12-19,0
PO-2022-1867,VS23,2023-05-18,45,2023-07-15,16
PO-2022-1868,VS08,2022-08-27,21,2022-09-10,0
PO-2022-1869,VS03,2021-08-12,21,2021-08-30,0
PO-2022-1870,VS29,2023-04-21,30,2023-05-26,8
PO-2022-1871,VS33,2022-01-14,45,2022-03-12,15
PO-2022-1872,VS30,2023-01-31,45,2023-03-20,6
PO-2022-1873,VS07,2022-07-30,15,2022-08-11,0
PO-2022-1874,VS34,2023-11-30,21,2023-12-18,0
PO-2022-1875,VS21,2023-03-01,15,2023-04-01,19
PO-2022-1876,VS28,2022-03-11,15,2022-03-24,1
PO-2022-1877,VS23,2021-07-26,45,2021-09-28,22
PO-2022-1878,VS15,2023-06-21,45,2023-08-02,0
PO-2022-1879,VS15,2021-08-09,45,2021-09-28,8
PO-2022-1880,VS02,2021-12-15,21,2022-01-25,23
PO-2022-1881,VS01,2022-02-07,15,2022-02-19,0
PO-2022-1882,VS28,2022-08-04,15,2022-08-16,0
PO-2022-1883,VS08,2021-08-16,21,2021-09-22,19
PO-2022-1884,VS18,2021-10-11,30,2021-11-07,0
PO-2022-1885,VS05,2022-04-04,15,2022-04-16,0
PO-2022-1886,VS05,2023-11-20,15,2023-12-02,0
PO-2022-1887,VS21,2023-12-07,15,2023-12-22,3
PO-2022-1888,VS01,2021-03-17,15,2021-04-01,3
PO-2022-1889,VS17,2022-02-08,45,2022-04-11,20
PO-2022-1890,VS19,2023-10-18,30,2023-11-18,4
PO-2022-1891,VS01,2022-03-18,15,2022-04-22,23
PO-2022-1892,VS03,2022-01-03,21,2022-02-12,22
PO-2022-1893,VS23,2022-04-29,45,2022-06-10,0
PO-2022-1894,VS19,2022-04-23,30,2022-05-16,0
PO-2022-1895,VS31,2023-01-05,45,2023-02-21,5
PO-2022-1896,VS27,2022-08-15,21,2022-09-20,18
PO-2022-1897,VS30,2021-12-30,45,2022-02-10,0
PO-2022-1898,VS31,2021-09-23,45,2021-11-20,16
PO-2022-1899,VS18,2022-08-22,30,2022-10-02,14
PO-2022-1900,VS21,2021-05-08,15,2021-05-20,0
PO-2022-1901,VS28,2023-06-28,15,2023-07-10,0
PO-2022-1902,VS22,2022-03-28,21,2022-04-26,11
PO-2022-1903,VS14,2021-12-11,30,2022-01-07,0
PO-2022-1904,VS02,2021-09-25,21,2021-10-30,17
PO-2022-1905,VS23,2022-11-17,45,2022-12-29,0
PO-2022-1906,VS13,2023-01-15,30,2023-03-03,20
PO-2022-1907,VS19,2022-04-18,30,2022-05-12,0
PO-2022-1908,VS01,2022-05-28,15,2022-06-13,4
PO-2022-1909,VS33,2021-08-01,45,2021-10-01,19
PO-2022-1910,VS02,2022-09-13,21,2022-10-01,0
PO-2022-1911,VS08,2022-07-15,21,2022-08-16,14
PO-2022-1912,VS06,2022-07-10,30,2022-08-06,0
PO-2022-1913,VS02,2023-05-04,21,2023-06-03,12
PO-2022-1914,VS26,2021-07-18,21,2021-08-05,0
PO-2022-1915,VS28,2022-10-28,15,2022-11-14,5
PO-2022-1916,VS07,2022-02-23,15,2022-03-17,10
PO-2022-1917,VS28,2022-08-23,15,2022-09-11,7
PO-2022-1918,VS19,2023-09-20,30,2023-10-17,0
PO-2022-1919,VS24,2023-03-21,45,2023-05-18,16
PO-2022-1920,VS26,2021-02-23,21,2021-03-13,0
PO-2022-1921,VS22,2022-10-02,21,2022-11-11,22
PO-2022-1922,VS14,2021-12-16,30,2022-01-18,6
PO-2022-1923,VS34,2023-08-31,21,2023-10-11,23
PO-2022-1924,VS22,2022-10-03,21,2022-11-12,22
PO-2022-1925,VS01,2023-04-16,15,2023-05-06,8
PO-2022-1926,VS32,2023-10-01,45,2023-11-22,10
PO-2022-1927,VS33,2023-09-20,45,2023-11-02,1
PO-2022-1928,VS28,2021-08-07,15,2021-08-19,0
PO-2022-1929,VS08,2023-12-04,21,2023-12-18,0
PO-2022-1930,VS28,2021-03-24,15,2021-04-23,18
PO-2022-1931,VS27,2021-10-17,21,2021-11-05,1
PO-2022-1932,VS34,2022-07-13,21,2022-08-01,1
PO-2022-1933,VS10,2021-12-09,30,2022-01-20,15
PO-2022-1934,VS34,2023-02-03,21,2023-02-21,0
PO-2022-1935,VS11,2021-10-08,30,2021-11-17,13
PO-2022-1936,VS12,2023-05-06,15,2023-05-18,0
PO-2022-1937,VS13,2022-10-04,30,2022-11-11,11
PO-2022-1938,VS04,2021-07-16,21,2021-08-18,15
PO-2022-1939,VS23,2022-04-11,45,2022-06-04,12
PO-2022-1940,VS24,2022-09-22,45,2022-11-13,10
PO-2022-1941,VS05,2022-02-22,15,2022-03-14,8
PO-2022-1942,VS07,2022-06-26,15,2022-07-04,0
PO-2022-1943,VS22,2023-02-27,21,2023-03-17,0
PO-2022-1944,VS14,2023-08-31,30,2023-09-27,0
PO-2022-1945,VS10,2021-07-10,30,2021-08-06,0
PO-2022-1946,VS04,2021-06-12,21,2021-06-25,0
PO-2022-1947,VS21,2023-08-28,15,2023-09-26,17
PO-2022-1948,VS25,2023-03-20,30,2023-05-07,21
PO-2022-1949,VS34,2022-10-15,21,2022-11-02,0
PO-2022-1950,VS10,2022-07-26,30,2022-08-17,0
PO-2022-1951,VS08,2022-06-01,21,2022-07-01,12
PO-2022-1952,VS24,2021-02-24,45,2021-04-07,0
PO-2022-1953,VS13,2022-03-17,30,2022-04-22,9
PO-2022-1954,VS29,2022-02-09,30,2022-03-11,3
PO-2022-1955,VS07,2022-11-07,15,2022-11-19,0
PO-2022-1956,VS03,2022-07-17,21,2022-08-04,0
PO-2022-1957,VS18,2022-06-06,30,2022-07-07,4
PO-2022-1958,VS30,2023-08-26,45,2023-10-07,0
PO-2022-1959,VS03,2021-08-04,21,2021-09-04,13
PO-2022-1960,VS09,2022-01-01,30,2022-01-28,0
PO-2022-1961,VS04,2023-07-01,21,2023-07-19,0
PO-2022-1962,VS22,2021-02-07,21,2021-02-25,0
PO-2022-1963,VS34,2023-01-24,21,2023-03-01,18
PO-2022-1964,VS05,2021-05-09,15,2021-06-04,14
PO-2022-1965,VS06,2022-07-04,30,2022-07-31,0
PO-2022-1966,VS27,2023-11-05,21,2023-11-26,3
PO-2022-1967,VS18,2022-10-03,30,2022-10-30,0
PO-2022-1968,VS30,2021-06-29,45,2021-08-28,18
PO-2022-1969,VS12,2021-06-29,15,2021-07-25,14
PO-2022-1970,VS01,2021-12-16,15,2021-12-28,0
PO-2022-1971,VS20,2022-05-24,21,2022-06-13,2
PO-2022-1972,VS25,2021-04-23,30,2021-06-07,18
PO-2022-1973,VS15,2023-05-01,45,2023-07-07,25
PO-2022-1974,VS29,2022-06-19,30,2022-07-15,0
PO-2022-1975,VS34,2022-12-19,21,2023-01-01,0
PO-2022-1976,VS25,2021-03-20,30,2021-04-16,0
PO-2022-1977,VS23,2023-06-11,45,2023-08-03,11
PO-2022-1978,VS06,2022-07-08,30,2022-08-04,0
PO-2022-1979,VS03,2022-06-22,21,2022-07-31,21
PO-2022-1980,VS30,2021-10-17,45,2021-12-09,11
PO-2022-1981,VS21,2021-03-14,15,2021-03-26,0
PO-2022-1982,VS27,2021-11-25,21,2021-12-21,8
PO-2022-1983,VS23,2022-01-22,45,2022-03-21,16
PO-2022-1984,VS29,2021-02-17,30,2021-03-29,13
PO-2022-1985,VS31,2023-04-01,45,2023-06-03,21
PO-2022-1986,VS26,2023-09-19,21,2023-10-21,14
PO-2022-1987,VS07,2023-11-08,15,2023-12-08,18
PO-2022-1988,VS02,2023-04-04,21,2023-04-22,0
PO-2022-1989,VS13,2023-12-13,30,2024-01-09,0
PO-2022-1990,VS20,2021-07-08,21,2021-07-26,0
PO-2022-1991,VS01,2023-08-05,15,2023-08-17,0
PO-2022-1992,VS12,2021-06-17,15,2021-07-02,3
PO-2022-1993,VS10,2022-05-20,30,2022-06-21,5
PO-2022-1994,VS23,2021-11-26,45,2022-01-07,0
PO-2022-1995,VS31,2022-03-15,45,2022-05-10,14
PO-2022-1996,VS25,2021-07-19,30,2021-08-15,0
PO-2022-1997,VS19,2022-11-04,30,2022-12-03,2
PO-2022-1998,VS02,2023-10-01,21,2023-11-05,17
PO-2022-1999,VS24,2023-01-29,45,2023-03-29,17
PO-2022-2000,VS05,2023-03-30,15,2023-04-11,0
PO-2022-2001,VS28,2022-09-14,15,2022-09-24,0
PO-2022-2002,VS19,2021-11-08,30,2021-12-11,6
PO-2022-2003,VS27,2022-06-22,21,2022-07-10,0
PO-2022-2004,VS06,2023-08-14,30,2023-09-29,19
PO-2022-2005,VS11,2021-01-29,30,2021-02-25,0
PO-2022-2006,VS01,2023-07-24,15,2023-08-18,13
PO-2022-2007,VS20,2021-04-25,21,2021-05-13,0
PO-2022-2008,VS33,2023-07-15,45,2023-09-08,13
PO-2022-2009,VS08,2023-01-21,21,2023-02-17,9
PO-2022-2010,VS10,2021-06-16,30,2021-07-13,0
PO-2022-2011,VS13,2022-06-16,30,2022-07-13,0
PO-2022-2012,VS04,2023-06-13,21,2023-07-08,7
PO-2022-2013,VS24,2023-08-04,45,2023-10-02,17
PO-2022-2014,VS22,2023-05-25,21,2023-07-02,20
PO-2022-2015,VS19,2022-01-05,30,2022-02-01,0
PO-2022-2016,VS08,2021-03-17,21,2021-04-04,0
PO-2022-2017,VS12,2022-05-28,15,2022-06-28,19
PO-2022-2018,VS28,2023-10-11,15,2023-11-13,21
PO-2022-2019,VS34,2022-05-18,21,2022-06-10,5
PO-2022-2020,VS07,2021-10-31,15,2021-11-14,2
PO-2022-2021,VS28,2022-09-14,15,2022-09-26,0
PO-2022-2022,VS28,2021-06-15,15,2021-07-18,21
PO-2022-2023,VS16,2023-11-22,15,2023-12-29,25
PO-2022-2024,VS18,2023-06-17,30,2023-07-19,5
PO-2022-2025,VS12,2023-03-31,15,2023-04-17,5
PO-2022-2026,VS09,2023-05-02,30,2023-06-13,15
PO-2022-2027,VS07,2022-10-17,15,2022-11-05,7
PO-2022-2028,VS19,2021-05-14,30,2021-07-04,24
PO-2022-2029,VS31,2023-03-11,45,2023-04-19,0
PO-2022-2030,VS10,2023-07-03,30,2023-07-27,0
PO-2022-2031,VS25,2021-12-18,30,2022-01-15,1
PO-2022-2032,VS32,2021-06-13,45,2021-07-24,0
PO-2022-2033,VS24,2023-12-24,45,2024-02-13,9
PO-2022-2034,VS02,2023-08-19,21,2023-09-06,0
PO-2022-2035,VS27,2023-06-06,21,2023-06-22,0
PO-2022-2036,VS16,2023-10-06,15,2023-10-15,0
PO-2022-2037,VS07,2021-09-13,15,2021-10-02,7
PO-2022-2038,VS12,2022-08-19,15,2022-09-06,6
PO-2022-2039,VS23,2023-04-20,45,2023-06-20,19
PO-2022-2040,VS07,2023-01-17,15,2023-01-30,1
PO-2022-2041,VS32,2023-04-11,45,2023-06-09,17
PO-2022-2042,VS26,2022-01-02,21,2022-01-31,11
PO-2022-2043,VS12,2023-08-12,15,2023-09-16,23
PO-2022-2044,VS13,2023-04-24,30,2023-05-28,7
PO-2022-2045,VS06,2023-10-31,30,2023-12-15,18
PO-2022-2046,VS31,2021-12-10,45,2022-02-05,15
PO-2022-2047,VS33,2023-03-12,45,2023-04-29,6
PO-2022-2048,VS12,2022-05-09,15,2022-06-15,25
PO-2022-2049,VS19,2021-10-02,30,2021-10-26,0
PO-2022-2050,VS16,2023-08-02,15,2023-08-28,14
PO-2022-2051,VS08,2023-10-25,21,2023-12-03,21
PO-2022-2052,VS05,2023-08-08,15,2023-08-29,9
PO-2022-2053,VS31,2023-12-04,45,2024-02-02,18
PO-2022-2054,VS02,2021-09-08,21,2021-09-26,0
PO-2022-2055,VS03,2023-03-30,21,2023-04-17,0
PO-2022-2056,VS28,2023-06-24,15,2023-07-06,0
PO-2022-2057,VS11,2021-08-20,30,2021-10-03,17
PO-2022-2058,VS14,2023-09-19,30,2023-11-05,20
PO-2022-2059,VS32,2023-07-31,45,2023-09-09,0
PO-2022-2060,VS22,2023-07-03,21,2023-07-23,2
PO-2022-2061,VS09,2021-03-18,30,2021-04-09,0
PO-2022-2062,VS19,2023-01-16,30,2023-02-13,1
PO-2022-2063,VS31,2022-09-20,45,2022-11-04,3
PO-2022-2064,VS10,2021-09-24,30,2021-10-25,4
PO-2022-2065,VS14,2021-03-02,30,2021-04-20,22
PO-2022-2066,VS34,2023-11-11,21,2023-12-07,8
PO-2022-2067,VS33,2021-11-19,45,2021-12-31,0
PO-2022-2068,VS34,2021-12-16,21,2022-01-13,10
PO-2022-2069,VS22,2021-05-16,21,2021-06-20,17
PO-2022-2070,VS13,2021-09-05,30,2021-10-01,0
PO-2022-2071,VS34,2021-01-28,21,2021-02-15,0
PO-2022-2072,VS07,2023-03-31,15,2023-04-12,0
PO-2022-2073,VS04,2021-06-15,21,2021-07-03,0
PO-2022-2074,VS16,2022-01-13,15,2022-02-19,25
PO-2022-2075,VS18,2022-07-02,30,2022-08-18,20
PO-2022-2076,VS34,2021-10-02,21,2021-11-02,13
PO-2022-2077,VS30,2023-09-08,45,2023-10-21,1
PO-2022-2078,VS13,2021-06-02,30,2021-06-26,0
PO-2022-2079,VS14,2021-07-27,30,2021-09-14,22
PO-2022-2080,VS29,2021-08-20,30,2021-09-29,13
PO-2022-2081,VS01,2023-07-27,15,2023-08-08,0
PO-2022-2082,VS22,2021-12-31,21,2022-01-18,0
PO-2022-2083,VS17,2022-09-09,45,2022-10-19,0
PO-2022-2084,VS20,2023-10-31,21,2023-11-16,0
PO-2022-2085,VS01,2023-09-29,15,2023-10-11,0
PO-2022-2086,VS12,2021-12-04,15,2021-12-16,0
PO-2022-2087,VS22,2023-06-30,21,2023-07-30,12
PO-2022-2088,VS14,2022-04-23,30,2022-05-20,0
PO-2022-2089,VS07,2023-08-28,15,2023-09-04,0
PO-2022-2090,VS21,2021-11-16,15,2021-11-29,1
PO-2022-2091,VS11,2021-11-23,30,2021-12-20,0
PO-2022-2092,VS18,2023-05-07,30,2023-05-29,0
PO-2022-2093,VS10,2023-02-02,30,2023-03-01,0
PO-2022-2094,VS29,2022-10-11,30,2022-11-07,0
PO-2022-2095,VS26,2021-01-15,21,2021-01-30,0
PO-2022-2096,VS30,2021-10-17,45,2021-12-03,5
PO-2022-2097,VS19,2022-06-12,30,2022-07-27,18
PO-2022-2098,VS13,2022-11-02,30,2022-11-29,0
PO-2022-2099,VS05,2021-08-10,15,2021-08-26,4
PO-2022-2100,VS03,2023-08-24,21,2023-09-08,0
PO-2022-2101,VS18,2022-05-30,30,2022-07-21,25
PO-2022-2102,VS24,2022-07-23,45,2022-09-03,0
PO-2022-2103,VS21,2021-06-04,15,2021-07-01,15
PO-2022-2104,VS13,2022-09-08,30,2022-10-28,23
PO-2022-2105,VS34,2022-06-21,21,2022-07-11,2
PO-2022-2106,VS21,2021-05-23,15,2021-06-05,1
PO-2022-2107,VS21,2022-01-16,15,2022-01-31,3
PO-2022-2108,VS17,2022-06-18,45,2022-07-27,0
PO-2022-2109,VS32,2023-03-26,45,2023-05-29,22
PO-2022-2110,VS02,2023-02-07,21,2023-02-25,0
PO-2022-2111,VS32,2022-11-04,45,2022-12-18,2
PO-2022-2112,VS06,2021-06-07,30,2021-07-19,15
PO-2022-2113,VS06,2023-11-21,30,2024-01-10,23
PO-2022-2114,VS28,2021-06-02,15,2021-06-14,0
PO-2022-2115,VS22,2021-11-11,21,2021-12-09,10
PO-2022-2116,VS28,2023-12-20,15,2024-01-13,12
PO-2022-2117,VS02,2023-03-13,21,2023-03-30,0
PO-2022-2118,VS21,2022-04-05,15,2022-04-16,0
PO-2022-2119,VS10,2022-12-31,30,2023-01-27,0
PO-2022-2120,VS02,2021-07-29,21,2021-08-15,0
PO-2022-2121,VS23,2021-09-21,45,2021-11-17,15
PO-2022-2122,VS13,2022-03-07,30,2022-04-21,18
PO-2022-2123,VS23,2022-03-24,45,2022-05-05,0
PO-2022-2124,VS25,2021-09-13,30,2021-10-27,17
PO-2022-2125,VS25,2022-03-07,30,2022-04-03,0
PO-2022-2126,VS08,2023-02-22,21,2023-04-05,24
PO-2022-2127,VS08,2023-11-27,21,2023-12-24,9
PO-2022-2128,VS21,2023-01-07,15,2023-01-19,0
PO-2022-2129,VS24,2023-11-08,45,2024-01-02,13
PO-2022-2130,VS01,2021-02-06,15,2021-02-16,0
PO-2022-2131,VS24,2022-12-31,45,2023-02-27,16
PO-2022-2132,VS15,2022-09-11,45,2022-10-20,0
PO-2022-2133,VS18,2021-02-05,30,2021-03-04,0
PO-2022-2134,VS09,2021-01-22,30,2021-02-22,4
PO-2022-2135,VS04,2021-03-24,21,2021-04-12,1
PO-2022-2136,VS11,2023-05-03,30,2023-05-30,0
PO-2022-2137,VS24,2022-01-10,45,2022-02-23,2
PO-2022-2138,VS26,2022-09-22,21,2022-10-15,5
PO-2022-2139,VS02,2021-03-03,21,2021-03-21,0
PO-2022-2140,VS27,2021-10-26,21,2021-11-13,0
PO-2022-2141,VS11,2023-12-15,30,2024-01-19,8
PO-2022-2142,VS27,2021-07-11,21,2021-07-29,0
PO-2022-2143,VS09,2023-06-24,30,2023-07-21,0
PO-2022-2144,VS21,2021-09-23,15,2021-10-09,4
PO-2022-2145,VS31,2021-07-20,45,2021-08-28,0
PO-2022-2146,VS15,2021-09-18,45,2021-11-07,8
PO-2022-2147,VS07,2021-06-21,15,2021-07-08,5
PO-2022-2148,VS17,2022-04-12,45,2022-05-24,0
PO-2022-2149,VS34,2023-08-08,21,2023-08-26,0
PO-2022-2150,VS21,2021-09-30,15,2021-10-22,10
PO-2022-2151,VS25,2021-03-15,30,2021-05-01,20
PO-2022-2152,VS03,2021-10-23,21,2021-11-12,2
PO-2022-2153,VS31,2023-09-15,45,2023-10-24,0
PO-2022-2154,VS29,2023-04-14,30,2023-05-11,0
PO-2022-2155,VS18,2021-09-02,30,2021-10-09,10
PO-2022-2156,VS22,2022-06-10,21,2022-06-28,0
PO-2022-2157,VS34,2022-12-06,21,2023-01-17,24
PO-2022-2158,VS09,2021-02-25,30,2021-04-18,25
PO-2022-2159,VS19,2021-09-07,30,2021-10-04,0
PO-2022-2160,VS33,2021-06-22,45,2021-08-03,0
PO-2022-2161,VS10,2022-02-07,30,2022-03-06,0
PO-2022-2162,VS34,2022-12-29,21,2023-02-06,21
PO-2022-2163,VS24,2023-12-31,45,2024-02-15,4
PO-2022-2164,VS24,2021-12-11,45,2022-02-07,16
PO-2022-2165,VS10,2022-04-12,30,2022-05-23,14
PO-2022-2166,VS04,2022-07-28,21,2022-08-14,0
PO-2022-2167,VS30,2023-09-06,45,2023-10-26,8
PO-2022-2168,VS17,2021-06-06,45,2021-07-17,0
PO-2022-2169,VS04,2021-05-20,21,2021-06-10,3
PO-2022-2170,VS26,2022-05-15,21,2022-06-02,0
PO-2022-2171,VS23,2022-05-28,45,2022-07-23,14
PO-2022-2172,VS08,2023-04-06,21,2023-04-24,0
PO-2022-2173,VS01,2022-11-05,15,2022-11-15,0
PO-2022-2174,VS15,2023-08-26,45,2023-10-30,23
PO-2022-2175,VS10,2023-07-23,30,2023-09-12,24
PO-2022-2176,VS18,2022-12-04,30,2023-01-09,9
PO-2022-2177,VS28,2023-08-17,15,2023-09-15,17
PO-2022-2178,VS19,2023-09-28,30,2023-11-01,7
PO-2022-2179,VS16,2023-01-16,15,2023-02-07,10
PO-2022-2180,VS07,2021-04-30,15,2021-05-07,0
PO-2022-2181,VS22,2023-11-10,21,2023-12-21,23
PO-2022-2182,VS01,2021-06-23,15,2021-07-05,0
PO-2022-2183,VS15,2023-10-14,45,2023-12-10,15
PO-2022-2184,VS25,2023-09-30,30,2023-10-29,2
PO-2022-2185,VS07,2021-08-12,15,2021-09-02,9
PO-2022-2186,VS26,2023-05-17,21,2023-06-09,5
PO-2022-2187,VS03,2023-12-10,21,2023-12-31,3
PO-2022-2188,VS02,2023-06-07,21,2023-06-23,0
PO-2022-2189,VS19,2021-07-25,30,2021-08-25,4
PO-2022-2190,VS23,2023-01-08,45,2023-03-03,12
PO-2022-2191,VS21,2021-04-11,15,2021-05-16,23
PO-2022-2192,VS14,2021-11-28,30,2021-12-21,0
PO-2022-2193,VS23,2023-04-05,45,2023-05-17,0
PO-2022-2194,VS15,2022-12-25,45,2023-02-04,0
PO-2022-2195,VS26,2021-07-08,21,2021-08-05,10
PO-2022-2196,VS13,2023-02-26,30,2023-03-31,6
PO-2022-2197,VS24,2023-06-19,45,2023-08-21,21
PO-2022-2198,VS20,2022-01-27,21,2022-02-10,0
PO-2022-2199,VS26,2022-01-03,21,2022-01-18,0
PO-2022-2200,VS17,2023-04-12,45,2023-05-24,0
PO-2022-2201,VS25,2021-10-03,30,2021-11-15,16
PO-2022-2202,VS06,2022-08-28,30,2022-10-08,14
PO-2022-2203,VS10,2022-05-22,30,2022-06-19,1
PO-2022-2204,VS16,2022-03-28,15,2022-04-27,18
PO-2022-2205,VS19,2021-01-29,30,2021-02-25,0
PO-2022-2206,VS27,2023-06-21,21,2023-07-24,15
PO-2022-2207,VS34,2022-01-20,21,2022-02-18,11
PO-2022-2208,VS24,2022-06-23,45,2022-08-04,0
PO-2022-2209,VS23,2022-10-21,45,2022-12-02,0
PO-2022-2210,VS09,2022-05-24,30,2022-06-19,0
PO-2022-2211,VS21,2023-09-05,15,2023-09-25,8
PO-2022-2212,VS15,2022-12-18,45,2023-01-30,1
PO-2022-2213,VS32,2023-06-19,45,2023-08-22,22
PO-2022-2214,VS04,2023-07-11,21,2023-08-22,24
PO-2022-2215,VS05,2022-12-30,15,2023-01-28,17
PO-2022-2216,VS32,2021-03-01,45,2021-04-18,6
PO-2022-2217,VS29,2022-03-20,30,2022-04-14,0
PO-2022-2218,VS33,2022-04-25,45,2022-06-15,9
PO-2022-2219,VS01,2022-10-10,15,2022-10-31,9
PO-2022-2220,VS05,2021-05-29,15,2021-06-21,11
PO-2022-2221,VS12,2022-05-28,15,2022-07-03,24
PO-2022-2222,VS22,2021-09-05,21,2021-10-13,20
PO-2022-2223,VS27,2023-03-08,21,2023-03-25,0
PO-2022-2224,VS07,2022-01-13,15,2022-01-25,0
PO-2022-2225,VS06,2023-10-24,30,2023-12-07,17
PO-2022-2226,VS22,2021-06-20,21,2021-07-10,2
PO-2022-2227,VS04,2021-05-08,21,2021-06-03,8
PO-2022-2228,VS01,2021-01-29,15,2021-02-10,0
PO-2022-2229,VS05,2023-02-10,15,2023-03-05,11
PO-2022-2230,VS23,2022-03-27,45,2022-05-05,0
PO-2022-2231,VS12,2023-02-09,15,2023-02-19,0
PO-2022-2232,VS10,2023-11-09,30,2023-12-14,8
PO-2022-2233,VS20,2021-09-07,21,2021-09-26,1
PO-2022-2234,VS11,2023-12-01,30,2024-01-02,5
PO-2022-2235,VS30,2022-11-25,45,2023-01-11,5
PO-2022-2236,VS22,2021-05-18,21,2021-06-06,1
PO-2022-2237,VS26,2022-01-24,21,2022-03-07,24
PO-2022-2238,VS34,2021-07-25,21,2021-08-08,0
PO-2022-2239,VS34,2023-12-29,21,2024-01-29,13
PO-2022-2240,VS09,2022-10-22,30,2022-11-23,5
PO-2022-2241,VS26,2023-05-27,21,2023-06-30,16
PO-2022-2242,VS21,2021-08-05,15,2021-08-17,0
PO-2022-2243,VS04,2022-08-15,21,2022-09-02,0
PO-2022-2244,VS12,2022-09-24,15,2022-10-26,20
PO-2022-2245,VS25,2022-09-16,30,2022-10-27,14
PO-2022-2246,VS33,2023-06-11,45,2023-08-01,9
PO-2022-2247,VS14,2021-04-05,30,2021-05-13,11
PO-2022-2248,VS05,2022-10-21,15,2022-11-19,17
PO-2022-2249,VS03,2021-02-04,21,2021-02-20,0
PO-2022-2250,VS16,2021-01-13,15,2021-01-26,1
PO-2022-2251,VS26,2023-02-04,21,2023-03-13,19
PO-2022-2252,VS28,2022-06-16,15,2022-07-22,24
PO-2022-2253,VS27,2022-07-16,21,2022-08-03,0
PO-2022-2254,VS32,2022-01-27,45,2022-03-23,13
PO-2022-2255,VS29,2021-03-30,30,2021-04-29,3
PO-2022-2256,VS08,2021-08-26,21,2021-09-13,0
PO-2022-2257,VS11,2022-11-05,30,2022-12-02,0
PO-2022-2258,VS19,2023-03-30,30,2023-04-26,0
PO-2022-2259,VS08,2021-08-14,21,2021-09-23,22
PO-2022-2260,VS13,2023-10-20,30,2023-11-16,0
PO-2022-2261,VS08,2021-08-15,21,2021-09-23,21
PO-2022-2262,VS16,2021-05-22,15,2021-06-07,4
PO-2022-2263,VS03,2023-06-28,21,2023-07-28,12
PO-2022-2264,VS03,2022-10-17,21,2022-11-10,6
PO-2022-2265,VS23,2021-12-29,45,2022-02-05,0
PO-2022-2266,VS10,2023-02-21,30,2023-04-14,25
PO-2022-2267,VS22,2022-02-06,21,2022-02-24,0
PO-2022-2268,VS19,2023-12-22,30,2024-02-04,17
PO-2022-2269,VS08,2021-04-30,21,2021-06-04,17
PO-2022-2270,VS21,2021-12-17,15,2022-01-22,24
PO-2022-2271,VS01,2022-04-27,15,2022-05-10,1
PO-2022-2272,VS15,2021-09-06,45,2021-11-11,24
PO-2022-2273,VS25,2023-09-06,30,2023-10-10,7
PO-2022-2274,VS32,2022-05-05,45,2022-07-06,20
PO-2022-2275,VS10,2023-09-12,30,2023-10-05,0
PO-2022-2276,VS12,2022-08-14,15,2022-09-15,20
PO-2022-2277,VS28,2021-02-15,15,2021-03-22,23
PO-2022-2278,VS26,2022-04-13,21,2022-05-21,20
PO-2022-2279,VS27,2023-05-16,21,2023-06-08,5
PO-2022-2280,VS24,2023-08-11,45,2023-09-22,0
PO-2022-2281,VS14,2023-12-25,30,2024-02-03,13
PO-2022-2282,VS30,2023-01-18,45,2023-03-01,0
PO-2022-2283,VS14,2022-09-24,30,2022-10-27,6
PO-2022-2284,VS20,2023-07-19,21,2023-08-31,25
PO-2022-2285,VS25,2021-11-20,30,2021-12-31,14
PO-2022-2286,VS25,2022-03-02,30,2022-03-24,0
PO-2022-2287,VS26,2021-11-19,21,2021-12-28,21
PO-2022-2288,VS32,2021-09-28,45,2021-11-11,2
PO-2022-2289,VS07,2021-03-17,15,2021-03-29,0
PO-2022-2290,VS06,2022-11-13,30,2022-12-08,0
PO-2022-2291,VS14,2021-11-08,30,2021-12-01,0
PO-2022-2292,VS31,2023-07-07,45,2023-08-18,0
PO-2022-2293,VS10,2021-11-27,30,2021-12-21,0
PO-2022-2294,VS11,2023-04-23,30,2023-05-31,11
PO-2022-2295,VS08,2022-05-29,21,2022-06-16,0
PO-2022-2296,VS25,2021-10-08,30,2021-11-04,0
PO-2022-2297,VS29,2023-01-16,30,2023-02-12,0
PO-2022-2298,VS22,2022-12-09,21,2022-12-27,0
PO-2022-2299,VS26,2022-09-10,21,2022-10-17,19
PO-2022-2300,VS21,2022-02-11,15,2022-03-09,14
PO-2022-2301,VS32,2022-12-31,45,2023-02-11,0
PO-2022-2302,VS17,2023-01-21,45,2023-03-04,0
PO-2022-2303,VS21,2023-10-03,15,2023-10-11,0
PO-2022-2304,VS29,2022-06-26,30,2022-07-23,0
PO-2022-2305,VS06,2023-07-31,30,2023-08-31,4
PO-2022-2306,VS02,2021-01-25,21,2021-03-07,23
PO-2022-2307,VS03,2023-03-10,21,2023-04-19,22
PO-2022-2308,VS28,2023-11-19,15,2023-12-15,14
PO-2022-2309,VS13,2022-06-23,30,2022-08-06,17
PO-2022-2310,VS21,2021-06-26,15,2021-07-14,6
PO-2022-2311,VS16,2021-08-11,15,2021-08-25,2
PO-2022-2312,VS06,2022-05-04,30,2022-06-01,1
PO-2022-2313,VS05,2022-12-03,15,2022-12-10,0
PO-2022-2314,VS07,2022-11-12,15,2022-11-24,0
PO-2022-2315,VS12,2021-06-19,15,2021-07-11,10
PO-2022-2316,VS14,2022-04-26,30,2022-06-09,17
PO-2022-2317,VS13,2023-12-24,30,2024-01-25,5
PO-2022-2318,VS31,2022-01-20,45,2022-03-15,12
PO-2022-2319,VS12,2023-06-29,15,2023-07-11,0
PO-2022-2320,VS10,2022-06-27,30,2022-07-24,0
PO-2022-2321,VS13,2021-06-08,30,2021-07-06,1
PO-2022-2322,VS26,2021-12-02,21,2021-12-20,0
PO-2022-2323,VS28,2022-03-26,15,2022-04-26,19
PO-2022-2324,VS17,2021-01-18,45,2021-03-16,15
PO-2022-2325,VS23,2023-10-12,45,2023-12-16,23
PO-2022-2326,VS01,2023-07-06,15,2023-08-05,18
PO-2022-2327,VS17,2021-05-18,45,2021-07-04,5
PO-2022-2328,VS32,2023-02-01,45,2023-03-15,0
PO-2022-2329,VS15,2022-01-28,45,2022-03-12,1
PO-2022-2330,VS21,2023-08-07,15,2023-08-31,12
PO-2022-2331,VS10,2021-11-12,30,2021-12-09,0
PO-2022-2332,VS25,2022-10-14,30,2022-11-10,0
PO-2022-2333,VS10,2021-12-23,30,2022-01-19,0
PO-2022-2334,VS18,2021-11-06,30,2021-12-03,0
PO-2022-2335,VS18,2022-09-17,30,2022-10-14,0
PO-2022-2336,VS28,2023-06-09,15,2023-06-17,0
PO-2022-2337,VS05,2021-08-09,15,2021-09-09,19
PO-2022-2338,VS34,2022-04-30,21,2022-06-03,16
PO-2022-2339,VS11,2022-09-26,30,2022-10-26,3
PO-2022-2340,VS09,2021-09-10,30,2021-10-03,0
PO-2022-2341,VS24,2021-09-23,45,2021-11-04,0
PO-2022-2342,VS14,2022-05-23,30,2022-07-02,13
PO-2022-2343,VS18,2023-09-06,30,2023-10-03,0
PO-2022-2344,VS09,2022-02-06,30,2022-03-29,24
PO-2022-2345,VS16,2022-05-04,15,2022-06-10,25
PO-2022-2346,VS07,2023-11-16,15,2023-12-08,10
PO-2022-2347,VS32,2023-12-23,45,2024-02-18,15
PO-2022-2348,VS05,2022-07-02,15,2022-07-15,1
PO-2022-2349,VS10,2022-07-23,30,2022-08-19,0
PO-2022-2350,VS01,2022-04-06,15,2022-04-20,2
PO-2022-2351,VS18,2021-10-30,30,2021-12-13,17
PO-2022-2352,VS13,2022-02-17,30,2022-04-10,25
PO-2022-2353,VS33,2023-12-12,45,2024-02-13,21
PO-2022-2354,VS20,2021-01-26,21,2021-02-22,9
PO-2022-2355,VS06,2023-05-17,30,2023-06-13,0
PO-2022-2356,VS25,2023-07-07,30,2023-08-02,0
PO-2022-2357,VS18,2021-08-12,30,2021-09-06,0
PO-2022-2358,VS11,2022-08-10,30,2022-09-18,12
PO-2022-2359,VS31,2022-11-03,45,2022-12-15,0
PO-2022-2360,VS28,2021-02-25,15,2021-03-25,16
PO-2022-2361,VS19,2021-03-15,30,2021-04-11,0
PO-2022-2362,VS09,2021-04-28,30,2021-05-26,1
PO-2022-2363,VS34,2021-08-01,21,2021-09-13,25
PO-2022-2364,VS23,2023-01-11,45,2023-02-22,0
PO-2022-2365,VS26,2023-10-09,21,2023-11-03,7
PO-2022-2366,VS10,2023-03-25,30,2023-05-06,15
PO-2022-2367,VS08,2021-11-25,21,2021-12-11,0
PO-2022-2368,VS04,2021-02-22,21,2021-03-28,16
PO-2022-2369,VS10,2022-04-25,30,2022-05-17,0
PO-2022-2370,VS02,2023-03-25,21,2023-05-07,25
PO-2022-2371,VS05,2023-05-03,15,2023-05-14,0
PO-2022-2372,VS01,2023-10-07,15,2023-10-21,2
PO-2022-2373,VS11,2023-11-12,30,2023-12-21,12
PO-2022-2374,VS18,2022-08-03,30,2022-08-30,0
PO-2022-2375,VS22,2022-06-12,21,2022-07-13,13
PO-2022-2376,VS29,2022-08-11,30,2022-10-01,24
PO-2022-2377,VS26,2023-11-18,21,2023-12-06,0
PO-2022-2378,VS14,2021-08-10,30,2021-09-26,20
PO-2022-2379,VS20,2022-03-18,21,2022-04-25,20
PO-2022-2380,VS14,2022-06-04,30,2022-07-15,14
PO-2022-2381,VS14,2022-11-18,30,2022-12-17,2
PO-2022-2382,VS26,2023-07-30,21,2023-08-25,8
PO-2022-2383,VS16,2022-08-11,15,2022-09-08,16
PO-2022-2384,VS01,2021-04-16,15,2021-04-28,0
PO-2022-2385,VS07,2021-11-26,15,2021-12-08,0
PO-2022-2386,VS05,2023-02-06,15,2023-02-19,1
PO-2022-2387,VS08,2021-03-16,21,2021-04-27,24
PO-2022-2388,VS08,2022-02-27,21,2022-04-03,17
PO-2022-2389,VS08,2021-02-02,21,2021-02-20,0
PO-2022-2390,VS18,2022-07-17,30,2022-08-26,13
PO-2022-2391,VS14,2021-11-13,30,2021-12-27,17
PO-2022-2392,VS28,2023-10-19,15,2023-11-04,4
PO-2022-2393,VS05,2021-04-04,15,2021-05-02,16
PO-2022-2394,VS02,2022-07-05,21,2022-07-23,0
PO-2022-2395,VS01,2023-07-10,15,2023-07-25,3
PO-2022-2396,VS15,2023-10-01,45,2023-11-11,0
PO-2022-2397,VS31,2023-07-27,45,2023-09-07,0
PO-2022-2398,VS21,2021-10-29,15,2021-11-10,0
PO-2022-2399,VS23,2023-08-19,45,2023-10-14,14
PO-2022-2400,VS24,2023-04-19,45,2023-05-31,0
PO-2022-2401,VS23,2022-11-16,45,2023-01-11,14
PO-2022-2402,VS03,2021-12-06,21,2021-12-24,0
PO-2022-2403,VS22,2021-10-28,21,2021-11-30,15
PO-2022-2404,VS14,2021-10-16,30,2021-11-12,0
PO-2022-2405,VS03,2023-10-27,21,2023-12-03,19
PO-2022-2406,VS15,2021-12-07,45,2022-01-29,11
PO-2022-2407,VS26,2023-02-07,21,2023-03-11,14
PO-2022-2408,VS27,2022-12-24,21,2023-01-11,0
PO-2022-2409,VS01,2022-01-24,15,2022-02-18,13
PO-2022-2410,VS16,2022-09-23,15,2022-10-25,20
PO-2022-2411,VS13,2021-07-20,30,2021-09-06,21
PO-2022-2412,VS05,2022-01-19,15,2022-01-31,0
PO-2022-2413,VS26,2023-01-06,21,2023-02-10,17
PO-2022-2414,VS14,2023-02-10,30,2023-03-11,2
PO-2022-2415,VS32,2021-03-30,45,2021-05-11,0
PO-2022-2416,VS25,2023-08-31,30,2023-10-06,9
PO-2022-2417,VS32,2022-12-23,45,2023-02-08,5
PO-2022-2418,VS31,2021-06-30,45,2021-09-05,25
PO-2022-2419,VS30,2021-07-15,45,2021-09-07,12
PO-2022-2420,VS21,2021-03-15,15,2021-04-18,22
PO-2022-2421,VS27,2022-03-23,21,2022-04-10,0
PO-2022-2422,VS33,2021-03-02,45,2021-04-13,0
PO-2022-2423,VS04,2023-03-09,21,2023-04-07,11
PO-2022-2424,VS29,2021-12-26,30,2022-02-08,17
PO-2022-2425,VS28,2022-11-13,15,2022-11-25,0
PO-2022-2426,VS31,2022-02-15,45,2022-04-04,6
PO-2022-2427,VS25,2021-12-31,30,2022-02-14,18
PO-2022-2428,VS15,2023-10-11,45,2023-11-22,0
PO-2022-2429,VS11,2021-07-30,30,2021-08-26,0
PO-2022-2430,VS29,2021-02-21,30,2021-03-20,0
PO-2022-2431,VS24,2023-12-15,45,2024-02-10,15
PO-2022-2432,VS28,2023-06-16,15,2023-07-21,23
PO-2022-2433,VS31,2023-01-06,45,2023-03-09,20
PO-2022-2434,VS02,2021-09-08,21,2021-10-12,16
PO-2022-2435,VS24,2023-07-06,45,2023-09-05,19
PO-2022-2436,VS27,2022-01-18,21,2022-02-27,22
PO-2022-2437,VS09,2022-09-11,30,2022-10-22,14
PO-2022-2438,VS08,2021-01-28,21,2021-02-15,0
PO-2022-2439,VS09,2022-09-17,30,2022-10-10,0
PO-2022-2440,VS13,2022-03-17,30,2022-05-03,20
PO-2022-2441,VS05,2023-03-09,15,2023-04-07,17
PO-2022-2442,VS31,2021-05-23,45,2021-07-13,9
PO-2022-2443,VS27,2022-05-24,21,2022-06-11,0
PO-2022-2444,VS28,2021-05-06,15,2021-05-18,0
PO-2022-2445,VS24,2022-02-02,45,2022-03-16,0
PO-2022-2446,VS31,2021-09-21,45,2021-11-02,0
PO-2022-2447,VS16,2021-11-22,15,2021-12-13,9
PO-2022-2448,VS27,2021-03-08,21,2021-04-09,14
PO-2022-2449,VS03,2021-10-29,21,2021-11-16,0
PO-2022-2450,VS20,2022-12-04,21,2022-12-25,3
PO-2022-2451,VS32,2023-11-17,45,2024-01-13,15
PO-2022-2452,VS31,2021-10-12,45,2021-12-04,11
PO-2022-2453,VS34,2023-12-31,21,2024-01-18,0
PO-2022-2454,VS33,2022-08-18,45,2022-09-29,0
PO-2022-2455,VS23,2022-01-30,45,2022-03-14,1
PO-2022-2456,VS18,2023-04-26,30,2023-05-23,0
PO-2022-2457,VS19,2021-10-16,30,2021-11-10,0
PO-2022-2458,VS14,2022-10-23,30,2022-11-21,2
PO-2022-2459,VS16,2022-08-23,15,2022-09-03,0
PO-2022-2460,VS32,2022-01-13,45,2022-02-21,0
PO-2022-2461,VS22,2023-08-02,21,2023-08-20,0
PO-2022-2462,VS26,2023-02-14,21,2023-03-04,0
PO-2022-2463,VS30,2023-10-14,45,2023-12-09,14
PO-2022-2464,VS13,2023-05-15,30,2023-06-25,14
PO-2022-2465,VS31,2021-08-13,45,2021-10-15,21
PO-2022-2466,VS24,2021-09-12,45,2021-10-30,6
PO-2022-2467,VS09,2022-07-07,30,2022-08-01,0
PO-2022-2468,VS04,2021-03-26,21,2021-04-13,0
PO-2022-2469,VS19,2022-07-25,30,2022-08-21,0
PO-2022-2470,VS23,2022-07-04,45,2022-08-15,0
PO-2022-2471,VS11,2022-03-30,30,2022-04-26,0
PO-2022-2472,VS18,2021-07-09,30,2021-08-13,8
PO-2022-2473,VS16,2022-04-01,15,2022-05-07,24
PO-2022-2474,VS07,2022-07-30,15,2022-08-12,1
PO-2022-2475,VS29,2023-03-06,30,2023-04-02,0
PO-2022-2476,VS29,2023-07-02,30,2023-07-29,0
PO-2022-2477,VS02,2023-02-21,21,2023-03-11,0
PO-2022-2478,VS28,2023-10-07,15,2023-10-28,9
PO-2022-2479,VS29,2023-03-09,30,2023-04-13,8
PO-2022-2480,VS11,2023-02-16,30,2023-03-29,14
PO-2022-2481,VS16,2022-07-19,15,2022-07-29,0
PO-2022-2482,VS16,2021-02-22,15,2021-03-16,10
PO-2022-2483,VS24,2022-12-11,45,2023-01-22,0
PO-2022-2484,VS06,2023-05-22,30,2023-06-18,0
PO-2022-2485,VS31,2022-06-20,45,2022-08-02,1
PO-2022-2486,VS34,2023-11-29,21,2023-12-30,13
PO-2022-2487,VS15,2021-04-12,45,2021-05-30,6
PO-2022-2488,VS17,2021-04-16,45,2021-06-12,15
PO-2022-2489,VS10,2022-08-27,30,2022-09-29,6
PO-2022-2490,VS20,2023-04-22,21,2023-06-03,24
PO-2022-2491,VS12,2021-04-20,15,2021-05-02,0
PO-2022-2492,VS02,2022-05-02,21,2022-05-20,0
PO-2022-2493,VS18,2021-07-30,30,2021-09-09,14
PO-2022-2494,VS12,2023-01-29,15,2023-02-15,5
PO-2022-2495,VS21,2021-01-21,15,2021-01-29,0
PO-2022-2496,VS33,2023-10-26,45,2023-12-25,18
PO-2022-2497,VS09,2021-11-19,30,2022-01-07,22
PO-2022-2498,VS30,2022-07-29,45,2022-09-09,0
PO-2022-2499,VS11,2022-05-27,30,2022-07-03,10
PO-2022-2500,VS30,2022-08-15,45,2022-09-27,1
PO-2022-2501,VS34,2023-04-11,21,2023-05-07,8
PO-2022-2502,VS17,2023-04-13,45,2023-06-13,19
PO-2022-2503,VS03,2021-09-19,21,2021-10-19,12
PO-2022-2504,VS27,2021-08-28,21,2021-10-06,21
PO-2022-2505,VS13,2023-09-28,30,2023-10-25,0
PO-2022-2506,VS29,2021-11-01,30,2021-12-22,24
PO-2022-2507,VS02,2021-10-22,21,2021-11-09,0
PO-2022-2508,VS30,2023-08-17,45,2023-10-10,12
PO-2022-2509,VS16,2021-04-19,15,2021-05-05,4
PO-2022-2510,VS04,2023-02-09,21,2023-03-07,8
PO-2022-2511,VS05,2023-06-10,15,2023-06-28,6
PO-2022-2512,VS31,2021-03-27,45,2021-05-13,5
PO-2022-2513,VS01,2021-12-09,15,2021-12-31,10
PO-2022-2514,VS02,2021-05-06,21,2021-05-29,5
PO-2022-2515,VS26,2023-07-11,21,2023-07-29,0
PO-2022-2516,VS19,2022-11-03,30,2022-12-06,6
PO-2022-2517,VS32,2023-06-20,45,2023-07-28,0
PO-2022-2518,VS05,2023-11-06,15,2023-12-02,14
PO-2022-2519,VS18,2023-06-23,30,2023-08-02,13
PO-2022-2520,VS18,2023-03-01,30,2023-03-31,3
PO-2022-2521,VS13,2021-10-03,30,2021-10-27,0
PO-2022-2522,VS17,2023-05-28,45,2023-07-09,0
PO-2022-2523,VS31,2022-07-01,45,2022-08-07,0
PO-2022-2524,VS08,2023-10-11,21,2023-10-28,0
PO-2022-2525,VS31,2023-02-05,45,2023-04-09,21
PO-2022-2526,VS21,2022-11-12,15,2022-12-05,11
PO-2022-2527,VS18,2023-12-05,30,2024-01-05,4
PO-2022-2528,VS22,2022-07-15,21,2022-08-10,8
PO-2022-2529,VS20,2021-04-19,21,2021-05-07,0
PO-2022-2530,VS16,2022-03-28,15,2022-04-19,10
PO-2022-2531,VS24,2023-11-05,45,2023-12-13,0
PO-2022-2532,VS06,2022-09-08,30,2022-10-17,12
PO-2022-2533,VS21,2021-05-19,15,2021-05-31,0
PO-2022-2534,VS31,2023-05-02,45,2023-06-30,17
PO-2022-2535,VS32,2022-05-01,45,2022-07-03,21
PO-2022-2536,VS28,2023-04-14,15,2023-04-26,0
PO-2022-2537,VS11,2022-11-23,30,2022-12-27,7
PO-2022-2538,VS06,2021-06-21,30,2021-07-18,0
PO-2022-2539,VS04,2021-11-11,21,2021-12-20,21
PO-2022-2540,VS23,2023-01-25,45,2023-03-19,11
PO-2022-2541,VS03,2021-07-27,21,2021-08-31,17
PO-2022-2542,VS26,2021-12-18,21,2022-01-05,0
PO-2022-2543,VS05,2023-12-17,15,2024-01-17,19
PO-2022-2544,VS33,2021-11-22,45,2021-12-29,0
PO-2022-2545,VS26,2021-03-10,21,2021-04-12,15
PO-2022-2546,VS23,2023-07-19,45,2023-08-25,0
PO-2022-2547,VS16,2023-05-10,15,2023-05-22,0
PO-2022-2548,VS10,2021-11-04,30,2021-12-01,0
PO-2022-2549,VS07,2021-11-02,15,2021-11-14,0
PO-2022-2550,VS21,2022-11-16,15,2022-11-28,0
PO-2022-2551,VS14,2022-09-15,30,2022-10-14,2
PO-2022-2552,VS23,2022-01-31,45,2022-03-14,0
PO-2022-2553,VS25,2022-06-04,30,2022-07-17,16
PO-2022-2554,VS29,2022-10-28,30,2022-11-27,3
PO-2022-2555,VS21,2023-05-18,15,2023-06-06,7
PO-2022-2556,VS06,2023-05-05,30,2023-06-24,23
PO-2022-2557,VS16,2021-10-18,15,2021-11-22,23
PO-2022-2558,VS27,2022-01-08,21,2022-01-28,2
PO-2022-2559,VS24,2022-12-07,45,2023-02-05,18
PO-2022-2560,VS14,2022-02-21,30,2022-03-20,0
PO-2022-2561,VS18,2023-11-04,30,2023-12-12,11
PO-2022-2562,VS28,2022-02-10,15,2022-03-07,13
PO-2022-2563,VS30,2022-08-21,45,2022-10-17,15
PO-2022-2564,VS31,2021-05-12,45,2021-06-23,0
PO-2022-2565,VS21,2022-04-21,15,2022-05-02,0
PO-2022-2566,VS15,2021-03-24,45,2021-05-30,25
PO-2022-2567,VS15,2021-03-28,45,2021-05-15,6
PO-2022-2568,VS18,2021-06-08,30,2021-07-17,12
PO-2022-2569,VS33,2021-02-06,45,2021-04-07,18
PO-2022-2570,VS19,2022-03-17,30,2022-04-18,5
PO-2022-2571,VS12,2022-11-07,15,2022-11-19,0
PO-2022-2572,VS22,2021-06-16,21,2021-07-26,22
PO-2022-2573,VS11,2022-06-16,30,2022-07-13,0
PO-2022-2574,VS11,2022-02-25,30,2022-04-09,16
PO-2022-2575,VS05,2021-05-24,15,2021-06-05,0
PO-2022-2576,VS05,2022-05-09,15,2022-06-11,21
PO-2022-2577,VS08,2022-11-26,21,2022-12-28,14
PO-2022-2578,VS08,2023-11-16,21,2023-12-01,0
PO-2022-2579,VS06,2023-01-03,30,2023-02-05,6
PO-2022-2580,VS02,2022-05-31,21,2022-06-18,0
PO-2022-2581,VS34,2021-11-28,21,2022-01-04,19
PO-2022-2582,VS02,2022-12-24,21,2023-01-25,14
PO-2022-2583,VS33,2021-08-04,45,2021-09-14,0
PO-2022-2584,VS05,2023-09-21,15,2023-10-03,0
PO-2022-2585,VS30,2023-10-13,45,2023-12-09,15
PO-2022-2586,VS29,2021-03-19,30,2021-04-12,0
PO-2022-2587,VS22,2023-02-05,21,2023-02-23,0
PO-2022-2588,VS06,2023-08-11,30,2023-09-07,0
PO-2022-2589,VS09,2021-08-30,30,2021-09-23,0
PO-2022-2590,VS08,2022-12-02,21,2022-12-30,10
PO-2022-2591,VS28,2022-10-05,15,2022-11-05,19
PO-2022-2592,VS17,2021-10-11,45,2021-11-24,2
PO-2022-2593,VS34,2021-06-05,21,2021-06-21,0
PO-2022-2594,VS02,2023-04-17,21,2023-05-05,0
PO-2022-2595,VS09,2021-07-13,30,2021-08-17,8
PO-2022-2596,VS07,2021-08-24,15,2021-09-05,0
PO-2022-2597,VS14,2022-01-13,30,2022-02-04,0
PO-2022-2598,VS20,2021-06-16,21,2021-07-18,14
PO-2022-2599,VS20,2021-03-28,21,2021-05-09,24
PO-2022-2600,VS09,2021-04-20,30,2021-05-22,5
PO-2022-2601,VS31,2021-08-10,45,2021-09-25,4
PO-2022-2602,VS17,2021-08-10,45,2021-10-10,19
PO-2022-2603,VS06,2022-05-26,30,2022-07-11,19
PO-2022-2604,VS02,2021-08-04,21,2021-09-13,22
PO-2022-2605,VS16,2023-11-13,15,2023-11-25,0
PO-2022-2606,VS32,2022-01-23,45,2022-03-29,23
PO-2022-2607,VS13,2023-03-10,30,2023-04-09,3
PO-2022-2608,VS19,2023-04-26,30,2023-05-23,0
PO-2022-2609,VS17,2023-05-14,45,2023-07-01,6
PO-2022-2610,VS17,2022-01-30,45,2022-03-19,6
PO-2022-2611,VS16,2021-09-06,15,2021-09-19,1
PO-2022-2612,VS05,2021-04-09,15,2021-04-21,0
PO-2022-2613,VS14,2021-01-09,30,2021-02-09,4
PO-2022-2614,VS14,2022-12-04,30,2023-01-18,18
PO-2022-2615,VS24,2021-09-13,45,2021-10-25,0
PO-2022-2616,VS29,2022-07-21,30,2022-08-17,0
PO-2022-2617,VS13,2022-12-28,30,2023-01-24,0
PO-2022-2618,VS17,2021-04-14,45,2021-05-26,0
PO-2022-2619,VS30,2021-05-06,45,2021-06-21,4
PO-2022-2620,VS19,2021-10-19,30,2021-12-08,23
PO-2022-2621,VS05,2023-12-24,15,2024-01-17,12
PO-2022-2622,VS18,2022-02-19,30,2022-04-12,25
PO-2022-2623,VS29,2022-03-31,30,2022-04-30,3
PO-2022-2624,VS15,2023-03-02,45,2023-05-04,21
PO-2022-2625,VS24,2022-07-06,45,2022-08-26,9
PO-2022-2626,VS20,2023-11-27,21,2023-12-15,0
PO-2022-2627,VS19,2022-05-13,30,2022-06-26,17
PO-2022-2628,VS12,2023-12-25,15,2024-01-04,0
PO-2022-2629,VS27,2022-11-05,21,2022-12-16,23
PO-2022-2630,VS28,2022-09-23,15,2022-10-05,0
PO-2022-2631,VS23,2023-04-07,45,2023-05-19,0
PO-2022-2632,VS03,2022-10-31,21,2022-11-18,0
PO-2022-2633,VS32,2022-11-17,45,2023-01-07,9
PO-2022-2634,VS07,2021-06-09,15,2021-06-16,0
PO-2022-2635,VS27,2023-08-18,21,2023-09-27,22
PO-2022-2636,VS09,2023-06-26,30,2023-08-12,20
PO-2022-2637,VS17,2021-03-19,45,2021-05-07,7
PO-2022-2638,VS14,2023-07-14,30,2023-08-05,0
PO-2022-2639,VS17,2021-07-14,45,2021-09-10,16
PO-2022-2640,VS31,2021-04-04,45,2021-06-09,24
PO-2022-2641,VS32,2021-01-17,45,2021-03-13,13
PO-2022-2642,VS33,2021-07-04,45,2021-08-15,0
PO-2022-2643,VS23,2022-12-19,45,2023-01-30,0
PO-2022-2644,VS02,2021-07-22,21,2021-08-07,0
PO-2022-2645,VS12,2021-04-06,15,2021-04-18,0
PO-2022-2646,VS04,2023-08-05,21,2023-09-12,20
PO-2022-2647,VS24,2022-02-26,45,2022-04-10,1
PO-2022-2648,VS11,2021-05-13,30,2021-06-23,14
PO-2022-2649,VS12,2023-12-31,15,2024-01-31,19
PO-2022-2650,VS10,2021-06-02,30,2021-07-12,13
PO-2022-2651,VS34,2022-07-03,21,2022-08-02,12
PO-2022-2652,VS29,2022-11-10,30,2022-12-17,10
PO-2022-2653,VS29,2022-03-21,30,2022-04-13,0
PO-2022-2654,VS21,2022-07-29,15,2022-08-23,13
PO-2022-2655,VS13,2021-02-14,30,2021-03-12,0
PO-2022-2656,VS08,2021-07-09,21,2021-08-04,8
PO-2022-2657,VS08,2024-01-01,21,2024-02-04,16
PO-2022-2658,VS04,2021-10-07,21,2021-10-25,0
PO-2022-2659,VS16,2021-09-19,15,2021-10-14,13
PO-2022-2660,VS06,2022-05-13,30,2022-07-02,23
PO-2022-2661,VS09,2022-11-15,30,2022-12-12,0
PO-2022-2662,VS15,2021-10-17,45,2021-11-28,0
PO-2022-2663,VS06,2023-05-18,30,2023-07-06,22
PO-2022-2664,VS03,2021-03-06,21,2021-03-24,0
PO-2022-2665,VS02,2021-02-22,21,2021-03-10,0
PO-2022-2666,VS06,2021-06-19,30,2021-07-16,0
PO-2022-2667,VS04,2023-02-03,21,2023-02-21,0
PO-2022-2668,VS08,2023-02-19,21,2023-03-09,0
PO-2022-2669,VS06,2021-11-26,30,2022-01-08,16
PO-2022-2670,VS19,2023-09-07,30,2023-10-04,0
PO-2022-2671,VS19,2021-12-29,30,2022-02-13,19
PO-2022-2672,VS03,2023-08-22,21,2023-09-15,6
PO-2022-2673,VS01,2021-04-14,15,2021-05-13,17
PO-2022-2674,VS06,2022-12-04,30,2023-01-13,13
PO-2022-2675,VS25,2023-04-13,30,2023-05-10,0
PO-2022-2676,VS15,2023-11-17,45,2024-01-08,10
PO-2022-2677,VS25,2021-12-18,30,2022-01-14,0
PO-2022-2678,VS27,2021-04-22,21,2021-05-10,0
PO-2022-2679,VS23,2023-08-04,45,2023-09-15,0
PO-2022-2680,VS09,2022-01-17,30,2022-02-13,0
PO-2022-2681,VS17,2023-03-17,45,2023-05-13,15
PO-2022-2682,VS17,2021-01-14,45,2021-02-26,1
PO-2022-2683,VS32,2023-09-01,45,2023-10-13,0
PO-2022-2684,VS34,2022-01-23,21,2022-03-04,22
PO-2022-2685,VS10,2021-05-18,30,2021-07-02,18
PO-2022-2686,VS20,2023-12-08,21,2023-12-26,0
PO-2022-2687,VS24,2021-09-28,45,2021-11-11,2
PO-2022-2688,VS06,2022-06-03,30,2022-07-18,18
PO-2022-2689,VS11,2023-03-13,30,2023-04-26,17
PO-2022-2690,VS12,2021-03-31,15,2021-05-04,22
PO-2022-2691,VS12,2022-12-01,15,2022-12-13,0
PO-2022-2692,VS06,2021-02-20,30,2021-03-16,0
PO-2022-2693,VS33,2022-08-22,45,2022-10-19,16
PO-2022-2694,VS07,2022-04-11,15,2022-05-10,17
PO-2022-2695,VS18,2022-01-04,30,2022-01-29,0
PO-2022-2696,VS22,2021-05-10,21,2021-05-30,2
PO-2022-2697,VS14,2022-05-08,30,2022-06-18,14
PO-2022-2698,VS34,2022-02-05,21,2022-03-11,16
PO-2022-2699,VS15,2023-03-23,45,2023-05-05,1
PO-2022-2700,VS34,2023-07-24,21,2023-08-11,0
PO-2022-2701,VS13,2021-04-12,30,2021-05-09,0
PO-2022-2702,VS14,2023-10-09,30,2023-11-05,0
PO-2022-2703,VS27,2021-03-25,21,2021-04-12,0
PO-2022-2704,VS32,2023-11-04,45,2023-12-11,0
PO-2022-2705,VS34,2023-04-17,21,2023-05-28,23
PO-2022-2706,VS07,2021-03-05,15,2021-03-15,0
PO-2022-2707,VS01,2023-12-12,15,2023-12-24,0
PO-2022-2708,VS17,2023-10-19,45,2023-12-19,19
PO-2022-2709,VS01,2023-05-04,15,2023-05-18,2
PO-2022-2710,VS04,2021-10-05,21,2021-10-23,0
PO-2022-2711,VS19,2023-12-17,30,2024-02-01,19
PO-2022-2712,VS31,2023-12-25,45,2024-02-20,15
PO-2022-2713,VS13,2023-04-18,30,2023-05-15,0
PO-2022-2714,VS10,2023-11-05,30,2023-11-29,0
PO-2022-2715,VS05,2023-05-10,15,2023-05-22,0
PO-2022-2716,VS09,2022-08-29,30,2022-09-25,0
PO-2022-2717,VS02,2023-01-25,21,2023-03-05,21
PO-2022-2718,VS03,2023-06-14,21,2023-07-01,0
PO-2022-2719,VS02,2023-05-27,21,2023-06-14,0
PO-2022-2720,VS14,2023-12-05,30,2024-01-01,0
PO-2022-2721,VS25,2021-02-28,30,2021-03-27,0
PO-2022-2722,VS07,2022-03-15,15,2022-03-27,0
PO-2022-2723,VS04,2023-01-02,21,2023-01-22,2
PO-2022-2724,VS32,2021-08-14,45,2021-09-23,0
PO-2022-2725,VS34,2022-03-11,21,2022-04-09,11
PO-2022-2726,VS20,2022-05-14,21,2022-06-20,19
PO-2022-2727,VS22,2022-02-05,21,2022-03-03,8
PO-2022-2728,VS09,2023-12-22,30,2024-01-31,13
PO-2022-2729,VS04,2021-09-15,21,2021-10-01,0
PO-2022-2730,VS04,2021-02-09,21,2021-02-23,0
PO-2022-2731,VS19,2021-05-16,30,2021-06-11,0
PO-2022-2732,VS17,2023-07-20,45,2023-09-05,5
PO-2022-2733,VS25,2023-05-15,30,2023-06-24,13
PO-2022-2734,VS06,2023-07-27,30,2023-08-23,0
PO-2022-2735,VS16,2023-03-01,15,2023-04-04,22
PO-2022-2736,VS20,2023-10-25,21,2023-11-23,11
PO-2022-2737,VS15,2022-01-17,45,2022-02-28,0
PO-2022-2738,VS04,2023-04-11,21,2023-04-29,0
PO-2022-2739,VS10,2023-08-30,30,2023-10-06,10
PO-2022-2740,VS29,2021-03-07,30,2021-04-03,0
PO-2022-2741,VS34,2022-04-16,21,2022-05-04,0
PO-2022-2742,VS34,2022-05-18,21,2022-06-20,15
PO-2022-2743,VS01,2022-08-10,15,2022-08-24,2
PO-2022-2744,VS28,2021-10-22,15,2021-11-23,20
PO-2022-2745,VS26,2021-11-01,21,2021-11-19,0
PO-2022-2746,VS06,2022-07-02,30,2022-08-14,16
PO-2022-2747,VS14,2021-06-02,30,2021-06-29,0
PO-2022-2748,VS13,2021-10-29,30,2021-11-25,0
PO-2022-2749,VS17,2021-09-07,45,2021-10-19,0
PO-2022-2750,VS20,2022-05-11,21,2022-05-25,0
PO-2022-2751,VS31,2021-12-06,45,2022-02-04,18
PO-2022-2752,VS26,2023-06-12,21,2023-07-13,13
PO-2022-2753,VS33,2023-03-07,45,2023-04-18,0
PO-2022-2754,VS02,2022-11-20,21,2022-12-23,15
PO-2022-2755,VS06,2022-07-29,30,2022-08-25,0
PO-2022-2756,VS04,2022-10-24,21,2022-11-11,0
PO-2022-2757,VS13,2023-12-08,30,2024-01-04,0
PO-2022-2758,VS15,2023-01-28,45,2023-03-09,0
PO-2022-2759,VS19,2023-06-29,30,2023-07-26,0
PO-2022-2760,VS26,2021-10-17,21,2021-11-23,19
PO-2022-2761,VS06,2021-02-12,30,2021-03-11,0
PO-2022-2762,VS11,2021-04-11,30,2021-05-08,0
PO-2022-2763,VS17,2023-12-13,45,2024-02-15,22
PO-2022-2764,VS06,2022-04-24,30,2022-05-21,0
PO-2022-2765,VS13,2021-12-20,30,2022-02-02,17
PO-2022-2766,VS30,2021-06-15,45,2021-08-04,8
PO-2022-2767,VS06,2021-07-31,30,2021-08-31,4
PO-2022-2768,VS16,2023-05-18,15,2023-05-27,0
PO-2022-2769,VS23,2023-10-16,45,2023-11-27,0
PO-2022-2770,VS20,2022-09-03,21,2022-09-16,0
PO-2022-2771,VS04,2022-10-27,21,2022-11-22,8
PO-2022-2772,VS28,2021-07-16,15,2021-07-28,0
PO-2022-2773,VS17,2022-02-27,45,2022-05-05,25
PO-2022-2774,VS32,2023-08-10,45,2023-09-21,0
PO-2022-2775,VS06,2021-11-30,30,2021-12-27,0
PO-2022-2776,VS13,2021-08-01,30,2021-08-28,0
PO-2022-2777,VS32,2022-12-01,45,2023-01-28,16
PO-2022-2778,VS08,2022-05-16,21,2022-06-07,4
PO-2022-2779,VS02,2023-04-20,21,2023-05-23,15
PO-2022-2780,VS32,2021-02-19,45,2021-04-23,21
PO-2022-2781,VS30,2021-09-04,45,2021-10-16,0
PO-2022-2782,VS26,2022-05-02,21,2022-05-20,0
PO-2022-2783,VS24,2021-02-04,45,2021-03-16,0
PO-2022-2784,VS12,2021-12-20,15,2022-01-03,2
PO-2022-2785,VS26,2021-06-29,21,2021-07-22,5
PO-2022-2786,VS17,2021-08-06,45,2021-09-17,0
PO-2022-2787,VS05,2021-12-26,15,2022-01-05,0
PO-2022-2788,VS18,2021-03-25,30,2021-04-21,0
PO-2022-2789,VS11,2021-02-06,30,2021-03-05,0
PO-2022-2790,VS15,2021-03-14,45,2021-05-07,12
PO-2022-2791,VS33,2022-06-01,45,2022-08-05,23
PO-2022-2792,VS33,2022-11-26,45,2023-01-12,5
PO-2022-2793,VS29,2022-12-15,30,2023-01-11,0
PO-2022-2794,VS29,2021-03-18,30,2021-04-14,0
PO-2022-2795,VS29,2023-04-06,30,2023-05-24,21
PO-2022-2796,VS02,2022-01-21,21,2022-02-12,4
PO-2022-2797,VS30,2021-05-14,45,2021-07-08,13
PO-2022-2798,VS28,2021-11-07,15,2021-11-22,3
PO-2022-2799,VS34,2022-10-21,21,2022-11-24,16
PO-2022-2800,VS21,2023-12-29,15,2024-01-23,13
PO-2022-2801,VS24,2022-05-05,45,2022-06-16,0
PO-2022-2802,VS25,2023-01-12,30,2023-02-07,0
PO-2022-2803,VS02,2021-03-23,21,2021-04-19,9
PO-2022-2804,VS24,2022-12-06,45,2023-02-02,16
PO-2022-2805,VS26,2023-08-05,21,2023-08-19,0
PO-2022-2806,VS12,2022-08-29,15,2022-09-10,0
PO-2022-2807,VS26,2022-07-09,21,2022-07-27,0
PO-2022-2808,VS22,2021-08-03,21,2021-08-20,0
PO-2022-2809,VS12,2022-11-06,15,2022-11-27,9
PO-2022-2810,VS22,2022-01-03,21,2022-01-29,8
PO-2022-2811,VS15,2022-04-02,45,2022-05-14,0
PO-2022-2812,VS15,2021-08-01,45,2021-09-12,0
PO-2022-2813,VS02,2023-01-23,21,2023-02-10,0
PO-2022-2814,VS02,2022-10-30,21,2022-11-17,0
PO-2022-2815,VS15,2022-06-23,45,2022-08-02,0
PO-2022-2816,VS05,2023-11-19,15,2023-12-05,4
PO-2022-2817,VS13,2021-04-10,30,2021-05-07,0
PO-2022-2818,VS03,2022-07-09,21,2022-08-16,20
PO-2022-2819,VS21,2021-07-03,15,2021-07-19,4
PO-2022-2820,VS07,2022-02-22,15,2022-03-26,20
PO-2022-2821,VS31,2023-05-13,45,2023-06-24,0
PO-2022-2822,VS03,2022-10-15,21,2022-11-07,5
PO-2022-2823,VS19,2021-08-15,30,2021-09-11,0
PO-2022-2824,VS34,2023-02-27,21,2023-04-05,19
PO-2022-2825,VS09,2021-05-07,30,2021-06-19,16
PO-2022-2826,VS34,2023-11-23,21,2023-12-15,4
PO-2022-2827,VS22,2021-10-11,21,2021-11-20,22
PO-2022-2828,VS04,2023-05-06,21,2023-05-24,0
PO-2022-2829,VS29,2023-07-14,30,2023-08-12,2
PO-2022-2830,VS33,2022-11-26,45,2023-01-10,3
PO-2022-2831,VS28,2022-11-30,15,2022-12-12,0
PO-2022-2832,VS12,2022-08-16,15,2022-08-28,0
PO-2022-2833,VS28,2021-06-22,15,2021-07-08,4
PO-2022-2834,VS03,2021-03-25,21,2021-04-12,0
PO-2022-2835,VS05,2022-04-24,15,2022-05-06,0
PO-2022-2836,VS21,2022-11-02,15,2022-11-16,2
PO-2022-2837,VS34,2021-03-14,21,2021-04-18,17
PO-2022-2838,VS07,2022-01-12,15,2022-02-18,25
PO-2022-2839,VS25,2023-02-27,30,2023-03-29,3
PO-2022-2840,VS28,2022-04-03,15,2022-04-29,14
PO-2022-2841,VS27,2022-08-26,21,2022-09-13,0
PO-2022-2842,VS24,2021-12-13,45,2022-02-16,23
PO-2022-2843,VS12,2022-03-27,15,2022-04-26,18
PO-2022-2844,VS05,2022-01-28,15,2022-02-18,9
PO-2022-2845,VS20,2021-01-18,21,2021-02-11,6
PO-2022-2846,VS16,2023-12-04,15,2023-12-16,0
PO-2022-2847,VS23,2023-08-10,45,2023-09-21,0
PO-2022-2848,VS06,2023-12-02,30,2023-12-29,0
PO-2022-2849,VS30,2023-09-14,45,2023-10-26,0
PO-2022-2850,VS31,2022-07-02,45,2022-09-01,19
PO-2022-2851,VS10,2022-11-01,30,2022-11-23,0
PO-2022-2852,VS25,2023-07-21,30,2023-09-08,22
PO-2022-2853,VS29,2022-01-11,30,2022-02-08,1
PO-2022-2854,VS13,2022-03-20,30,2022-04-16,0
PO-2022-2855,VS02,2022-01-20,21,2022-02-07,0
PO-2022-2856,VS27,2022-03-18,21,2022-04-05,0
PO-2022-2857,VS05,2022-11-04,15,2022-11-16,0
PO-2022-2858,VS21,2021-12-11,15,2021-12-23,0
PO-2022-2859,VS21,2022-02-24,15,2022-03-17,9
PO-2022-2860,VS30,2023-10-02,45,2023-11-09,0
PO-2022-2861,VS02,2022-05-25,21,2022-07-06,24
PO-2022-2862,VS08,2023-10-21,21,2023-11-08,0
PO-2022-2863,VS01,2023-06-21,15,2023-07-04,1
PO-2022-2864,VS22,2021-04-27,21,2021-05-11,0
PO-2022-2865,VS32,2023-12-19,45,2024-01-26,0
PO-2022-2866,VS34,2021-10-14,21,2021-11-03,2
PO-2022-2867,VS09,2021-07-24,30,2021-08-20,0
PO-2022-2868,VS12,2022-01-24,15,2022-03-01,24
PO-2022-2869,VS30,2023-10-02,45,2023-11-29,16
PO-2022-2870,VS14,2022-12-20,30,2023-02-08,23
PO-2022-2871,VS26,2024-01-04,21,2024-01-31,9
PO-2022-2872,VS13,2021-03-27,30,2021-04-23,0
PO-2022-2873,VS21,2021-06-20,15,2021-07-02,0
PO-2022-2874,VS06,2022-03-10,30,2022-04-06,0
PO-2022-2875,VS02,2022-12-18,21,2023-01-05,0
PO-2022-2876,VS13,2023-11-17,30,2023-12-25,11
PO-2022-2877,VS31,2023-05-05,45,2023-06-16,0
PO-2022-2878,VS10,2021-08-27,30,2021-09-29,6
PO-2022-2879,VS14,2021-08-28,30,2021-10-18,24
PO-2022-2880,VS27,2023-08-04,21,2023-09-11,20
PO-2022-2881,VS08,2021-07-05,21,2021-07-31,8
PO-2022-2882,VS08,2021-03-30,21,2021-04-17,0
PO-2022-2883,VS29,2023-12-23,30,2024-01-30,11
PO-2022-2884,VS03,2022-03-18,21,2022-04-25,20
PO-2022-2885,VS01,2022-03-06,15,2022-04-06,19
PO-2022-2886,VS34,2022-09-13,21,2022-09-29,0
PO-2022-2887,VS06,2021-07-28,30,2021-09-05,12
PO-2022-2888,VS09,2023-12-14,30,2024-01-29,19
PO-2022-2889,VS10,2021-10-06,30,2021-11-19,17
PO-2022-2890,VS24,2022-02-04,45,2022-03-29,11
PO-2022-2891,VS14,2021-01-06,30,2021-02-18,16
PO-2022-2892,VS07,2021-02-07,15,2021-02-19,0
PO-2022-2893,VS28,2022-01-29,15,2022-02-10,0
PO-2022-2894,VS09,2022-09-24,30,2022-10-21,0
PO-2022-2895,VS02,2021-11-19,21,2021-12-21,14
PO-2022-2896,VS24,2021-09-13,45,2021-10-25,0
PO-2022-2897,VS11,2021-05-07,30,2021-06-13,10
PO-2022-2898,VS28,2023-06-06,15,2023-07-05,17
PO-2022-2899,VS07,2023-12-27,15,2024-01-12,4
PO-2022-2900,VS15,2021-01-19,45,2021-03-02,0
PO-2022-2901,VS26,2023-01-17,21,2023-02-12,8
PO-2022-2902,VS28,2023-01-28,15,2023-02-09,0
PO-2022-2903,VS24,2022-12-17,45,2023-01-28,0
PO-2022-2904,VS31,2022-06-02,45,2022-08-01,18
PO-2022-2905,VS01,2023-06-12,15,2023-06-29,5
PO-2022-2906,VS08,2023-11-23,21,2023-12-31,20
PO-2022-2907,VS15,2023-04-28,45,2023-06-10,1
PO-2022-2908,VS11,2023-10-02,30,2023-10-29,0
PO-2022-2909,VS24,2021-07-22,45,2021-09-19,17
PO-2022-2910,VS22,2021-08-13,21,2021-08-31,0
PO-2022-2911,VS29,2023-04-20,30,2023-05-16,0
PO-2022-2912,VS06,2022-11-15,30,2022-12-15,3
PO-2022-2913,VS32,2022-07-22,45,2022-09-02,0
PO-2022-2914,VS02,2022-02-10,21,2022-03-13,13
PO-2022-2915,VS23,2023-12-21,45,2024-02-02,1
PO-2022-2916,VS02,2023-10-17,21,2023-11-04,0
PO-2022-2917,VS26,2022-02-18,21,2022-03-08,0
PO-2022-2918,VS28,2022-06-08,15,2022-07-11,21
PO-2022-2919,VS34,2021-05-15,21,2021-06-21,19
PO-2022-2920,VS03,2021-02-11,21,2021-02-25,0
PO-2022-2921,VS20,2021-07-28,21,2021-08-29,14
PO-2022-2922,VS04,2021-08-30,21,2021-10-03,16
PO-2022-2923,VS03,2022-06-04,21,2022-07-11,19
PO-2022-2924,VS18,2021-05-23,30,2021-06-17,0
PO-2022-2925,VS21,2021-05-18,15,2021-06-01,2
PO-2022-2926,VS20,2021-03-22,21,2021-04-09,0
PO-2022-2927,VS32,2023-12-23,45,2024-01-29,0
PO-2022-2928,VS08,2023-06-22,21,2023-07-25,15
PO-2022-2929,VS27,2021-08-01,21,2021-08-29,10
PO-2022-2930,VS04,2022-08-14,21,2022-09-01,0
PO-2022-2931,VS21,2021-12-26,15,2022-01-17,10
PO-2022-2932,VS08,2022-08-19,21,2022-09-27,21
PO-2022-2933,VS28,2021-12-08,15,2021-12-15,0
PO-2022-2934,VS11,2023-08-05,30,2023-08-30,0
PO-2022-2935,VS17,2021-03-01,45,2021-04-09,0
PO-2022-2936,VS16,2021-06-24,15,2021-07-06,0
PO-2022-2937,VS33,2023-11-20,45,2024-01-15,14
PO-2022-2938,VS02,2023-07-03,21,2023-08-15,25
PO-2022-2939,VS02,2023-11-10,21,2023-12-22,24
PO-2022-2940,VS09,2022-09-18,30,2022-10-12,0
PO-2022-2941,VS33,2023-12-08,45,2024-01-19,0
PO-2022-2942,VS29,2023-02-08,30,2023-03-05,0
PO-2022-2943,VS03,2022-06-19,21,2022-07-18,11
PO-2022-2944,VS13,2022-01-07,30,2022-02-19,16
PO-2022-2945,VS06,2021-07-10,30,2021-08-06,0
PO-2022-2946,VS11,2022-07-11,30,2022-08-10,3
PO-2022-2947,VS31,2023-03-18,45,2023-04-29,0
PO-2022-2948,VS17,2021-09-02,45,2021-10-14,0
PO-2022-2949,VS03,2023-05-28,21,2023-06-24,9
PO-2022-2950,VS19,2023-09-29,30,2023-11-08,13
PO-2022-2951,VS07,2022-12-30,15,2023-01-08,0
PO-2022-2952,VS12,2023-03-30,15,2023-05-02,21
PO-2022-2953,VS25,2022-08-06,30,2022-09-03,1
PO-2022-2954,VS02,2023-06-02,21,2023-06-20,0
PO-2022-2955,VS01,2023-07-02,15,2023-07-27,13
PO-2022-2956,VS23,2021-11-27,45,2022-01-19,11
PO-2022-2957,VS01,2021-09-17,15,2021-09-27,0
PO-2022-2958,VS18,2022-04-03,30,2022-05-06,6
PO-2022-2959,VS28,2021-03-29,15,2021-04-06,0
PO-2022-2960,VS29,2023-12-19,30,2024-02-07,23
PO-2022-2961,VS20,2021-07-05,21,2021-07-19,0
PO-2022-2962,VS23,2022-05-27,45,2022-07-12,4
PO-2022-2963,VS07,2023-04-18,15,2023-05-19,19
PO-2022-2964,VS12,2022-12-04,15,2022-12-16,0
PO-2022-2965,VS07,2023-11-16,15,2023-11-24,0
PO-2022-2966,VS24,2021-12-09,45,2022-01-20,0
PO-2022-2967,VS07,2021-09-16,15,2021-09-30,2
PO-2022-2968,VS18,2022-08-19,30,2022-09-15,0
PO-2022-2969,VS31,2023-08-24,45,2023-10-05,0
PO-2022-2970,VS01,2021-03-30,15,2021-04-17,6
PO-2022-2971,VS06,2022-07-14,30,2022-08-10,0
PO-2022-2972,VS21,2022-04-12,15,2022-04-19,0
PO-2022-2973,VS16,2023-05-18,15,2023-05-30,0
PO-2022-2974,VS25,2023-11-07,30,2023-12-23,19
PO-2022-2975,VS17,2022-12-01,45,2023-01-22,10
PO-2022-2976,VS12,2021-10-07,15,2021-10-21,2
PO-2022-2977,VS25,2022-05-23,30,2022-07-13,24
PO-2022-2978,VS04,2023-05-19,21,2023-06-21,15
PO-2022-2979,VS14,2023-03-23,30,2023-04-19,0
PO-2022-2980,VS07,2021-09-18,15,2021-09-30,0
PO-2022-2981,VS25,2021-04-28,30,2021-06-09,15
PO-2022-2982,VS09,2022-09-12,30,2022-10-06,0
PO-2022-2983,VS19,2021-04-10,30,2021-05-19,12
PO-2022-2984,VS28,2023-06-13,15,2023-06-25,0
PO-2022-2985,VS11,2022-06-24,30,2022-08-01,11
PO-2022-2986,VS24,2023-05-21,45,2023-07-02,0
PO-2022-2987,VS20,2023-07-15,21,2023-08-24,22
PO-2022-2988,VS28,2021-03-04,15,2021-03-16,0
PO-2022-2989,VS25,2023-04-12,30,2023-05-09,0
PO-2022-2990,VS19,2022-11-24,30,2022-12-21,0
PO-2022-2991,VS15,2022-12-15,45,2023-02-07,12
PO-2022-2992,VS12,2021-11-28,15,2021-12-10,0
PO-2022-2993,VS28,2023-07-18,15,2023-08-21,22
PO-2022-2994,VS21,2021-10-06,15,2021-10-17,0
PO-2022-2995,VS07,2022-08-02,15,2022-08-12,0
PO-2022-2996,VS34,2022-06-02,21,2022-06-20,0
PO-2022-2997,VS07,2021-02-03,15,2021-02-26,11
PO-2022-2998,VS09,2023-10-13,30,2023-11-27,18
PO-2022-2999,VS29,2023-01-07,30,2023-02-28,25
PO-2022-3000,VS17,2023-04-20,45,2023-05-29,0
PO-2022-3001,VS11,2021-08-19,30,2021-09-15,0
PO-2022-3002,VS22,2023-09-11,21,2023-10-01,2
PO-2022-3003,VS04,2023-03-05,21,2023-03-29,6
PO-2022-3004,VS24,2021-12-15,45,2022-01-26,0
PO-2022-3005,VS15,2021-09-13,45,2021-11-10,16
PO-2022-3006,VS04,2022-07-07,21,2022-07-25,0
PO-2022-3007,VS19,2023-01-26,30,2023-02-22,0
PO-2022-3008,VS08,2021-06-10,21,2021-06-28,0
PO-2022-3009,VS19,2023-07-09,30,2023-08-04,0
PO-2022-3010,VS29,2021-06-26,30,2021-07-28,5
PO-2022-3011,VS19,2022-05-16,30,2022-06-12,0
PO-2022-3012,VS11,2023-02-20,30,2023-03-26,7
PO-2022-3013,VS05,2021-05-08,15,2021-06-10,21
PO-2022-3014,VS13,2022-11-08,30,2022-12-21,16
PO-2022-3015,VS33,2022-10-31,45,2022-12-12,0
PO-2022-3016,VS20,2022-04-19,21,2022-05-27,20
PO-2022-3017,VS33,2021-08-04,45,2021-09-15,0
PO-2022-3018,VS19,2023-11-04,30,2023-12-05,4
PO-2022-3019,VS18,2021-12-22,30,2022-02-10,23
PO-2022-3020,VS17,2022-06-23,45,2022-08-25,21
PO-2022-3021,VS05,2023-01-14,15,2023-01-26,0
PO-2022-3022,VS01,2021-08-11,15,2021-08-25,2
PO-2022-3023,VS33,2023-07-27,45,2023-09-25,18
PO-2022-3024,VS28,2023-03-05,15,2023-04-09,23
PO-2022-3025,VS20,2021-05-08,21,2021-05-26,0
PO-2022-3026,VS18,2021-08-06,30,2021-09-03,1
PO-2022-3027,VS06,2021-03-19,30,2021-04-18,3
PO-2022-3028,VS18,2021-12-28,30,2022-02-02,9
PO-2022-3029,VS29,2022-04-12,30,2022-05-27,18
PO-2022-3030,VS10,2021-08-03,30,2021-08-30,0
PO-2022-3031,VS26,2021-03-06,21,2021-04-10,17
PO-2022-3032,VS33,2023-11-28,45,2024-01-06,0
PO-2022-3033,VS10,2021-12-13,30,2022-01-24,15
PO-2022-3034,VS12,2022-04-20,15,2022-04-27,0
PO-2022-3035,VS28,2023-08-06,15,2023-08-18,0
PO-2022-3036,VS25,2023-09-15,30,2023-10-31,19
PO-2022-3037,VS24,2022-01-26,45,2022-03-09,0
PO-2022-3038,VS19,2022-04-30,30,2022-05-31,4
PO-2022-3039,VS04,2023-11-15,21,2023-12-03,0
PO-2022-3040,VS13,2021-10-14,30,2021-11-16,6
PO-2022-3041,VS07,2022-10-13,15,2022-11-02,8
PO-2022-3042,VS26,2023-07-29,21,2023-08-16,0
PO-2022-3043,VS25,2022-11-09,30,2022-12-12,6
PO-2022-3044,VS28,2021-04-08,15,2021-04-20,0
PO-2022-3045,VS06,2022-07-08,30,2022-07-31,0
PO-2022-3046,VS06,2022-09-08,30,2022-10-07,2
PO-2022-3047,VS01,2022-08-04,15,2022-08-30,14
PO-2022-3048,VS31,2022-07-08,45,2022-09-13,25
PO-2022-3049,VS28,2022-02-06,15,2022-02-25,7
PO-2022-3050,VS26,2023-02-16,21,2023-03-06,0
PO-2022-3051,VS15,2023-12-21,45,2024-02-05,4
PO-2022-3052,VS31,2021-09-03,45,2021-11-04,20
PO-2022-3053,VS24,2021-06-01,45,2021-07-23,10
PO-2022-3054,VS30,2023-01-17,45,2023-03-02,2
PO-2022-3055,VS09,2022-05-03,30,2022-05-30,0
PO-2022-3056,VS30,2023-01-08,45,2023-02-17,0
PO-2022-3057,VS01,2023-02-21,15,2023-03-27,22
PO-2022-3058,VS09,2023-01-28,30,2023-03-19,23
PO-2022-3059,VS08,2022-10-09,21,2022-11-10,14
PO-2022-3060,VS32,2021-10-13,45,2021-12-18,24
PO-2022-3061,VS10,2021-07-20,30,2021-08-16,0
PO-2022-3062,VS28,2021-10-13,15,2021-11-09,15
PO-2022-3063,VS33,2022-11-19,45,2023-01-16,16
PO-2022-3064,VS18,2023-01-24,30,2023-03-12,20
PO-2022-3065,VS24,2022-08-28,45,2022-10-09,0
PO-2022-3066,VS09,2023-11-05,30,2023-12-02,0
PO-2022-3067,VS01,2023-10-18,15,2023-11-15,16
PO-2022-3068,VS15,2023-04-01,45,2023-05-14,1
PO-2022-3069,VS14,2021-12-21,30,2022-01-26,9
PO-2022-3070,VS11,2023-10-31,30,2023-12-17,20
PO-2022-3071,VS01,2022-07-31,15,2022-08-12,0
PO-2022-3072,VS11,2022-01-13,30,2022-03-02,21
PO-2022-3073,VS05,2023-05-13,15,2023-06-05,11
PO-2022-3074,VS01,2023-02-07,15,2023-02-21,2
PO-2022-3075,VS06,2021-05-04,30,2021-06-17,17
PO-2022-3076,VS30,2022-01-03,45,2022-03-09,23
PO-2022-3077,VS28,2022-01-19,15,2022-02-11,11
PO-2022-3078,VS29,2022-04-14,30,2022-06-05,25
PO-2022-3079,VS30,2021-03-12,45,2021-04-23,0
PO-2022-3080,VS01,2021-02-03,15,2021-02-15,0
PO-2022-3081,VS33,2021-06-30,45,2021-08-11,0
PO-2022-3082,VS10,2022-04-13,30,2022-05-16,6
PO-2022-3083,VS27,2022-03-16,21,2022-04-12,9
PO-2022-3084,VS27,2021-08-28,21,2021-10-04,19
PO-2022-3085,VS31,2021-10-20,45,2021-12-11,10
PO-2022-3086,VS05,2022-03-16,15,2022-03-28,0
PO-2022-3087,VS15,2023-04-09,45,2023-05-25,4
PO-2022-3088,VS29,2023-01-11,30,2023-02-22,15
PO-2022-3089,VS10,2022-11-25,30,2022-12-18,0
PO-2022-3090,VS03,2023-06-14,21,2023-07-24,22
PO-2022-3091,VS20,2022-06-02,21,2022-06-27,7
PO-2022-3092,VS15,2022-10-17,45,2022-12-18,20
PO-2022-3093,VS26,2022-09-06,21,2022-10-01,7
PO-2022-3094,VS29,2023-07-05,30,2023-08-14,13
PO-2022-3095,VS23,2022-11-22,45,2023-01-26,23
PO-2022-3096,VS01,2022-01-13,15,2022-01-30,5
PO-2022-3097,VS07,2022-10-30,15,2022-11-11,0
PO-2022-3098,VS07,2021-03-01,15,2021-04-06,24
PO-2022-3099,VS33,2023-08-09,45,2023-10-12,22
PO-2022-3100,VS22,2021-10-22,21,2021-11-17,8
PO-2022-3101,VS12,2021-04-24,15,2021-05-16,10
PO-2022-3102,VS15,2023-02-02,45,2023-04-04,19
PO-2022-3103,VS12,2021-06-23,15,2021-07-01,0
PO-2022-3104,VS21,2023-06-19,15,2023-06-29,0
PO-2022-3105,VS04,2023-05-09,21,2023-05-22,0
PO-2022-3106,VS23,2022-01-13,45,2022-03-03,7
PO-2022-3107,VS29,2021-03-10,30,2021-04-17,11
PO-2022-3108,VS13,2023-06-30,30,2023-08-20,24
PO-2022-3109,VS02,2023-01-23,21,2023-02-13,3
PO-2022-3110,VS26,2021-01-23,21,2021-02-08,0
PO-2022-3111,VS14,2021-01-28,30,2021-03-19,23
PO-2022-3112,VS28,2022-03-19,15,2022-04-02,2
PO-2022-3113,VS05,2022-08-09,15,2022-09-12,22
PO-2022-3114,VS22,2022-04-02,21,2022-04-20,0
PO-2022-3115,VS24,2022-05-17,45,2022-06-28,0
PO-2022-3116,VS04,2021-03-13,21,2021-04-15,15
PO-2022-3117,VS02,2021-01-30,21,2021-03-02,13
PO-2022-3118,VS05,2021-05-04,15,2021-05-15,0
PO-2022-3119,VS16,2021-04-04,15,2021-04-16,0
PO-2022-3120,VS13,2022-03-26,30,2022-04-22,0
PO-2022-3121,VS02,2022-04-09,21,2022-04-22,0
PO-2022-3122,VS22,2021-11-21,21,2021-12-27,18
PO-2022-3123,VS05,2021-01-26,15,2021-02-07,0
PO-2022-3124,VS26,2021-09-27,21,2021-11-09,25
PO-2022-3125,VS04,2022-01-15,21,2022-02-24,22
PO-2022-3126,VS15,2021-11-06,45,2021-12-25,7
PO-2022-3127,VS03,2021-02-04,21,2021-02-22,0
PO-2022-3128,VS23,2021-04-09,45,2021-05-21,0
PO-2022-3129,VS33,2023-05-01,45,2023-07-04,22
PO-2022-3130,VS25,2021-07-04,30,2021-08-09,9
PO-2022-3131,VS19,2021-01-17,30,2021-02-13,0
PO-2022-3132,VS29,2022-11-19,30,2022-12-16,0
PO-2022-3133,VS28,2021-12-20,15,2022-01-01,0
PO-2022-3134,VS12,2023-05-12,15,2023-05-26,2
PO-2022-3135,VS34,2022-12-29,21,2023-01-18,2
PO-2022-3136,VS09,2021-02-23,30,2021-03-17,0
PO-2022-3137,VS11,2022-12-10,30,2023-01-06,0
PO-2022-3138,VS28,2022-01-26,15,2022-02-15,8
PO-2022-3139,VS05,2021-12-20,15,2022-01-01,0
PO-2022-3140,VS32,2023-12-09,45,2024-02-03,14
PO-2022-3141,VS08,2021-08-09,21,2021-08-27,0
PO-2022-3142,VS21,2021-06-20,15,2021-07-23,21
PO-2022-3143,VS25,2021-07-15,30,2021-08-15,4
PO-2022-3144,VS16,2022-11-30,15,2022-12-12,0
PO-2022-3145,VS05,2022-03-22,15,2022-04-03,0
PO-2022-3146,VS31,2023-11-11,45,2023-12-28,5
PO-2022-3147,VS07,2021-04-23,15,2021-04-30,0
PO-2022-3148,VS01,2021-12-02,15,2022-01-02,19
PO-2022-3149,VS15,2021-09-22,45,2021-11-02,0
PO-2022-3150,VS18,2021-07-04,30,2021-08-19,19
PO-2022-3151,VS34,2021-09-30,21,2021-10-29,11
PO-2022-3152,VS01,2022-02-09,15,2022-02-24,3
PO-2022-3153,VS14,2021-03-18,30,2021-04-14,0
PO-2022-3154,VS09,2022-03-28,30,2022-05-03,9
PO-2022-3155,VS16,2021-08-03,15,2021-08-15,0
PO-2022-3156,VS33,2021-09-28,45,2021-11-09,0
PO-2022-3157,VS26,2022-06-07,21,2022-06-25,0
PO-2022-3158,VS15,2022-12-10,45,2023-01-21,0
PO-2022-3159,VS15,2021-07-19,45,2021-08-25,0
PO-2022-3160,VS06,2021-12-01,30,2021-12-26,0
PO-2022-3161,VS31,2021-06-04,45,2021-07-24,8
PO-2022-3162,VS14,2023-12-27,30,2024-02-05,13
PO-2022-3163,VS05,2022-07-23,15,2022-08-04,0
PO-2022-3164,VS08,2022-02-23,21,2022-04-02,20
PO-2022-3165,VS24,2023-04-15,45,2023-06-06,10
PO-2022-3166,VS25,2021-03-28,30,2021-04-24,0
PO-2022-3167,VS26,2023-11-18,21,2023-12-14,8
PO-2022-3168,VS20,2022-06-09,21,2022-07-17,20
PO-2022-3169,VS13,2022-09-23,30,2022-10-20,0
PO-2022-3170,VS11,2023-02-14,30,2023-03-13,0
PO-2022-3171,VS28,2021-10-06,15,2021-10-26,8
PO-2022-3172,VS27,2022-03-23,21,2022-04-07,0
PO-2022-3173,VS18,2022-10-22,30,2022-11-18,0
PO-2022-3174,VS32,2021-03-25,45,2021-05-21,15
PO-2022-3175,VS20,2022-05-10,21,2022-06-12,15
PO-2022-3176,VS15,2022-06-27,45,2022-08-18,10
PO-2022-3177,VS30,2022-08-03,45,2022-09-14,0
PO-2022-3178,VS16,2023-12-28,15,2024-01-09,0
PO-2022-3179,VS05,2022-05-12,15,2022-05-20,0
PO-2022-3180,VS32,2023-12-23,45,2024-02-03,0
PO-2022-3181,VS30,2023-01-31,45,2023-03-14,0
PO-2022-3182,VS22,2023-10-23,21,2023-11-26,16
PO-2022-3183,VS22,2022-07-07,21,2022-08-01,7
PO-2022-3184,VS18,2023-08-29,30,2023-10-17,22
PO-2022-3185,VS25,2023-10-30,30,2023-11-26,0
PO-2022-3186,VS12,2021-06-14,15,2021-06-26,0
PO-2022-3187,VS22,2021-01-20,21,2021-02-07,0
PO-2022-3188,VS10,2023-04-01,30,2023-05-03,5
PO-2022-3189,VS20,2023-03-28,21,2023-05-05,20
PO-2022-3190,VS30,2021-01-31,45,2021-03-09,0
PO-2022-3191,VS18,2021-09-04,30,2021-10-22,21
PO-2022-3192,VS17,2021-04-21,45,2021-06-02,0
PO-2022-3193,VS08,2023-05-04,21,2023-05-22,0
PO-2022-3194,VS29,2021-04-28,30,2021-05-25,0
PO-2022-3195,VS02,2021-08-05,21,2021-08-23,0
PO-2022-3196,VS34,2023-10-16,21,2023-11-03,0
PO-2022-3197,VS24,2021-06-15,45,2021-08-08,12
PO-2022-3198,VS21,2022-08-02,15,2022-09-05,22
PO-2022-3199,VS12,2022-07-30,15,2022-08-25,14
PO-2023-3200,VS18,2022-06-19,30,2022-07-16,0
PO-2023-3201,VS02,2021-12-05,21,2021-12-23,0
PO-2023-3202,VS15,2021-11-02,45,2021-12-12,0
PO-2023-3203,VS21,2023-04-03,15,2023-05-06,21
PO-2023-3204,VS04,2022-07-28,21,2022-08-15,0
PO-2023-3205,VS29,2021-11-12,30,2021-12-21,12
PO-2023-3206,VS34,2022-11-01,21,2022-12-07,18
PO-2023-3207,VS09,2022-01-03,30,2022-01-31,1
PO-2023-3208,VS08,2022-02-07,21,2022-03-15,18
PO-2023-3209,VS14,2021-09-13,30,2021-10-05,0
PO-2023-3210,VS11,2023-10-13,30,2023-12-03,24
PO-2023-3211,VS23,2022-12-13,45,2023-02-07,14
PO-2023-3212,VS12,2021-02-27,15,2021-03-21,10
PO-2023-3213,VS23,2023-02-07,45,2023-03-17,0
PO-2023-3214,VS15,2023-06-29,45,2023-08-08,0
PO-2023-3215,VS19,2021-01-06,30,2021-02-02,0
PO-2023-3216,VS23,2022-04-03,45,2022-05-12,0
PO-2023-3217,VS23,2023-11-08,45,2024-01-14,25
PO-2023-3218,VS03,2023-08-02,21,2023-08-28,8
PO-2023-3219,VS33,2021-09-08,45,2021-10-20,0
PO-2023-3220,VS01,2021-07-25,15,2021-08-06,0
PO-2023-3221,VS12,2022-04-04,15,2022-04-16,0
PO-2023-3222,VS17,2023-06-13,45,2023-07-25,0
PO-2023-3223,VS21,2022-02-18,15,2022-03-02,0
PO-2023-3224,VS10,2022-03-23,30,2022-05-08,19
PO-2023-3225,VS07,2021-02-07,15,2021-02-19,0
PO-2023-3226,VS12,2021-11-15,15,2021-12-10,13
PO-2023-3227,VS12,2023-02-15,15,2023-03-10,11
PO-2023-3228,VS31,2022-05-15,45,2022-06-24,0
PO-2023-3229,VS18,2021-04-27,30,2021-05-23,0
PO-2023-3230,VS01,2022-05-02,15,2022-05-14,0
PO-2023-3231,VS08,2022-09-20,21,2022-10-18,10
PO-2023-3232,VS15,2021-05-30,45,2021-07-11,0
PO-2023-3233,VS26,2022-08-14,21,2022-09-22,21
PO-2023-3234,VS25,2023-01-22,30,2023-03-12,22
PO-2023-3235,VS24,2021-04-06,45,2021-06-08,21
PO-2023-3236,VS24,2021-05-21,45,2021-07-07,5
PO-2023-3237,VS22,2021-06-11,21,2021-06-29,0
PO-2023-3238,VS25,2021-07-10,30,2021-08-30,24
PO-2023-3239,VS12,2023-01-06,15,2023-02-10,23
PO-2023-3240,VS17,2021-02-10,45,2021-04-15,22
PO-2023-3241,VS32,2021-05-29,45,2021-08-04,25
PO-2023-3242,VS05,2022-09-25,15,2022-10-31,24
PO-2023-3243,VS30,2023-04-10,45,2023-06-11,20
PO-2023-3244,VS31,2023-12-11,45,2024-01-22,0
PO-2023-3245,VS06,2022-04-22,30,2022-05-24,5
PO-2023-3246,VS30,2021-03-02,45,2021-05-08,25
PO-2023-3247,VS27,2023-09-04,21,2023-10-13,21
PO-2023-3248,VS13,2022-09-28,30,2022-10-20,0
PO-2023-3249,VS20,2022-11-08,21,2022-11-26,0
PO-2023-3250,VS12,2022-11-20,15,2022-12-02,0
PO-2023-3251,VS23,2021-05-25,45,2021-07-21,15
PO-2023-3252,VS19,2022-07-15,30,2022-08-19,8
PO-2023-3253,VS01,2021-04-16,15,2021-04-28,0
PO-2023-3254,VS20,2022-09-23,21,2022-10-11,0
PO-2023-3255,VS29,2022-09-05,30,2022-10-02,0
PO-2023-3256,VS13,2023-05-13,30,2023-06-24,15
PO-2023-3257,VS22,2022-06-14,21,2022-07-13,11
PO-2023-3258,VS31,2022-03-31,45,2022-06-06,25
PO-2023-3259,VS12,2023-05-27,15,2023-06-08,0
PO-2023-3260,VS09,2023-01-07,30,2023-02-04,1
PO-2023-3261,VS30,2023-02-02,45,2023-03-16,0
PO-2023-3262,VS11,2023-12-23,30,2024-01-19,0
PO-2023-3263,VS06,2022-04-29,30,2022-06-12,17
PO-2023-3264,VS26,2022-11-21,21,2022-12-09,0
PO-2023-3265,VS20,2022-05-26,21,2022-06-12,0
PO-2023-3266,VS20,2022-04-02,21,2022-04-20,0
PO-2023-3267,VS26,2021-09-09,21,2021-09-27,0
PO-2023-3268,VS18,2022-06-17,30,2022-07-23,9
PO-2023-3269,VS17,2023-04-23,45,2023-06-22,18
PO-2023-3270,VS10,2021-12-20,30,2022-01-25,9
PO-2023-3271,VS31,2021-09-23,45,2021-11-04,0
PO-2023-3272,VS18,2023-12-09,30,2024-01-05,0
PO-2023-3273,VS09,2023-07-05,30,2023-08-01,0
PO-2023-3274,VS31,2021-04-02,45,2021-05-26,12
PO-2023-3275,VS19,2022-02-02,30,2022-03-01,0
PO-2023-3276,VS09,2021-10-01,30,2021-11-11,14
PO-2023-3277,VS20,2023-06-09,21,2023-06-27,0
PO-2023-3278,VS04,2022-04-06,21,2022-05-17,23
PO-2023-3279,VS09,2021-08-10,30,2021-09-06,0
PO-2023-3280,VS23,2023-03-20,45,2023-04-27,0
PO-2023-3281,VS31,2022-11-25,45,2023-01-30,24
PO-2023-3282,VS14,2021-06-14,30,2021-07-18,7
PO-2023-3283,VS17,2022-01-26,45,2022-03-28,19
PO-2023-3284,VS24,2022-04-05,45,2022-05-17,0
PO-2023-3285,VS27,2022-01-29,21,2022-02-12,0
PO-2023-3286,VS13,2022-05-28,30,2022-07-19,25
PO-2023-3287,VS07,2022-03-05,15,2022-03-31,14
PO-2023-3288,VS33,2023-05-05,45,2023-07-11,25
PO-2023-3289,VS21,2021-03-11,15,2021-04-14,22
PO-2023-3290,VS10,2021-04-16,30,2021-05-10,0
PO-2023-3291,VS05,2022-08-12,15,2022-09-08,15
PO-2023-3292,VS21,2022-03-05,15,2022-03-17,0
PO-2023-3293,VS04,2023-01-24,21,2023-02-21,10
PO-2023-3294,VS26,2023-05-18,21,2023-06-05,0
PO-2023-3295,VS13,2021-11-26,30,2022-01-13,21
PO-2023-3296,VS01,2022-04-27,15,2022-05-14,5
PO-2023-3297,VS14,2021-08-12,30,2021-09-29,21
PO-2023-3298,VS17,2022-02-12,45,2022-04-10,15
PO-2023-3299,VS28,2021-09-12,15,2021-09-27,3
PO-2023-3300,VS10,2023-05-28,30,2023-07-18,24
PO-2023-3301,VS04,2022-05-29,21,2022-06-25,9
PO-2023-3302,VS12,2021-06-13,15,2021-07-20,25
PO-2023-3303,VS11,2023-09-29,30,2023-10-26,0
PO-2023-3304,VS03,2021-09-30,21,2021-11-10,23
PO-2023-3305,VS06,2021-02-06,30,2021-03-03,0
PO-2023-3306,VS19,2021-10-02,30,2021-11-01,3
PO-2023-3307,VS17,2023-05-01,45,2023-06-12,0
PO-2023-3308,VS32,2023-09-06,45,2023-10-31,13
PO-2023-3309,VS17,2022-01-13,45,2022-02-24,0
PO-2023-3310,VS10,2023-06-25,30,2023-08-02,11
PO-2023-3311,VS10,2022-01-07,30,2022-02-12,9
PO-2023-3312,VS25,2022-12-07,30,2023-01-02,0
PO-2023-3313,VS10,2023-11-08,30,2023-12-24,19
PO-2023-3314,VS12,2021-06-09,15,2021-06-21,0
PO-2023-3315,VS34,2021-09-05,21,2021-09-30,7
PO-2023-3316,VS27,2022-12-14,21,2023-01-06,5
PO-2023-3317,VS04,2023-07-23,21,2023-08-10,0
PO-2023-3318,VS10,2022-04-10,30,2022-05-22,15
PO-2023-3319,VS23,2022-06-03,45,2022-07-15,0
PO-2023-3320,VS32,2021-08-16,45,2021-10-01,4
PO-2023-3321,VS17,2023-03-09,45,2023-05-09,19
PO-2023-3322,VS24,2021-02-16,45,2021-04-07,8
PO-2023-3323,VS21,2023-02-14,15,2023-03-03,5
PO-2023-3324,VS01,2022-02-07,15,2022-03-06,15
PO-2023-3325,VS20,2022-08-29,21,2022-09-16,0
PO-2023-3326,VS34,2023-10-29,21,2023-11-11,0
PO-2023-3327,VS18,2021-01-28,30,2021-02-23,0
PO-2023-3328,VS33,2023-02-16,45,2023-04-21,22
PO-2023-3329,VS29,2022-01-27,30,2022-03-02,7
PO-2023-3330,VS28,2023-03-28,15,2023-04-28,19
PO-2023-3331,VS27,2022-10-14,21,2022-11-26,25
PO-2023-3332,VS21,2023-09-02,15,2023-09-20,6
PO-2023-3333,VS27,2021-02-08,21,2021-02-27,1
PO-2023-3334,VS09,2021-10-21,30,2021-11-29,12
PO-2023-3335,VS19,2021-11-09,30,2021-12-06,0
PO-2023-3336,VS14,2023-04-24,30,2023-05-20,0
PO-2023-3337,VS15,2023-04-07,45,2023-05-23,4
PO-2023-3338,VS27,2021-11-15,21,2021-12-08,5
PO-2023-3339,VS03,2022-01-07,21,2022-01-26,1
PO-2023-3340,VS02,2023-11-23,21,2023-12-19,8
PO-2023-3341,VS15,2021-08-11,45,2021-09-22,0
PO-2023-3342,VS15,2024-01-03,45,2024-03-04,19
PO-2023-3343,VS07,2021-11-10,15,2021-12-06,14
PO-2023-3344,VS08,2023-11-17,21,2023-12-24,19
PO-2023-3345,VS32,2023-05-08,45,2023-06-25,6
PO-2023-3346,VS34,2021-08-16,21,2021-09-19,16
PO-2023-3347,VS20,2022-09-29,21,2022-10-31,14
PO-2023-3348,VS12,2023-03-10,15,2023-03-21,0
PO-2023-3349,VS31,2023-12-14,45,2024-02-14,20
PO-2023-3350,VS26,2023-03-09,21,2023-04-17,21
PO-2023-3351,VS28,2021-09-04,15,2021-09-28,12
PO-2023-3352,VS28,2021-10-19,15,2021-10-31,0
PO-2023-3353,VS05,2022-09-21,15,2022-10-03,0
PO-2023-3354,VS08,2022-03-24,21,2022-04-20,9
PO-2023-3355,VS06,2021-08-21,30,2021-09-14,0
PO-2023-3356,VS18,2023-04-16,30,2023-05-10,0
PO-2023-3357,VS08,2022-02-15,21,2022-03-21,16
PO-2023-3358,VS27,2023-05-18,21,2023-05-31,0
PO-2023-3359,VS04,2021-01-08,21,2021-01-26,0
PO-2023-3360,VS13,2022-11-24,30,2022-12-18,0
PO-2023-3361,VS03,2022-10-24,21,2022-11-11,0
PO-2023-3362,VS01,2022-04-30,15,2022-05-12,0
PO-2023-3363,VS04,2021-12-20,21,2022-01-18,11
PO-2023-3364,VS30,2021-12-05,45,2022-01-16,0
PO-2023-3365,VS33,2022-03-03,45,2022-04-13,0
PO-2023-3366,VS31,2022-03-19,45,2022-04-30,0
PO-2023-3367,VS26,2021-08-25,21,2021-09-26,14
PO-2023-3368,VS07,2022-09-20,15,2022-10-02,0
PO-2023-3369,VS11,2023-11-05,30,2023-11-30,0
PO-2023-3370,VS33,2021-07-26,45,2021-09-15,9
PO-2023-3371,VS34,2021-05-13,21,2021-06-24,24
PO-2023-3372,VS26,2021-02-13,21,2021-02-27,0
PO-2023-3373,VS24,2023-05-19,45,2023-06-27,0
PO-2023-3374,VS07,2023-12-10,15,2024-01-14,23
PO-2023-3375,VS29,2023-08-18,30,2023-10-07,23
PO-2023-3376,VS23,2021-08-18,45,2021-09-24,0
PO-2023-3377,VS23,2022-09-08,45,2022-10-29,9
PO-2023-3378,VS26,2021-11-08,21,2021-12-10,14
PO-2023-3379,VS25,2024-01-02,30,2024-02-17,19
PO-2023-3380,VS21,2021-10-14,15,2021-10-26,0
PO-2023-3381,VS22,2021-12-02,21,2021-12-26,6
PO-2023-3382,VS29,2021-01-22,30,2021-02-18,0
PO-2023-3383,VS29,2021-02-19,30,2021-04-01,14
PO-2023-3384,VS28,2023-04-27,15,2023-05-06,0
PO-2023-3385,VS32,2023-03-26,45,2023-05-07,0
PO-2023-3386,VS20,2023-07-29,21,2023-09-07,22
PO-2023-3387,VS26,2022-08-09,21,2022-08-27,0
PO-2023-3388,VS20,2023-11-02,21,2023-11-20,0
PO-2023-3389,VS22,2023-12-02,21,2023-12-20,0
PO-2023-3390,VS07,2024-01-01,15,2024-01-15,2
PO-2023-3391,VS19,2022-07-01,30,2022-07-28,0
PO-2023-3392,VS26,2023-11-24,21,2023-12-12,0
PO-2023-3393,VS26,2021-12-05,21,2021-12-30,7
PO-2023-3394,VS04,2022-08-20,21,2022-09-06,0
PO-2023-3395,VS23,2022-06-05,45,2022-07-25,8
PO-2023-3396,VS03,2022-01-28,21,2022-02-27,12
PO-2023-3397,VS31,2022-05-04,45,2022-06-15,0
PO-2023-3398,VS27,2022-12-16,21,2023-01-03,0
PO-2023-3399,VS01,2023-02-01,15,2023-02-14,1
PO-2023-3400,VS26,2023-03-14,21,2023-04-23,22
PO-2023-3401,VS14,2023-01-02,30,2023-02-07,9
PO-2023-3402,VS07,2022-08-26,15,2022-09-09,2
PO-2023-3403,VS28,2022-08-29,15,2022-09-08,0
PO-2023-3404,VS08,2021-02-12,21,2021-03-02,0
PO-2023-3405,VS02,2021-03-16,21,2021-04-03,0
PO-2023-3406,VS04,2021-09-12,21,2021-10-09,9
PO-2023-3407,VS03,2021-09-30,21,2021-11-09,22
PO-2023-3408,VS24,2023-04-04,45,2023-06-07,22
PO-2023-3409,VS08,2021-09-19,21,2021-10-29,22
PO-2023-3410,VS09,2023-09-09,30,2023-10-03,0
PO-2023-3411,VS08,2022-01-09,21,2022-01-27,0
PO-2023-3412,VS29,2022-08-30,30,2022-09-26,0
PO-2023-3413,VS19,2022-09-17,30,2022-10-14,0
PO-2023-3414,VS11,2022-11-03,30,2022-12-23,23
PO-2023-3415,VS21,2022-04-10,15,2022-04-22,0
PO-2023-3416,VS22,2022-08-15,21,2022-08-28,0
PO-2023-3417,VS01,2021-04-29,15,2021-05-27,16
PO-2023-3418,VS31,2021-05-23,45,2021-07-07,3
PO-2023-3419,VS32,2023-08-10,45,2023-10-14,23
PO-2023-3420,VS23,2022-05-23,45,2022-07-04,0
PO-2023-3421,VS11,2022-10-31,30,2022-12-08,11
PO-2023-3422,VS09,2022-12-14,30,2023-01-31,21
PO-2023-3423,VS32,2022-11-06,45,2022-12-29,11
PO-2023-3424,VS04,2022-11-23,21,2022-12-08,0
PO-2023-3425,VS17,2021-07-12,45,2021-08-27,4
PO-2023-3426,VS14,2023-01-23,30,2023-02-18,0
PO-2023-3427,VS08,2022-09-01,21,2022-10-07,18
PO-2023-3428,VS13,2023-08-02,30,2023-09-03,5
PO-2023-3429,VS22,2021-03-20,21,2021-04-29,22
PO-2023-3430,VS08,2022-02-07,21,2022-02-25,0
PO-2023-3431,VS13,2021-05-24,30,2021-07-06,16
PO-2023-3432,VS28,2022-01-12,15,2022-01-26,2
PO-2023-3433,VS23,2021-05-23,45,2021-07-17,13
PO-2023-3434,VS28,2022-08-11,15,2022-08-23,0
PO-2023-3435,VS29,2021-09-11,30,2021-10-07,0
PO-2023-3436,VS15,2022-11-05,45,2023-01-11,25
PO-2023-3437,VS33,2021-07-30,45,2021-09-30,20
PO-2023-3438,VS18,2022-08-26,30,2022-10-07,15
PO-2023-3439,VS11,2023-02-18,30,2023-04-07,21
PO-2023-3440,VS14,2022-04-08,30,2022-05-29,24
PO-2023-3441,VS28,2023-02-13,15,2023-03-22,25
PO-2023-3442,VS03,2021-03-04,21,2021-03-22,0
PO-2023-3443,VS15,2023-09-13,45,2023-10-25,0
PO-2023-3444,VS11,2022-12-02,30,2023-01-03,5
PO-2023-3445,VS19,2023-12-09,30,2024-01-09,4
PO-2023-3446,VS34,2023-11-23,21,2023-12-11,0
PO-2023-3447,VS24,2023-07-30,45,2023-09-13,3
PO-2023-3448,VS22,2023-10-05,21,2023-10-23,0
PO-2023-3449,VS04,2021-08-19,21,2021-09-06,0
PO-2023-3450,VS05,2023-08-09,15,2023-08-21,0
PO-2023-3451,VS06,2023-07-18,30,2023-08-28,14
PO-2023-3452,VS20,2023-12-23,21,2024-01-08,0
PO-2023-3453,VS14,2022-07-02,30,2022-08-19,21
PO-2023-3454,VS34,2023-03-16,21,2023-04-14,11
PO-2023-3455,VS14,2021-03-05,30,2021-04-04,3
PO-2023-3456,VS06,2021-08-25,30,2021-10-04,13
PO-2023-3457,VS18,2021-06-16,30,2021-07-28,15
PO-2023-3458,VS07,2021-12-11,15,2021-12-23,0
PO-2023-3459,VS28,2021-11-02,15,2021-12-01,17
PO-2023-3460,VS06,2023-02-08,30,2023-03-14,7
PO-2023-3461,VS01,2023-08-13,15,2023-08-24,0
PO-2023-3462,VS08,2021-09-09,21,2021-10-05,8
PO-2023-3463,VS09,2023-12-30,30,2024-02-17,22
PO-2023-3464,VS08,2022-12-20,21,2023-01-09,2
PO-2023-3465,VS21,2023-12-27,15,2024-01-28,20
PO-2023-3466,VS03,2021-09-12,21,2021-09-30,0
PO-2023-3467,VS30,2022-03-14,45,2022-05-16,21
PO-2023-3468,VS32,2023-12-27,45,2024-02-07,0
PO-2023-3469,VS14,2021-06-14,30,2021-07-26,15
PO-2023-3470,VS14,2022-05-21,30,2022-07-02,15
PO-2023-3471,VS22,2021-01-18,21,2021-02-11,6
PO-2023-3472,VS06,2023-06-04,30,2023-07-15,14
PO-2023-3473,VS06,2022-05-23,30,2022-07-05,16
PO-2023-3474,VS12,2023-09-29,15,2023-10-11,0
PO-2023-3475,VS19,2023-02-20,30,2023-03-26,7
PO-2023-3476,VS33,2021-10-05,45,2021-11-25,9
PO-2023-3477,VS27,2021-11-24,21,2021-12-22,10
PO-2023-3478,VS12,2022-08-31,15,2022-09-13,1
PO-2023-3479,VS27,2021-05-24,21,2021-06-11,0
PO-2023-3480,VS21,2023-08-07,15,2023-08-19,0
PO-2023-3481,VS27,2022-09-09,21,2022-10-08,11
PO-2023-3482,VS13,2021-03-21,30,2021-04-27,10
PO-2023-3483,VS17,2021-01-20,45,2021-03-01,0
PO-2023-3484,VS07,2023-11-12,15,2023-11-24,0
PO-2023-3485,VS34,2021-08-29,21,2021-09-16,0
PO-2023-3486,VS03,2023-04-27,21,2023-05-12,0
PO-2023-3487,VS12,2021-01-11,15,2021-01-21,0
PO-2023-3488,VS30,2023-11-12,45,2024-01-09,16
PO-2023-3489,VS16,2021-08-21,15,2021-09-02,0
PO-2023-3490,VS08,2023-10-06,21,2023-11-01,8
PO-2023-3491,VS08,2023-05-24,21,2023-06-11,0
PO-2023-3492,VS13,2021-03-16,30,2021-04-12,0
PO-2023-3493,VS05,2023-12-10,15,2023-12-22,0
PO-2023-3494,VS33,2023-01-09,45,2023-02-20,0
PO-2023-3495,VS29,2023-09-03,30,2023-09-30,0
PO-2023-3496,VS01,2021-01-21,15,2021-02-06,4
PO-2023-3497,VS02,2023-05-12,21,2023-06-11,12
PO-2023-3498,VS11,2022-06-29,30,2022-08-07,12
PO-2023-3499,VS06,2022-04-25,30,2022-05-31,9
PO-2023-3500,VS01,2021-10-05,15,2021-10-19,2
PO-2023-3501,VS18,2023-10-14,30,2023-11-26,16
PO-2023-3502,VS05,2022-05-10,15,2022-05-23,1
PO-2023-3503,VS10,2021-07-25,30,2021-09-07,17
PO-2023-3504,VS31,2021-03-02,45,2021-04-29,16
PO-2023-3505,VS14,2023-04-17,30,2023-06-07,24
PO-2023-3506,VS10,2022-09-07,30,2022-10-04,0
PO-2023-3507,VS12,2022-03-18,15,2022-04-20,21
PO-2023-3508,VS03,2021-04-19,21,2021-05-07,0
PO-2023-3509,VS14,2023-02-24,30,2023-04-11,19
PO-2023-3510,VS11,2023-07-11,30,2023-08-12,5
PO-2023-3511,VS22,2021-03-10,21,2021-04-15,18
PO-2023-3512,VS05,2021-10-08,15,2021-10-21,1
PO-2023-3513,VS01,2021-03-08,15,2021-04-09,20
PO-2023-3514,VS07,2021-05-06,15,2021-05-18,0
PO-2023-3515,VS02,2021-01-29,21,2021-02-17,1
PO-2023-3516,VS29,2021-03-15,30,2021-04-19,8
PO-2023-3517,VS03,2023-02-22,21,2023-03-12,0
PO-2023-3518,VS10,2023-10-16,30,2023-11-12,0
PO-2023-3519,VS18,2022-10-13,30,2022-11-23,14
PO-2023-3520,VS05,2021-12-12,15,2021-12-24,0
PO-2023-3521,VS27,2022-05-20,21,2022-06-23,16
PO-2023-3522,VS19,2022-09-13,30,2022-10-28,18
PO-2023-3523,VS01,2023-03-28,15,2023-04-21,12
PO-2023-3524,VS06,2022-07-10,30,2022-08-06,0
PO-2023-3525,VS18,2021-02-07,30,2021-03-16,10
PO-2023-3526,VS25,2022-01-08,30,2022-02-02,0
PO-2023-3527,VS21,2022-12-28,15,2023-01-16,7
PO-2023-3528,VS30,2021-06-14,45,2021-08-15,20
PO-2023-3529,VS18,2021-10-05,30,2021-11-01,0
PO-2023-3530,VS08,2022-12-23,21,2023-01-19,9
PO-2023-3531,VS21,2021-08-18,15,2021-09-17,18
PO-2023-3532,VS26,2023-06-03,21,2023-06-17,0
PO-2023-3533,VS31,2022-06-10,45,2022-07-29,7
PO-2023-3534,VS09,2023-05-16,30,2023-06-10,0
PO-2023-3535,VS34,2023-10-25,21,2023-11-27,15
PO-2023-3536,VS29,2022-04-21,30,2022-05-18,0
PO-2023-3537,VS32,2021-03-11,45,2021-04-27,5
PO-2023-3538,VS20,2023-06-18,21,2023-07-24,18
PO-2023-3539,VS13,2023-12-23,30,2024-01-24,5
PO-2023-3540,VS21,2022-02-12,15,2022-02-27,3
PO-2023-3541,VS29,2022-07-11,30,2022-08-07,0
PO-2023-3542,VS27,2023-12-20,21,2024-01-28,21
PO-2023-3543,VS11,2021-01-23,30,2021-02-20,1
PO-2023-3544,VS10,2023-10-07,30,2023-11-03,0
PO-2023-3545,VS01,2022-03-26,15,2022-04-04,0
PO-2023-3546,VS19,2022-05-28,30,2022-07-13,19
PO-2023-3547,VS01,2021-01-13,15,2021-02-06,12
PO-2023-3548,VS08,2021-07-07,21,2021-08-19,25
PO-2023-3549,VS25,2021-07-12,30,2021-08-08,0
PO-2023-3550,VS30,2022-02-20,45,2022-04-24,21
PO-2023-3551,VS25,2021-04-05,30,2021-05-02,0
PO-2023-3552,VS28,2021-06-21,15,2021-07-10,7
PO-2023-3553,VS02,2021-04-17,21,2021-05-21,16
PO-2023-3554,VS07,2021-09-04,15,2021-10-03,17
PO-2023-3555,VS06,2023-12-11,30,2024-01-07,0
PO-2023-3556,VS17,2023-01-30,45,2023-03-15,2
PO-2023-3557,VS10,2022-09-28,30,2022-10-25,0
PO-2023-3558,VS05,2021-01-28,15,2021-02-27,18
PO-2023-3559,VS27,2023-04-29,21,2023-05-17,0
PO-2023-3560,VS19,2022-05-31,30,2022-06-27,0
PO-2023-3561,VS07,2021-04-23,15,2021-05-05,0
PO-2023-3562,VS09,2021-02-05,30,2021-03-12,8
PO-2023-3563,VS15,2021-10-13,45,2021-12-01,7
PO-2023-3564,VS10,2021-01-06,30,2021-02-02,0
PO-2023-3565,VS32,2021-05-27,45,2021-07-04,0
PO-2023-3566,VS23,2022-04-14,45,2022-06-13,18
PO-2023-3567,VS30,2022-12-10,45,2023-02-10,20
PO-2023-3568,VS09,2021-07-16,30,2021-09-06,25
PO-2023-3569,VS05,2023-05-11,15,2023-06-07,15
PO-2023-3570,VS19,2021-02-09,30,2021-03-19,11
PO-2023-3571,VS15,2021-12-24,45,2022-02-04,0
PO-2023-3572,VS09,2021-06-27,30,2021-07-27,3
PO-2023-3573,VS06,2021-03-05,30,2021-04-23,22
PO-2023-3574,VS05,2023-05-28,15,2023-06-09,0
PO-2023-3575,VS24,2023-12-30,45,2024-02-10,0
PO-2023-3576,VS15,2022-10-31,45,2023-01-01,20
PO-2023-3577,VS10,2022-01-02,30,2022-02-14,16
PO-2023-3578,VS25,2022-09-10,30,2022-11-01,25
PO-2023-3579,VS24,2021-01-18,45,2021-03-11,10
PO-2023-3580,VS32,2022-09-29,45,2022-11-14,4
PO-2023-3581,VS32,2021-06-23,45,2021-08-04,0
PO-2023-3582,VS09,2021-07-30,30,2021-09-18,23
PO-2023-3583,VS33,2021-01-11,45,2021-03-15,21
PO-2023-3584,VS26,2022-12-24,21,2023-01-31,20
PO-2023-3585,VS27,2023-06-28,21,2023-07-14,0
PO-2023-3586,VS31,2022-08-27,45,2022-10-06,0
PO-2023-3587,VS14,2021-05-07,30,2021-06-04,1
PO-2023-3588,VS20,2023-11-15,21,2023-12-26,23
PO-2023-3589,VS16,2021-09-18,15,2021-10-22,22
PO-2023-3590,VS20,2021-04-23,21,2021-06-03,23
PO-2023-3591,VS08,2021-11-12,21,2021-11-30,0
PO-2023-3592,VS23,2022-06-05,45,2022-07-13,0
PO-2023-3593,VS26,2021-02-08,21,2021-03-16,18
PO-2023-3594,VS07,2021-09-14,15,2021-10-13,17
PO-2023-3595,VS10,2023-12-27,30,2024-01-30,7
PO-2023-3596,VS20,2022-04-27,21,2022-05-11,0
PO-2023-3597,VS33,2023-10-25,45,2023-12-02,0
PO-2023-3598,VS02,2023-05-13,21,2023-05-31,0
PO-2023-3599,VS07,2022-12-16,15,2023-01-02,5
PO-2023-3600,VS20,2023-02-02,21,2023-02-20,0
PO-2023-3601,VS16,2022-01-20,15,2022-02-08,7
PO-2023-3602,VS28,2023-12-21,15,2023-12-29,0
PO-2023-3603,VS33,2021-07-28,45,2021-09-21,13
PO-2023-3604,VS13,2021-05-11,30,2021-06-13,6
PO-2023-3605,VS06,2021-04-15,30,2021-05-12,0
PO-2023-3606,VS20,2022-03-09,21,2022-04-13,17
PO-2023-3607,VS07,2023-10-17,15,2023-10-29,0
PO-2023-3608,VS25,2021-08-06,30,2021-09-02,0
PO-2023-3609,VS33,2021-04-18,45,2021-05-30,0
PO-2023-3610,VS34,2023-08-17,21,2023-09-12,8
PO-2023-3611,VS05,2021-09-07,15,2021-10-11,22
PO-2023-3612,VS11,2023-12-25,30,2024-01-22,1
PO-2023-3613,VS29,2023-12-22,30,2024-01-18,0
PO-2023-3614,VS04,2023-08-20,21,2023-09-10,3
PO-2023-3615,VS02,2023-05-27,21,2023-07-06,22
PO-2023-3616,VS10,2023-08-24,30,2023-09-20,0
PO-2023-3617,VS17,2023-03-01,45,2023-04-09,0
PO-2023-3618,VS22,2023-09-24,21,2023-10-12,0
PO-2023-3619,VS01,2021-08-09,15,2021-08-21,0
PO-2023-3620,VS23,2023-01-24,45,2023-03-28,21
PO-2023-3621,VS17,2021-12-17,45,2022-01-28,0
PO-2023-3622,VS12,2023-03-24,15,2023-04-16,11
PO-2023-3623,VS25,2021-03-22,30,2021-04-18,0
PO-2023-3624,VS31,2023-03-30,45,2023-05-16,5
PO-2023-3625,VS05,2023-01-04,15,2023-02-04,19
PO-2023-3626,VS10,2023-01-20,30,2023-02-11,0
PO-2023-3627,VS10,2022-09-06,30,2022-10-03,0
PO-2023-3628,VS13,2022-03-25,30,2022-04-21,0
PO-2023-3629,VS17,2023-12-10,45,2024-01-20,0
PO-2023-3630,VS15,2021-08-22,45,2021-10-03,0
PO-2023-3631,VS15,2021-05-19,45,2021-06-28,0
PO-2023-3632,VS05,2023-05-24,15,2023-06-06,1
PO-2023-3633,VS24,2021-07-29,45,2021-09-21,12
PO-2023-3634,VS19,2023-03-09,30,2023-04-05,0
PO-2023-3635,VS15,2022-11-10,45,2022-12-22,0
PO-2023-3636,VS08,2021-02-07,21,2021-03-12,15
PO-2023-3637,VS32,2021-11-18,45,2022-01-09,10
PO-2023-3638,VS21,2021-09-11,15,2021-09-23,0
PO-2023-3639,VS09,2021-08-19,30,2021-09-15,0
PO-2023-3640,VS07,2022-11-09,15,2022-12-11,20
PO-2023-3641,VS33,2023-10-20,45,2023-12-01,0
PO-2023-3642,VS30,2021-04-07,45,2021-05-17,0
PO-2023-3643,VS19,2022-09-01,30,2022-10-10,12
PO-2023-3644,VS28,2022-07-31,15,2022-08-26,14
PO-2023-3645,VS07,2023-06-27,15,2023-07-09,0
PO-2023-3646,VS08,2023-08-11,21,2023-08-24,0
PO-2023-3647,VS15,2023-09-15,45,2023-10-27,0
PO-2023-3648,VS21,2023-09-27,15,2023-10-06,0
PO-2023-3649,VS29,2022-01-19,30,2022-02-21,6
PO-2023-3650,VS30,2022-10-30,45,2022-12-29,18
PO-2023-3651,VS17,2022-11-15,45,2022-12-27,0
PO-2023-3652,VS12,2023-07-16,15,2023-08-22,25
PO-2023-3653,VS27,2023-07-11,21,2023-08-15,17
PO-2023-3654,VS14,2023-02-15,30,2023-04-04,21
PO-2023-3655,VS22,2022-03-02,21,2022-03-19,0
PO-2023-3656,VS27,2023-09-05,21,2023-09-23,0
PO-2023-3657,VS33,2023-06-06,45,2023-07-18,0
PO-2023-3658,VS17,2021-03-06,45,2021-04-14,0
PO-2023-3659,VS12,2022-04-27,15,2022-05-25,16
PO-2023-3660,VS17,2022-04-30,45,2022-06-13,2
PO-2023-3661,VS31,2021-10-27,45,2021-12-08,0
PO-2023-3662,VS28,2023-07-13,15,2023-07-25,0
PO-2023-3663,VS27,2022-10-24,21,2022-12-02,21
PO-2023-3664,VS32,2023-08-10,45,2023-09-29,8
PO-2023-3665,VS16,2021-03-01,15,2021-03-31,18
PO-2023-3666,VS26,2022-03-10,21,2022-03-28,0
PO-2023-3667,VS12,2021-12-30,15,2022-01-12,1
PO-2023-3668,VS24,2023-08-13,45,2023-09-24,0
PO-2023-3669,VS28,2021-08-10,15,2021-08-22,0
PO-2023-3670,VS08,2023-02-04,21,2023-03-14,20
PO-2023-3671,VS03,2022-04-25,21,2022-05-17,4
PO-2023-3672,VS14,2021-01-20,30,2021-02-14,0
PO-2023-3673,VS01,2023-04-30,15,2023-05-12,0
PO-2023-3674,VS18,2023-03-29,30,2023-04-25,0
PO-2023-3675,VS05,2021-02-24,15,2021-03-26,18
PO-2023-3676,VS06,2022-03-22,30,2022-05-13,25
PO-2023-3677,VS22,2021-03-25,21,2021-04-12,0
PO-2023-3678,VS12,2022-03-07,15,2022-03-25,6
PO-2023-3679,VS15,2023-02-14,45,2023-03-30,2
PO-2023-3680,VS29,2022-07-28,30,2022-09-01,8
PO-2023-3681,VS03,2022-04-04,21,2022-04-19,0
PO-2023-3682,VS23,2021-11-20,45,2022-01-01,0
PO-2023-3683,VS09,2022-04-09,30,2022-05-05,0
PO-2023-3684,VS06,2022-01-08,30,2022-02-23,19
PO-2023-3685,VS23,2022-04-04,45,2022-05-31,15
PO-2023-3686,VS09,2021-05-05,30,2021-05-30,0
PO-2023-3687,VS11,2022-11-13,30,2022-12-24,14
PO-2023-3688,VS14,2023-01-02,30,2023-01-29,0
PO-2023-3689,VS02,2023-02-08,21,2023-02-26,0
PO-2023-3690,VS20,2023-06-13,21,2023-07-01,0
PO-2023-3691,VS02,2023-04-29,21,2023-05-29,12
PO-2023-3692,VS11,2021-08-03,30,2021-09-07,8
PO-2023-3693,VS16,2022-09-08,15,2022-09-20,0
PO-2023-3694,VS12,2022-04-10,15,2022-04-22,0
PO-2023-3695,VS01,2021-12-24,15,2022-01-30,25
PO-2023-3696,VS22,2023-02-09,21,2023-02-27,0
PO-2023-3697,VS22,2022-04-12,21,2022-04-30,0
PO-2023-3698,VS26,2022-04-11,21,2022-04-24,0
PO-2023-3699,VS13,2022-03-06,30,2022-04-02,0
PO-2023-3700,VS11,2023-03-22,30,2023-04-18,0
PO-2023-3701,VS15,2022-12-15,45,2023-01-26,0
PO-2023-3702,VS06,2022-07-11,30,2022-08-20,13
PO-2023-3703,VS26,2022-11-17,21,2022-12-20,15
PO-2023-3704,VS04,2021-10-05,21,2021-11-01,9
PO-2023-3705,VS05,2022-02-13,15,2022-03-01,4
PO-2023-3706,VS05,2021-11-27,15,2021-12-13,4
PO-2023-3707,VS14,2021-07-13,30,2021-08-14,5
PO-2023-3708,VS12,2021-10-02,15,2021-10-17,3
PO-2023-3709,VS24,2023-09-17,45,2023-10-27,0
PO-2023-3710,VS31,2022-07-19,45,2022-09-22,23
PO-2023-3711,VS17,2023-03-31,45,2023-05-22,10
PO-2023-3712,VS28,2021-02-25,15,2021-03-09,0
PO-2023-3713,VS11,2021-01-13,30,2021-02-25,16
PO-2023-3714,VS04,2022-07-11,21,2022-07-29,0
PO-2023-3715,VS22,2022-04-20,21,2022-05-31,23
PO-2023-3716,VS07,2021-10-16,15,2021-11-02,5
PO-2023-3717,VS29,2023-11-29,30,2024-01-20,25
PO-2023-3718,VS30,2022-06-22,45,2022-08-13,10
PO-2023-3719,VS06,2021-11-14,30,2021-12-11,0
PO-2023-3720,VS08,2022-10-24,21,2022-11-11,0
PO-2023-3721,VS32,2023-09-20,45,2023-10-28,0
PO-2023-3722,VS14,2022-02-14,30,2022-03-13,0
PO-2023-3723,VS23,2023-06-03,45,2023-07-15,0
PO-2023-3724,VS22,2021-12-09,21,2021-12-27,0
PO-2023-3725,VS04,2022-07-21,21,2022-08-24,16
PO-2023-3726,VS34,2023-01-09,21,2023-01-23,0
PO-2023-3727,VS28,2022-10-22,15,2022-11-19,16
PO-2023-3728,VS18,2023-11-10,30,2023-12-24,17
PO-2023-3729,VS24,2021-12-14,45,2022-02-07,13
PO-2023-3730,VS24,2022-10-19,45,2022-12-17,17
PO-2023-3731,VS12,2021-11-25,15,2021-12-19,12
PO-2023-3732,VS12,2024-01-01,15,2024-01-16,3
PO-2023-3733,VS11,2023-04-14,30,2023-05-11,0
PO-2023-3734,VS12,2022-06-03,15,2022-06-12,0
PO-2023-3735,VS16,2021-12-02,15,2021-12-14,0
PO-2023-3736,VS01,2021-01-27,15,2021-02-08,0
PO-2023-3737,VS09,2021-03-26,30,2021-04-24,2
PO-2023-3738,VS24,2021-04-21,45,2021-06-13,11
PO-2023-3739,VS02,2021-03-25,21,2021-05-06,24
PO-2023-3740,VS15,2021-06-25,45,2021-08-21,15
PO-2023-3741,VS09,2022-01-02,30,2022-01-29,0
PO-2023-3742,VS25,2022-04-04,30,2022-04-28,0
PO-2023-3743,VS10,2023-12-23,30,2024-01-19,0
PO-2023-3744,VS26,2022-08-02,21,2022-08-29,9
PO-2023-3745,VS28,2023-09-01,15,2023-09-12,0
PO-2023-3746,VS01,2022-12-29,15,2023-01-28,18
PO-2023-3747,VS18,2022-02-17,30,2022-03-30,14
PO-2023-3748,VS15,2021-10-31,45,2021-12-20,8
PO-2023-3749,VS08,2023-04-24,21,2023-05-18,6
PO-2023-3750,VS06,2022-08-06,30,2022-09-02,0
PO-2023-3751,VS25,2021-07-26,30,2021-09-10,19
PO-2023-3752,VS30,2022-02-10,45,2022-03-24,0
PO-2023-3753,VS24,2023-12-11,45,2024-02-01,10
PO-2023-3754,VS28,2021-03-09,15,2021-04-12,22
PO-2023-3755,VS18,2021-04-06,30,2021-05-03,0
PO-2023-3756,VS33,2021-07-27,45,2021-09-08,1
PO-2023-3757,VS12,2022-01-25,15,2022-02-15,9
PO-2023-3758,VS15,2022-08-14,45,2022-10-05,10
PO-2023-3759,VS11,2023-10-17,30,2023-11-17,4
PO-2023-3760,VS33,2022-02-10,45,2022-03-20,0
PO-2023-3761,VS11,2021-01-26,30,2021-03-17,23
PO-2023-3762,VS25,2022-04-10,30,2022-05-19,12
PO-2023-3763,VS12,2023-08-19,15,2023-08-31,0
PO-2023-3764,VS01,2021-05-13,15,2021-06-17,23
PO-2023-3765,VS31,2022-10-06,45,2022-11-17,0
PO-2023-3766,VS21,2022-04-29,15,2022-05-09,0
PO-2023-3767,VS31,2022-03-31,45,2022-05-29,17
PO-2023-3768,VS32,2022-09-20,45,2022-11-01,0
PO-2023-3769,VS34,2023-11-04,21,2023-11-22,0
PO-2023-3770,VS06,2023-02-11,30,2023-04-03,24
PO-2023-3771,VS17,2023-05-05,45,2023-06-16,0
PO-2023-3772,VS26,2022-04-27,21,2022-05-17,2
PO-2023-3773,VS24,2021-05-21,45,2021-07-21,19
PO-2023-3774,VS03,2023-11-29,21,2023-12-27,10
PO-2023-3775,VS08,2021-12-11,21,2021-12-27,0
PO-2023-3776,VS25,2023-07-23,30,2023-08-29,10
PO-2023-3777,VS03,2023-05-31,21,2023-06-18,0
PO-2023-3778,VS18,2023-07-02,30,2023-07-28,0
PO-2023-3779,VS31,2023-03-26,45,2023-05-31,24
PO-2023-3780,VS08,2023-08-26,21,2023-09-13,0
PO-2023-3781,VS27,2023-05-15,21,2023-06-02,0
PO-2023-3782,VS02,2021-06-19,21,2021-07-07,0
PO-2023-3783,VS14,2022-11-08,30,2022-12-09,4
PO-2023-3784,VS25,2021-04-09,30,2021-05-23,17
PO-2023-3785,VS11,2022-09-19,30,2022-11-06,21
PO-2023-3786,VS26,2023-09-17,21,2023-10-29,24
PO-2023-3787,VS02,2022-10-26,21,2022-11-13,0
PO-2023-3788,VS04,2023-07-25,21,2023-08-23,11
PO-2023-3789,VS26,2021-06-12,21,2021-07-23,23
PO-2023-3790,VS05,2021-05-09,15,2021-05-30,9
PO-2023-3791,VS31,2021-02-03,45,2021-03-28,11
PO-2023-3792,VS06,2023-11-12,30,2023-12-15,6
PO-2023-3793,VS27,2021-11-15,21,2021-12-18,15
PO-2023-3794,VS30,2022-04-26,45,2022-06-17,10
PO-2023-3795,VS28,2024-01-02,15,2024-02-06,23
PO-2023-3796,VS11,2022-08-24,30,2022-10-07,17
PO-2023-3797,VS06,2022-04-29,30,2022-05-23,0
PO-2023-3798,VS08,2021-02-12,21,2021-03-02,0
PO-2023-3799,VS02,2023-07-13,21,2023-07-28,0
PO-2023-3800,VS13,2023-06-22,30,2023-08-13,25
PO-2023-3801,VS18,2021-12-02,30,2022-01-02,4
PO-2023-3802,VS16,2022-07-27,15,2022-08-23,15
PO-2023-3803,VS30,2021-06-07,45,2021-07-15,0
PO-2023-3804,VS25,2023-03-06,30,2023-04-15,13
PO-2023-3805,VS04,2023-12-20,21,2024-02-01,25
PO-2023-3806,VS33,2021-10-21,45,2021-12-02,0
PO-2023-3807,VS08,2021-04-08,21,2021-04-26,0
PO-2023-3808,VS20,2023-04-28,21,2023-06-05,20
PO-2023-3809,VS03,2023-11-20,21,2023-12-03,0
PO-2023-3810,VS11,2023-07-23,30,2023-09-03,15
PO-2023-3811,VS19,2021-12-26,30,2022-02-09,18
PO-2023-3812,VS30,2021-02-12,45,2021-04-19,24
PO-2023-3813,VS30,2022-01-15,45,2022-02-26,0
PO-2023-3814,VS08,2023-05-20,21,2023-06-07,0
PO-2023-3815,VS26,2023-04-15,21,2023-05-14,11
PO-2023-3816,VS16,2021-02-07,15,2021-02-26,7
PO-2023-3817,VS27,2021-12-28,21,2022-01-23,8
PO-2023-3818,VS14,2022-07-09,30,2022-08-21,16
PO-2023-3819,VS17,2022-01-15,45,2022-03-11,13
PO-2023-3820,VS06,2021-01-16,30,2021-02-11,0
PO-2023-3821,VS20,2021-10-23,21,2021-11-10,0
PO-2023-3822,VS06,2021-02-11,30,2021-03-10,0
PO-2023-3823,VS12,2021-01-22,15,2021-02-28,25
PO-2023-3824,VS16,2021-05-04,15,2021-05-12,0
PO-2023-3825,VS16,2022-08-28,15,2022-09-05,0
PO-2023-3826,VS03,2022-09-27,21,2022-11-08,24
PO-2023-3827,VS33,2022-06-11,45,2022-07-23,0
PO-2023-3828,VS18,2023-01-26,30,2023-02-22,0
PO-2023-3829,VS33,2022-07-15,45,2022-08-26,0
PO-2023-3830,VS32,2023-07-18,45,2023-08-29,0
PO-2023-3831,VS27,2023-04-03,21,2023-04-29,8
PO-2023-3832,VS03,2023-05-30,21,2023-06-15,0
PO-2023-3833,VS27,2023-12-23,21,2024-01-12,2
PO-2023-3834,VS32,2022-10-01,45,2022-11-12,0
PO-2023-3835,VS34,2022-01-19,21,2022-02-06,0
PO-2023-3836,VS01,2021-09-24,15,2021-10-20,14
PO-2023-3837,VS12,2023-04-19,15,2023-05-09,8
PO-2023-3838,VS16,2021-11-16,15,2021-11-28,0
PO-2023-3839,VS33,2023-04-02,45,2023-05-29,15
PO-2023-3840,VS28,2023-02-05,15,2023-02-25,8
PO-2023-3841,VS04,2021-12-23,21,2022-01-07,0
PO-2023-3842,VS07,2022-05-24,15,2022-06-17,12
PO-2023-3843,VS10,2021-06-26,30,2021-07-23,0
PO-2023-3844,VS20,2022-08-20,21,2022-09-22,15
PO-2023-3845,VS10,2023-03-31,30,2023-04-27,0
PO-2023-3846,VS03,2022-04-13,21,2022-05-14,13
PO-2023-3847,VS08,2022-09-11,21,2022-10-03,4
PO-2023-3848,VS10,2022-10-24,30,2022-11-21,1
PO-2023-3849,VS21,2023-06-13,15,2023-07-03,8
PO-2023-3850,VS19,2021-10-08,30,2021-11-11,7
PO-2023-3851,VS04,2021-11-09,21,2021-11-27,0
PO-2023-3852,VS32,2021-03-08,45,2021-05-02,13
PO-2023-3853,VS26,2022-06-22,21,2022-07-20,10
PO-2023-3854,VS24,2021-03-14,45,2021-04-23,0
PO-2023-3855,VS24,2023-09-01,45,2023-11-07,25
PO-2023-3856,VS27,2023-04-20,21,2023-05-13,5
PO-2023-3857,VS10,2023-09-14,30,2023-10-16,5
PO-2023-3858,VS32,2022-09-25,45,2022-11-03,0
PO-2023-3859,VS13,2021-06-01,30,2021-07-16,18
PO-2023-3860,VS01,2021-07-21,15,2021-08-02,0
PO-2023-3861,VS05,2021-12-17,15,2022-01-04,6
PO-2023-3862,VS06,2023-05-12,30,2023-07-02,24
PO-2023-3863,VS13,2021-05-29,30,2021-07-06,11
PO-2023-3864,VS20,2022-01-27,21,2022-03-02,16
PO-2023-3865,VS29,2022-07-21,30,2022-08-29,12
PO-2023-3866,VS28,2023-10-11,15,2023-11-07,15
PO-2023-3867,VS15,2021-09-24,45,2021-11-18,13
PO-2023-3868,VS27,2023-08-25,21,2023-09-18,6
PO-2023-3869,VS03,2023-08-27,21,2023-09-14,0
PO-2023-3870,VS16,2023-09-20,15,2023-10-02,0
PO-2023-3871,VS23,2022-07-06,45,2022-09-10,24
PO-2023-3872,VS23,2021-06-03,45,2021-07-15,0
PO-2023-3873,VS07,2021-06-14,15,2021-07-01,5
PO-2023-3874,VS24,2023-03-18,45,2023-04-25,0
PO-2023-3875,VS32,2021-04-10,45,2021-06-10,19
PO-2023-3876,VS01,2022-05-22,15,2022-06-03,0
PO-2023-3877,VS02,2022-07-23,21,2022-08-10,0
PO-2023-3878,VS12,2021-11-06,15,2021-11-18,0
PO-2023-3879,VS26,2023-02-26,21,2023-03-12,0
PO-2023-3880,VS33,2022-05-07,45,2022-06-18,0
PO-2023-3881,VS02,2022-07-28,21,2022-08-15,0
PO-2023-3882,VS11,2022-10-24,30,2022-12-10,20
PO-2023-3883,VS14,2023-06-18,30,2023-07-17,2
PO-2023-3884,VS13,2021-10-01,30,2021-10-28,0
PO-2023-3885,VS17,2022-09-10,45,2022-10-22,0
PO-2023-3886,VS32,2023-06-07,45,2023-07-18,0
PO-2023-3887,VS03,2023-09-20,21,2023-10-12,4
PO-2023-3888,VS19,2021-07-12,30,2021-08-17,9
PO-2023-3889,VS25,2023-03-13,30,2023-04-09,0
PO-2023-3890,VS04,2022-11-28,21,2023-01-08,23
PO-2023-3891,VS08,2021-09-05,21,2021-10-14,21
PO-2023-3892,VS10,2021-11-25,30,2022-01-13,22
PO-2023-3893,VS31,2021-01-18,45,2021-03-01,0
PO-2023-3894,VS31,2022-09-02,45,2022-11-06,23
PO-2023-3895,VS13,2021-10-12,30,2021-11-30,22
PO-2023-3896,VS22,2021-06-03,21,2021-07-12,21
PO-2023-3897,VS25,2023-09-26,30,2023-11-17,25
PO-2023-3898,VS25,2022-11-04,30,2022-12-01,0
PO-2023-3899,VS05,2023-03-02,15,2023-03-14,0
PO-2023-3900,VS01,2023-07-11,15,2023-08-06,14
PO-2023-3901,VS04,2022-11-12,21,2022-11-30,0
PO-2023-3902,VS01,2023-06-11,15,2023-06-23,0
PO-2023-3903,VS28,2021-07-02,15,2021-07-14,0
PO-2023-3904,VS01,2021-09-08,15,2021-09-20,0
PO-2023-3905,VS16,2021-05-04,15,2021-05-28,12
PO-2023-3906,VS22,2022-06-25,21,2022-07-10,0
PO-2023-3907,VS30,2023-02-02,45,2023-04-08,23
PO-2023-3908,VS26,2022-01-21,21,2022-02-08,0
PO-2023-3909,VS09,2021-04-02,30,2021-05-04,5
PO-2023-3910,VS21,2022-08-31,15,2022-09-30,18
PO-2023-3911,VS03,2021-10-11,21,2021-11-14,16
PO-2023-3912,VS19,2022-08-03,30,2022-09-01,2
PO-2023-3913,VS08,2021-02-06,21,2021-02-24,0
PO-2023-3914,VS14,2023-12-24,30,2024-01-20,0
PO-2023-3915,VS26,2022-11-11,21,2022-12-15,16
PO-2023-3916,VS10,2023-02-02,30,2023-03-25,24
PO-2023-3917,VS25,2023-04-18,30,2023-05-15,0
PO-2023-3918,VS09,2023-05-14,30,2023-06-07,0
PO-2023-3919,VS29,2022-09-02,30,2022-10-07,8
PO-2023-3920,VS09,2021-02-05,30,2021-03-19,15
PO-2023-3921,VS24,2023-11-02,45,2023-12-28,14
PO-2023-3922,VS05,2021-01-12,15,2021-01-24,0
PO-2023-3923,VS32,2023-05-20,45,2023-07-04,3
PO-2023-3924,VS04,2023-06-24,21,2023-07-08,0
PO-2023-3925,VS16,2022-03-08,15,2022-03-25,5
PO-2023-3926,VS17,2023-02-11,45,2023-04-06,12
PO-2023-3927,VS04,2023-08-19,21,2023-09-14,8
PO-2023-3928,VS34,2021-06-16,21,2021-07-12,8
PO-2023-3929,VS14,2023-04-12,30,2023-05-09,0
PO-2023-3930,VS13,2022-04-30,30,2022-06-18,22
PO-2023-3931,VS26,2023-08-04,21,2023-08-22,0
PO-2023-3932,VS12,2021-04-14,15,2021-05-13,17
PO-2023-3933,VS17,2021-07-04,45,2021-08-24,9
PO-2023-3934,VS11,2022-01-19,30,2022-02-15,0
PO-2023-3935,VS13,2022-03-24,30,2022-04-29,9
PO-2023-3936,VS09,2022-03-15,30,2022-04-11,0
PO-2023-3937,VS03,2022-06-18,21,2022-07-06,0
PO-2023-3938,VS11,2022-05-10,30,2022-07-01,25
PO-2023-3939,VS12,2023-02-13,15,2023-02-25,0
PO-2023-3940,VS15,2021-11-26,45,2022-01-29,22
PO-2023-3941,VS16,2021-10-10,15,2021-10-19,0
PO-2023-3942,VS05,2021-01-04,15,2021-02-03,18
PO-2023-3943,VS34,2021-12-28,21,2022-01-10,0
PO-2023-3944,VS05,2023-10-14,15,2023-11-14,19
PO-2023-3945,VS22,2023-09-20,21,2023-10-23,15
PO-2023-3946,VS09,2022-12-05,30,2023-01-01,0
PO-2023-3947,VS05,2023-06-16,15,2023-06-28,0
PO-2023-3948,VS26,2021-01-11,21,2021-02-11,13
PO-2023-3949,VS28,2022-01-16,15,2022-02-16,19
PO-2023-3950,VS14,2023-08-18,30,2023-09-14,0
PO-2023-3951,VS03,2023-11-06,21,2023-11-24,0
PO-2023-3952,VS29,2021-03-02,30,2021-04-07,9
PO-2023-3953,VS03,2023-02-18,21,2023-03-30,22
PO-2023-3954,VS09,2022-09-19,30,2022-10-16,0
PO-2023-3955,VS20,2023-08-30,21,2023-09-17,0
PO-2023-3956,VS31,2023-06-12,45,2023-07-19,0
PO-2023-3957,VS24,2021-10-13,45,2021-11-24,0
PO-2023-3958,VS03,2021-02-01,21,2021-03-02,11
PO-2023-3959,VS26,2023-01-04,21,2023-01-18,0
PO-2023-3960,VS18,2023-07-10,30,2023-08-26,20
PO-2023-3961,VS34,2021-08-05,21,2021-08-31,8
PO-2023-3962,VS18,2023-09-23,30,2023-10-25,5
PO-2023-3963,VS03,2023-05-29,21,2023-06-20,4
PO-2023-3964,VS10,2022-03-05,30,2022-03-29,0
PO-2023-3965,VS09,2021-09-22,30,2021-11-10,22
PO-2023-3966,VS09,2021-07-30,30,2021-09-07,12
PO-2023-3967,VS05,2024-01-01,15,2024-02-03,21
PO-2023-3968,VS17,2022-04-15,45,2022-06-10,14
PO-2023-3969,VS28,2023-07-15,15,2023-08-06,10
PO-2023-3970,VS20,2023-12-27,21,2024-01-28,14
PO-2023-3971,VS22,2021-11-30,21,2022-01-04,17
PO-2023-3972,VS05,2023-10-07,15,2023-10-19,0
PO-2023-3973,VS29,2022-02-27,30,2022-03-26,0
PO-2023-3974,VS19,2022-11-10,30,2022-12-07,0
PO-2023-3975,VS13,2021-06-10,30,2021-07-29,22
PO-2023-3976,VS18,2023-08-19,30,2023-09-26,11
PO-2023-3977,VS29,2023-05-31,30,2023-07-12,15
PO-2023-3978,VS01,2022-05-13,15,2022-06-04,10
PO-2023-3979,VS04,2021-04-17,21,2021-05-23,18
PO-2023-3980,VS07,2021-01-19,15,2021-02-12,12
PO-2023-3981,VS33,2023-07-13,45,2023-09-15,22
PO-2023-3982,VS26,2023-12-10,21,2023-12-28,0
PO-2023-3983,VS07,2022-12-26,15,2023-01-24,17
PO-2023-3984,VS04,2021-01-18,21,2021-02-28,23
PO-2023-3985,VS34,2023-05-03,21,2023-05-16,0
PO-2023-3986,VS25,2023-05-03,30,2023-06-02,3
PO-2023-3987,VS20,2022-06-13,21,2022-07-09,8
PO-2023-3988,VS19,2023-08-29,30,2023-09-25,0
PO-2023-3989,VS34,2022-02-20,21,2022-03-10,0
PO-2023-3990,VS15,2023-11-19,45,2024-01-02,2
PO-2023-3991,VS29,2021-05-14,30,2021-06-10,0
PO-2023-3992,VS18,2022-09-06,30,2022-10-03,0
PO-2023-3993,VS12,2021-05-08,15,2021-05-26,6
PO-2023-3994,VS15,2024-01-04,45,2024-02-15,0
PO-2023-3995,VS14,2021-05-25,30,2021-06-21,0
PO-2023-3996,VS05,2023-06-10,15,2023-06-22,0
PO-2023-3997,VS09,2023-09-28,30,2023-11-13,19
PO-2023-3998,VS14,2021-08-16,30,2021-09-12,0
PO-2023-3999,VS21,2022-09-07,15,2022-10-07,18
PO-2023-4000,VS32,2023-02-16,45,2023-04-12,13
PO-2023-4001,VS32,2022-10-25,45,2022-12-06,0
PO-2023-4002,VS09,2021-04-06,30,2021-05-09,6
PO-2023-4003,VS10,2022-07-11,30,2022-08-22,15
PO-2023-4004,VS09,2023-12-26,30,2024-01-24,2
PO-2023-4005,VS13,2023-08-21,30,2023-09-17,0
PO-2023-4006,VS30,2023-06-24,45,2023-08-04,0
PO-2023-4007,VS08,2023-01-22,21,2023-02-17,8
PO-2023-4008,VS34,2022-07-05,21,2022-07-22,0
PO-2023-4009,VS21,2021-09-25,15,2021-10-10,3
PO-2023-4010,VS07,2022-07-24,15,2022-08-13,8
PO-2023-4011,VS28,2021-12-14,15,2021-12-26,0
PO-2023-4012,VS18,2023-02-14,30,2023-03-12,0
PO-2023-4013,VS14,2023-11-27,30,2024-01-18,25
PO-2023-4014,VS25,2021-01-09,30,2021-02-15,10
PO-2023-4015,VS24,2021-06-30,45,2021-08-07,0
PO-2023-4016,VS30,2021-07-07,45,2021-08-18,0
PO-2023-4017,VS24,2023-02-24,45,2023-04-07,0
PO-2023-4018,VS27,2021-02-20,21,2021-04-01,22
PO-2023-4019,VS31,2022-03-30,45,2022-05-27,16
PO-2023-4020,VS10,2021-02-28,30,2021-03-30,3
PO-2023-4021,VS03,2021-04-29,21,2021-05-17,0
PO-2023-4022,VS04,2023-07-10,21,2023-08-10,13
PO-2023-4023,VS17,2022-10-27,45,2022-12-08,0
PO-2023-4024,VS21,2022-10-08,15,2022-10-27,7
PO-2023-4025,VS29,2021-03-26,30,2021-05-06,14
PO-2023-4026,VS21,2021-05-16,15,2021-05-28,0
PO-2023-4027,VS33,2023-01-30,45,2023-04-02,20
PO-2023-4028,VS17,2023-11-05,45,2023-12-19,2
PO-2023-4029,VS10,2021-02-19,30,2021-04-01,14
PO-2023-4030,VS26,2022-05-06,21,2022-05-26,2
PO-2023-4031,VS22,2021-03-02,21,2021-04-07,18
PO-2023-4032,VS34,2021-11-16,21,2021-12-04,0
PO-2023-4033,VS09,2023-11-16,30,2023-12-21,8
PO-2023-4034,VS03,2023-03-09,21,2023-03-28,1
PO-2023-4035,VS10,2023-09-16,30,2023-11-02,20
PO-2023-4036,VS18,2022-04-07,30,2022-05-17,13
PO-2023-4037,VS30,2022-09-18,45,2022-10-29,0
PO-2023-4038,VS21,2023-10-06,15,2023-10-16,0
PO-2023-4039,VS13,2022-04-10,30,2022-05-08,1
PO-2023-4040,VS29,2023-09-28,30,2023-11-12,18
PO-2023-4041,VS07,2022-03-26,15,2022-04-19,12
PO-2023-4042,VS29,2022-10-17,30,2022-11-13,0
PO-2023-4043,VS15,2023-09-10,45,2023-10-28,6
PO-2023-4044,VS20,2021-04-05,21,2021-04-23,0
PO-2023-4045,VS20,2021-06-09,21,2021-06-27,0
PO-2023-4046,VS10,2021-08-01,30,2021-09-07,10
PO-2023-4047,VS26,2022-02-14,21,2022-03-19,15
PO-2023-4048,VS05,2023-03-20,15,2023-04-18,17
PO-2023-4049,VS04,2023-07-07,21,2023-07-27,2
PO-2023-4050,VS23,2022-07-04,45,2022-08-25,10
PO-2023-4051,VS02,2022-08-27,21,2022-09-14,0
PO-2023-4052,VS02,2022-09-06,21,2022-09-23,0
PO-2023-4053,VS31,2022-10-19,45,2022-11-30,0
PO-2023-4054,VS23,2021-09-04,45,2021-10-11,0
PO-2023-4055,VS29,2021-11-01,30,2021-12-09,11
PO-2023-4056,VS03,2022-03-06,21,2022-03-24,0
PO-2023-4057,VS20,2023-01-28,21,2023-02-22,7
PO-2023-4058,VS06,2022-09-10,30,2022-10-07,0
PO-2023-4059,VS17,2022-12-15,45,2023-01-26,0
PO-2023-4060,VS30,2021-02-22,45,2021-04-05,0
PO-2023-4061,VS25,2022-06-09,30,2022-07-06,0
PO-2023-4062,VS19,2023-01-04,30,2023-02-21,21
PO-2023-4063,VS28,2021-08-27,15,2021-09-26,18
PO-2023-4064,VS05,2021-12-09,15,2022-01-02,12
PO-2023-4065,VS19,2021-05-31,30,2021-06-26,0
PO-2023-4066,VS25,2023-09-13,30,2023-10-09,0
PO-2023-4067,VS32,2022-02-24,45,2022-04-22,15
PO-2023-4068,VS26,2021-09-17,21,2021-10-17,12
PO-2023-4069,VS10,2021-03-03,30,2021-03-30,0
PO-2023-4070,VS25,2021-03-05,30,2021-04-01,0
PO-2023-4071,VS29,2023-02-15,30,2023-03-23,9
PO-2023-4072,VS28,2023-05-01,15,2023-05-22,9
PO-2023-4073,VS16,2023-03-22,15,2023-04-15,12
PO-2023-4074,VS09,2021-10-06,30,2021-11-27,25
PO-2023-4075,VS05,2021-03-26,15,2021-04-24,17
PO-2023-4076,VS27,2022-04-01,21,2022-04-19,0
PO-2023-4077,VS29,2023-09-02,30,2023-09-26,0
PO-2023-4078,VS08,2023-04-10,21,2023-04-25,0
PO-2023-4079,VS23,2022-05-21,45,2022-06-28,0
PO-2023-4080,VS20,2023-06-12,21,2023-07-13,13
PO-2023-4081,VS25,2021-08-17,30,2021-10-07,24
PO-2023-4082,VS23,2021-05-20,45,2021-07-26,25
PO-2023-4083,VS12,2021-11-23,15,2021-12-28,23
PO-2023-4084,VS20,2021-07-12,21,2021-07-31,1
PO-2023-4085,VS01,2022-10-28,15,2022-11-09,0
PO-2023-4086,VS18,2022-03-06,30,2022-04-02,0
PO-2023-4087,VS31,2023-04-01,45,2023-05-09,0
PO-2023-4088,VS20,2021-01-05,21,2021-01-23,0
PO-2023-4089,VS24,2022-06-05,45,2022-07-16,0
PO-2023-4090,VS31,2023-02-08,45,2023-03-18,0
PO-2023-4091,VS08,2021-07-13,21,2021-08-02,2
PO-2023-4092,VS30,2023-11-28,45,2024-01-09,0
PO-2023-4093,VS19,2021-01-20,30,2021-03-05,17
PO-2023-4094,VS28,2023-10-15,15,2023-10-28,1
PO-2023-4095,VS24,2023-12-22,45,2024-01-31,0
PO-2023-4096,VS16,2023-09-14,15,2023-09-29,3
PO-2023-4097,VS05,2021-07-11,15,2021-07-21,0
PO-2023-4098,VS07,2021-12-19,15,2022-01-21,21
PO-2023-4099,VS07,2023-07-27,15,2023-08-15,7
PO-2023-4100,VS28,2022-10-21,15,2022-11-02,0
PO-2023-4101,VS01,2023-04-16,15,2023-04-28,0
PO-2023-4102,VS16,2022-02-13,15,2022-03-04,7
PO-2023-4103,VS01,2022-02-09,15,2022-02-21,0
PO-2023-4104,VS33,2022-01-17,45,2022-03-10,10
PO-2023-4105,VS02,2022-11-21,21,2022-12-09,0
PO-2023-4106,VS07,2021-07-18,15,2021-08-21,22
PO-2023-4107,VS03,2023-09-14,21,2023-10-02,0
PO-2023-4108,VS02,2021-10-21,21,2021-11-18,10
PO-2023-4109,VS34,2022-03-01,21,2022-04-08,20
PO-2023-4110,VS03,2021-03-21,21,2021-04-25,17
PO-2023-4111,VS12,2022-01-16,15,2022-01-24,0
PO-2023-4112,VS03,2021-07-18,21,2021-08-05,0
PO-2023-4113,VS14,2022-09-24,30,2022-10-21,0
PO-2023-4114,VS24,2021-12-26,45,2022-02-23,17
PO-2023-4115,VS11,2022-03-19,30,2022-04-15,0
PO-2023-4116,VS22,2022-08-07,21,2022-08-25,0
PO-2023-4117,VS20,2022-09-07,21,2022-10-12,17
PO-2023-4118,VS28,2023-11-18,15,2023-12-19,19
PO-2023-4119,VS16,2023-01-04,15,2023-01-11,0
PO-2023-4120,VS18,2022-05-15,30,2022-06-11,0
PO-2023-4121,VS15,2023-08-28,45,2023-10-22,13
PO-2023-4122,VS25,2022-01-02,30,2022-02-06,8
PO-2023-4123,VS32,2022-07-05,45,2022-09-01,16
PO-2023-4124,VS04,2023-11-16,21,2023-12-17,13
PO-2023-4125,VS15,2023-01-30,45,2023-03-13,0
PO-2023-4126,VS19,2021-11-26,30,2021-12-26,3
PO-2023-4127,VS28,2023-03-21,15,2023-04-25,23
PO-2023-4128,VS09,2023-04-19,30,2023-06-02,17
PO-2023-4129,VS13,2022-08-20,30,2022-09-16,0
PO-2023-4130,VS22,2021-08-03,21,2021-09-12,22
PO-2023-4131,VS13,2023-05-10,30,2023-06-06,0
PO-2023-4132,VS27,2022-08-13,21,2022-08-31,0
PO-2023-4133,VS27,2021-02-26,21,2021-03-25,9
PO-2023-4134,VS16,2023-08-25,15,2023-09-12,6
PO-2023-4135,VS15,2022-12-30,45,2023-02-20,10
PO-2023-4136,VS13,2023-11-25,30,2023-12-24,2
PO-2023-4137,VS31,2022-03-06,45,2022-05-12,25
PO-2023-4138,VS07,2021-01-12,15,2021-01-26,2
PO-2023-4139,VS09,2021-02-12,30,2021-04-01,21
PO-2023-4140,VS08,2021-09-30,21,2021-10-18,0
PO-2023-4141,VS29,2022-09-05,30,2022-09-30,0
PO-2023-4142,VS25,2021-12-06,30,2022-01-12,10
PO-2023-4143,VS30,2021-08-14,45,2021-10-19,24
PO-2023-4144,VS01,2022-09-11,15,2022-10-08,15
PO-2023-4145,VS08,2021-06-16,21,2021-07-03,0
PO-2023-4146,VS30,2022-08-25,45,2022-10-06,0
PO-2023-4147,VS27,2021-02-25,21,2021-03-15,0
PO-2023-4148,VS03,2021-08-19,21,2021-09-28,22
PO-2023-4149,VS08,2021-03-01,21,2021-04-06,18
PO-2023-4150,VS03,2022-07-15,21,2022-08-21,19
PO-2023-4151,VS31,2022-03-21,45,2022-05-26,24
PO-2023-4152,VS07,2022-07-18,15,2022-07-30,0
PO-2023-4153,VS06,2022-07-01,30,2022-07-23,0
PO-2023-4154,VS03,2022-03-23,21,2022-04-10,0
PO-2023-4155,VS26,2021-08-04,21,2021-08-22,0
PO-2023-4156,VS02,2021-06-23,21,2021-07-17,6
PO-2023-4157,VS10,2021-03-24,30,2021-05-12,22
PO-2023-4158,VS26,2021-09-04,21,2021-10-13,21
PO-2023-4159,VS16,2021-03-26,15,2021-04-29,22
PO-2023-4160,VS17,2022-02-18,45,2022-04-15,14
PO-2023-4161,VS10,2022-06-22,30,2022-08-11,23
PO-2023-4162,VS31,2021-05-09,45,2021-07-07,17
PO-2023-4163,VS14,2021-07-27,30,2021-09-14,22
PO-2023-4164,VS07,2023-09-15,15,2023-09-23,0
PO-2023-4165,VS20,2021-07-23,21,2021-08-08,0
PO-2023-4166,VS11,2021-01-12,30,2021-02-08,0
PO-2023-4167,VS08,2021-07-11,21,2021-07-29,0
PO-2023-4168,VS21,2022-09-08,15,2022-10-05,15
PO-2023-4169,VS28,2022-03-16,15,2022-03-23,0
PO-2023-4170,VS28,2022-08-30,15,2022-09-11,0
PO-2023-4171,VS03,2021-06-16,21,2021-07-27,23
PO-2023-4172,VS08,2023-02-19,21,2023-03-08,0
PO-2023-4173,VS19,2022-12-18,30,2023-02-06,23
PO-2023-4174,VS22,2022-03-26,21,2022-04-13,0
PO-2023-4175,VS25,2022-01-18,30,2022-02-09,0
PO-2023-4176,VS11,2022-11-25,30,2022-12-22,0
PO-2023-4177,VS05,2022-10-04,15,2022-11-07,22
PO-2023-4178,VS30,2021-05-17,45,2021-07-12,14
PO-2023-4179,VS23,2023-12-16,45,2024-02-21,25
PO-2023-4180,VS04,2022-04-01,21,2022-04-30,11
PO-2023-4181,VS28,2022-12-02,15,2022-12-20,6
PO-2023-4182,VS24,2022-03-06,45,2022-04-19,2
PO-2023-4183,VS29,2022-01-16,30,2022-03-07,23
PO-2023-4184,VS26,2023-01-14,21,2023-02-23,22
PO-2023-4185,VS02,2023-09-06,21,2023-09-24,0
PO-2023-4186,VS08,2022-07-20,21,2022-08-07,0
PO-2023-4187,VS12,2023-05-16,15,2023-06-22,25
PO-2023-4188,VS01,2021-08-02,15,2021-08-14,0
PO-2023-4189,VS04,2023-04-21,21,2023-05-09,0
PO-2023-4190,VS09,2023-09-26,30,2023-10-23,0
PO-2023-4191,VS33,2022-02-01,45,2022-03-27,12
PO-2023-4192,VS09,2021-11-30,30,2021-12-31,4
PO-2023-4193,VS19,2021-11-17,30,2021-12-14,0
PO-2023-4194,VS13,2023-12-17,30,2024-01-13,0
PO-2023-4195,VS01,2021-03-10,15,2021-04-10,19
PO-2023-4196,VS29,2022-07-06,30,2022-08-08,6
PO-2023-4197,VS16,2021-08-28,15,2021-10-03,24
PO-2023-4198,VS13,2022-10-09,30,2022-11-18,13
PO-2023-4199,VS34,2021-12-07,21,2021-12-26,1
PO-2023-4200,VS08,2022-08-19,21,2022-09-08,2
PO-2023-4201,VS34,2023-08-13,21,2023-09-05,5
PO-2023-4202,VS02,2021-06-02,21,2021-06-25,5
PO-2023-4203,VS16,2022-11-09,15,2022-11-17,0
PO-2023-4204,VS33,2021-09-19,45,2021-11-06,6
PO-2023-4205,VS30,2023-04-23,45,2023-06-20,16
PO-2023-4206,VS12,2021-03-19,15,2021-04-14,14
PO-2023-4207,VS02,2022-04-06,21,2022-04-21,0
PO-2023-4208,VS15,2021-02-24,45,2021-04-07,0
PO-2023-4209,VS07,2021-10-29,15,2021-12-01,21
PO-2023-4210,VS17,2023-07-03,45,2023-08-14,0
PO-2023-4211,VS21,2021-02-01,15,2021-02-28,15
PO-2023-4212,VS20,2023-02-05,21,2023-03-15,20
PO-2023-4213,VS27,2021-01-05,21,2021-01-23,0
PO-2023-4214,VS10,2023-01-09,30,2023-02-09,4
PO-2023-4215,VS05,2023-02-15,15,2023-02-27,0
PO-2023-4216,VS29,2022-04-27,30,2022-06-08,15
PO-2023-4217,VS21,2023-04-01,15,2023-04-13,0
PO-2023-4218,VS05,2023-05-10,15,2023-05-23,1
PO-2023-4219,VS15,2023-01-06,45,2023-03-05,16
PO-2023-4220,VS11,2023-03-31,30,2023-05-17,20
PO-2023-4221,VS12,2023-10-22,15,2023-11-24,21
PO-2023-4222,VS12,2022-08-04,15,2022-08-13,0
PO-2023-4223,VS20,2022-03-15,21,2022-04-02,0
PO-2023-4224,VS09,2023-07-23,30,2023-08-19,0
PO-2023-4225,VS07,2023-03-30,15,2023-05-01,20
PO-2023-4226,VS25,2021-03-03,30,2021-04-13,14
PO-2023-4227,VS11,2021-02-03,30,2021-03-25,23
PO-2023-4228,VS15,2022-03-16,45,2022-04-26,0
PO-2023-4229,VS23,2022-08-23,45,2022-10-29,25
PO-2023-4230,VS34,2021-10-16,21,2021-10-29,0
PO-2023-4231,VS26,2023-06-14,21,2023-07-02,0
PO-2023-4232,VS29,2021-07-08,30,2021-07-31,0
PO-2023-4233,VS09,2021-10-15,30,2021-11-08,0
PO-2023-4234,VS08,2022-01-01,21,2022-01-15,0
PO-2023-4235,VS14,2023-02-26,30,2023-04-16,22
PO-2023-4236,VS09,2022-04-02,30,2022-04-29,0
PO-2023-4237,VS11,2022-04-21,30,2022-06-05,18
PO-2023-4238,VS12,2021-01-19,15,2021-01-31,0
PO-2023-4239,VS07,2021-04-13,15,2021-04-25,0
PO-2023-4240,VS32,2022-04-11,45,2022-05-19,0
PO-2023-4241,VS12,2021-02-17,15,2021-03-01,0
PO-2023-4242,VS25,2022-12-02,30,2023-01-04,6
PO-2023-4243,VS23,2023-01-28,45,2023-03-22,11
PO-2023-4244,VS15,2021-10-23,45,2021-12-09,5
PO-2023-4245,VS09,2022-03-24,30,2022-04-20,0
PO-2023-4246,VS30,2023-08-21,45,2023-09-29,0
PO-2023-4247,VS29,2022-08-20,30,2022-09-19,3
PO-2023-4248,VS19,2021-09-03,30,2021-09-30,0
PO-2023-4249,VS29,2021-06-17,30,2021-07-14,0
PO-2023-4250,VS04,2022-12-01,21,2022-12-31,12
PO-2023-4251,VS05,2023-05-10,15,2023-06-12,21
PO-2023-4252,VS21,2021-06-30,15,2021-07-16,4
PO-2023-4253,VS10,2021-05-06,30,2021-06-16,14
PO-2023-4254,VS29,2023-09-10,30,2023-10-30,23
PO-2023-4255,VS14,2023-05-29,30,2023-07-17,22
PO-2023-4256,VS08,2023-09-26,21,2023-10-30,16
PO-2023-4257,VS34,2023-02-18,21,2023-03-11,3
PO-2023-4258,VS06,2023-10-20,30,2023-11-20,4
PO-2023-4259,VS02,2022-02-02,21,2022-02-16,0
PO-2023-4260,VS16,2022-11-24,15,2022-12-13,7
PO-2023-4261,VS14,2021-06-02,30,2021-06-29,0
PO-2023-4262,VS25,2023-10-29,30,2023-11-25,0
PO-2023-4263,VS07,2022-06-16,15,2022-07-16,18
PO-2023-4264,VS27,2023-10-18,21,2023-11-05,0
PO-2023-4265,VS34,2022-03-10,21,2022-03-23,0
PO-2023-4266,VS25,2021-03-07,30,2021-04-07,4
PO-2023-4267,VS28,2022-01-15,15,2022-01-27,0
PO-2023-4268,VS10,2021-05-14,30,2021-06-08,0
PO-2023-4269,VS16,2022-03-31,15,2022-05-04,22
PO-2023-4270,VS25,2022-10-09,30,2022-11-05,0
PO-2023-4271,VS19,2023-11-17,30,2024-01-07,24
PO-2023-4272,VS24,2022-08-16,45,2022-10-16,19
PO-2023-4273,VS01,2022-10-10,15,2022-11-15,24
PO-2023-4274,VS25,2022-11-04,30,2022-12-09,8
PO-2023-4275,VS27,2021-04-25,21,2021-05-19,6
PO-2023-4276,VS12,2023-10-09,15,2023-10-29,8
PO-2023-4277,VS14,2023-06-25,30,2023-08-13,22
PO-2023-4278,VS09,2021-06-02,30,2021-07-05,6
PO-2023-4279,VS01,2023-02-03,15,2023-02-15,0
PO-2023-4280,VS01,2023-08-07,15,2023-08-14,0
PO-2023-4281,VS09,2023-08-11,30,2023-09-29,22
PO-2023-4282,VS30,2021-04-20,45,2021-06-07,6
PO-2023-4283,VS06,2021-10-05,30,2021-11-09,8
PO-2023-4284,VS13,2022-05-16,30,2022-06-24,12
PO-2023-4285,VS18,2021-04-28,30,2021-05-26,1
PO-2023-4286,VS29,2023-04-03,30,2023-05-10,10
PO-2023-4287,VS34,2021-10-18,21,2021-11-30,25
PO-2023-4288,VS02,2021-11-10,21,2021-11-28,0
PO-2023-4289,VS33,2022-08-25,45,2022-10-06,0
PO-2023-4290,VS14,2022-02-24,30,2022-04-02,10
PO-2023-4291,VS02,2023-02-23,21,2023-03-13,0
PO-2023-4292,VS32,2023-04-14,45,2023-06-18,23
PO-2023-4293,VS19,2022-06-06,30,2022-07-16,13
PO-2023-4294,VS27,2023-02-01,21,2023-02-19,0
PO-2023-4295,VS10,2022-01-23,30,2022-02-19,0
PO-2023-4296,VS24,2022-03-20,45,2022-04-28,0
PO-2023-4297,VS07,2021-06-11,15,2021-07-12,19
PO-2023-4298,VS04,2023-12-26,21,2024-01-31,18
PO-2023-4299,VS03,2023-11-13,21,2023-12-08,7
PO-2023-4300,VS18,2021-05-09,30,2021-05-31,0
PO-2023-4301,VS05,2022-12-01,15,2022-12-08,0
PO-2023-4302,VS18,2021-08-03,30,2021-08-30,0
PO-2023-4303,VS23,2022-10-20,45,2022-12-21,20
PO-2023-4304,VS07,2021-01-28,15,2021-02-09,0
PO-2023-4305,VS08,2023-07-09,21,2023-07-27,0
PO-2023-4306,VS06,2021-03-18,30,2021-05-06,22
PO-2023-4307,VS26,2021-08-02,21,2021-08-23,3
PO-2023-4308,VS07,2023-09-21,15,2023-10-05,2
PO-2023-4309,VS34,2023-05-22,21,2023-06-09,0
PO-2023-4310,VS29,2023-03-04,30,2023-03-31,0
PO-2023-4311,VS11,2022-02-15,30,2022-03-27,13
PO-2023-4312,VS02,2022-10-23,21,2022-11-10,0
PO-2023-4313,VS17,2022-01-27,45,2022-03-18,8
PO-2023-4314,VS21,2023-05-18,15,2023-05-29,0
PO-2023-4315,VS16,2023-01-20,15,2023-02-01,0
PO-2023-4316,VS11,2023-11-12,30,2023-12-24,15
PO-2023-4317,VS30,2021-07-16,45,2021-08-25,0
PO-2023-4318,VS18,2022-11-11,30,2023-01-02,25
PO-2023-4319,VS13,2021-01-12,30,2021-02-10,2
PO-2023-4320,VS30,2021-11-22,45,2022-01-03,0
PO-2023-4321,VS17,2022-04-03,45,2022-05-27,12
PO-2023-4322,VS11,2021-05-09,30,2021-06-05,0
PO-2023-4323,VS07,2023-05-27,15,2023-06-14,6
PO-2023-4324,VS31,2021-01-19,45,2021-03-04,2
PO-2023-4325,VS15,2023-07-28,45,2023-10-02,24
PO-2023-4326,VS31,2023-09-04,45,2023-10-11,0
PO-2023-4327,VS33,2021-09-08,45,2021-10-20,0
PO-2023-4328,VS33,2023-09-15,45,2023-11-16,20
PO-2023-4329,VS29,2021-01-21,30,2021-02-17,0
PO-2023-4330,VS10,2022-07-28,30,2022-09-04,11
PO-2023-4331,VS23,2021-04-20,45,2021-06-16,15
PO-2023-4332,VS07,2023-08-23,15,2023-09-04,0
PO-2023-4333,VS07,2023-09-03,15,2023-09-20,5
PO-2023-4334,VS26,2023-03-31,21,2023-05-11,23
PO-2023-4335,VS34,2023-02-16,21,2023-03-13,7
PO-2023-4336,VS24,2021-02-08,45,2021-04-03,12
PO-2023-4337,VS25,2021-10-14,30,2021-11-10,0
PO-2023-4338,VS09,2022-01-12,30,2022-02-13,5
PO-2023-4339,VS30,2021-01-31,45,2021-03-10,0
PO-2023-4340,VS27,2022-05-17,21,2022-06-04,0
PO-2023-4341,VS06,2021-08-26,30,2021-10-16,24
PO-2023-4342,VS26,2021-05-25,21,2021-06-28,16
PO-2023-4343,VS26,2021-10-06,21,2021-11-16,23
PO-2023-4344,VS30,2022-06-23,45,2022-08-05,1
PO-2023-4345,VS21,2022-03-31,15,2022-04-17,5
PO-2023-4346,VS06,2023-10-08,30,2023-11-10,6
PO-2023-4347,VS17,2021-07-09,45,2021-08-16,0
PO-2023-4348,VS25,2023-04-30,30,2023-06-18,22
PO-2023-4349,VS14,2021-02-19,30,2021-03-20,2
PO-2023-4350,VS27,2021-10-15,21,2021-11-19,17
PO-2023-4351,VS26,2022-10-01,21,2022-10-24,5
PO-2023-4352,VS32,2021-12-10,45,2022-01-19,0
PO-2023-4353,VS02,2021-10-20,21,2021-11-03,0
PO-2023-4354,VS02,2023-02-15,21,2023-03-14,9
PO-2023-4355,VS18,2022-11-27,30,2023-01-17,24
PO-2023-4356,VS13,2023-04-04,30,2023-05-04,3
PO-2023-4357,VS21,2022-04-29,15,2022-05-29,18
PO-2023-4358,VS01,2022-02-19,15,2022-03-23,20
PO-2023-4359,VS34,2021-04-21,21,2021-05-09,0
PO-2023-4360,VS20,2021-01-11,21,2021-02-09,11
PO-2023-4361,VS22,2022-04-21,21,2022-05-07,0
PO-2023-4362,VS04,2022-01-07,21,2022-02-13,19
PO-2023-4363,VS27,2023-07-01,21,2023-08-08,20
PO-2023-4364,VS02,2021-12-18,21,2022-01-30,25
PO-2023-4365,VS34,2023-06-01,21,2023-06-19,0
PO-2023-4366,VS30,2022-09-16,45,2022-10-25,0
PO-2023-4367,VS05,2022-03-31,15,2022-04-28,16
PO-2023-4368,VS16,2022-03-14,15,2022-03-29,3
PO-2023-4369,VS33,2023-07-10,45,2023-08-21,0
PO-2023-4370,VS20,2021-09-16,21,2021-10-04,0
PO-2023-4371,VS23,2023-04-19,45,2023-05-31,0
PO-2023-4372,VS28,2023-09-25,15,2023-10-31,24
PO-2023-4373,VS26,2023-09-11,21,2023-10-20,21
PO-2023-4374,VS16,2023-04-21,15,2023-05-03,0
PO-2023-4375,VS02,2023-01-06,21,2023-02-01,8
PO-2023-4376,VS30,2021-11-30,45,2022-01-17,6
PO-2023-4377,VS28,2023-06-08,15,2023-06-20,0
PO-2023-4378,VS29,2022-02-06,30,2022-03-21,16
PO-2023-4379,VS12,2021-12-16,15,2022-01-16,19
PO-2023-4380,VS30,2021-01-05,45,2021-03-04,16
PO-2023-4381,VS09,2021-08-09,30,2021-09-15,10
PO-2023-4382,VS28,2021-11-11,15,2021-12-03,10
PO-2023-4383,VS02,2022-09-02,21,2022-09-26,6
PO-2023-4384,VS02,2023-12-29,21,2024-02-08,23
PO-2023-4385,VS08,2022-08-22,21,2022-09-23,14
PO-2023-4386,VS31,2022-11-10,45,2022-12-22,0
PO-2023-4387,VS26,2022-12-26,21,2023-01-16,3
PO-2023-4388,VS08,2021-06-17,21,2021-07-05,0
PO-2023-4389,VS03,2023-01-13,21,2023-01-30,0
PO-2023-4390,VS34,2022-01-09,21,2022-01-27,0
PO-2023-4391,VS04,2023-08-10,21,2023-08-26,0
PO-2023-4392,VS02,2022-02-09,21,2022-02-27,0
PO-2023-4393,VS05,2021-01-31,15,2021-02-12,0
PO-2023-4394,VS11,2022-07-21,30,2022-08-20,3
PO-2023-4395,VS12,2021-11-05,15,2021-11-21,4
PO-2023-4396,VS08,2022-03-11,21,2022-03-27,0
PO-2023-4397,VS32,2021-01-31,45,2021-03-21,7
PO-2023-4398,VS25,2021-12-23,30,2022-01-19,0
PO-2023-4399,VS24,2023-07-17,45,2023-08-28,0
PO-2023-4400,VS02,2022-08-17,21,2022-09-06,2
PO-2023-4401,VS20,2022-07-25,21,2022-08-29,17
PO-2023-4402,VS32,2023-04-19,45,2023-06-25,25
PO-2023-4403,VS24,2022-03-06,45,2022-04-17,0
PO-2023-4404,VS05,2022-11-11,15,2022-11-24,1
PO-2023-4405,VS23,2023-05-11,45,2023-06-22,0
PO-2023-4406,VS13,2023-11-07,30,2023-12-01,0
PO-2023-4407,VS28,2022-12-28,15,2023-01-06,0
PO-2023-4408,VS26,2023-06-12,21,2023-07-01,1
PO-2023-4409,VS31,2023-08-05,45,2023-09-14,0
PO-2023-4410,VS16,2022-08-22,15,2022-09-28,25
PO-2023-4411,VS17,2022-03-27,45,2022-05-03,0
PO-2023-4412,VS03,2022-11-25,21,2022-12-13,0
PO-2023-4413,VS04,2022-10-19,21,2022-11-16,10
PO-2023-4414,VS18,2023-12-29,30,2024-01-25,0
PO-2023-4415,VS30,2021-04-18,45,2021-06-20,21
PO-2023-4416,VS03,2022-02-09,21,2022-02-28,1
PO-2023-4417,VS21,2021-10-21,15,2021-11-20,18
PO-2023-4418,VS16,2021-01-13,15,2021-01-25,0
PO-2023-4419,VS23,2022-11-21,45,2023-01-25,23
PO-2023-4420,VS20,2021-01-13,21,2021-01-29,0
PO-2023-4421,VS20,2021-07-15,21,2021-08-09,7
PO-2023-4422,VS17,2023-08-12,45,2023-09-23,0
PO-2023-4423,VS13,2022-11-12,30,2022-12-31,22
PO-2023-4424,VS10,2021-08-20,30,2021-09-16,0
PO-2023-4425,VS26,2021-12-11,21,2022-01-04,6
PO-2023-4426,VS28,2021-11-05,15,2021-11-22,5
PO-2023-4427,VS04,2021-08-19,21,2021-09-17,11
PO-2023-4428,VS23,2022-12-21,45,2023-02-25,24
PO-2023-4429,VS03,2023-06-06,21,2023-07-10,16
PO-2023-4430,VS20,2023-09-07,21,2023-09-25,0
PO-2023-4431,VS30,2022-03-30,45,2022-05-11,0
PO-2023-4432,VS07,2022-01-20,15,2022-02-06,5
PO-2023-4433,VS07,2023-03-04,15,2023-04-01,16
PO-2023-4434,VS28,2023-02-10,15,2023-02-17,0
PO-2023-4435,VS28,2021-12-25,15,2022-01-10,4
PO-2023-4436,VS26,2023-06-28,21,2023-07-11,0
PO-2023-4437,VS15,2023-05-22,45,2023-07-04,1
PO-2023-4438,VS22,2022-04-30,21,2022-05-17,0
PO-2023-4439,VS22,2022-10-02,21,2022-10-28,8
PO-2023-4440,VS09,2021-10-23,30,2021-11-19,0
PO-2023-4441,VS14,2021-12-24,30,2022-01-28,8
PO-2023-4442,VS03,2023-12-26,21,2024-01-23,10
PO-2023-4443,VS10,2022-08-24,30,2022-10-10,20
PO-2023-4444,VS20,2023-04-04,21,2023-04-29,7
PO-2023-4445,VS16,2021-12-29,15,2022-01-10,0
PO-2023-4446,VS29,2023-02-02,30,2023-03-19,18
PO-2023-4447,VS22,2021-08-17,21,2021-09-04,0
PO-2023-4448,VS13,2022-06-17,30,2022-07-14,0
PO-2023-4449,VS16,2022-09-08,15,2022-09-20,0
PO-2023-4450,VS03,2021-06-26,21,2021-07-28,14
PO-2023-4451,VS07,2021-09-04,15,2021-09-21,5
PO-2023-4452,VS30,2021-08-26,45,2021-10-20,13
PO-2023-4453,VS29,2021-05-15,30,2021-06-27,16
PO-2023-4454,VS06,2021-10-20,30,2021-11-16,0
PO-2023-4455,VS11,2021-11-18,30,2021-12-15,0
PO-2023-4456,VS21,2021-06-07,15,2021-06-30,11
PO-2023-4457,VS08,2023-09-22,21,2023-10-12,2
PO-2023-4458,VS32,2023-07-17,45,2023-08-31,3
PO-2023-4459,VS24,2021-06-18,45,2021-07-30,0
PO-2023-4460,VS12,2021-01-25,15,2021-02-28,22
PO-2023-4461,VS16,2023-12-06,15,2024-01-03,16
PO-2023-4462,VS23,2022-09-30,45,2022-12-04,23
PO-2023-4463,VS26,2023-07-19,21,2023-08-22,16
PO-2023-4464,VS14,2021-01-21,30,2021-03-03,14
PO-2023-4465,VS20,2022-12-17,21,2023-01-08,4
PO-2023-4466,VS33,2023-05-22,45,2023-07-04,1
PO-2023-4467,VS29,2021-10-01,30,2021-11-07,10
PO-2023-4468,VS16,2021-07-28,15,2021-08-15,6
PO-2023-4469,VS11,2022-10-01,30,2022-10-23,0
PO-2023-4470,VS24,2021-12-16,45,2022-01-27,0
PO-2023-4471,VS05,2022-02-11,15,2022-03-09,14
PO-2023-4472,VS15,2023-04-25,45,2023-06-06,0
PO-2023-4473,VS31,2021-06-29,45,2021-08-26,16
PO-2023-4474,VS20,2023-11-15,21,2023-12-03,0
PO-2023-4475,VS23,2021-02-20,45,2021-04-07,4
PO-2023-4476,VS31,2021-04-17,45,2021-06-04,6
PO-2023-4477,VS02,2023-01-21,21,2023-02-10,2
PO-2023-4478,VS30,2022-03-23,45,2022-05-04,0
PO-2023-4479,VS17,2021-06-17,45,2021-08-09,11
PO-2023-4480,VS10,2023-08-29,30,2023-09-25,0
PO-2023-4481,VS30,2022-01-20,45,2022-02-28,0
PO-2023-4482,VS33,2021-08-30,45,2021-10-11,0
PO-2023-4483,VS23,2022-05-11,45,2022-06-22,0
PO-2023-4484,VS29,2023-02-24,30,2023-03-20,0
PO-2023-4485,VS14,2023-10-13,30,2023-11-09,0
PO-2023-4486,VS19,2023-09-09,30,2023-10-06,0
PO-2023-4487,VS25,2022-08-18,30,2022-09-14,0
PO-2023-4488,VS32,2021-12-30,45,2022-02-25,15
PO-2023-4489,VS05,2021-08-18,15,2021-08-30,0
PO-2023-4490,VS07,2021-12-26,15,2022-01-30,23
PO-2023-4491,VS27,2023-03-27,21,2023-04-18,4
PO-2023-4492,VS17,2021-02-28,45,2021-04-09,0
PO-2023-4493,VS33,2023-03-08,45,2023-04-19,0
PO-2023-4494,VS01,2022-04-22,15,2022-05-19,15
PO-2023-4495,VS26,2022-04-15,21,2022-05-15,12
PO-2023-4496,VS10,2022-01-09,30,2022-02-17,12
PO-2023-4497,VS22,2023-02-28,21,2023-03-19,1
PO-2023-4498,VS25,2021-04-16,30,2021-05-09,0
PO-2023-4499,VS09,2021-12-18,30,2022-01-23,9
PO-2023-4500,VS02,2022-02-02,21,2022-02-20,0
PO-2023-4501,VS04,2023-04-04,21,2023-05-10,18
PO-2023-4502,VS17,2023-12-06,45,2024-01-17,0
PO-2023-4503,VS21,2021-04-30,15,2021-05-08,0
PO-2023-4504,VS08,2021-09-15,21,2021-10-05,2
PO-2023-4505,VS23,2023-05-09,45,2023-07-01,11
PO-2023-4506,VS01,2021-07-31,15,2021-08-19,7
PO-2023-4507,VS27,2022-10-07,21,2022-10-29,4
PO-2023-4508,VS30,2021-12-14,45,2022-02-16,22
PO-2023-4509,VS07,2023-05-02,15,2023-05-14,0
PO-2023-4510,VS33,2023-09-30,45,2023-11-26,15
PO-2023-4511,VS04,2023-12-16,21,2024-01-24,21
PO-2023-4512,VS08,2021-04-10,21,2021-04-24,0
PO-2023-4513,VS32,2023-05-26,45,2023-07-02,0
PO-2023-4514,VS25,2021-08-27,30,2021-10-11,18
PO-2023-4515,VS16,2021-09-07,15,2021-09-22,3
PO-2023-4516,VS03,2022-07-06,21,2022-07-24,0
PO-2023-4517,VS31,2022-05-15,45,2022-06-26,0
PO-2023-4518,VS22,2023-11-26,21,2023-12-14,0
PO-2023-4519,VS10,2021-09-14,30,2021-10-11,0
PO-2023-4520,VS10,2021-11-15,30,2021-12-15,3
PO-2023-4521,VS18,2023-06-19,30,2023-08-03,18
PO-2023-4522,VS05,2022-10-26,15,2022-11-07,0
PO-2023-4523,VS12,2021-08-09,15,2021-08-17,0
PO-2023-4524,VS15,2023-03-24,45,2023-05-26,21
PO-2023-4525,VS21,2022-06-03,15,2022-06-17,2
PO-2023-4526,VS16,2021-04-21,15,2021-05-03,0
PO-2023-4527,VS34,2023-04-03,21,2023-04-21,0
PO-2023-4528,VS20,2023-05-31,21,2023-07-09,21
PO-2023-4529,VS18,2021-10-08,30,2021-11-21,17
PO-2023-4530,VS07,2021-12-30,15,2022-01-31,20
PO-2023-4531,VS06,2022-11-08,30,2022-12-05,0
PO-2023-4532,VS31,2022-03-21,45,2022-05-02,0
PO-2023-4533,VS08,2021-10-09,21,2021-10-29,2
PO-2023-4534,VS20,2022-01-08,21,2022-02-09,14
PO-2023-4535,VS07,2022-07-11,15,2022-07-19,0
PO-2023-4536,VS27,2021-05-09,21,2021-05-27,0
PO-2023-4537,VS01,2022-09-27,15,2022-10-09,0
PO-2023-4538,VS19,2022-09-30,30,2022-11-03,7
PO-2023-4539,VS10,2022-07-12,30,2022-08-13,5
PO-2023-4540,VS01,2023-01-27,15,2023-02-11,3
PO-2023-4541,VS33,2021-09-02,45,2021-10-20,6
PO-2023-4542,VS01,2022-07-19,15,2022-07-31,0
PO-2023-4543,VS13,2021-05-17,30,2021-06-13,0
PO-2023-4544,VS20,2021-10-05,21,2021-11-13,21
PO-2023-4545,VS33,2021-04-28,45,2021-06-15,6
PO-2023-4546,VS02,2021-05-28,21,2021-06-15,0
PO-2023-4547,VS12,2022-01-10,15,2022-01-22,0
PO-2023-4548,VS25,2023-02-25,30,2023-04-14,21
PO-2023-4549,VS11,2021-12-24,30,2022-02-11,22
PO-2023-4550,VS06,2022-05-31,30,2022-06-27,0
PO-2023-4551,VS02,2022-01-31,21,2022-02-27,9
PO-2023-4552,VS19,2021-11-04,30,2021-12-20,19
PO-2023-4553,VS18,2022-01-23,30,2022-02-25,6
PO-2023-4554,VS15,2023-11-29,45,2024-01-10,0
PO-2023-4555,VS25,2023-12-18,30,2024-01-20,6
PO-2023-4556,VS28,2023-11-09,15,2023-12-04,13
PO-2023-4557,VS25,2021-12-31,30,2022-01-26,0
PO-2023-4558,VS14,2022-07-08,30,2022-08-19,15
PO-2023-4559,VS34,2021-12-04,21,2021-12-18,0
PO-2023-4560,VS16,2021-01-20,15,2021-02-15,14
PO-2023-4561,VS21,2022-08-07,15,2022-09-05,17
PO-2023-4562,VS22,2023-04-13,21,2023-05-10,9
PO-2023-4563,VS13,2023-12-11,30,2024-01-07,0
PO-2023-4564,VS18,2022-12-01,30,2022-12-28,0
PO-2023-4565,VS19,2022-07-20,30,2022-08-19,3
PO-2023-4566,VS29,2023-06-03,30,2023-07-02,2
PO-2023-4567,VS07,2023-04-20,15,2023-05-02,0
PO-2023-4568,VS04,2023-06-10,21,2023-07-02,4
PO-2023-4569,VS02,2021-06-18,21,2021-07-06,0
PO-2023-4570,VS07,2023-07-10,15,2023-07-22,0
PO-2023-4571,VS21,2023-06-08,15,2023-06-17,0
PO-2023-4572,VS28,2023-11-04,15,2023-11-24,8
PO-2023-4573,VS17,2022-08-26,45,2022-10-11,4
PO-2023-4574,VS34,2023-06-13,21,2023-07-16,15
PO-2023-4575,VS02,2022-10-29,21,2022-11-16,0
PO-2023-4576,VS32,2022-04-18,45,2022-06-23,24
PO-2023-4577,VS12,2022-06-29,15,2022-07-11,0
PO-2023-4578,VS22,2021-12-13,21,2022-01-08,8
PO-2023-4579,VS04,2022-11-11,21,2022-11-29,0
PO-2023-4580,VS12,2023-05-30,15,2023-06-23,12
PO-2023-4581,VS27,2021-05-30,21,2021-06-30,13
PO-2023-4582,VS04,2023-04-17,21,2023-05-05,0
PO-2023-4583,VS06,2021-02-11,30,2021-03-10,0
PO-2023-4584,VS25,2023-06-22,30,2023-07-19,0
PO-2023-4585,VS01,2022-03-06,15,2022-03-27,9
PO-2023-4586,VS32,2021-11-01,45,2021-12-27,14
PO-2023-4587,VS14,2021-04-13,30,2021-05-10,0
PO-2023-4588,VS14,2023-05-19,30,2023-06-20,5
PO-2023-4589,VS26,2022-06-16,21,2022-07-08,4
PO-2023-4590,VS15,2022-05-19,45,2022-07-23,23
PO-2023-4591,VS15,2022-02-09,45,2022-03-23,0
PO-2023-4592,VS29,2021-04-11,30,2021-05-08,0
PO-2023-4593,VS23,2022-07-31,45,2022-09-11,0
PO-2023-4594,VS09,2023-04-30,30,2023-06-18,22
PO-2023-4595,VS03,2022-10-07,21,2022-10-25,0
PO-2023-4596,VS32,2023-10-01,45,2023-11-26,14
PO-2023-4597,VS19,2022-07-16,30,2022-08-18,6
PO-2023-4598,VS09,2022-11-19,30,2022-12-21,5
PO-2023-4599,VS02,2022-06-07,21,2022-06-25,0
PO-2023-4600,VS19,2023-09-04,30,2023-10-20,19
PO-2023-4601,VS30,2023-05-16,45,2023-07-13,16
PO-2023-4602,VS20,2022-02-17,21,2022-03-23,16
PO-2023-4603,VS14,2022-03-05,30,2022-04-09,8
PO-2023-4604,VS18,2021-04-09,30,2021-05-06,0
PO-2023-4605,VS10,2023-11-06,30,2023-12-03,0
PO-2023-4606,VS34,2022-05-19,21,2022-06-14,8
PO-2023-4607,VS12,2022-12-05,15,2022-12-26,9
PO-2023-4608,VS03,2023-06-03,21,2023-06-21,0
PO-2023-4609,VS06,2021-03-04,30,2021-03-31,0
PO-2023-4610,VS27,2023-01-14,21,2023-02-01,0
PO-2023-4611,VS26,2023-10-28,21,2023-11-15,0
PO-2023-4612,VS33,2022-10-17,45,2022-11-30,2
PO-2023-4613,VS28,2023-04-06,15,2023-04-18,0
PO-2023-4614,VS06,2023-05-24,30,2023-07-07,17
PO-2023-4615,VS01,2023-09-28,15,2023-10-20,10
PO-2023-4616,VS25,2023-04-02,30,2023-04-30,1
PO-2023-4617,VS09,2023-02-06,30,2023-03-21,16
PO-2023-4618,VS02,2023-02-10,21,2023-02-28,0
PO-2023-4619,VS15,2021-12-06,45,2022-01-17,0
PO-2023-4620,VS32,2022-01-19,45,2022-03-02,0
PO-2023-4621,VS31,2022-07-27,45,2022-09-28,21
PO-2023-4622,VS17,2021-05-21,45,2021-07-06,4
PO-2023-4623,VS25,2023-12-29,30,2024-02-13,19
PO-2023-4624,VS14,2022-05-17,30,2022-07-03,20
PO-2023-4625,VS22,2023-10-25,21,2023-11-25,13
PO-2023-4626,VS01,2021-09-23,15,2021-10-22,17
PO-2023-4627,VS11,2021-02-07,30,2021-03-20,14
PO-2023-4628,VS06,2023-01-05,30,2023-02-12,11
PO-2023-4629,VS27,2023-04-16,21,2023-05-16,12
PO-2023-4630,VS07,2022-09-15,15,2022-10-03,6
PO-2023-4631,VS33,2021-06-09,45,2021-07-21,0
PO-2023-4632,VS18,2022-02-08,30,2022-03-08,1
PO-2023-4633,VS14,2022-12-20,30,2023-01-16,0
PO-2023-4634,VS32,2021-09-04,45,2021-11-10,25
PO-2023-4635,VS34,2021-05-02,21,2021-05-22,2
PO-2023-4636,VS25,2021-12-19,30,2022-01-20,5
PO-2023-4637,VS30,2023-02-14,45,2023-03-28,0
PO-2023-4638,VS07,2022-02-28,15,2022-03-12,0
PO-2023-4639,VS03,2021-07-10,21,2021-07-28,0
PO-2023-4640,VS25,2022-06-16,30,2022-07-13,0
PO-2023-4641,VS11,2022-10-04,30,2022-11-20,20
PO-2023-4642,VS16,2023-08-10,15,2023-09-16,25
PO-2023-4643,VS05,2021-12-25,15,2022-01-31,25
PO-2023-4644,VS06,2022-08-31,30,2022-10-22,25
PO-2023-4645,VS06,2022-05-29,30,2022-07-08,13
PO-2023-4646,VS05,2021-04-24,15,2021-05-26,20
PO-2023-4647,VS19,2022-09-25,30,2022-10-21,0
PO-2023-4648,VS04,2021-07-27,21,2021-08-17,3
PO-2023-4649,VS21,2022-10-06,15,2022-11-12,25
PO-2023-4650,VS20,2022-05-05,21,2022-06-11,19
PO-2023-4651,VS07,2022-01-15,15,2022-02-19,23
PO-2023-4652,VS22,2022-07-04,21,2022-07-22,0
PO-2023-4653,VS02,2021-08-02,21,2021-09-05,16
PO-2023-4654,VS25,2023-02-26,30,2023-03-21,0
PO-2023-4655,VS09,2023-12-18,30,2024-02-04,21
PO-2023-4656,VS26,2021-09-13,21,2021-10-01,0
PO-2023-4657,VS06,2021-11-11,30,2021-12-08,0
PO-2023-4658,VS25,2023-02-23,30,2023-03-22,0
PO-2023-4659,VS06,2023-10-17,30,2023-11-13,0
PO-2023-4660,VS32,2022-12-25,45,2023-03-02,25
PO-2023-4661,VS13,2021-04-14,30,2021-05-11,0
PO-2023-4662,VS18,2023-08-10,30,2023-09-06,0
PO-2023-4663,VS13,2022-06-08,30,2022-07-19,14
PO-2023-4664,VS06,2022-12-21,30,2023-01-16,0
PO-2023-4665,VS22,2021-04-05,21,2021-04-23,0
PO-2023-4666,VS34,2021-11-01,21,2021-12-13,24
PO-2023-4667,VS12,2021-03-03,15,2021-03-15,0
PO-2023-4668,VS31,2022-09-11,45,2022-10-23,0
PO-2023-4669,VS03,2022-12-03,21,2022-12-21,0
PO-2023-4670,VS22,2023-11-04,21,2023-11-22,0
PO-2023-4671,VS07,2021-03-17,15,2021-04-13,15
PO-2023-4672,VS15,2021-10-06,45,2021-11-17,0
PO-2023-4673,VS25,2023-06-29,30,2023-08-13,18
PO-2023-4674,VS05,2022-05-05,15,2022-05-17,0
PO-2023-4675,VS09,2021-09-23,30,2021-10-20,0
PO-2023-4676,VS25,2022-02-04,30,2022-03-27,24
PO-2023-4677,VS29,2022-07-25,30,2022-08-26,5
PO-2023-4678,VS02,2023-11-12,21,2023-12-03,3
PO-2023-4679,VS34,2022-06-13,21,2022-07-22,21
PO-2023-4680,VS20,2022-08-20,21,2022-09-17,10
PO-2023-4681,VS04,2023-08-03,21,2023-08-30,9
PO-2023-4682,VS23,2022-05-09,45,2022-07-01,11
PO-2023-4683,VS22,2021-04-29,21,2021-06-05,19
PO-2023-4684,VS17,2021-01-20,45,2021-02-28,0
PO-2023-4685,VS27,2023-12-22,21,2024-01-24,15
PO-2023-4686,VS24,2021-12-11,45,2022-02-05,14
PO-2023-4687,VS11,2023-12-16,30,2024-01-12,0
PO-2023-4688,VS14,2023-12-19,30,2024-01-15,0
PO-2023-4689,VS33,2023-11-14,45,2023-12-26,0
PO-2023-4690,VS32,2023-05-19,45,2023-06-30,0
PO-2023-4691,VS18,2023-04-01,30,2023-04-28,0
PO-2023-4692,VS21,2022-08-01,15,2022-08-14,1
PO-2023-4693,VS06,2022-02-18,30,2022-04-06,20
PO-2023-4694,VS11,2022-11-10,30,2022-12-07,0
PO-2023-4695,VS18,2023-07-29,30,2023-08-21,0
PO-2023-4696,VS34,2022-08-23,21,2022-09-10,0
PO-2023-4697,VS29,2023-05-31,30,2023-07-18,21
PO-2023-4698,VS32,2021-09-02,45,2021-10-31,17
PO-2023-4699,VS23,2023-04-16,45,2023-05-28,0
PO-2023-4700,VS20,2023-06-15,21,2023-07-03,0
PO-2023-4701,VS16,2023-05-28,15,2023-06-14,5
PO-2023-4702,VS33,2022-12-23,45,2023-02-16,13
PO-2023-4703,VS03,2022-01-31,21,2022-02-18,0
PO-2023-4704,VS12,2021-11-17,15,2021-11-29,0
PO-2023-4705,VS20,2022-03-20,21,2022-04-13,6
PO-2023-4706,VS17,2023-12-04,45,2024-01-15,0
PO-2023-4707,VS03,2023-11-06,21,2023-12-03,9
PO-2023-4708,VS05,2021-01-14,15,2021-02-20,25
PO-2023-4709,VS34,2023-02-10,21,2023-03-10,10
PO-2023-4710,VS21,2022-12-13,15,2023-01-13,19
PO-2023-4711,VS10,2022-05-20,30,2022-06-16,0
PO-2023-4712,VS26,2022-07-05,21,2022-08-15,23
PO-2023-4713,VS26,2022-03-02,21,2022-03-20,0
PO-2023-4714,VS34,2021-11-13,21,2021-12-01,0
PO-2023-4715,VS33,2021-11-14,45,2021-12-21,0
PO-2023-4716,VS21,2023-01-05,15,2023-01-30,13
PO-2023-4717,VS30,2023-10-19,45,2023-11-30,0
PO-2023-4718,VS25,2021-11-25,30,2022-01-10,19
PO-2023-4719,VS26,2023-02-02,21,2023-02-28,8
PO-2023-4720,VS01,2023-03-24,15,2023-04-02,0
PO-2023-4721,VS22,2023-09-15,21,2023-10-09,6
PO-2023-4722,VS33,2021-07-27,45,2021-09-07,0
PO-2023-4723,VS18,2021-11-13,30,2021-12-18,8
PO-2023-4724,VS22,2021-12-08,21,2022-01-08,13
PO-2023-4725,VS34,2022-01-03,21,2022-02-03,13
PO-2023-4726,VS18,2023-09-05,30,2023-10-15,13
PO-2023-4727,VS03,2022-10-19,21,2022-11-06,0
PO-2023-4728,VS14,2022-06-27,30,2022-07-22,0
PO-2023-4729,VS32,2023-08-26,45,2023-10-22,15
PO-2023-4730,VS10,2021-12-27,30,2022-01-23,0
PO-2023-4731,VS32,2021-04-24,45,2021-06-18,13
PO-2023-4732,VS23,2021-08-22,45,2021-10-03,0
PO-2023-4733,VS04,2021-04-18,21,2021-05-30,24
PO-2023-4734,VS30,2023-08-08,45,2023-09-22,3
PO-2023-4735,VS05,2022-05-11,15,2022-05-23,0
PO-2023-4736,VS24,2022-12-26,45,2023-02-06,0
PO-2023-4737,VS15,2021-08-04,45,2021-09-29,14
PO-2023-4738,VS20,2023-09-30,21,2023-10-13,0
PO-2023-4739,VS30,2023-02-09,45,2023-03-23,0
PO-2023-4740,VS24,2021-10-27,45,2021-12-08,0
PO-2023-4741,VS32,2022-12-09,45,2023-01-18,0
PO-2023-4742,VS27,2021-07-23,21,2021-09-03,24
PO-2023-4743,VS08,2022-06-25,21,2022-08-01,19
PO-2023-4744,VS29,2022-09-14,30,2022-10-12,1
PO-2023-4745,VS29,2023-04-04,30,2023-05-25,24
PO-2023-4746,VS16,2023-10-02,15,2023-10-19,5
PO-2023-4747,VS03,2022-12-01,21,2022-12-19,0
PO-2023-4748,VS26,2023-02-06,21,2023-02-24,0
PO-2023-4749,VS07,2023-03-10,15,2023-03-21,0
PO-2023-4750,VS03,2021-03-08,21,2021-04-16,21
PO-2023-4751,VS18,2023-08-04,30,2023-09-07,7
PO-2023-4752,VS34,2022-01-03,21,2022-01-29,8
PO-2023-4753,VS08,2021-11-19,21,2021-12-27,20
PO-2023-4754,VS29,2023-05-22,30,2023-06-30,12
PO-2023-4755,VS32,2023-05-31,45,2023-07-24,12
PO-2023-4756,VS27,2023-12-19,21,2024-01-09,3
PO-2023-4757,VS14,2024-01-02,30,2024-01-29,0
PO-2023-4758,VS07,2022-12-12,15,2022-12-24,0
PO-2023-4759,VS30,2021-04-10,45,2021-05-22,0
PO-2023-4760,VS28,2022-04-13,15,2022-04-25,0
PO-2023-4761,VS27,2023-09-13,21,2023-10-18,17
PO-2023-4762,VS34,2022-07-06,21,2022-08-15,22
PO-2023-4763,VS04,2021-01-26,21,2021-02-10,0
PO-2023-4764,VS24,2023-06-17,45,2023-08-12,14
PO-2023-4765,VS12,2023-11-21,15,2023-12-03,0
PO-2023-4766,VS31,2022-05-04,45,2022-07-05,20
PO-2023-4767,VS34,2023-11-07,21,2023-12-02,7
PO-2023-4768,VS09,2021-09-19,30,2021-11-01,16
PO-2023-4769,VS21,2021-12-10,15,2022-01-09,18
PO-2023-4770,VS10,2023-10-02,30,2023-10-29,0
PO-2023-4771,VS29,2022-10-18,30,2022-11-14,0
PO-2023-4772,VS12,2022-03-19,15,2022-04-10,10
PO-2023-4773,VS08,2021-06-09,21,2021-06-27,0
PO-2023-4774,VS06,2022-12-06,30,2023-01-02,0
PO-2023-4775,VS22,2021-02-10,21,2021-02-28,0
PO-2023-4776,VS14,2021-07-28,30,2021-08-24,0
PO-2023-4777,VS07,2022-09-12,15,2022-09-23,0
PO-2023-4778,VS17,2021-06-17,45,2021-08-11,13
PO-2023-4779,VS34,2022-06-22,21,2022-07-22,12
PO-2023-4780,VS08,2021-07-22,21,2021-08-21,12
PO-2023-4781,VS13,2021-01-27,30,2021-03-14,19
PO-2023-4782,VS30,2022-08-23,45,2022-10-11,7
PO-2023-4783,VS28,2023-09-20,15,2023-10-16,14
PO-2023-4784,VS10,2023-02-15,30,2023-03-14,0
PO-2023-4785,VS27,2021-05-18,21,2021-06-16,11
PO-2023-4786,VS34,2022-08-04,21,2022-08-22,0
PO-2023-4787,VS33,2021-08-02,45,2021-09-13,0
PO-2023-4788,VS25,2021-12-01,30,2021-12-28,0
PO-2023-4789,VS30,2023-06-02,45,2023-07-14,0
PO-2023-4790,VS21,2021-03-20,15,2021-04-20,19
PO-2023-4791,VS03,2022-05-31,21,2022-07-06,18
PO-2023-4792,VS08,2022-11-23,21,2022-12-11,0
PO-2023-4793,VS07,2023-02-08,15,2023-03-14,22
PO-2023-4794,VS30,2023-03-16,45,2023-05-09,12
PO-2023-4795,VS05,2022-05-24,15,2022-06-13,8
PO-2023-4796,VS11,2022-12-03,30,2022-12-30,0
PO-2023-4797,VS02,2023-05-21,21,2023-06-03,0
PO-2023-4798,VS33,2022-07-23,45,2022-09-26,23
PO-2023-4799,VS13,2022-04-23,30,2022-06-01,12
