po_id,po_date,supplier_id,material_id,quantity_ordered,unit,unit_price_quoted,delivery_promised_date,payment_terms_days
PO-2021-0000,2021-06-04,VS29,Spring Steel,5.8,MT,93910.87,2021-06-15,30
PO-2021-0001,2021-01-31,VS06,HR Coils,9.15,MT,81423.08,2021-02-06,30
PO-2021-0002,2023-04-02,VS04,MS Sheets,19.57,MT,118898.16,2023-04-09,21
PO-2021-0003,2023-07-21,VS19,GI Wire,35.13,MT,103779.41,2023-08-05,30
PO-2021-0004,2023-09-24,VS10,GI Sheets,15.54,MT,117653.2,2023-10-06,30
PO-2021-0005,2021-05-05,VS21,GI Pipes,3.46,MT,80759.14,2021-05-16,15
PO-2021-0006,2021-11-19,VS04,Hex Bars,4.93,MT,58936.87,2021-12-01,21
PO-2021-0007,2021-05-20,VS16,MS Rods,6.87,MT,111771.55,2021-05-26,15
PO-2021-0008,2021-03-23,VS06,GI Wire,33.21,MT,87392.02,2021-03-31,30
PO-2021-0009,2022-06-19,VS14,MS Flats,12.7,MT,74683.94,2022-07-02,30
PO-2021-0010,2022-09-07,VS30,MS Flats,46.52,MT,115180.07,2022-09-10,45
PO-2021-0011,2023-07-28,VS07,SS Pipes,27.34,MT,82941.35,2023-08-02,15
PO-2021-0012,2022-12-16,VS05,HR Coils,19.11,MT,56831.01,2022-12-27,15
PO-2021-0013,2022-09-12,VS34,MS Pipes,33.73,MT,86595.17,2022-09-25,21
PO-2021-0014,2021-08-01,VS09,CR Sheets,6.66,MT,53027.7,2021-08-12,30
PO-2021-0015,2021-11-15,VS18,SS Sheets,30.64,MT,98820.91,2021-11-21,30
PO-2021-0016,2022-06-25,VS33,Structural Steel,13.3,MT,113111.93,2022-06-28,45
PO-2021-0017,2021-07-09,VS28,CR Sheets,3.16,MT,70016.74,2021-07-14,15
PO-2021-0018,2022-06-21,VS11,Fasteners & Fittings,28.03,MT,77076.52,2022-06-24,30
PO-2021-0019,2021-08-18,VS05,Square/Rect Tubes,27.73,MT,107594.63,2021-08-30,15
PO-2021-0020,2021-10-31,VS28,Square/Rect Tubes,3.05,MT,72348.86,2021-11-15,15
PO-2021-0021,2021-03-23,VS23,GI Sheets,34.42,MT,95020.01,2021-03-31,45
PO-2021-0022,2023-04-13,VS10,HR Coils,43.37,MT,118215.45,2023-04-28,30
PO-2021-0023,2021-12-29,VS27,MS Pipes,9.79,MT,114336.55,2022-01-13,21
PO-2021-0024,2023-04-24,VS16,CR Sheets,8.8,MT,97595.86,2023-05-03,15
PO-2021-0025,2021-03-21,VS31,HR Coils,10.78,MT,113883.89,2021-03-29,45
PO-2021-0026,2022-09-18,VS15,HR Coils,2.16,MT,59484.73,2022-09-26,45
PO-2021-0027,2022-07-25,VS05,CR Sheets,18.21,MT,83205.43,2022-08-07,15
PO-2021-0028,2022-11-10,VS02,ERW Pipes,43.97,MT,64591.14,2022-11-22,21
PO-2021-0029,2022-06-28,VS03,ERW Pipes,30.23,MT,73763.59,2022-07-13,21
PO-2021-0030,2022-10-05,VS28,Hex Bars,6.67,MT,112462.85,2022-10-11,15
PO-2021-0031,2022-06-06,VS03,GI Wire,1.08,MT,118994.86,2022-06-17,21
PO-2021-0032,2022-02-08,VS24,GI Wire,4.43,MT,94817.83,2022-02-16,45
PO-2021-0033,2022-10-05,VS08,SS Sheets,25.85,MT,95016.97,2022-10-13,21
PO-2021-0034,2023-04-05,VS19,Spring Steel,7.24,MT,79594.81,2023-04-14,30
PO-2021-0035,2021-12-23,VS20,MS Rods,27.85,MT,45030.45,2021-12-30,21
PO-2021-0036,2022-03-07,VS28,MS Flats,23.78,MT,78161.98,2022-03-13,15
PO-2021-0037,2023-11-13,VS31,MS Sheets,33.28,MT,66283.98,2023-11-26,45
PO-2021-0038,2022-11-18,VS06,HR Coils,33.97,MT,61848.05,2022-11-24,30
PO-2021-0039,2021-10-29,VS02,GI Pipes,13.0,MT,80635.23,2021-11-13,21
PO-2021-0040,2021-05-30,VS30,GI Wire,44.42,MT,88175.32,2021-06-13,45
PO-2021-0041,2023-02-26,VS32,MS Rods,12.96,MT,94204.35,2023-03-01,45
PO-2021-0042,2021-08-07,VS28,HR Coils,9.62,MT,116847.45,2021-08-18,15
PO-2021-0043,2023-08-10,VS04,Spring Steel,13.21,MT,108625.23,2023-08-20,21
PO-2021-0044,2021-10-01,VS30,Hex Bars,49.41,MT,89658.92,2021-10-16,45
PO-2021-0045,2023-06-26,VS33,GI Wire,41.7,MT,86090.4,2023-07-01,45
PO-2021-0046,2023-08-31,VS29,CR Sheets,37.84,MT,107989.72,2023-09-07,30
PO-2021-0047,2023-12-04,VS32,HR Coils,14.46,MT,50811.25,2023-12-11,45
PO-2021-0048,2022-04-26,VS18,MS Flats,16.67,MT,85511.42,2022-05-01,30
PO-2021-0049,2021-11-05,VS15,MS Rods,35.0,MT,97981.44,2021-11-09,45
PO-2021-0050,2023-04-30,VS27,MS Flats,27.59,MT,76183.07,2023-05-06,21
PO-2021-0051,2023-05-11,VS25,MS Pipes,42.98,MT,102419.59,2023-05-20,30
PO-2021-0052,2023-09-04,VS01,Angles & Channels,15.63,MT,74249.0,2023-09-13,15
PO-2021-0053,2022-03-28,VS32,HR Coils,14.37,MT,81423.15,2022-04-06,45
PO-2021-0054,2022-11-20,VS26,MS Sheets,42.18,MT,113965.62,2022-12-02,21
PO-2021-0055,2023-12-30,VS02,MS Rods,30.0,MT,94724.98,2024-01-03,21
PO-2021-0056,2023-05-28,VS09,Fasteners & Fittings,9.9,MT,64511.72,2023-06-05,30
PO-2021-0057,2022-03-10,VS30,MS Flats,17.54,MT,110973.0,2022-03-17,45
PO-2021-0058,2023-05-14,VS17,SS Pipes,24.05,MT,101176.82,2023-05-17,45
PO-2021-0059,2022-12-18,VS15,SS Pipes,39.28,MT,93881.6,2023-01-02,45
PO-2021-0060,2021-03-05,VS16,GI Sheets,42.12,MT,91600.17,2021-03-11,15
PO-2021-0061,2021-09-16,VS31,ERW Pipes,28.63,MT,61347.34,2021-09-30,45
PO-2021-0062,2022-06-09,VS24,MS Sheets,30.69,MT,117280.11,2022-06-23,45
PO-2021-0063,2021-08-23,VS11,SS Sheets,6.3,MT,46925.88,2021-08-30,30
PO-2021-0064,2023-02-08,VS26,GI Sheets,4.72,MT,96796.08,2023-02-21,21
PO-2021-0065,2022-05-13,VS07,SS Sheets,42.66,MT,90030.87,2022-05-17,15
PO-2021-0066,2021-03-26,VS23,Spring Steel,21.99,MT,72792.82,2021-04-06,45
PO-2021-0067,2022-11-30,VS01,GI Wire,41.29,MT,52915.42,2022-12-08,15
PO-2021-0068,2023-07-31,VS10,GI Wire,9.63,MT,84131.01,2023-08-13,30
PO-2021-0069,2022-07-08,VS31,Fasteners & Fittings,22.34,MT,99826.97,2022-07-15,45
PO-2021-0070,2022-10-23,VS16,SS Pipes,14.67,MT,78810.15,2022-11-07,15
PO-2021-0071,2023-08-10,VS25,MS Flats,2.41,MT,108821.46,2023-08-15,30
PO-2021-0072,2023-09-26,VS14,Angles & Channels,40.09,MT,70525.41,2023-10-08,30
PO-2021-0073,2022-07-20,VS01,Hex Bars,47.46,MT,51420.97,2022-08-03,15
PO-2021-0074,2023-04-13,VS32,Spring Steel,38.15,MT,96795.7,2023-04-26,45
PO-2021-0075,2023-10-03,VS29,MS Pipes,5.56,MT,61619.73,2023-10-17,30
PO-2021-0076,2022-05-14,VS20,Angles & Channels,24.19,MT,84819.14,2022-05-23,21
PO-2021-0077,2022-11-09,VS23,Fasteners & Fittings,14.27,MT,63855.28,2022-11-13,45
PO-2021-0078,2022-01-30,VS21,ERW Pipes,37.4,MT,116315.82,2022-02-13,15
PO-2021-0079,2022-01-15,VS13,GI Sheets,37.19,MT,65737.47,2022-01-27,30
PO-2021-0080,2023-12-11,VS19,ERW Pipes,41.8,MT,69907.22,2023-12-19,30
PO-2021-0081,2022-01-03,VS20,MS Pipes,35.69,MT,54493.72,2022-01-06,21
PO-2021-0082,2021-04-22,VS19,Square/Rect Tubes,32.26,MT,105517.79,2021-04-26,30
PO-2021-0083,2021-01-26,VS19,Structural Steel,24.46,MT,73375.06,2021-01-29,30
PO-2021-0084,2022-06-02,VS31,ERW Pipes,41.28,MT,75053.06,2022-06-06,45
PO-2021-0085,2021-04-20,VS10,Square/Rect Tubes,40.75,MT,116184.42,2021-04-24,30
PO-2021-0086,2022-05-24,VS08,Spring Steel,38.46,MT,90473.82,2022-06-08,21
PO-2021-0087,2022-04-08,VS34,MS Rods,23.08,MT,78204.08,2022-04-20,21
PO-2021-0088,2023-05-29,VS20,GI Pipes,30.87,MT,100506.7,2023-06-13,21
PO-2021-0089,2022-03-02,VS14,CR Sheets,33.36,MT,56779.28,2022-03-07,30
PO-2021-0090,2021-06-03,VS11,MS Pipes,21.02,MT,96702.84,2021-06-13,30
PO-2021-0091,2022-08-20,VS03,HR Coils,15.12,MT,68852.03,2022-08-30,21
PO-2021-0092,2021-05-26,VS15,CR Sheets,39.6,MT,91879.35,2021-06-08,45
PO-2021-0093,2022-02-10,VS28,ERW Pipes,27.68,MT,93572.6,2022-02-17,15
PO-2021-0094,2021-10-19,VS05,GI Pipes,9.13,MT,68070.89,2021-11-02,15
PO-2021-0095,2022-08-15,VS29,ERW Pipes,23.97,MT,67806.84,2022-08-24,30
PO-2021-0096,2022-07-12,VS33,Spring Steel,25.2,MT,51033.14,2022-07-15,45
PO-2021-0097,2023-06-04,VS21,CR Sheets,2.27,MT,62169.33,2023-06-17,15
PO-2021-0098,2021-02-12,VS18,GI Pipes,38.39,MT,58139.3,2021-02-23,30
PO-2021-0099,2023-06-25,VS18,MS Sheets,49.85,MT,77691.37,2023-07-05,30
PO-2021-0100,2021-07-06,VS31,Angles & Channels,21.01,MT,69079.37,2021-07-10,45
PO-2021-0101,2021-11-26,VS22,GI Wire,34.99,MT,66616.33,2021-12-05,21
PO-2021-0102,2021-03-17,VS30,SS Pipes,16.41,MT,69245.53,2021-04-01,45
PO-2021-0103,2023-04-08,VS33,MS Pipes,33.23,MT,85694.52,2023-04-17,45
PO-2021-0104,2021-04-22,VS13,Hex Bars,18.73,MT,101733.24,2021-05-05,30
PO-2021-0105,2023-06-25,VS04,GI Sheets,14.09,MT,54825.99,2023-07-02,21
PO-2021-0106,2023-06-17,VS32,ERW Pipes,2.41,MT,92251.67,2023-07-02,45
PO-2021-0107,2022-05-06,VS11,SS Sheets,27.99,MT,86418.86,2022-05-10,30
PO-2021-0108,2022-04-06,VS08,Fasteners & Fittings,47.41,MT,93578.23,2022-04-11,21
PO-2021-0109,2023-10-18,VS19,Hex Bars,35.57,MT,79208.25,2023-10-28,30
PO-2021-0110,2023-08-26,VS16,Fasteners & Fittings,28.01,MT,73768.95,2023-09-07,15
PO-2021-0111,2023-11-07,VS09,SS Pipes,14.54,MT,104250.46,2023-11-16,30
PO-2021-0112,2022-11-28,VS33,CR Sheets,41.21,MT,66212.92,2022-12-05,45
PO-2021-0113,2023-09-30,VS10,Fasteners & Fittings,27.39,MT,70884.3,2023-10-11,30
PO-2021-0114,2023-02-12,VS30,MS Flats,43.61,MT,118558.1,2023-02-18,45
PO-2021-0115,2023-02-24,VS15,GI Wire,3.14,MT,100852.89,2023-03-10,45
PO-2021-0116,2023-02-20,VS25,Square/Rect Tubes,25.27,MT,47776.47,2023-03-03,30
PO-2021-0117,2022-11-11,VS07,Fasteners & Fittings,5.89,MT,113283.13,2022-11-14,15
PO-2021-0118,2021-10-23,VS27,Square/Rect Tubes,4.67,MT,103614.4,2021-10-30,21
PO-2021-0119,2022-11-25,VS26,SS Pipes,42.74,MT,108925.6,2022-12-06,21
PO-2021-0120,2023-02-18,VS21,Structural Steel,43.75,MT,47692.43,2023-02-22,15
PO-2021-0121,2022-04-26,VS19,HR Coils,37.59,MT,80649.77,2022-04-30,30
PO-2021-0122,2021-07-25,VS29,MS Sheets,35.01,MT,112756.8,2021-07-28,30
PO-2021-0123,2022-10-27,VS04,SS Sheets,18.56,MT,77301.51,2022-11-02,21
PO-2021-0124,2023-12-24,VS27,MS Sheets,9.33,MT,50922.63,2024-01-02,21
PO-2021-0125,2022-05-09,VS32,Square/Rect Tubes,12.38,MT,92842.85,2022-05-19,45
PO-2021-0126,2022-06-07,VS01,Fasteners & Fittings,45.16,MT,95820.82,2022-06-12,15
PO-2021-0127,2021-06-01,VS29,Angles & Channels,49.39,MT,67436.57,2021-06-10,30
PO-2021-0128,2022-05-28,VS30,SS Sheets,10.76,MT,73851.99,2022-06-07,45
PO-2021-0129,2021-08-07,VS16,MS Rods,29.02,MT,88110.89,2021-08-21,15
PO-2021-0130,2022-08-28,VS02,MS Rods,14.45,MT,87444.68,2022-09-10,21
PO-2021-0131,2021-04-11,VS32,SS Sheets,39.01,MT,62258.88,2021-04-26,45
PO-2021-0132,2022-12-23,VS15,GI Sheets,31.42,MT,95832.33,2023-01-06,45
PO-2021-0133,2021-10-08,VS07,GI Pipes,16.14,MT,78061.74,2021-10-20,15
PO-2021-0134,2023-01-18,VS09,SS Pipes,45.57,MT,69503.93,2023-01-27,30
PO-2021-0135,2021-12-26,VS13,Square/Rect Tubes,39.54,MT,110734.54,2022-01-03,30
PO-2021-0136,2023-12-24,VS33,CR Sheets,41.69,MT,64272.76,2024-01-03,45
PO-2021-0137,2022-08-28,VS22,ERW Pipes,23.95,MT,50647.45,2022-09-12,21
PO-2021-0138,2022-04-08,VS26,Spring Steel,18.92,MT,104301.15,2022-04-11,21
PO-2021-0139,2022-06-26,VS08,Fasteners & Fittings,19.06,MT,101175.87,2022-07-03,21
PO-2021-0140,2023-02-20,VS24,ERW Pipes,34.07,MT,80360.77,2023-03-04,45
PO-2021-0141,2022-11-03,VS15,SS Pipes,32.13,MT,79820.07,2022-11-17,45
PO-2021-0142,2022-09-11,VS27,ERW Pipes,7.85,MT,115969.61,2022-09-18,21
PO-2021-0143,2023-10-06,VS08,ERW Pipes,12.51,MT,85316.0,2023-10-15,21
PO-2021-0144,2023-07-19,VS24,Spring Steel,21.54,MT,100670.18,2023-07-24,45
PO-2021-0145,2023-04-30,VS07,Structural Steel,31.17,MT,115428.98,2023-05-07,15
PO-2021-0146,2021-03-09,VS24,GI Sheets,22.73,MT,116291.64,2021-03-17,45
PO-2021-0147,2021-07-23,VS24,Spring Steel,45.18,MT,93362.01,2021-07-26,45
PO-2021-0148,2023-03-27,VS18,GI Sheets,48.44,MT,116175.81,2023-04-06,30
PO-2021-0149,2021-07-07,VS14,MS Pipes,3.48,MT,70013.19,2021-07-12,30
PO-2021-0150,2022-02-25,VS05,Spring Steel,11.15,MT,61196.35,2022-03-03,15
PO-2021-0151,2022-11-04,VS10,MS Pipes,14.59,MT,118802.11,2022-11-09,30
PO-2021-0152,2022-05-29,VS12,ERW Pipes,33.39,MT,48810.85,2022-06-01,15
PO-2021-0153,2023-01-04,VS16,MS Flats,1.77,MT,64902.56,2023-01-09,15
PO-2021-0154,2023-05-13,VS34,ERW Pipes,37.54,MT,80718.45,2023-05-28,21
PO-2021-0155,2023-01-12,VS33,ERW Pipes,23.15,MT,61616.23,2023-01-24,45
PO-2021-0156,2021-03-30,VS34,SS Sheets,23.44,MT,117301.96,2021-04-02,21
PO-2021-0157,2023-09-08,VS26,GI Wire,34.62,MT,81770.16,2023-09-18,21
PO-2021-0158,2021-05-31,VS06,MS Flats,30.81,MT,49926.17,2021-06-07,30
PO-2021-0159,2022-10-28,VS25,Hex Bars,15.45,MT,82916.33,2022-11-06,30
PO-2021-0160,2021-07-23,VS08,Spring Steel,36.32,MT,61126.73,2021-08-02,21
PO-2021-0161,2022-04-13,VS27,MS Flats,41.54,MT,74904.76,2022-04-27,21
PO-2021-0162,2021-07-14,VS21,GI Wire,16.31,MT,64116.73,2021-07-19,15
PO-2021-0163,2023-08-30,VS05,SS Pipes,41.76,MT,51992.26,2023-09-03,15
PO-2021-0164,2023-02-03,VS09,Spring Steel,3.94,MT,116746.85,2023-02-14,30
PO-2021-0165,2022-11-07,VS08,GI Wire,18.33,MT,94900.54,2022-11-22,21
PO-2021-0166,2023-05-17,VS04,SS Sheets,30.42,MT,71373.46,2023-05-29,21
PO-2021-0167,2023-11-06,VS14,Square/Rect Tubes,33.18,MT,61818.37,2023-11-10,30
PO-2021-0168,2022-12-19,VS24,ERW Pipes,38.37,MT,88057.5,2023-01-03,45
PO-2021-0169,2023-05-29,VS02,CR Sheets,2.42,MT,65495.28,2023-06-13,21
PO-2021-0170,2022-09-25,VS22,Angles & Channels,1.3,MT,110239.7,2022-10-07,21
PO-2021-0171,2023-04-01,VS05,Square/Rect Tubes,37.31,MT,117885.77,2023-04-05,15
PO-2021-0172,2023-12-23,VS14,MS Rods,21.57,MT,70567.2,2023-12-31,30
PO-2021-0173,2022-10-01,VS21,SS Pipes,44.28,MT,56668.49,2022-10-16,15
PO-2021-0174,2021-04-12,VS06,CR Sheets,22.71,MT,76801.11,2021-04-24,30
PO-2021-0175,2023-06-25,VS27,CR Sheets,11.56,MT,83425.97,2023-07-03,21
PO-2021-0176,2023-05-31,VS08,SS Sheets,34.23,MT,89485.07,2023-06-11,21
PO-2021-0177,2022-09-24,VS03,HR Coils,20.37,MT,93547.35,2022-09-27,21
PO-2021-0178,2022-02-23,VS20,GI Sheets,38.6,MT,102312.07,2022-03-02,21
PO-2021-0179,2022-11-03,VS08,MS Pipes,25.37,MT,77299.13,2022-11-08,21
PO-2021-0180,2023-02-18,VS15,Hex Bars,28.38,MT,95103.61,2023-02-26,45
PO-2021-0181,2021-05-28,VS26,GI Pipes,22.37,MT,79481.57,2021-06-01,21
PO-2021-0182,2022-10-04,VS28,MS Rods,35.77,MT,76327.05,2022-10-08,15
PO-2021-0183,2023-04-10,VS02,MS Flats,9.42,MT,116071.07,2023-04-20,21
PO-2021-0184,2023-01-12,VS06,GI Wire,42.38,MT,63248.74,2023-01-24,30
PO-2021-0185,2023-04-01,VS34,SS Pipes,20.39,MT,68270.59,2023-04-09,21
PO-2021-0186,2022-03-30,VS22,MS Sheets,4.74,MT,92491.85,2022-04-10,21
PO-2021-0187,2023-11-11,VS13,Angles & Channels,18.2,MT,116866.75,2023-11-24,30
PO-2021-0188,2021-10-30,VS16,ERW Pipes,8.18,MT,59795.39,2021-11-11,15
PO-2021-0189,2021-11-10,VS05,MS Sheets,47.61,MT,92096.16,2021-11-20,15
PO-2021-0190,2023-07-09,VS21,MS Flats,8.4,MT,50121.47,2023-07-19,15
PO-2021-0191,2022-09-13,VS18,GI Pipes,18.25,MT,50564.3,2022-09-23,30
PO-2021-0192,2023-07-15,VS03,GI Pipes,19.07,MT,69192.01,2023-07-28,21
PO-2021-0193,2021-07-04,VS33,MS Rods,23.67,MT,86573.73,2021-07-19,45
PO-2021-0194,2021-03-26,VS29,GI Sheets,16.75,MT,80672.18,2021-03-31,30
PO-2021-0195,2021-05-07,VS29,ERW Pipes,40.74,MT,107803.29,2021-05-21,30
PO-2021-0196,2021-06-22,VS33,MS Sheets,2.92,MT,98071.63,2021-07-02,45
PO-2021-0197,2023-12-10,VS34,MS Sheets,18.83,MT,113845.26,2023-12-19,21
PO-2021-0198,2023-04-18,VS22,GI Pipes,39.67,MT,93547.9,2023-04-22,21
PO-2021-0199,2022-11-07,VS07,Spring Steel,34.24,MT,66311.02,2022-11-21,15
PO-2021-0200,2021-11-04,VS22,SS Pipes,29.55,MT,55607.13,2021-11-12,21
PO-2021-0201,2022-09-28,VS26,Square/Rect Tubes,30.16,MT,115350.16,2022-10-05,21
PO-2021-0202,2023-02-11,VS22,Square/Rect Tubes,33.84,MT,107171.92,2023-02-25,21
PO-2021-0203,2023-12-15,VS06,GI Wire,25.92,MT,46367.29,2023-12-22,30
PO-2021-0204,2022-01-05,VS14,MS Flats,47.44,MT,81470.32,2022-01-11,30
PO-2021-0205,2021-10-09,VS10,SS Pipes,15.49,MT,104109.01,2021-10-20,30
PO-2021-0206,2023-12-15,VS03,MS Flats,43.94,MT,95006.45,2023-12-27,21
PO-2021-0207,2023-02-11,VS10,MS Sheets,9.86,MT,96963.42,2023-02-23,30
PO-2021-0208,2021-12-06,VS29,GI Pipes,21.13,MT,95727.22,2021-12-12,30
PO-2021-0209,2023-06-29,VS19,Fasteners & Fittings,12.47,MT,65455.14,2023-07-14,30
PO-2021-0210,2023-08-19,VS13,Angles & Channels,34.24,MT,87781.45,2023-08-29,30
PO-2021-0211,2023-08-04,VS19,MS Rods,25.64,MT,79455.54,2023-08-09,30
PO-2021-0212,2022-02-13,VS09,CR Sheets,3.56,MT,81044.3,2022-02-21,30
PO-2021-0213,2021-07-30,VS34,ERW Pipes,14.97,MT,102233.76,2021-08-06,21
PO-2021-0214,2023-07-10,VS33,Square/Rect Tubes,41.72,MT,51878.52,2023-07-16,45
PO-2021-0215,2023-07-13,VS23,MS Pipes,21.33,MT,74734.05,2023-07-21,45
PO-2021-0216,2022-04-28,VS25,SS Pipes,19.37,MT,47114.07,2022-05-02,30
PO-2021-0217,2022-11-18,VS10,Square/Rect Tubes,2.88,MT,113804.71,2022-11-28,30
PO-2021-0218,2021-10-12,VS31,Fasteners & Fittings,31.15,MT,112939.31,2021-10-15,45
PO-2021-0219,2022-06-09,VS14,Square/Rect Tubes,27.89,MT,99542.61,2022-06-20,30
PO-2021-0220,2023-05-17,VS08,SS Sheets,12.64,MT,54138.63,2023-05-23,21
PO-2021-0221,2023-05-10,VS30,SS Pipes,6.43,MT,112886.02,2023-05-22,45
PO-2021-0222,2021-02-03,VS33,HR Coils,36.21,MT,66845.4,2021-02-06,45
PO-2021-0223,2022-12-24,VS16,GI Wire,10.18,MT,95116.12,2023-01-04,15
PO-2021-0224,2023-01-09,VS05,Hex Bars,27.66,MT,103980.93,2023-01-20,15
PO-2021-0225,2021-02-11,VS25,Structural Steel,3.13,MT,74016.1,2021-02-19,30
PO-2021-0226,2022-06-04,VS02,Angles & Channels,39.64,MT,70860.19,2022-06-18,21
PO-2021-0227,2021-08-01,VS22,Square/Rect Tubes,3.17,MT,85951.03,2021-08-14,21
PO-2021-0228,2021-12-25,VS30,Structural Steel,31.96,MT,105862.33,2021-12-29,45
PO-2021-0229,2023-07-27,VS03,SS Sheets,10.88,MT,108506.52,2023-07-30,21
PO-2021-0230,2022-10-09,VS20,Hex Bars,20.51,MT,106155.46,2022-10-19,21
PO-2021-0231,2022-06-03,VS03,GI Sheets,15.02,MT,114046.81,2022-06-06,21
PO-2021-0232,2022-11-11,VS18,ERW Pipes,40.17,MT,77771.35,2022-11-20,30
PO-2021-0233,2023-06-20,VS25,MS Flats,48.71,MT,82215.24,2023-06-30,30
PO-2021-0234,2023-01-23,VS34,CR Sheets,40.26,MT,99531.1,2023-01-27,21
PO-2021-0235,2023-06-01,VS12,Spring Steel,15.39,MT,54802.64,2023-06-09,15
PO-2021-0236,2022-08-29,VS20,Fasteners & Fittings,30.53,MT,76958.71,2022-09-12,21
PO-2021-0237,2023-06-29,VS23,Fasteners & Fittings,3.08,MT,110252.79,2023-07-07,45
PO-2021-0238,2023-06-10,VS18,GI Pipes,4.68,MT,92813.44,2023-06-18,30
PO-2021-0239,2023-11-17,VS11,MS Pipes,8.0,MT,90567.97,2023-12-02,30
PO-2021-0240,2023-06-17,VS03,Square/Rect Tubes,4.29,MT,107524.2,2023-06-25,21
PO-2021-0241,2023-01-12,VS25,GI Pipes,30.65,MT,95929.65,2023-01-20,30
PO-2021-0242,2023-02-01,VS29,SS Pipes,29.12,MT,84709.49,2023-02-10,30
PO-2021-0243,2022-10-06,VS18,HR Coils,48.07,MT,46943.5,2022-10-11,30
PO-2021-0244,2023-10-20,VS34,MS Rods,45.76,MT,53832.07,2023-11-04,21
PO-2021-0245,2022-06-18,VS29,GI Sheets,49.82,MT,66418.27,2022-06-28,30
PO-2021-0246,2022-02-14,VS08,Square/Rect Tubes,42.79,MT,78903.2,2022-02-28,21
PO-2021-0247,2023-07-01,VS06,MS Flats,33.72,MT,98215.54,2023-07-12,30
PO-2021-0248,2022-08-18,VS20,MS Sheets,35.88,MT,114549.33,2022-08-31,21
PO-2021-0249,2021-12-23,VS24,Hex Bars,11.99,MT,118884.94,2022-01-07,45
PO-2021-0250,2021-10-12,VS16,Structural Steel,2.29,MT,86551.61,2021-10-20,15
PO-2021-0251,2023-08-16,VS09,SS Pipes,4.22,MT,74862.0,2023-08-30,30
PO-2021-0252,2023-09-08,VS34,GI Wire,38.69,MT,106750.45,2023-09-12,21
PO-2021-0253,2021-09-14,VS21,SS Pipes,23.05,MT,96008.17,2021-09-22,15
PO-2021-0254,2021-09-20,VS12,Square/Rect Tubes,22.2,MT,117835.56,2021-09-23,15
PO-2021-0255,2021-09-12,VS34,Square/Rect Tubes,15.9,MT,57147.52,2021-09-26,21
PO-2021-0256,2022-04-07,VS23,Hex Bars,44.85,MT,108445.03,2022-04-14,45
PO-2021-0257,2022-02-07,VS18,Square/Rect Tubes,31.63,MT,91082.12,2022-02-11,30
PO-2021-0258,2023-10-27,VS11,Square/Rect Tubes,9.39,MT,91835.94,2023-11-08,30
PO-2021-0259,2022-11-23,VS03,MS Pipes,4.98,MT,120786.65,2022-12-08,21
PO-2021-0260,2022-06-27,VS14,GI Wire,31.29,MT,47271.44,2022-07-10,30
PO-2021-0261,2022-08-17,VS20,Structural Steel,13.0,MT,105551.2,2022-08-26,21
PO-2021-0262,2022-09-02,VS30,SS Pipes,34.74,MT,56856.03,2022-09-11,45
PO-2021-0263,2023-09-19,VS30,GI Sheets,17.67,MT,55775.15,2023-10-03,45
PO-2021-0264,2022-10-16,VS23,MS Rods,7.41,MT,72790.51,2022-10-27,45
PO-2021-0265,2021-08-06,VS21,HR Coils,23.86,MT,65060.38,2021-08-12,15
PO-2021-0266,2021-10-16,VS07,GI Pipes,15.22,MT,73811.24,2021-10-28,15
PO-2021-0267,2023-05-07,VS16,MS Sheets,40.86,MT,115031.37,2023-05-21,15
PO-2021-0268,2022-10-03,VS13,MS Sheets,25.42,MT,83604.36,2022-10-13,30
PO-2021-0269,2022-09-24,VS32,MS Pipes,5.41,MT,74493.16,2022-10-04,45
PO-2021-0270,2022-05-09,VS14,Angles & Channels,3.38,MT,66101.73,2022-05-21,30
PO-2021-0271,2023-08-22,VS19,Spring Steel,1.4,MT,55184.77,2023-08-27,30
PO-2021-0272,2022-06-26,VS24,MS Rods,18.93,MT,75043.62,2022-07-08,45
PO-2021-0273,2022-02-03,VS24,Spring Steel,15.14,MT,73976.16,2022-02-13,45
PO-2021-0274,2022-07-27,VS08,Square/Rect Tubes,48.78,MT,74542.78,2022-08-11,21
PO-2021-0275,2022-11-26,VS24,Square/Rect Tubes,10.75,MT,83184.19,2022-12-07,45
PO-2021-0276,2021-03-24,VS03,GI Pipes,7.71,MT,72777.18,2021-04-03,21
PO-2021-0277,2023-11-30,VS30,Square/Rect Tubes,30.71,MT,83662.93,2023-12-08,45
PO-2021-0278,2022-10-15,VS11,MS Rods,49.54,MT,100448.95,2022-10-22,30
PO-2021-0279,2022-11-20,VS33,Hex Bars,27.08,MT,98155.49,2022-11-27,45
PO-2021-0280,2023-08-31,VS02,Angles & Channels,17.23,MT,53220.34,2023-09-09,21
PO-2021-0281,2022-09-23,VS02,Structural Steel,14.01,MT,94169.32,2022-10-08,21
PO-2021-0282,2022-04-12,VS04,Structural Steel,9.36,MT,92176.89,2022-04-24,21
PO-2021-0283,2023-02-18,VS10,HR Coils,2.55,MT,116115.39,2023-02-22,30
PO-2021-0284,2022-01-26,VS02,Fasteners & Fittings,16.37,MT,56357.34,2022-02-09,21
PO-2021-0285,2022-02-22,VS27,Hex Bars,38.97,MT,114039.07,2022-03-08,21
PO-2021-0286,2021-05-08,VS09,Hex Bars,11.16,MT,69378.72,2021-05-21,30
PO-2021-0287,2023-09-07,VS34,MS Rods,16.37,MT,57988.68,2023-09-18,21
PO-2021-0288,2022-12-03,VS23,CR Sheets,30.89,MT,59419.81,2022-12-09,45
PO-2021-0289,2022-07-26,VS20,HR Coils,47.13,MT,118669.52,2022-08-10,21
PO-2021-0290,2022-08-15,VS14,Structural Steel,16.53,MT,71160.24,2022-08-30,30
PO-2021-0291,2022-07-15,VS19,ERW Pipes,29.1,MT,89168.89,2022-07-24,30
PO-2021-0292,2022-12-08,VS10,SS Sheets,3.06,MT,116648.53,2022-12-12,30
PO-2021-0293,2022-12-11,VS29,CR Sheets,37.62,MT,61049.01,2022-12-22,30
PO-2021-0294,2022-07-10,VS18,Square/Rect Tubes,6.35,MT,100566.82,2022-07-16,30
PO-2021-0295,2022-05-12,VS04,Hex Bars,12.06,MT,62462.74,2022-05-16,21
PO-2021-0296,2023-04-27,VS22,Structural Steel,5.93,MT,102807.45,2023-04-30,21
PO-2021-0297,2021-11-20,VS27,Structural Steel,24.39,MT,59959.2,2021-11-27,21
PO-2021-0298,2022-10-20,VS19,GI Pipes,45.49,MT,53777.94,2022-11-01,30
PO-2021-0299,2022-04-21,VS03,MS Sheets,21.48,MT,112133.18,2022-04-24,21
PO-2021-0300,2023-03-25,VS32,MS Sheets,46.89,MT,117159.85,2023-04-01,45
PO-2021-0301,2021-03-18,VS01,SS Sheets,28.83,MT,53047.55,2021-03-26,15
PO-2021-0302,2022-08-06,VS30,Spring Steel,26.69,MT,111694.5,2022-08-11,45
PO-2021-0303,2023-10-30,VS30,CR Sheets,10.45,MT,53448.51,2023-11-04,45
PO-2021-0304,2023-07-29,VS17,MS Sheets,1.69,MT,70283.41,2023-08-05,45
PO-2021-0305,2022-01-31,VS12,MS Rods,41.52,MT,86991.89,2022-02-04,15
PO-2021-0306,2023-04-01,VS07,MS Sheets,49.1,MT,80809.06,2023-04-07,15
PO-2021-0307,2021-01-14,VS17,MS Rods,12.54,MT,101531.75,2021-01-22,45
PO-2021-0308,2022-09-11,VS01,CR Sheets,33.03,MT,96957.64,2022-09-14,15
PO-2021-0309,2021-08-31,VS30,SS Sheets,8.83,MT,96455.52,2021-09-14,45
PO-2021-0310,2022-09-29,VS08,SS Sheets,19.01,MT,61563.69,2022-10-04,21
PO-2021-0311,2023-09-07,VS10,Fasteners & Fittings,37.64,MT,90430.42,2023-09-16,30
PO-2021-0312,2023-08-23,VS14,HR Coils,34.34,MT,89686.08,2023-09-07,30
PO-2021-0313,2021-06-17,VS34,Fasteners & Fittings,26.88,MT,72133.87,2021-06-29,21
PO-2021-0314,2021-08-18,VS04,Spring Steel,45.24,MT,60161.76,2021-08-29,21
PO-2021-0315,2021-11-03,VS11,MS Flats,42.87,MT,78138.04,2021-11-16,30
PO-2021-0316,2022-02-25,VS32,SS Pipes,45.05,MT,78411.2,2022-02-28,45
PO-2021-0317,2023-07-18,VS09,Hex Bars,21.36,MT,87293.34,2023-07-29,30
PO-2021-0318,2023-08-05,VS20,MS Pipes,20.4,MT,106233.99,2023-08-19,21
PO-2021-0319,2022-03-23,VS05,GI Pipes,21.76,MT,97528.87,2022-04-03,15
PO-2021-0320,2021-05-04,VS05,Structural Steel,2.56,MT,75665.02,2021-05-19,15
PO-2021-0321,2021-10-05,VS27,Angles & Channels,49.65,MT,73685.97,2021-10-14,21
PO-2021-0322,2023-02-09,VS06,Spring Steel,7.52,MT,109521.49,2023-02-13,30
PO-2021-0323,2022-01-01,VS26,Hex Bars,7.24,MT,118404.33,2022-01-04,21
PO-2021-0324,2021-02-16,VS20,Fasteners & Fittings,34.0,MT,85833.4,2021-02-27,21
PO-2021-0325,2023-02-16,VS15,HR Coils,23.57,MT,56634.1,2023-02-22,45
PO-2021-0326,2021-08-20,VS03,GI Wire,31.13,MT,119826.56,2021-08-23,21
PO-2021-0327,2022-05-08,VS14,SS Pipes,5.94,MT,47518.22,2022-05-20,30
PO-2021-0328,2021-04-10,VS16,GI Pipes,20.71,MT,62575.45,2021-04-16,15
PO-2021-0329,2021-04-26,VS09,Hex Bars,49.68,MT,62562.11,2021-05-10,30
PO-2021-0330,2022-10-16,VS21,HR Coils,15.79,MT,55744.53,2022-10-29,15
PO-2021-0331,2023-12-04,VS15,GI Wire,15.72,MT,49571.82,2023-12-16,45
PO-2021-0332,2021-12-25,VS28,Spring Steel,25.29,MT,117921.77,2022-01-07,15
PO-2021-0333,2023-02-20,VS34,MS Flats,35.12,MT,75619.44,2023-02-27,21
PO-2021-0334,2023-02-10,VS12,Spring Steel,24.2,MT,113048.59,2023-02-17,15
PO-2021-0335,2021-10-23,VS30,GI Pipes,28.56,MT,117583.96,2021-11-03,45
PO-2021-0336,2023-12-22,VS09,MS Rods,12.9,MT,60250.25,2024-01-04,30
PO-2021-0337,2021-06-11,VS29,Angles & Channels,5.53,MT,99343.85,2021-06-17,30
PO-2021-0338,2021-04-16,VS18,MS Rods,34.01,MT,90219.15,2021-04-20,30
PO-2021-0339,2022-01-21,VS14,Structural Steel,11.24,MT,113027.46,2022-01-28,30
PO-2021-0340,2021-02-01,VS14,GI Sheets,48.14,MT,53798.71,2021-02-16,30
PO-2021-0341,2023-09-08,VS16,GI Sheets,20.43,MT,62949.82,2023-09-16,15
PO-2021-0342,2022-08-03,VS25,Fasteners & Fittings,27.15,MT,71944.47,2022-08-10,30
PO-2021-0343,2023-01-07,VS33,Structural Steel,23.83,MT,105211.25,2023-01-21,45
PO-2021-0344,2023-08-20,VS21,GI Sheets,19.16,MT,76044.76,2023-09-01,15
PO-2021-0345,2022-03-30,VS10,MS Pipes,13.78,MT,115106.87,2022-04-11,30
PO-2021-0346,2023-05-06,VS19,Square/Rect Tubes,10.61,MT,64741.45,2023-05-18,30
PO-2021-0347,2022-05-19,VS32,Spring Steel,33.08,MT,96363.5,2022-05-26,45
PO-2021-0348,2023-09-28,VS32,Fasteners & Fittings,9.24,MT,104623.16,2023-10-03,45
PO-2021-0349,2021-10-14,VS32,MS Sheets,45.93,MT,85660.26,2021-10-27,45
PO-2021-0350,2021-05-01,VS34,GI Pipes,42.11,MT,50574.78,2021-05-14,21
PO-2021-0351,2021-04-10,VS01,GI Wire,7.74,MT,92302.62,2021-04-14,15
PO-2021-0352,2021-11-06,VS01,GI Sheets,25.78,MT,72990.05,2021-11-18,15
PO-2021-0353,2023-09-17,VS32,MS Pipes,1.32,MT,86373.27,2023-09-20,45
PO-2021-0354,2021-02-04,VS34,CR Sheets,27.25,MT,66501.64,2021-02-15,21
PO-2021-0355,2023-06-01,VS12,ERW Pipes,45.98,MT,87702.06,2023-06-07,15
PO-2021-0356,2022-01-29,VS34,CR Sheets,40.95,MT,65049.36,2022-02-07,21
PO-2021-0357,2021-06-11,VS24,MS Rods,23.49,MT,63240.59,2021-06-25,45
PO-2021-0358,2022-04-08,VS20,SS Pipes,33.03,MT,109366.44,2022-04-23,21
PO-2021-0359,2021-03-06,VS06,MS Rods,19.58,MT,86452.61,2021-03-09,30
PO-2021-0360,2021-01-20,VS11,SS Pipes,25.49,MT,77543.22,2021-02-04,30
PO-2021-0361,2022-11-10,VS07,Hex Bars,46.04,MT,62232.49,2022-11-24,15
PO-2021-0362,2023-09-01,VS18,GI Pipes,46.28,MT,96332.16,2023-09-08,30
PO-2021-0363,2021-03-09,VS12,MS Flats,1.77,MT,62958.33,2021-03-14,15
PO-2021-0364,2023-03-27,VS05,SS Sheets,8.96,MT,63035.41,2023-04-05,15
PO-2021-0365,2022-11-11,VS25,Square/Rect Tubes,39.73,MT,96698.29,2022-11-15,30
PO-2021-0366,2023-10-23,VS23,GI Pipes,5.79,MT,62410.8,2023-10-27,45
PO-2021-0367,2022-11-29,VS26,MS Flats,2.45,MT,65499.53,2022-12-09,21
PO-2021-0368,2023-10-02,VS15,Angles & Channels,28.1,MT,73157.02,2023-10-07,45
PO-2021-0369,2023-02-18,VS06,SS Sheets,40.1,MT,98483.14,2023-02-22,30
PO-2021-0370,2022-07-03,VS10,MS Rods,35.87,MT,92542.57,2022-07-17,30
PO-2021-0371,2023-03-09,VS21,Angles & Channels,6.22,MT,45389.64,2023-03-16,15
PO-2021-0372,2023-06-30,VS24,CR Sheets,6.01,MT,51547.29,2023-07-09,45
PO-2021-0373,2023-07-09,VS33,GI Wire,6.06,MT,51721.41,2023-07-20,45
PO-2021-0374,2021-07-10,VS21,MS Rods,1.6,MT,76035.76,2021-07-25,15
PO-2021-0375,2021-06-23,VS16,Hex Bars,9.31,MT,73554.9,2021-06-28,15
PO-2021-0376,2022-07-05,VS20,CR Sheets,25.16,MT,49745.04,2022-07-14,21
PO-2021-0377,2022-07-20,VS27,SS Sheets,24.73,MT,50769.1,2022-07-27,21
PO-2021-0378,2022-05-21,VS32,GI Sheets,23.44,MT,55161.71,2022-05-24,45
PO-2021-0379,2023-03-22,VS22,MS Rods,40.4,MT,69715.63,2023-03-30,21
PO-2021-0380,2023-06-01,VS09,SS Sheets,16.71,MT,116045.92,2023-06-07,30
PO-2021-0381,2023-09-09,VS21,MS Sheets,48.26,MT,117654.39,2023-09-16,15
PO-2021-0382,2023-10-03,VS16,MS Flats,19.43,MT,106237.09,2023-10-12,15
PO-2021-0383,2023-01-18,VS08,GI Sheets,30.02,MT,85922.18,2023-01-31,21
PO-2021-0384,2021-02-25,VS30,GI Sheets,22.48,MT,66849.84,2021-03-11,45
PO-2021-0385,2021-05-22,VS27,Structural Steel,7.82,MT,67712.45,2021-05-29,21
PO-2021-0386,2021-11-12,VS28,MS Rods,4.62,MT,119302.55,2021-11-22,15
PO-2021-0387,2023-04-01,VS33,GI Wire,27.64,MT,104304.07,2023-04-09,45
PO-2021-0388,2021-06-24,VS07,HR Coils,33.22,MT,71625.66,2021-07-07,15
PO-2021-0389,2021-04-01,VS26,MS Flats,48.32,MT,77284.17,2021-04-04,21
PO-2021-0390,2021-07-21,VS17,HR Coils,26.02,MT,83909.83,2021-08-02,45
PO-2021-0391,2022-03-29,VS29,Angles & Channels,20.17,MT,102925.67,2022-04-10,30
PO-2021-0392,2023-10-22,VS10,Angles & Channels,49.89,MT,81207.83,2023-10-29,30
PO-2021-0393,2023-05-02,VS06,ERW Pipes,41.73,MT,99761.3,2023-05-10,30
PO-2021-0394,2022-10-01,VS22,Fasteners & Fittings,39.43,MT,84083.61,2022-10-09,21
PO-2021-0395,2023-09-03,VS07,Fasteners & Fittings,36.38,MT,78933.54,2023-09-07,15
PO-2021-0396,2022-09-07,VS03,ERW Pipes,2.11,MT,73560.08,2022-09-11,21
PO-2021-0397,2021-12-03,VS16,Hex Bars,9.55,MT,57010.18,2021-12-14,15
PO-2021-0398,2023-05-24,VS30,HR Coils,40.09,MT,92232.02,2023-05-29,45
PO-2021-0399,2023-06-05,VS26,MS Pipes,37.13,MT,111232.3,2023-06-15,21
PO-2021-0400,2023-05-30,VS25,MS Pipes,35.53,MT,60433.84,2023-06-14,30
PO-2021-0401,2021-05-09,VS07,Spring Steel,10.16,MT,69448.87,2021-05-19,15
PO-2021-0402,2021-08-22,VS17,Structural Steel,26.86,MT,92933.14,2021-09-03,45
PO-2021-0403,2023-03-07,VS26,ERW Pipes,18.05,MT,108413.84,2023-03-19,21
PO-2021-0404,2021-12-20,VS20,SS Pipes,33.93,MT,68488.93,2021-12-26,21
PO-2021-0405,2022-09-18,VS08,MS Sheets,19.29,MT,55601.89,2022-09-27,21
PO-2021-0406,2023-05-07,VS09,MS Rods,21.73,MT,81500.27,2023-05-18,30
PO-2021-0407,2021-12-21,VS11,Structural Steel,15.15,MT,59032.39,2021-12-31,30
PO-2021-0408,2021-04-20,VS23,MS Pipes,24.75,MT,59634.64,2021-04-29,45
PO-2021-0409,2023-11-02,VS32,GI Wire,34.55,MT,76172.28,2023-11-12,45
PO-2021-0410,2023-09-28,VS11,SS Pipes,28.7,MT,104691.07,2023-10-04,30
PO-2021-0411,2022-08-22,VS03,CR Sheets,12.02,MT,69316.28,2022-09-06,21
PO-2021-0412,2023-07-26,VS32,Spring Steel,26.03,MT,87953.55,2023-08-02,45
PO-2021-0413,2023-01-22,VS03,Fasteners & Fittings,27.77,MT,124002.51,2023-01-26,21
PO-2021-0414,2022-05-22,VS20,GI Pipes,23.04,MT,71143.27,2022-05-26,21
PO-2021-0415,2023-06-19,VS08,HR Coils,11.28,MT,100320.97,2023-07-03,21
PO-2021-0416,2022-12-20,VS28,MS Sheets,31.19,MT,103863.7,2022-12-26,15
PO-2021-0417,2021-05-02,VS23,Spring Steel,14.77,MT,85407.64,2021-05-10,45
PO-2021-0418,2022-08-23,VS19,CR Sheets,47.67,MT,86924.37,2022-09-05,30
PO-2021-0419,2021-07-15,VS09,GI Wire,46.02,MT,119436.47,2021-07-28,30
PO-2021-0420,2021-09-17,VS09,HR Coils,8.17,MT,69157.25,2021-09-23,30
PO-2021-0421,2023-03-16,VS32,Square/Rect Tubes,29.29,MT,65153.79,2023-03-25,45
PO-2021-0422,2023-02-08,VS29,SS Pipes,32.05,MT,111009.38,2023-02-12,30
PO-2021-0423,2023-04-06,VS33,CR Sheets,35.04,MT,110798.8,2023-04-16,45
PO-2021-0424,2023-09-27,VS21,MS Pipes,43.58,MT,108537.55,2023-10-01,15
PO-2021-0425,2023-07-28,VS23,SS Pipes,39.99,MT,74828.69,2023-08-06,45
PO-2021-0426,2022-03-10,VS32,CR Sheets,16.82,MT,66269.48,2022-03-21,45
PO-2021-0427,2021-09-25,VS32,MS Flats,44.81,MT,102169.05,2021-09-28,45
PO-2021-0428,2021-07-23,VS30,MS Pipes,7.09,MT,109323.87,2021-08-02,45
PO-2021-0429,2023-07-24,VS01,GI Wire,10.91,MT,96644.39,2023-07-29,15
PO-2021-0430,2022-09-11,VS11,CR Sheets,5.57,MT,72032.65,2022-09-15,30
PO-2021-0431,2023-02-01,VS11,GI Pipes,20.42,MT,67913.19,2023-02-15,30
PO-2021-0432,2022-04-25,VS28,SS Pipes,35.48,MT,45081.47,2022-05-05,15
PO-2021-0433,2021-06-09,VS09,HR Coils,26.45,MT,78380.02,2021-06-12,30
PO-2021-0434,2022-12-05,VS08,GI Wire,35.01,MT,80827.52,2022-12-11,21
PO-2021-0435,2023-02-24,VS06,ERW Pipes,6.06,MT,72567.13,2023-03-03,30
PO-2021-0436,2021-10-08,VS25,Square/Rect Tubes,32.44,MT,95785.28,2021-10-12,30
PO-2021-0437,2023-12-23,VS01,MS Sheets,22.56,MT,99182.4,2024-01-05,15
PO-2021-0438,2021-11-07,VS27,Fasteners & Fittings,43.14,MT,51501.6,2021-11-11,21
PO-2021-0439,2021-10-14,VS08,MS Rods,18.23,MT,77204.16,2021-10-29,21
PO-2021-0440,2021-10-14,VS16,CR Sheets,32.59,MT,63612.53,2021-10-26,15
PO-2021-0441,2022-08-07,VS02,SS Sheets,11.07,MT,90519.52,2022-08-13,21
PO-2021-0442,2023-03-14,VS19,GI Pipes,39.41,MT,108714.69,2023-03-20,30
PO-2021-0443,2023-10-11,VS25,ERW Pipes,12.81,MT,92856.17,2023-10-15,30
PO-2021-0444,2023-12-18,VS01,Angles & Channels,46.76,MT,54898.72,2023-12-30,15
PO-2021-0445,2023-05-12,VS24,Spring Steel,34.46,MT,102204.45,2023-05-27,45
PO-2021-0446,2021-05-30,VS02,SS Pipes,1.68,MT,61180.72,2021-06-02,21
PO-2021-0447,2023-03-27,VS33,SS Sheets,31.8,MT,82578.67,2023-04-05,45
PO-2021-0448,2023-05-18,VS26,SS Pipes,32.39,MT,85324.15,2023-05-23,21
PO-2021-0449,2022-07-23,VS06,SS Sheets,4.87,MT,114069.36,2022-08-07,30
PO-2021-0450,2021-11-15,VS21,MS Rods,29.74,MT,102241.81,2021-11-28,15
PO-2021-0451,2021-05-16,VS20,GI Wire,36.77,MT,108485.11,2021-05-19,21
PO-2021-0452,2022-05-16,VS06,GI Wire,6.68,MT,90922.26,2022-05-19,30
PO-2021-0453,2022-09-26,VS12,ERW Pipes,1.62,MT,57502.52,2022-09-29,15
PO-2021-0454,2021-12-02,VS32,Angles & Channels,26.63,MT,103724.03,2021-12-16,45
PO-2021-0455,2022-06-15,VS11,Angles & Channels,7.22,MT,103584.3,2022-06-22,30
PO-2021-0456,2021-08-30,VS02,MS Flats,40.55,MT,65398.54,2021-09-03,21
PO-2021-0457,2022-06-23,VS05,Structural Steel,23.3,MT,72009.29,2022-07-03,15
PO-2021-0458,2021-12-08,VS24,MS Sheets,13.5,MT,52717.87,2021-12-20,45
PO-2021-0459,2021-08-25,VS15,Hex Bars,1.13,MT,109401.68,2021-08-28,45
PO-2021-0460,2022-05-16,VS03,Structural Steel,18.83,MT,118577.67,2022-05-21,21
PO-2021-0461,2021-03-14,VS27,HR Coils,16.77,MT,76219.24,2021-03-28,21
PO-2021-0462,2022-10-18,VS18,SS Pipes,29.01,MT,53955.07,2022-10-31,30
PO-2021-0463,2021-04-18,VS12,HR Coils,40.41,MT,123350.28,2021-04-27,15
PO-2021-0464,2021-05-22,VS30,SS Sheets,38.9,MT,68302.33,2021-05-26,45
PO-2021-0465,2023-07-25,VS01,Angles & Channels,10.83,MT,87285.51,2023-08-01,15
PO-2021-0466,2022-05-12,VS30,Angles & Channels,29.99,MT,82002.05,2022-05-27,45
PO-2021-0467,2022-02-05,VS16,Square/Rect Tubes,1.31,MT,75752.71,2022-02-11,15
PO-2021-0468,2022-12-11,VS01,MS Flats,1.07,MT,94297.79,2022-12-25,15
PO-2021-0469,2022-09-22,VS07,GI Sheets,26.96,MT,62862.57,2022-10-02,15
PO-2021-0470,2021-05-03,VS10,CR Sheets,5.56,MT,114095.58,2021-05-14,30
PO-2021-0471,2023-04-26,VS24,Fasteners & Fittings,48.75,MT,51367.68,2023-04-30,45
PO-2021-0472,2023-11-02,VS09,MS Rods,4.67,MT,87586.55,2023-11-11,30
PO-2021-0473,2021-09-25,VS16,SS Sheets,13.79,MT,68625.67,2021-10-10,15
PO-2021-0474,2023-03-16,VS21,MS Flats,23.19,MT,62520.84,2023-03-22,15
PO-2021-0475,2021-10-06,VS07,Square/Rect Tubes,6.18,MT,78717.51,2021-10-14,15
PO-2021-0476,2023-04-13,VS08,Spring Steel,18.56,MT,102775.26,2023-04-23,21
PO-2021-0477,2022-09-24,VS30,CR Sheets,42.77,MT,51781.57,2022-10-09,45
PO-2021-0478,2022-09-16,VS03,GI Sheets,41.96,MT,72367.91,2022-09-20,21
PO-2021-0479,2022-05-24,VS23,MS Rods,26.16,MT,95788.75,2022-05-31,45
PO-2021-0480,2021-12-23,VS02,MS Rods,42.88,MT,86696.53,2022-01-03,21
PO-2021-0481,2022-05-27,VS07,Fasteners & Fittings,5.99,MT,104535.73,2022-05-31,15
PO-2021-0482,2021-01-25,VS04,HR Coils,7.41,MT,106775.51,2021-02-02,21
PO-2021-0483,2021-06-22,VS17,SS Pipes,2.07,MT,49835.4,2021-07-05,45
PO-2021-0484,2023-06-28,VS09,SS Pipes,45.35,MT,107201.71,2023-07-06,30
PO-2021-0485,2021-09-08,VS03,Fasteners & Fittings,3.48,MT,118882.27,2021-09-17,21
PO-2021-0486,2023-03-20,VS32,MS Pipes,19.75,MT,76999.8,2023-03-28,45
PO-2021-0487,2022-03-16,VS12,CR Sheets,14.71,MT,115707.06,2022-03-19,15
PO-2021-0488,2022-05-19,VS19,Structural Steel,21.19,MT,89753.72,2022-05-22,30
PO-2021-0489,2021-06-29,VS18,MS Rods,7.72,MT,59959.34,2021-07-14,30
PO-2021-0490,2023-12-13,VS16,Spring Steel,39.95,MT,119205.27,2023-12-28,15
PO-2021-0491,2023-01-06,VS31,Spring Steel,39.29,MT,70802.56,2023-01-18,45
PO-2021-0492,2023-10-26,VS21,MS Rods,14.25,MT,46954.72,2023-11-07,15
PO-2021-0493,2022-03-25,VS02,CR Sheets,3.87,MT,119364.85,2022-04-05,21
PO-2021-0494,2023-01-03,VS15,MS Sheets,5.91,MT,94264.83,2023-01-10,45
PO-2021-0495,2023-12-29,VS04,HR Coils,29.21,MT,118699.85,2024-01-07,21
PO-2021-0496,2022-12-28,VS12,MS Sheets,12.59,MT,71604.34,2023-01-11,15
PO-2021-0497,2023-01-05,VS02,Angles & Channels,47.43,MT,87270.49,2023-01-17,21
PO-2021-0498,2022-01-21,VS32,Spring Steel,16.14,MT,81782.73,2022-01-25,45
PO-2021-0499,2021-04-26,VS15,HR Coils,1.98,MT,80849.17,2021-05-04,45
PO-2021-0500,2022-02-17,VS09,MS Flats,36.13,MT,113908.56,2022-02-25,30
PO-2021-0501,2021-05-02,VS02,Square/Rect Tubes,29.74,MT,113791.81,2021-05-17,21
PO-2021-0502,2021-08-16,VS34,Angles & Channels,48.07,MT,73019.31,2021-08-29,21
PO-2021-0503,2023-03-22,VS07,MS Flats,15.79,MT,55233.88,2023-03-27,15
PO-2021-0504,2023-06-14,VS32,MS Flats,9.54,MT,117655.72,2023-06-28,45
PO-2021-0505,2023-01-01,VS15,MS Sheets,19.54,MT,100049.62,2023-01-08,45
PO-2021-0506,2021-09-18,VS12,MS Pipes,47.49,MT,120798.46,2021-09-27,15
PO-2021-0507,2021-03-08,VS12,MS Flats,46.13,MT,122267.47,2021-03-14,15
PO-2021-0508,2021-08-02,VS32,Square/Rect Tubes,17.23,MT,50835.5,2021-08-10,45
PO-2021-0509,2022-10-17,VS11,SS Pipes,41.26,MT,95251.84,2022-10-31,30
PO-2021-0510,2022-11-19,VS29,MS Pipes,14.0,MT,63715.56,2022-11-23,30
PO-2021-0511,2022-12-19,VS17,ERW Pipes,36.3,MT,48611.06,2022-12-29,45
PO-2021-0512,2023-05-10,VS11,GI Wire,25.16,MT,73403.44,2023-05-21,30
PO-2021-0513,2023-02-08,VS07,Structural Steel,39.65,MT,88354.16,2023-02-23,15
PO-2021-0514,2022-04-07,VS11,Fasteners & Fittings,4.61,MT,108432.19,2022-04-14,30
PO-2021-0515,2021-02-11,VS21,CR Sheets,47.63,MT,50565.03,2021-02-16,15
PO-2021-0516,2023-02-08,VS11,SS Pipes,27.81,MT,112359.31,2023-02-12,30
PO-2021-0517,2022-11-24,VS31,MS Pipes,22.13,MT,94022.64,2022-12-06,45
PO-2021-0518,2023-06-09,VS11,GI Pipes,5.96,MT,60416.29,2023-06-15,30
PO-2021-0519,2023-04-19,VS17,SS Sheets,15.57,MT,52193.69,2023-04-28,45
PO-2021-0520,2023-10-03,VS10,GI Pipes,18.68,MT,77070.45,2023-10-10,30
PO-2021-0521,2023-09-11,VS13,ERW Pipes,2.26,MT,57812.41,2023-09-18,30
PO-2021-0522,2021-06-17,VS31,ERW Pipes,16.11,MT,74810.05,2021-06-27,45
PO-2021-0523,2022-06-27,VS06,Spring Steel,19.99,MT,72826.54,2022-07-06,30
PO-2021-0524,2023-01-27,VS12,Fasteners & Fittings,3.19,MT,81099.75,2023-02-03,15
PO-2021-0525,2022-04-09,VS18,GI Pipes,8.41,MT,97235.32,2022-04-13,30
PO-2021-0526,2021-06-25,VS23,Spring Steel,21.29,MT,101734.27,2021-07-01,45
PO-2021-0527,2021-05-05,VS25,Hex Bars,21.51,MT,85163.58,2021-05-15,30
PO-2021-0528,2022-04-28,VS31,SS Sheets,4.87,MT,112708.29,2022-05-12,45
PO-2021-0529,2021-03-13,VS33,Hex Bars,40.22,MT,95815.12,2021-03-25,45
PO-2021-0530,2021-10-29,VS08,Fasteners & Fittings,9.47,MT,118827.6,2021-11-04,21
PO-2021-0531,2022-01-30,VS09,GI Pipes,21.75,MT,119121.0,2022-02-08,30
PO-2021-0532,2022-02-18,VS10,CR Sheets,16.67,MT,99532.73,2022-03-05,30
PO-2021-0533,2021-05-18,VS06,MS Rods,28.26,MT,86404.06,2021-05-25,30
PO-2021-0534,2023-12-01,VS30,MS Pipes,39.54,MT,91729.34,2023-12-12,45
PO-2021-0535,2023-05-10,VS08,GI Wire,8.33,MT,87494.54,2023-05-22,21
PO-2021-0536,2021-07-25,VS07,ERW Pipes,39.5,MT,110060.65,2021-08-02,15
PO-2021-0537,2023-04-22,VS17,MS Rods,33.08,MT,87901.74,2023-05-02,45
PO-2021-0538,2021-03-18,VS12,CR Sheets,20.75,MT,95023.07,2021-03-31,15
PO-2021-0539,2023-04-03,VS03,MS Rods,44.59,MT,72656.54,2023-04-09,21
PO-2021-0540,2021-04-11,VS31,CR Sheets,44.95,MT,46517.47,2021-04-26,45
PO-2021-0541,2022-09-13,VS20,CR Sheets,42.3,MT,109367.61,2022-09-26,21
PO-2021-0542,2021-07-21,VS15,Square/Rect Tubes,15.72,MT,100779.27,2021-08-05,45
PO-2021-0543,2022-10-20,VS18,GI Wire,30.64,MT,51696.51,2022-10-30,30
PO-2021-0544,2022-03-09,VS27,Structural Steel,38.22,MT,110039.17,2022-03-12,21
PO-2021-0545,2023-11-22,VS11,SS Pipes,16.25,MT,83009.65,2023-11-27,30
PO-2021-0546,2023-12-10,VS02,MS Sheets,10.45,MT,107469.74,2023-12-13,21
PO-2021-0547,2022-05-26,VS03,Fasteners & Fittings,3.48,MT,74909.26,2022-06-01,21
PO-2021-0548,2022-07-16,VS24,Fasteners & Fittings,25.75,MT,92655.74,2022-07-20,45
PO-2021-0549,2021-03-04,VS16,Angles & Channels,24.95,MT,78457.76,2021-03-14,15
PO-2021-0550,2022-12-18,VS23,MS Sheets,42.05,MT,64399.49,2023-01-01,45
PO-2021-0551,2021-07-05,VS19,MS Pipes,19.94,MT,59506.78,2021-07-17,30
PO-2021-0552,2022-03-15,VS15,HR Coils,34.21,MT,65181.27,2022-03-24,45
PO-2021-0553,2023-11-18,VS02,MS Pipes,24.23,MT,54923.56,2023-11-23,21
PO-2021-0554,2021-01-18,VS15,CR Sheets,30.81,MT,115725.37,2021-02-01,45
PO-2021-0555,2022-07-18,VS28,MS Rods,42.73,MT,79424.85,2022-07-24,15
PO-2021-0556,2023-08-14,VS20,Hex Bars,41.39,MT,74786.44,2023-08-18,21
PO-2021-0557,2021-01-16,VS33,Angles & Channels,28.51,MT,89532.94,2021-01-23,45
PO-2021-0558,2022-09-04,VS07,Structural Steel,4.13,MT,119127.07,2022-09-17,15
PO-2021-0559,2022-10-28,VS18,CR Sheets,33.15,MT,116414.08,2022-11-10,30
PO-2021-0560,2022-09-04,VS13,Square/Rect Tubes,26.35,MT,63022.66,2022-09-07,30
PO-2021-0561,2023-04-08,VS21,Square/Rect Tubes,36.34,MT,94155.04,2023-04-15,15
PO-2021-0562,2022-06-16,VS27,MS Rods,20.03,MT,47648.93,2022-06-30,21
PO-2021-0563,2022-01-24,VS22,HR Coils,34.63,MT,92873.52,2022-02-03,21
PO-2021-0564,2023-01-05,VS33,SS Sheets,42.43,MT,108047.9,2023-01-16,45
PO-2021-0565,2022-01-06,VS19,ERW Pipes,24.07,MT,104591.67,2022-01-20,30
PO-2021-0566,2022-01-10,VS22,SS Pipes,11.89,MT,61749.59,2022-01-17,21
PO-2021-0567,2023-05-12,VS22,Angles & Channels,13.77,MT,67053.83,2023-05-16,21
PO-2021-0568,2023-08-22,VS04,SS Pipes,24.14,MT,59590.79,2023-08-26,21
PO-2021-0569,2023-02-21,VS34,SS Sheets,21.24,MT,110313.69,2023-02-26,21
PO-2021-0570,2021-10-09,VS13,MS Flats,21.05,MT,87705.27,2021-10-19,30
PO-2021-0571,2021-10-21,VS21,MS Sheets,39.17,MT,81568.56,2021-11-03,15
PO-2021-0572,2021-12-29,VS21,GI Pipes,1.23,MT,65514.59,2022-01-13,15
PO-2021-0573,2021-12-12,VS11,Structural Steel,39.48,MT,103481.43,2021-12-17,30
PO-2021-0574,2023-06-08,VS28,MS Rods,22.02,MT,80805.02,2023-06-11,15
PO-2021-0575,2021-03-19,VS13,Angles & Channels,47.55,MT,111900.48,2021-04-03,30
PO-2021-0576,2023-12-24,VS13,MS Pipes,34.16,MT,92001.52,2023-12-30,30
PO-2021-0577,2022-04-09,VS23,SS Sheets,7.32,MT,73766.29,2022-04-21,45
PO-2021-0578,2022-09-19,VS11,SS Pipes,41.37,MT,67365.17,2022-09-26,30
PO-2021-0579,2023-07-23,VS34,Hex Bars,17.55,MT,111598.05,2023-07-28,21
PO-2021-0580,2022-12-03,VS32,Angles & Channels,37.76,MT,57366.26,2022-12-18,45
PO-2021-0581,2023-04-07,VS02,HR Coils,11.99,MT,118865.96,2023-04-13,21
PO-2021-0582,2021-02-14,VS33,MS Sheets,7.03,MT,98333.26,2021-03-01,45
PO-2021-0583,2021-03-18,VS25,CR Sheets,38.79,MT,91735.11,2021-03-30,30
PO-2021-0584,2021-04-09,VS07,MS Pipes,3.36,MT,53684.24,2021-04-19,15
PO-2021-0585,2023-02-18,VS08,Spring Steel,13.38,MT,97640.12,2023-02-24,21
PO-2021-0586,2021-01-20,VS20,GI Wire,33.42,MT,94686.22,2021-01-27,21
PO-2021-0587,2021-10-08,VS27,ERW Pipes,26.07,MT,91327.35,2021-10-15,21
PO-2021-0588,2021-08-22,VS07,Structural Steel,10.73,MT,59981.2,2021-08-29,15
PO-2021-0589,2023-12-08,VS13,Angles & Channels,35.47,MT,67151.34,2023-12-11,30
PO-2021-0590,2023-10-14,VS14,Structural Steel,17.2,MT,45205.35,2023-10-27,30
PO-2021-0591,2021-07-02,VS08,Structural Steel,8.31,MT,51756.2,2021-07-13,21
PO-2021-0592,2021-06-03,VS07,CR Sheets,32.57,MT,79256.34,2021-06-10,15
PO-2021-0593,2022-06-25,VS30,GI Pipes,5.89,MT,58102.64,2022-06-28,45
PO-2021-0594,2022-08-19,VS24,MS Flats,21.87,MT,53692.58,2022-09-03,45
PO-2021-0595,2021-04-04,VS01,Square/Rect Tubes,33.5,MT,57788.42,2021-04-12,15
PO-2021-0596,2023-06-16,VS18,SS Pipes,19.26,MT,70704.2,2023-06-20,30
PO-2021-0597,2023-04-01,VS26,Fasteners & Fittings,14.32,MT,73928.66,2023-04-11,21
PO-2021-0598,2023-05-14,VS11,ERW Pipes,7.49,MT,99480.83,2023-05-19,30
PO-2021-0599,2021-08-01,VS27,Structural Steel,40.31,MT,95879.49,2021-08-06,21
PO-2021-0600,2023-02-17,VS23,MS Pipes,43.27,MT,110996.27,2023-03-03,45
PO-2021-0601,2021-09-25,VS31,Structural Steel,6.53,MT,75846.32,2021-09-28,45
PO-2021-0602,2021-05-10,VS17,MS Flats,1.61,MT,110124.92,2021-05-21,45
PO-2021-0603,2022-04-04,VS22,Hex Bars,26.63,MT,97543.51,2022-04-08,21
PO-2021-0604,2023-06-06,VS16,Structural Steel,17.94,MT,95722.17,2023-06-15,15
PO-2021-0605,2021-11-01,VS04,MS Pipes,32.53,MT,56769.55,2021-11-11,21
PO-2021-0606,2023-10-13,VS11,SS Pipes,37.82,MT,69047.54,2023-10-21,30
PO-2021-0607,2022-07-24,VS04,Hex Bars,11.91,MT,93248.8,2022-08-02,21
PO-2021-0608,2022-04-27,VS06,Fasteners & Fittings,22.77,MT,87977.62,2022-05-01,30
PO-2021-0609,2023-10-18,VS29,MS Flats,6.82,MT,82303.0,2023-10-31,30
PO-2021-0610,2021-02-06,VS07,MS Rods,21.2,MT,86784.83,2021-02-09,15
PO-2021-0611,2021-07-06,VS20,Hex Bars,28.55,MT,94094.7,2021-07-16,21
PO-2021-0612,2022-11-30,VS24,GI Pipes,41.01,MT,108323.81,2022-12-08,45
PO-2021-0613,2023-08-27,VS24,Fasteners & Fittings,6.59,MT,101949.0,2023-09-02,45
PO-2021-0614,2021-01-05,VS22,Angles & Channels,41.66,MT,117332.53,2021-01-12,21
PO-2021-0615,2023-12-06,VS24,ERW Pipes,3.24,MT,57311.65,2023-12-11,45
PO-2021-0616,2023-04-19,VS07,CR Sheets,30.93,MT,59065.76,2023-04-28,15
PO-2021-0617,2022-03-18,VS30,GI Sheets,36.12,MT,53082.43,2022-03-27,45
PO-2021-0618,2021-04-06,VS08,Fasteners & Fittings,23.41,MT,89198.71,2021-04-17,21
PO-2021-0619,2021-10-03,VS32,MS Pipes,26.99,MT,48642.87,2021-10-12,45
PO-2021-0620,2023-09-17,VS33,MS Sheets,34.9,MT,58023.77,2023-09-22,45
PO-2021-0621,2021-08-01,VS25,MS Flats,25.7,MT,73849.7,2021-08-13,30
PO-2021-0622,2022-05-24,VS18,MS Rods,48.22,MT,117786.87,2022-06-03,30
PO-2021-0623,2021-10-01,VS09,GI Wire,30.52,MT,111482.76,2021-10-12,30
PO-2021-0624,2022-09-05,VS21,Spring Steel,32.0,MT,60066.68,2022-09-17,15
PO-2021-0625,2022-08-19,VS23,Square/Rect Tubes,49.09,MT,93756.48,2022-08-24,45
PO-2021-0626,2023-10-29,VS21,ERW Pipes,38.28,MT,87171.02,2023-11-10,15
PO-2021-0627,2023-05-05,VS19,GI Wire,40.61,MT,87572.94,2023-05-08,30
PO-2021-0628,2023-02-20,VS10,GI Pipes,33.84,MT,59992.68,2023-03-07,30
PO-2021-0629,2021-11-26,VS19,CR Sheets,8.17,MT,51638.56,2021-12-11,30
PO-2021-0630,2022-08-28,VS14,Spring Steel,2.58,MT,106051.97,2022-09-01,30
PO-2021-0631,2022-04-05,VS25,HR Coils,26.04,MT,104762.52,2022-04-19,30
PO-2021-0632,2022-08-13,VS04,MS Rods,19.99,MT,116752.65,2022-08-26,21
PO-2021-0633,2022-10-03,VS04,MS Pipes,37.44,MT,60231.54,2022-10-18,21
PO-2021-0634,2023-06-27,VS15,Angles & Channels,38.0,MT,85996.14,2023-07-09,45
PO-2021-0635,2022-02-07,VS13,SS Sheets,22.99,MT,118759.0,2022-02-11,30
PO-2021-0636,2022-01-18,VS12,Hex Bars,6.85,MT,49969.47,2022-01-25,15
PO-2021-0637,2022-06-26,VS09,MS Sheets,29.62,MT,64126.21,2022-07-04,30
PO-2021-0638,2023-08-14,VS10,GI Pipes,8.53,MT,69197.25,2023-08-17,30
PO-2021-0639,2022-09-09,VS32,Spring Steel,18.55,MT,103802.36,2022-09-17,45
PO-2021-0640,2023-12-13,VS15,MS Sheets,26.51,MT,103969.37,2023-12-18,45
PO-2021-0641,2023-05-02,VS26,SS Pipes,18.12,MT,111254.76,2023-05-15,21
PO-2021-0642,2022-11-11,VS22,Angles & Channels,15.39,MT,116273.12,2022-11-23,21
PO-2021-0643,2023-12-23,VS31,Spring Steel,41.36,MT,118584.99,2023-12-26,45
PO-2021-0644,2021-08-23,VS23,Fasteners & Fittings,12.78,MT,93169.83,2021-09-04,45
PO-2021-0645,2022-05-15,VS03,MS Flats,19.69,MT,108904.11,2022-05-19,21
PO-2021-0646,2023-03-02,VS17,Spring Steel,36.47,MT,46852.93,2023-03-13,45
PO-2021-0647,2023-02-07,VS33,Hex Bars,22.83,MT,48288.87,2023-02-20,45
PO-2021-0648,2022-01-30,VS21,Hex Bars,5.03,MT,52196.73,2022-02-14,15
PO-2021-0649,2023-12-29,VS01,SS Pipes,11.33,MT,92213.59,2024-01-04,15
PO-2021-0650,2023-05-19,VS07,GI Sheets,27.35,MT,97705.71,2023-06-02,15
PO-2021-0651,2023-06-11,VS05,Square/Rect Tubes,2.16,MT,98765.12,2023-06-14,15
PO-2021-0652,2021-06-29,VS05,GI Pipes,9.72,MT,63893.1,2021-07-03,15
PO-2021-0653,2022-04-12,VS17,GI Wire,20.01,MT,92266.29,2022-04-21,45
PO-2021-0654,2022-10-10,VS02,MS Rods,33.99,MT,85112.58,2022-10-23,21
PO-2021-0655,2021-05-10,VS03,SS Pipes,18.53,MT,86021.28,2021-05-17,21
PO-2021-0656,2022-09-10,VS06,SS Sheets,38.5,MT,77825.71,2022-09-19,30
PO-2021-0657,2021-03-05,VS31,MS Sheets,27.14,MT,55228.61,2021-03-14,45
PO-2021-0658,2022-08-28,VS10,SS Sheets,34.19,MT,113562.67,2022-09-12,30
PO-2021-0659,2023-02-04,VS01,Spring Steel,43.86,MT,55603.04,2023-02-07,15
PO-2021-0660,2021-01-11,VS26,Spring Steel,27.83,MT,51384.51,2021-01-17,21
PO-2021-0661,2022-12-06,VS14,GI Wire,45.38,MT,108859.41,2022-12-11,30
PO-2021-0662,2021-11-26,VS12,HR Coils,31.23,MT,66513.86,2021-11-30,15
PO-2021-0663,2022-01-07,VS04,Spring Steel,23.6,MT,86224.85,2022-01-14,21
PO-2021-0664,2021-05-18,VS17,ERW Pipes,10.67,MT,88544.67,2021-05-26,45
PO-2021-0665,2023-01-02,VS09,HR Coils,5.9,MT,91463.68,2023-01-08,30
PO-2021-0666,2022-10-13,VS32,Fasteners & Fittings,17.09,MT,94456.67,2022-10-27,45
PO-2021-0667,2021-11-09,VS24,MS Flats,47.97,MT,57647.96,2021-11-17,45
PO-2021-0668,2022-05-20,VS15,GI Wire,14.56,MT,71961.45,2022-06-02,45
PO-2021-0669,2022-11-11,VS31,Fasteners & Fittings,22.82,MT,103107.52,2022-11-21,45
PO-2021-0670,2021-08-11,VS12,SS Pipes,42.25,MT,113779.67,2021-08-16,15
PO-2021-0671,2022-02-07,VS17,SS Pipes,36.64,MT,111907.89,2022-02-18,45
PO-2021-0672,2021-03-05,VS26,GI Sheets,45.41,MT,86369.55,2021-03-16,21
PO-2021-0673,2023-08-25,VS10,Angles & Channels,20.23,MT,111857.82,2023-09-06,30
PO-2021-0674,2022-08-19,VS09,Fasteners & Fittings,25.56,MT,51791.55,2022-08-27,30
PO-2021-0675,2023-10-26,VS01,HR Coils,42.55,MT,105490.5,2023-11-07,15
PO-2021-0676,2021-12-06,VS33,Square/Rect Tubes,22.86,MT,58435.89,2021-12-18,45
PO-2021-0677,2021-10-27,VS31,Angles & Channels,2.98,MT,102110.43,2021-11-02,45
PO-2021-0678,2021-05-09,VS17,Angles & Channels,12.47,MT,95143.92,2021-05-20,45
PO-2021-0679,2023-01-10,VS25,Structural Steel,45.98,MT,111116.4,2023-01-13,30
PO-2021-0680,2022-10-26,VS07,Hex Bars,32.04,MT,65512.15,2022-11-09,15
PO-2021-0681,2022-06-24,VS12,MS Rods,33.03,MT,75293.15,2022-07-07,15
PO-2021-0682,2021-06-09,VS34,CR Sheets,19.44,MT,113043.18,2021-06-20,21
PO-2021-0683,2023-04-12,VS23,Angles & Channels,24.86,MT,81158.26,2023-04-24,45
PO-2021-0684,2021-01-14,VS33,Square/Rect Tubes,22.56,MT,62249.31,2021-01-25,45
PO-2021-0685,2022-07-30,VS14,Square/Rect Tubes,10.16,MT,72166.72,2022-08-13,30
PO-2021-0686,2021-08-31,VS15,GI Wire,40.75,MT,99019.17,2021-09-10,45
PO-2021-0687,2023-09-08,VS31,GI Sheets,29.95,MT,93544.44,2023-09-17,45
PO-2021-0688,2021-02-15,VS16,GI Pipes,7.27,MT,89426.07,2021-02-20,15
PO-2021-0689,2023-11-16,VS03,Square/Rect Tubes,3.74,MT,66944.25,2023-11-21,21
PO-2021-0690,2023-11-25,VS26,MS Pipes,44.05,MT,99598.07,2023-12-02,21
PO-2021-0691,2021-06-25,VS14,Fasteners & Fittings,30.72,MT,80356.01,2021-07-05,30
PO-2021-0692,2021-12-16,VS15,GI Wire,30.44,MT,104596.21,2021-12-31,45
PO-2021-0693,2022-01-08,VS33,CR Sheets,9.22,MT,96419.34,2022-01-18,45
PO-2021-0694,2021-05-21,VS15,MS Rods,19.89,MT,53142.76,2021-05-27,45
PO-2021-0695,2023-12-07,VS33,GI Wire,41.5,MT,90413.33,2023-12-12,45
PO-2021-0696,2023-09-02,VS03,Spring Steel,25.66,MT,55966.28,2023-09-12,21
PO-2021-0697,2021-09-24,VS01,GI Wire,26.58,MT,72778.31,2021-09-27,15
PO-2021-0698,2023-12-22,VS28,HR Coils,46.98,MT,81159.26,2024-01-06,15
PO-2021-0699,2023-02-20,VS23,ERW Pipes,21.85,MT,64088.85,2023-03-07,45
PO-2021-0700,2022-04-22,VS06,SS Sheets,30.32,MT,85779.83,2022-04-29,30
PO-2021-0701,2022-01-23,VS01,MS Pipes,29.32,MT,53837.15,2022-01-26,15
PO-2021-0702,2023-02-08,VS14,MS Flats,21.03,MT,52993.74,2023-02-17,30
PO-2021-0703,2022-06-04,VS17,Spring Steel,21.75,MT,72423.31,2022-06-11,45
PO-2021-0704,2023-03-25,VS14,GI Wire,28.05,MT,86817.2,2023-03-30,30
PO-2021-0705,2023-01-29,VS31,CR Sheets,49.44,MT,88323.84,2023-02-13,45
PO-2021-0706,2023-03-27,VS09,ERW Pipes,37.64,MT,78494.62,2023-04-10,30
PO-2021-0707,2021-11-28,VS07,GI Sheets,25.91,MT,103956.08,2021-12-13,15
PO-2021-0708,2021-04-17,VS11,MS Rods,48.26,MT,45396.8,2021-04-21,30
PO-2021-0709,2021-10-25,VS31,GI Wire,5.32,MT,64731.9,2021-11-02,45
PO-2021-0710,2021-06-13,VS03,MS Rods,46.6,MT,78050.3,2021-06-26,21
PO-2021-0711,2023-12-04,VS19,GI Pipes,47.34,MT,110777.84,2023-12-17,30
PO-2021-0712,2023-10-10,VS29,MS Pipes,10.88,MT,94266.32,2023-10-25,30
PO-2021-0713,2023-11-28,VS19,GI Sheets,2.65,MT,93562.16,2023-12-09,30
PO-2021-0714,2022-04-20,VS11,GI Pipes,18.63,MT,94126.43,2022-04-25,30
PO-2021-0715,2021-06-27,VS18,MS Rods,18.3,MT,74635.73,2021-07-09,30
PO-2021-0716,2022-02-15,VS34,MS Pipes,37.11,MT,50146.29,2022-02-19,21
PO-2021-0717,2022-08-06,VS23,Angles & Channels,48.2,MT,65738.09,2022-08-18,45
PO-2021-0718,2022-02-03,VS30,MS Rods,29.17,MT,64583.06,2022-02-12,45
PO-2021-0719,2023-11-03,VS07,Spring Steel,4.55,MT,67068.89,2023-11-07,15
PO-2021-0720,2023-11-18,VS17,Spring Steel,40.84,MT,88117.04,2023-12-02,45
PO-2021-0721,2023-06-26,VS25,Structural Steel,38.73,MT,101810.5,2023-07-11,30
PO-2021-0722,2023-07-29,VS30,MS Pipes,24.62,MT,64336.48,2023-08-07,45
PO-2021-0723,2022-03-28,VS15,MS Flats,21.21,MT,71482.22,2022-04-08,45
PO-2021-0724,2021-01-20,VS17,HR Coils,15.08,MT,74919.8,2021-02-03,45
PO-2021-0725,2022-12-02,VS05,Spring Steel,46.64,MT,80741.66,2022-12-10,15
PO-2021-0726,2022-03-24,VS18,MS Sheets,47.41,MT,96233.05,2022-03-30,30
PO-2021-0727,2023-10-19,VS13,HR Coils,37.04,MT,110455.69,2023-10-25,30
PO-2021-0728,2022-04-15,VS13,HR Coils,41.98,MT,71702.05,2022-04-30,30
PO-2021-0729,2021-08-07,VS08,SS Pipes,34.11,MT,94756.81,2021-08-19,21
PO-2021-0730,2021-01-14,VS03,Structural Steel,19.19,MT,71402.52,2021-01-26,21
PO-2021-0731,2022-07-17,VS32,MS Sheets,49.24,MT,113700.51,2022-07-24,45
PO-2021-0732,2023-03-26,VS15,Square/Rect Tubes,3.65,MT,104945.24,2023-04-05,45
PO-2021-0733,2021-03-08,VS33,Angles & Channels,20.29,MT,96475.4,2021-03-13,45
PO-2021-0734,2023-07-26,VS08,Hex Bars,23.54,MT,96690.79,2023-07-29,21
PO-2021-0735,2022-03-08,VS25,ERW Pipes,16.95,MT,90958.36,2022-03-15,30
PO-2021-0736,2022-01-19,VS17,HR Coils,14.2,MT,116889.51,2022-01-27,45
PO-2021-0737,2023-01-20,VS12,Structural Steel,21.77,MT,79489.25,2023-02-04,15
PO-2021-0738,2023-02-02,VS24,MS Rods,14.7,MT,58491.69,2023-02-07,45
PO-2021-0739,2022-04-14,VS07,CR Sheets,40.4,MT,86650.5,2022-04-23,15
PO-2021-0740,2022-02-06,VS10,Square/Rect Tubes,24.18,MT,45730.67,2022-02-15,30
PO-2021-0741,2023-10-21,VS09,Hex Bars,27.17,MT,68679.54,2023-10-31,30
PO-2021-0742,2022-09-07,VS17,Spring Steel,43.07,MT,48578.2,2022-09-11,45
PO-2021-0743,2021-12-01,VS04,GI Sheets,40.88,MT,80740.46,2021-12-14,21
PO-2021-0744,2021-07-17,VS29,MS Flats,13.73,MT,72022.99,2021-07-28,30
PO-2021-0745,2022-06-12,VS23,MS Pipes,21.18,MT,71331.79,2022-06-25,45
PO-2021-0746,2022-02-12,VS12,SS Sheets,18.4,MT,99309.04,2022-02-22,15
PO-2021-0747,2023-07-05,VS06,MS Rods,31.07,MT,79781.41,2023-07-10,30
PO-2021-0748,2021-12-10,VS22,GI Wire,31.93,MT,87872.82,2021-12-14,21
PO-2021-0749,2021-06-12,VS11,MS Flats,12.18,MT,68765.87,2021-06-19,30
PO-2021-0750,2022-07-02,VS26,CR Sheets,44.5,MT,103573.05,2022-07-10,21
PO-2021-0751,2023-12-03,VS29,GI Wire,9.2,MT,109065.89,2023-12-08,30
PO-2021-0752,2022-04-26,VS17,SS Pipes,11.32,MT,74778.42,2022-04-30,45
PO-2021-0753,2021-05-11,VS31,Spring Steel,3.64,MT,102820.03,2021-05-22,45
PO-2021-0754,2021-06-20,VS07,CR Sheets,31.29,MT,51323.34,2021-06-29,15
PO-2021-0755,2022-09-26,VS15,HR Coils,37.14,MT,78237.03,2022-10-01,45
PO-2021-0756,2021-09-26,VS34,MS Sheets,2.4,MT,94766.19,2021-10-04,21
PO-2021-0757,2023-09-03,VS30,Spring Steel,46.81,MT,86140.9,2023-09-08,45
PO-2021-0758,2021-12-29,VS30,GI Wire,26.65,MT,92964.62,2022-01-05,45
PO-2021-0759,2022-12-13,VS31,Spring Steel,12.13,MT,51716.55,2022-12-20,45
PO-2021-0760,2023-01-20,VS27,CR Sheets,8.63,MT,45791.69,2023-01-31,21
PO-2021-0761,2021-10-07,VS23,SS Sheets,23.99,MT,45623.78,2021-10-17,45
PO-2021-0762,2023-09-05,VS20,MS Pipes,38.53,MT,104847.36,2023-09-17,21
PO-2021-0763,2022-04-19,VS01,Spring Steel,19.31,MT,75880.19,2022-04-30,15
PO-2021-0764,2023-06-15,VS26,HR Coils,9.0,MT,100283.84,2023-06-24,21
PO-2021-0765,2023-02-14,VS15,CR Sheets,4.88,MT,91899.23,2023-02-25,45
PO-2021-0766,2022-07-11,VS19,Spring Steel,40.63,MT,79006.5,2022-07-15,30
PO-2021-0767,2022-01-09,VS09,SS Sheets,6.41,MT,79150.73,2022-01-19,30
PO-2021-0768,2022-07-12,VS32,GI Sheets,16.71,MT,56411.2,2022-07-23,45
PO-2021-0769,2021-02-15,VS12,ERW Pipes,14.82,MT,56553.06,2021-02-25,15
PO-2021-0770,2021-01-17,VS15,SS Pipes,8.38,MT,82018.47,2021-01-25,45
PO-2021-0771,2023-05-11,VS20,Structural Steel,49.9,MT,79776.34,2023-05-26,21
PO-2021-0772,2021-03-06,VS22,SS Pipes,42.33,MT,116373.3,2021-03-09,21
PO-2021-0773,2022-06-30,VS26,SS Pipes,27.62,MT,58620.28,2022-07-07,21
PO-2021-0774,2023-02-21,VS01,ERW Pipes,48.76,MT,98601.19,2023-03-02,15
PO-2021-0775,2023-06-27,VS16,GI Pipes,10.76,MT,100149.21,2023-07-01,15
PO-2021-0776,2023-12-04,VS14,Structural Steel,20.07,MT,117091.04,2023-12-12,30
PO-2021-0777,2021-11-21,VS03,Spring Steel,26.53,MT,66558.39,2021-12-04,21
PO-2021-0778,2022-09-04,VS13,Angles & Channels,44.49,MT,109774.32,2022-09-10,30
PO-2021-0779,2021-08-20,VS16,GI Wire,16.9,MT,57552.03,2021-08-27,15
PO-2021-0780,2021-09-03,VS26,HR Coils,1.44,MT,48149.5,2021-09-18,21
PO-2021-0781,2023-09-01,VS10,Angles & Channels,38.77,MT,63654.17,2023-09-11,30
PO-2021-0782,2021-07-07,VS22,GI Pipes,3.93,MT,93343.12,2021-07-21,21
PO-2021-0783,2021-08-08,VS09,Structural Steel,12.4,MT,118625.68,2021-08-23,30
PO-2021-0784,2022-12-13,VS29,GI Sheets,2.05,MT,73332.67,2022-12-27,30
PO-2021-0785,2021-10-03,VS17,GI Pipes,24.78,MT,77812.5,2021-10-10,45
PO-2021-0786,2023-10-01,VS13,MS Sheets,27.64,MT,69276.07,2023-10-11,30
PO-2021-0787,2022-07-18,VS11,SS Pipes,27.03,MT,78703.81,2022-07-25,30
PO-2021-0788,2023-01-22,VS30,MS Pipes,39.02,MT,82946.83,2023-02-05,45
PO-2021-0789,2022-01-15,VS02,Angles & Channels,39.02,MT,62908.99,2022-01-29,21
PO-2021-0790,2021-05-10,VS25,GI Sheets,26.68,MT,82316.19,2021-05-21,30
PO-2021-0791,2021-11-12,VS19,MS Flats,21.08,MT,71917.88,2021-11-16,30
PO-2021-0792,2023-12-08,VS05,GI Pipes,41.92,MT,54733.07,2023-12-11,15
PO-2021-0793,2022-02-18,VS07,Structural Steel,10.39,MT,47386.29,2022-03-03,15
PO-2021-0794,2023-03-07,VS32,Hex Bars,31.57,MT,89272.57,2023-03-10,45
PO-2021-0795,2023-01-21,VS15,SS Pipes,1.64,MT,114077.64,2023-02-03,45
PO-2021-0796,2023-10-04,VS06,Fasteners & Fittings,40.25,MT,49552.51,2023-10-15,30
PO-2021-0797,2023-05-02,VS24,GI Pipes,41.36,MT,64936.17,2023-05-05,45
PO-2021-0798,2021-05-25,VS20,SS Pipes,47.29,MT,117044.01,2021-05-29,21
PO-2021-0799,2021-07-27,VS15,Spring Steel,19.88,MT,59483.96,2021-08-09,45
PO-2021-0800,2022-05-25,VS12,Spring Steel,37.71,MT,79184.4,2022-05-29,15
PO-2021-0801,2023-01-04,VS30,GI Wire,44.26,MT,57510.7,2023-01-09,45
PO-2021-0802,2023-04-03,VS33,MS Flats,33.22,MT,85042.54,2023-04-15,45
PO-2021-0803,2023-06-27,VS23,MS Flats,27.95,MT,119763.77,2023-07-05,45
PO-2021-0804,2023-04-25,VS28,MS Flats,30.81,MT,87235.85,2023-05-01,15
PO-2021-0805,2023-02-08,VS17,Angles & Channels,48.12,MT,78562.48,2023-02-17,45
PO-2021-0806,2021-01-01,VS03,SS Sheets,30.19,MT,87173.53,2021-01-08,21
PO-2021-0807,2021-01-14,VS20,HR Coils,11.53,MT,68617.85,2021-01-29,21
PO-2021-0808,2022-07-20,VS33,Spring Steel,28.96,MT,87870.89,2022-07-24,45
PO-2021-0809,2021-03-19,VS30,Angles & Channels,8.65,MT,64874.11,2021-03-31,45
PO-2021-0810,2022-05-27,VS15,CR Sheets,40.74,MT,51892.88,2022-06-05,45
PO-2021-0811,2022-03-22,VS05,MS Flats,39.85,MT,57967.69,2022-04-05,15
PO-2021-0812,2021-07-15,VS20,GI Pipes,36.81,MT,88221.28,2021-07-19,21
PO-2021-0813,2021-04-25,VS22,Angles & Channels,44.11,MT,77572.83,2021-04-29,21
PO-2021-0814,2022-04-10,VS01,MS Rods,3.65,MT,84328.75,2022-04-18,15
PO-2021-0815,2021-11-03,VS21,Hex Bars,35.19,MT,56489.81,2021-11-16,15
PO-2021-0816,2023-03-16,VS29,Hex Bars,5.41,MT,77395.18,2023-03-31,30
PO-2021-0817,2023-03-19,VS10,Square/Rect Tubes,17.47,MT,80689.1,2023-04-02,30
PO-2021-0818,2021-04-11,VS26,CR Sheets,5.17,MT,82636.73,2021-04-26,21
PO-2021-0819,2021-09-25,VS09,Structural Steel,28.41,MT,81589.58,2021-10-08,30
PO-2021-0820,2022-02-06,VS34,HR Coils,12.87,MT,64969.28,2022-02-15,21
PO-2021-0821,2022-10-25,VS06,ERW Pipes,33.92,MT,76765.55,2022-11-02,30
PO-2021-0822,2022-01-26,VS21,Angles & Channels,30.1,MT,46815.51,2022-02-02,15
PO-2021-0823,2021-12-13,VS23,Fasteners & Fittings,31.54,MT,78034.76,2021-12-19,45
PO-2021-0824,2022-02-13,VS24,Square/Rect Tubes,38.13,MT,108957.31,2022-02-17,45
PO-2021-0825,2021-04-22,VS16,Square/Rect Tubes,43.57,MT,106510.05,2021-04-25,15
PO-2021-0826,2022-12-05,VS08,SS Sheets,23.05,MT,46706.11,2022-12-11,21
PO-2021-0827,2022-03-10,VS14,Spring Steel,26.64,MT,64399.35,2022-03-20,30
PO-2021-0828,2021-10-17,VS02,MS Rods,29.57,MT,94764.63,2021-10-20,21
PO-2021-0829,2022-06-08,VS11,GI Pipes,14.92,MT,104189.14,2022-06-20,30
PO-2021-0830,2022-07-10,VS04,Fasteners & Fittings,33.08,MT,45625.06,2022-07-19,21
PO-2021-0831,2022-07-10,VS24,ERW Pipes,1.93,MT,110055.78,2022-07-23,45
PO-2021-0832,2023-03-03,VS15,MS Rods,25.92,MT,98226.66,2023-03-11,45
PO-2021-0833,2023-09-20,VS06,MS Sheets,10.74,MT,117509.35,2023-10-01,30
PO-2021-0834,2021-02-14,VS03,HR Coils,46.19,MT,70584.35,2021-02-24,21
PO-2021-0835,2023-03-17,VS11,MS Pipes,17.99,MT,71393.48,2023-03-30,30
PO-2021-0836,2022-09-12,VS16,Hex Bars,14.52,MT,49650.73,2022-09-19,15
PO-2021-0837,2023-03-04,VS02,Spring Steel,47.51,MT,61918.7,2023-03-12,21
PO-2021-0838,2023-03-16,VS09,SS Pipes,36.76,MT,84053.84,2023-03-29,30
PO-2021-0839,2022-04-11,VS27,HR Coils,29.07,MT,76984.87,2022-04-18,21
PO-2021-0840,2022-11-06,VS29,Spring Steel,7.46,MT,93935.45,2022-11-18,30
PO-2021-0841,2022-02-19,VS09,SS Sheets,34.74,MT,112398.24,2022-02-24,30
PO-2021-0842,2023-05-31,VS10,MS Sheets,16.56,MT,86800.52,2023-06-14,30
PO-2021-0843,2021-08-31,VS12,MS Flats,42.14,MT,58150.78,2021-09-03,15
PO-2021-0844,2022-10-15,VS27,GI Wire,15.86,MT,100920.73,2022-10-28,21
PO-2021-0845,2022-07-15,VS10,GI Sheets,6.23,MT,58855.99,2022-07-30,30
PO-2021-0846,2022-07-01,VS15,HR Coils,12.31,MT,46956.34,2022-07-05,45
PO-2021-0847,2023-09-04,VS09,Hex Bars,42.46,MT,80157.26,2023-09-17,30
PO-2021-0848,2023-02-05,VS12,MS Rods,25.08,MT,57525.99,2023-02-11,15
PO-2021-0849,2022-04-09,VS03,GI Wire,38.46,MT,47971.11,2022-04-16,21
PO-2021-0850,2023-04-26,VS15,GI Sheets,38.13,MT,49960.22,2023-05-06,45
PO-2021-0851,2023-10-01,VS21,Fasteners & Fittings,44.49,MT,77066.68,2023-10-16,15
PO-2021-0852,2021-03-27,VS25,MS Flats,20.31,MT,115435.43,2021-04-08,30
PO-2021-0853,2023-12-12,VS03,Hex Bars,6.36,MT,82438.23,2023-12-15,21
PO-2021-0854,2022-05-19,VS34,Spring Steel,20.38,MT,100137.76,2022-05-30,21
PO-2021-0855,2023-03-05,VS34,GI Pipes,10.3,MT,77966.54,2023-03-12,21
PO-2021-0856,2022-08-09,VS30,MS Sheets,21.7,MT,90985.07,2022-08-12,45
PO-2021-0857,2023-11-25,VS10,Fasteners & Fittings,41.66,MT,78877.36,2023-12-09,30
PO-2021-0858,2023-10-23,VS08,MS Sheets,39.16,MT,115338.18,2023-11-06,21
PO-2021-0859,2021-10-05,VS26,GI Wire,16.85,MT,46868.41,2021-10-15,21
PO-2021-0860,2022-02-18,VS30,SS Pipes,13.25,MT,96878.81,2022-03-04,45
PO-2021-0861,2021-12-02,VS08,SS Pipes,6.59,MT,78704.88,2021-12-10,21
PO-2021-0862,2021-06-24,VS34,MS Rods,36.62,MT,118139.36,2021-07-06,21
PO-2021-0863,2021-11-24,VS25,Spring Steel,19.65,MT,102619.52,2021-12-02,30
PO-2021-0864,2021-11-04,VS11,Square/Rect Tubes,9.76,MT,98403.56,2021-11-13,30
PO-2021-0865,2022-09-23,VS20,Fasteners & Fittings,15.15,MT,58552.2,2022-09-28,21
PO-2021-0866,2022-02-20,VS01,CR Sheets,1.6,MT,82322.07,2022-03-02,15
PO-2021-0867,2021-01-12,VS32,HR Coils,11.63,MT,94460.3,2021-01-22,45
PO-2021-0868,2023-04-20,VS29,SS Pipes,30.46,MT,45492.98,2023-05-01,30
PO-2021-0869,2022-07-24,VS14,GI Pipes,10.06,MT,49129.8,2022-08-01,30
PO-2021-0870,2021-03-17,VS10,GI Pipes,33.68,MT,107851.08,2021-03-24,30
PO-2021-0871,2022-11-10,VS06,GI Pipes,6.34,MT,119530.14,2022-11-15,30
PO-2021-0872,2022-08-06,VS12,Fasteners & Fittings,37.72,MT,74894.71,2022-08-09,15
PO-2021-0873,2021-07-10,VS20,MS Flats,19.06,MT,73420.45,2021-07-14,21
PO-2021-0874,2023-05-26,VS05,SS Sheets,24.07,MT,54151.74,2023-06-02,15
PO-2021-0875,2022-11-06,VS34,GI Wire,26.71,MT,97187.21,2022-11-18,21
PO-2021-0876,2021-04-30,VS07,Hex Bars,49.37,MT,81274.72,2021-05-14,15
PO-2021-0877,2022-08-12,VS28,MS Flats,13.72,MT,88135.7,2022-08-24,15
PO-2021-0878,2022-12-26,VS09,Structural Steel,26.47,MT,92389.32,2023-01-05,30
PO-2021-0879,2022-01-04,VS15,SS Sheets,48.98,MT,45118.57,2022-01-07,45
PO-2021-0880,2023-08-11,VS08,GI Sheets,40.18,MT,119924.03,2023-08-20,21
PO-2021-0881,2021-04-04,VS22,Angles & Channels,28.46,MT,92812.77,2021-04-07,21
PO-2021-0882,2022-02-17,VS19,CR Sheets,39.72,MT,70806.26,2022-02-28,30
PO-2021-0883,2022-10-26,VS01,ERW Pipes,34.61,MT,70602.12,2022-11-09,15
PO-2021-0884,2021-03-01,VS12,GI Sheets,17.2,MT,73159.07,2021-03-14,15
PO-2021-0885,2023-09-09,VS31,GI Pipes,32.64,MT,81112.16,2023-09-22,45
PO-2021-0886,2023-08-02,VS22,Fasteners & Fittings,39.42,MT,76046.48,2023-08-16,21
PO-2021-0887,2021-04-25,VS34,SS Sheets,28.68,MT,95864.82,2021-05-06,21
PO-2021-0888,2021-02-08,VS14,MS Flats,40.18,MT,111602.21,2021-02-16,30
PO-2021-0889,2021-05-16,VS10,CR Sheets,42.2,MT,70436.43,2021-05-25,30
PO-2021-0890,2023-12-31,VS11,MS Rods,10.18,MT,53763.35,2024-01-15,30
PO-2021-0891,2022-09-24,VS21,GI Pipes,14.3,MT,51509.83,2022-09-30,15
PO-2021-0892,2023-02-01,VS29,SS Sheets,11.59,MT,67673.87,2023-02-05,30
PO-2021-0893,2023-02-06,VS03,GI Sheets,45.75,MT,81414.38,2023-02-09,21
PO-2021-0894,2023-09-16,VS33,Square/Rect Tubes,10.32,MT,114272.76,2023-09-30,45
PO-2021-0895,2023-12-09,VS20,MS Flats,8.02,MT,110384.92,2023-12-20,21
PO-2021-0896,2021-09-29,VS14,GI Pipes,23.51,MT,98525.8,2021-10-10,30
PO-2021-0897,2021-08-26,VS01,SS Sheets,46.68,MT,96528.92,2021-09-07,15
PO-2021-0898,2021-06-28,VS22,Fasteners & Fittings,44.57,MT,52732.71,2021-07-13,21
PO-2021-0899,2022-10-02,VS02,SS Sheets,32.3,MT,60738.43,2022-10-08,21
PO-2021-0900,2022-01-30,VS19,CR Sheets,27.08,MT,107077.39,2022-02-12,30
PO-2021-0901,2021-08-29,VS18,Square/Rect Tubes,8.72,MT,53584.53,2021-09-10,30
PO-2021-0902,2023-11-19,VS07,GI Sheets,27.58,MT,86202.42,2023-11-26,15
PO-2021-0903,2021-10-17,VS19,HR Coils,9.39,MT,71087.45,2021-10-25,30
PO-2021-0904,2023-06-28,VS04,Square/Rect Tubes,2.42,MT,112746.93,2023-07-01,21
PO-2021-0905,2021-08-05,VS25,GI Pipes,5.22,MT,74393.76,2021-08-19,30
PO-2021-0906,2023-07-03,VS23,SS Sheets,17.28,MT,59861.04,2023-07-18,45
PO-2021-0907,2023-12-29,VS06,Fasteners & Fittings,28.82,MT,51968.71,2024-01-13,30
PO-2021-0908,2023-08-18,VS07,Fasteners & Fittings,16.21,MT,93331.4,2023-09-02,15
PO-2021-0909,2023-08-12,VS31,HR Coils,47.42,MT,55779.13,2023-08-24,45
PO-2021-0910,2022-06-13,VS24,MS Rods,9.98,MT,113794.83,2022-06-21,45
PO-2021-0911,2022-10-28,VS30,Structural Steel,2.48,MT,80650.08,2022-11-05,45
PO-2021-0912,2023-09-08,VS30,MS Sheets,14.83,MT,71146.16,2023-09-20,45
PO-2021-0913,2021-09-18,VS33,ERW Pipes,20.88,MT,98570.48,2021-09-22,45
PO-2021-0914,2022-10-30,VS05,SS Sheets,27.1,MT,75061.24,2022-11-08,15
PO-2021-0915,2022-05-04,VS16,Spring Steel,8.79,MT,81178.1,2022-05-08,15
PO-2021-0916,2022-11-29,VS14,GI Wire,39.43,MT,77651.53,2022-12-14,30
PO-2021-0917,2022-12-02,VS16,MS Sheets,33.47,MT,50842.08,2022-12-16,15
PO-2021-0918,2023-09-24,VS08,Fasteners & Fittings,16.94,MT,52324.04,2023-10-04,21
PO-2021-0919,2021-12-27,VS20,MS Rods,4.41,MT,53155.85,2022-01-08,21
PO-2021-0920,2023-02-16,VS21,Structural Steel,32.6,MT,49611.17,2023-02-22,15
PO-2021-0921,2021-10-12,VS01,Square/Rect Tubes,33.38,MT,78973.08,2021-10-19,15
PO-2021-0922,2023-03-10,VS29,GI Sheets,11.08,MT,110806.9,2023-03-17,30
PO-2021-0923,2022-09-16,VS28,Angles & Channels,49.52,MT,88704.52,2022-09-28,15
PO-2021-0924,2023-11-12,VS26,Square/Rect Tubes,42.77,MT,49680.79,2023-11-23,21
PO-2021-0925,2021-04-19,VS01,Spring Steel,41.22,MT,71943.35,2021-04-26,15
PO-2021-0926,2021-03-05,VS16,GI Wire,35.41,MT,74570.12,2021-03-13,15
PO-2021-0927,2023-02-23,VS26,MS Rods,22.32,MT,60841.21,2023-02-28,21
PO-2021-0928,2023-08-31,VS09,GI Sheets,28.22,MT,108249.58,2023-09-08,30
PO-2021-0929,2023-05-05,VS10,SS Sheets,49.88,MT,95254.96,2023-05-10,30
PO-2021-0930,2021-01-24,VS05,MS Pipes,8.06,MT,111366.65,2021-02-06,15
PO-2021-0931,2023-06-14,VS09,SS Pipes,7.72,MT,105445.62,2023-06-24,30
PO-2021-0932,2023-05-22,VS12,Fasteners & Fittings,25.96,MT,89859.9,2023-06-01,15
PO-2021-0933,2023-02-27,VS23,HR Coils,10.1,MT,90342.99,2023-03-11,45
PO-2021-0934,2023-10-18,VS16,Hex Bars,14.19,MT,114492.33,2023-10-30,15
PO-2021-0935,2023-01-22,VS03,GI Pipes,28.84,MT,101780.84,2023-01-26,21
PO-2021-0936,2023-09-14,VS06,Square/Rect Tubes,36.78,MT,84480.6,2023-09-29,30
PO-2021-0937,2022-07-27,VS30,Hex Bars,4.83,MT,111743.66,2022-07-31,45
PO-2021-0938,2022-05-18,VS31,SS Pipes,34.52,MT,85439.79,2022-05-30,45
PO-2021-0939,2022-10-02,VS04,MS Flats,27.22,MT,45808.76,2022-10-12,21
PO-2021-0940,2023-11-16,VS31,MS Flats,21.63,MT,117043.6,2023-12-01,45
PO-2021-0941,2022-08-27,VS19,MS Sheets,2.73,MT,118783.43,2022-09-10,30
PO-2021-0942,2022-09-15,VS17,GI Pipes,31.84,MT,88360.58,2022-09-27,45
PO-2021-0943,2021-04-16,VS19,MS Pipes,15.05,MT,53235.79,2021-04-27,30
PO-2021-0944,2021-06-07,VS18,CR Sheets,7.49,MT,66072.89,2021-06-14,30
PO-2021-0945,2021-01-30,VS08,MS Sheets,45.6,MT,100422.54,2021-02-12,21
PO-2021-0946,2023-07-04,VS24,MS Sheets,13.8,MT,97558.12,2023-07-14,45
PO-2021-0947,2022-01-06,VS34,GI Pipes,17.8,MT,51330.11,2022-01-11,21
PO-2021-0948,2021-11-12,VS32,GI Wire,38.75,MT,62846.06,2021-11-22,45
PO-2021-0949,2021-12-09,VS14,Angles & Channels,3.66,MT,64829.66,2021-12-13,30
PO-2021-0950,2021-04-18,VS11,Fasteners & Fittings,20.54,MT,67602.53,2021-05-02,30
PO-2021-0951,2023-12-27,VS15,MS Rods,34.49,MT,74255.29,2024-01-03,45
PO-2021-0952,2021-10-25,VS34,GI Wire,1.58,MT,114541.69,2021-11-04,21
PO-2021-0953,2023-02-22,VS21,Hex Bars,34.46,MT,48076.32,2023-03-05,15
PO-2021-0954,2022-12-26,VS28,CR Sheets,17.41,MT,65031.59,2022-12-30,15
PO-2021-0955,2022-06-07,VS26,Fasteners & Fittings,38.88,MT,101181.82,2022-06-21,21
PO-2021-0956,2022-02-04,VS34,MS Flats,34.21,MT,119491.11,2022-02-12,21
PO-2021-0957,2021-01-22,VS01,SS Pipes,1.59,MT,52327.41,2021-01-26,15
PO-2021-0958,2023-07-03,VS23,HR Coils,36.54,MT,63892.21,2023-07-06,45
PO-2021-0959,2021-02-18,VS06,GI Pipes,46.99,MT,94245.41,2021-02-24,30
PO-2021-0960,2021-09-07,VS08,SS Pipes,42.97,MT,54743.04,2021-09-20,21
PO-2021-0961,2022-01-14,VS08,MS Sheets,13.41,MT,80021.67,2022-01-18,21
PO-2021-0962,2023-07-18,VS18,GI Wire,34.92,MT,95068.44,2023-08-02,30
PO-2021-0963,2022-10-25,VS17,MS Sheets,39.26,MT,65796.56,2022-10-28,45
PO-2021-0964,2023-02-23,VS25,MS Flats,49.8,MT,64367.9,2023-03-02,30
PO-2021-0965,2021-12-31,VS29,SS Pipes,25.09,MT,114643.97,2022-01-12,30
PO-2021-0966,2023-03-16,VS12,Structural Steel,6.31,MT,88969.31,2023-03-25,15
PO-2021-0967,2022-03-24,VS07,Fasteners & Fittings,36.05,MT,52746.53,2022-03-28,15
PO-2021-0968,2021-05-25,VS17,Fasteners & Fittings,1.92,MT,82327.6,2021-06-07,45
PO-2021-0969,2021-01-02,VS03,MS Rods,14.06,MT,101404.31,2021-01-11,21
PO-2021-0970,2021-01-08,VS33,Structural Steel,24.43,MT,75293.46,2021-01-22,45
PO-2021-0971,2021-05-24,VS15,MS Pipes,19.84,MT,96694.6,2021-06-08,45
PO-2021-0972,2023-09-15,VS08,Spring Steel,46.82,MT,71918.87,2023-09-28,21
PO-2021-0973,2022-09-13,VS26,GI Pipes,31.98,MT,116911.79,2022-09-17,21
PO-2021-0974,2023-01-19,VS22,SS Pipes,42.22,MT,102033.98,2023-01-26,21
PO-2021-0975,2022-02-20,VS12,Spring Steel,2.93,MT,76764.77,2022-02-26,15
PO-2021-0976,2022-09-05,VS25,ERW Pipes,31.9,MT,71944.58,2022-09-09,30
PO-2021-0977,2023-06-16,VS13,Square/Rect Tubes,2.75,MT,46902.35,2023-06-28,30
PO-2021-0978,2022-05-04,VS32,MS Rods,4.09,MT,85541.4,2022-05-11,45
PO-2021-0979,2023-10-21,VS29,MS Pipes,2.82,MT,49204.08,2023-11-05,30
PO-2021-0980,2021-03-29,VS26,ERW Pipes,11.37,MT,94038.75,2021-04-09,21
PO-2021-0981,2023-07-28,VS10,HR Coils,46.32,MT,47765.83,2023-08-02,30
PO-2021-0982,2023-09-29,VS02,Structural Steel,45.45,MT,91377.91,2023-10-05,21
PO-2021-0983,2021-09-25,VS01,MS Sheets,32.0,MT,112849.68,2021-10-10,15
PO-2021-0984,2021-07-19,VS30,MS Sheets,41.93,MT,49796.82,2021-07-23,45
PO-2021-0985,2021-08-22,VS32,HR Coils,4.09,MT,60198.09,2021-08-30,45
PO-2021-0986,2023-04-04,VS21,ERW Pipes,48.82,MT,88197.53,2023-04-09,15
PO-2021-0987,2022-10-21,VS14,GI Pipes,30.06,MT,70162.78,2022-10-25,30
PO-2021-0988,2022-07-15,VS10,GI Wire,9.23,MT,72744.55,2022-07-20,30
PO-2021-0989,2023-06-18,VS16,GI Pipes,7.54,MT,104328.92,2023-07-01,15
PO-2021-0990,2023-02-10,VS11,MS Pipes,44.1,MT,51054.2,2023-02-13,30
PO-2021-0991,2022-01-03,VS06,SS Sheets,21.39,MT,105555.89,2022-01-18,30
PO-2021-0992,2023-09-02,VS09,GI Sheets,8.01,MT,65321.23,2023-09-12,30
PO-2021-0993,2023-04-24,VS16,MS Sheets,30.92,MT,47821.59,2023-04-29,15
PO-2021-0994,2023-10-21,VS06,SS Sheets,18.04,MT,45342.75,2023-10-27,30
PO-2021-0995,2022-01-29,VS08,Hex Bars,48.86,MT,91419.07,2022-02-13,21
PO-2021-0996,2023-11-06,VS15,Fasteners & Fittings,38.75,MT,94449.54,2023-11-13,45
PO-2021-0997,2021-04-19,VS13,ERW Pipes,40.03,MT,96393.28,2021-04-29,30
PO-2021-0998,2023-10-16,VS12,MS Sheets,33.84,MT,50163.02,2023-10-29,15
PO-2021-0999,2023-01-16,VS19,GI Sheets,22.3,MT,72874.98,2023-01-31,30
PO-2021-1000,2023-07-18,VS03,ERW Pipes,37.28,MT,118939.18,2023-07-23,21
PO-2021-1001,2021-11-20,VS02,Structural Steel,26.23,MT,50314.46,2021-11-26,21
PO-2021-1002,2023-06-30,VS21,GI Wire,10.74,MT,95763.94,2023-07-08,15
PO-2021-1003,2022-04-17,VS08,MS Flats,12.16,MT,62783.88,2022-04-26,21
PO-2021-1004,2022-02-14,VS25,HR Coils,4.6,MT,88881.92,2022-02-17,30
PO-2021-1005,2023-06-12,VS10,GI Sheets,46.47,MT,79124.32,2023-06-21,30
PO-2021-1006,2023-02-04,VS09,Fasteners & Fittings,36.27,MT,92401.58,2023-02-11,30
PO-2021-1007,2022-02-19,VS22,Square/Rect Tubes,2.57,MT,87649.94,2022-02-26,21
PO-2021-1008,2021-10-07,VS08,Fasteners & Fittings,23.47,MT,57840.1,2021-10-15,21
PO-2021-1009,2022-03-27,VS19,MS Sheets,39.69,MT,96563.94,2022-04-08,30
PO-2021-1010,2021-12-15,VS15,SS Pipes,21.17,MT,84132.66,2021-12-21,45
PO-2021-1011,2023-08-28,VS30,CR Sheets,1.71,MT,77108.28,2023-09-03,45
PO-2021-1012,2022-05-23,VS21,GI Wire,29.39,MT,111886.7,2022-06-04,15
PO-2021-1013,2021-11-02,VS01,GI Wire,49.03,MT,48004.4,2021-11-12,15
PO-2021-1014,2023-10-30,VS03,GI Wire,27.02,MT,84183.01,2023-11-14,21
PO-2021-1015,2021-07-20,VS29,Structural Steel,12.79,MT,86886.52,2021-07-23,30
PO-2021-1016,2023-04-13,VS14,Square/Rect Tubes,18.56,MT,62929.68,2023-04-17,30
PO-2021-1017,2021-02-02,VS31,SS Sheets,8.93,MT,79446.21,2021-02-14,45
PO-2021-1018,2021-02-19,VS30,Fasteners & Fittings,38.82,MT,110564.93,2021-02-28,45
PO-2021-1019,2022-01-14,VS24,Fasteners & Fittings,35.49,MT,45102.27,2022-01-27,45
PO-2021-1020,2021-05-25,VS25,MS Flats,27.02,MT,67244.25,2021-06-09,30
PO-2021-1021,2022-07-07,VS14,SS Pipes,31.4,MT,70177.1,2022-07-10,30
PO-2021-1022,2023-11-21,VS24,GI Pipes,6.44,MT,72419.31,2023-12-03,45
PO-2021-1023,2021-03-25,VS24,Angles & Channels,9.59,MT,86909.28,2021-03-29,45
PO-2021-1024,2022-02-24,VS09,MS Flats,12.69,MT,53516.83,2022-03-06,30
PO-2021-1025,2022-03-06,VS15,MS Flats,18.28,MT,65051.84,2022-03-19,45
PO-2021-1026,2023-05-17,VS18,GI Pipes,4.11,MT,70891.99,2023-05-27,30
PO-2021-1027,2023-10-24,VS34,ERW Pipes,24.04,MT,84892.84,2023-11-04,21
PO-2021-1028,2022-08-22,VS29,Angles & Channels,40.2,MT,115902.4,2022-09-06,30
PO-2021-1029,2021-05-15,VS13,Fasteners & Fittings,5.28,MT,74301.19,2021-05-20,30
PO-2021-1030,2022-08-14,VS05,ERW Pipes,9.07,MT,53401.84,2022-08-19,15
PO-2021-1031,2023-10-14,VS10,GI Sheets,26.51,MT,92045.71,2023-10-21,30
PO-2021-1032,2023-05-04,VS09,Structural Steel,17.99,MT,78289.5,2023-05-17,30
PO-2021-1033,2021-02-13,VS19,GI Sheets,4.08,MT,114799.91,2021-02-19,30
PO-2021-1034,2023-12-01,VS22,GI Wire,29.36,MT,94182.04,2023-12-16,21
PO-2021-1035,2022-10-31,VS32,Hex Bars,42.25,MT,78394.22,2022-11-07,45
PO-2021-1036,2021-09-28,VS20,MS Sheets,39.67,MT,62008.65,2021-10-06,21
PO-2021-1037,2022-08-14,VS04,Square/Rect Tubes,18.3,MT,79194.49,2022-08-19,21
PO-2021-1038,2021-11-26,VS19,MS Sheets,48.69,MT,112267.87,2021-12-10,30
PO-2021-1039,2021-11-11,VS11,HR Coils,6.73,MT,119532.98,2021-11-23,30
PO-2021-1040,2021-09-17,VS29,CR Sheets,19.11,MT,60386.65,2021-10-01,30
PO-2021-1041,2021-03-13,VS21,Angles & Channels,8.25,MT,78632.18,2021-03-18,15
PO-2021-1042,2023-12-29,VS20,ERW Pipes,46.1,MT,75342.17,2024-01-08,21
PO-2021-1043,2021-10-25,VS30,MS Flats,8.65,MT,117761.26,2021-11-05,45
PO-2021-1044,2023-11-06,VS22,SS Sheets,24.22,MT,66737.04,2023-11-21,21
PO-2021-1045,2021-10-29,VS29,MS Flats,34.77,MT,99873.04,2021-11-01,30
PO-2021-1046,2021-10-13,VS08,SS Sheets,2.21,MT,91314.15,2021-10-19,21
PO-2021-1047,2023-07-03,VS23,SS Pipes,16.99,MT,90611.34,2023-07-09,45
PO-2021-1048,2023-12-15,VS15,CR Sheets,10.59,MT,51269.22,2023-12-25,45
PO-2021-1049,2021-06-28,VS33,MS Rods,10.53,MT,68831.84,2021-07-10,45
PO-2021-1050,2023-11-14,VS04,Angles & Channels,20.48,MT,98697.28,2023-11-23,21
PO-2021-1051,2023-01-28,VS25,Angles & Channels,1.6,MT,70869.02,2023-02-04,30
PO-2021-1052,2023-07-02,VS06,GI Sheets,36.66,MT,78316.53,2023-07-11,30
PO-2021-1053,2023-06-26,VS19,MS Sheets,40.48,MT,122488.13,2023-07-05,30
PO-2021-1054,2023-04-29,VS09,SS Pipes,8.04,MT,67742.34,2023-05-10,30
PO-2021-1055,2022-11-18,VS05,MS Rods,5.33,MT,75709.55,2022-11-25,15
PO-2021-1056,2023-04-29,VS12,Spring Steel,23.64,MT,91097.47,2023-05-04,15
PO-2021-1057,2022-02-13,VS12,MS Rods,15.18,MT,85065.68,2022-02-20,15
PO-2021-1058,2022-09-15,VS32,Spring Steel,37.25,MT,61839.02,2022-09-30,45
PO-2021-1059,2021-01-06,VS10,CR Sheets,15.71,MT,93041.64,2021-01-19,30
PO-2021-1060,2023-08-26,VS08,SS Sheets,21.44,MT,81891.49,2023-09-09,21
PO-2021-1061,2022-05-17,VS02,ERW Pipes,38.47,MT,81978.77,2022-05-21,21
PO-2021-1062,2023-01-11,VS31,GI Wire,43.55,MT,92099.7,2023-01-21,45
PO-2021-1063,2021-09-02,VS24,Hex Bars,36.91,MT,46315.88,2021-09-09,45
PO-2021-1064,2021-11-30,VS04,Square/Rect Tubes,16.66,MT,110873.79,2021-12-05,21
PO-2021-1065,2023-01-02,VS11,GI Pipes,14.36,MT,76463.55,2023-01-10,30
PO-2021-1066,2021-04-10,VS19,SS Sheets,26.95,MT,119832.73,2021-04-21,30
PO-2021-1067,2022-02-01,VS12,ERW Pipes,30.34,MT,59836.6,2022-02-09,15
PO-2021-1068,2022-10-10,VS20,CR Sheets,34.59,MT,96626.0,2022-10-14,21
PO-2021-1069,2023-12-31,VS23,Square/Rect Tubes,1.63,MT,83862.81,2024-01-08,45
PO-2021-1070,2023-09-21,VS27,MS Flats,46.12,MT,57227.19,2023-09-27,21
PO-2021-1071,2021-11-13,VS33,HR Coils,41.75,MT,104633.01,2021-11-24,45
PO-2021-1072,2023-12-13,VS08,GI Wire,23.56,MT,50730.02,2023-12-18,21
PO-2021-1073,2021-02-05,VS31,Angles & Channels,16.27,MT,72192.64,2021-02-15,45
PO-2021-1074,2023-12-08,VS22,MS Sheets,35.78,MT,47156.97,2023-12-12,21
PO-2021-1075,2022-04-01,VS09,Square/Rect Tubes,34.71,MT,68057.12,2022-04-07,30
PO-2021-1076,2021-09-24,VS06,GI Wire,34.85,MT,103802.23,2021-09-28,30
PO-2021-1077,2021-02-08,VS31,GI Wire,3.08,MT,53086.3,2021-02-23,45
PO-2021-1078,2023-11-18,VS04,Structural Steel,6.83,MT,63975.94,2023-11-22,21
PO-2021-1079,2022-09-10,VS01,ERW Pipes,39.34,MT,114007.36,2022-09-16,15
PO-2021-1080,2022-02-14,VS12,Angles & Channels,2.43,MT,58153.44,2022-02-28,15
PO-2021-1081,2022-07-23,VS23,Angles & Channels,8.87,MT,82547.58,2022-08-06,45
PO-2021-1082,2022-05-11,VS33,SS Pipes,5.86,MT,88360.03,2022-05-14,45
PO-2021-1083,2023-12-20,VS14,GI Sheets,48.25,MT,57883.01,2024-01-04,30
PO-2021-1084,2021-01-09,VS07,GI Sheets,46.1,MT,108847.26,2021-01-19,15
PO-2021-1085,2023-01-21,VS12,Fasteners & Fittings,34.0,MT,55171.31,2023-01-29,15
PO-2021-1086,2023-02-17,VS28,GI Sheets,26.2,MT,75568.35,2023-03-04,15
PO-2021-1087,2022-10-06,VS08,Fasteners & Fittings,6.41,MT,55193.43,2022-10-21,21
PO-2021-1088,2023-01-10,VS19,Spring Steel,36.38,MT,53215.34,2023-01-20,30
PO-2021-1089,2021-08-25,VS25,SS Sheets,23.39,MT,100213.08,2021-09-07,30
PO-2021-1090,2023-06-29,VS15,Spring Steel,20.96,MT,118872.17,2023-07-08,45
PO-2021-1091,2022-01-22,VS05,Structural Steel,47.02,MT,72558.1,2022-01-25,15
PO-2021-1092,2023-10-04,VS07,MS Rods,22.46,MT,94391.12,2023-10-08,15
PO-2021-1093,2021-09-02,VS10,MS Rods,20.63,MT,89291.79,2021-09-06,30
PO-2021-1094,2021-12-12,VS05,Angles & Channels,48.79,MT,70397.37,2021-12-24,15
PO-2021-1095,2023-04-08,VS08,HR Coils,42.07,MT,99390.04,2023-04-15,21
PO-2021-1096,2022-07-14,VS26,Angles & Channels,24.32,MT,90237.41,2022-07-23,21
PO-2021-1097,2023-09-20,VS33,CR Sheets,8.22,MT,79097.61,2023-09-24,45
PO-2021-1098,2022-05-29,VS32,Structural Steel,12.31,MT,115680.23,2022-06-01,45
PO-2021-1099,2021-07-23,VS04,SS Pipes,25.41,MT,47006.17,2021-07-28,21
PO-2021-1100,2023-02-23,VS21,Square/Rect Tubes,15.83,MT,91742.45,2023-03-10,15
PO-2021-1101,2021-06-06,VS34,Structural Steel,39.84,MT,60144.88,2021-06-19,21
PO-2021-1102,2023-10-17,VS32,Hex Bars,13.82,MT,70771.17,2023-10-28,45
PO-2021-1103,2021-02-06,VS03,GI Wire,44.13,MT,56092.46,2021-02-16,21
PO-2021-1104,2022-10-07,VS25,Fasteners & Fittings,23.52,MT,47464.48,2022-10-18,30
PO-2021-1105,2022-09-13,VS11,Structural Steel,22.1,MT,68434.48,2022-09-22,30
PO-2021-1106,2023-09-26,VS08,Structural Steel,33.34,MT,96403.06,2023-10-08,21
PO-2021-1107,2023-08-21,VS31,Spring Steel,42.86,MT,83001.38,2023-08-30,45
PO-2021-1108,2022-06-24,VS32,MS Rods,31.23,MT,71457.28,2022-07-01,45
PO-2021-1109,2022-10-19,VS04,MS Pipes,29.93,MT,54614.85,2022-10-27,21
PO-2021-1110,2022-12-16,VS02,MS Flats,19.65,MT,77111.11,2022-12-24,21
PO-2021-1111,2023-04-24,VS23,GI Pipes,33.4,MT,63571.04,2023-05-07,45
PO-2021-1112,2022-10-02,VS06,SS Pipes,43.58,MT,53585.35,2022-10-07,30
PO-2021-1113,2021-02-10,VS21,GI Pipes,23.58,MT,109752.64,2021-02-22,15
PO-2021-1114,2023-11-21,VS27,CR Sheets,2.0,MT,80227.49,2023-11-24,21
PO-2021-1115,2022-10-11,VS25,MS Rods,16.8,MT,52329.43,2022-10-21,30
PO-2021-1116,2021-07-24,VS14,MS Flats,25.34,MT,105859.29,2021-08-06,30
PO-2021-1117,2022-11-27,VS11,SS Sheets,18.8,MT,77699.33,2022-12-07,30
PO-2021-1118,2021-06-04,VS14,SS Sheets,13.99,MT,67299.02,2021-06-16,30
PO-2021-1119,2023-04-04,VS15,SS Pipes,36.17,MT,88364.49,2023-04-16,45
PO-2021-1120,2022-11-21,VS18,SS Pipes,28.75,MT,84829.77,2022-11-30,30
PO-2021-1121,2022-03-06,VS23,SS Pipes,32.93,MT,67638.53,2022-03-21,45
PO-2021-1122,2022-09-07,VS28,Spring Steel,16.35,MT,76073.57,2022-09-14,15
PO-2021-1123,2023-11-22,VS30,Spring Steel,9.85,MT,46395.25,2023-12-06,45
PO-2021-1124,2023-11-24,VS12,Structural Steel,11.43,MT,121845.13,2023-12-08,15
PO-2021-1125,2023-08-16,VS18,Spring Steel,40.64,MT,108958.1,2023-08-25,30
PO-2021-1126,2021-05-03,VS34,GI Sheets,18.85,MT,56080.78,2021-05-08,21
PO-2021-1127,2022-09-07,VS28,GI Wire,16.61,MT,107266.08,2022-09-11,15
PO-2021-1128,2022-02-21,VS27,CR Sheets,41.36,MT,93453.2,2022-02-28,21
PO-2021-1129,2022-04-29,VS26,HR Coils,6.56,MT,59393.7,2022-05-05,21
PO-2021-1130,2022-09-28,VS30,Structural Steel,28.43,MT,77709.97,2022-10-11,45
PO-2021-1131,2021-03-17,VS13,MS Sheets,14.36,MT,47185.64,2021-04-01,30
PO-2021-1132,2022-07-23,VS12,GI Pipes,48.23,MT,84695.67,2022-07-26,15
PO-2021-1133,2021-04-24,VS06,MS Flats,30.48,MT,110037.88,2021-05-03,30
PO-2021-1134,2023-01-15,VS06,MS Rods,47.21,MT,99317.58,2023-01-20,30
PO-2021-1135,2022-04-29,VS08,Hex Bars,46.71,MT,84146.82,2022-05-11,21
PO-2021-1136,2023-12-12,VS17,Structural Steel,44.34,MT,62855.76,2023-12-16,45
PO-2021-1137,2022-10-04,VS22,MS Rods,40.49,MT,100796.92,2022-10-13,21
PO-2021-1138,2022-03-23,VS10,ERW Pipes,9.58,MT,117744.26,2022-04-02,30
PO-2021-1139,2023-04-17,VS17,GI Pipes,25.03,MT,73102.87,2023-04-21,45
PO-2021-1140,2022-10-11,VS28,Structural Steel,34.45,MT,117248.65,2022-10-26,15
PO-2021-1141,2021-10-24,VS24,Structural Steel,36.07,MT,106602.4,2021-10-27,45
PO-2021-1142,2021-03-13,VS04,HR Coils,13.4,MT,73851.77,2021-03-26,21
PO-2021-1143,2023-01-14,VS08,Spring Steel,43.48,MT,109323.54,2023-01-23,21
PO-2021-1144,2021-01-17,VS26,CR Sheets,15.74,MT,115224.18,2021-02-01,21
PO-2021-1145,2022-04-28,VS20,GI Sheets,43.11,MT,57017.04,2022-05-08,21
PO-2021-1146,2022-10-12,VS27,GI Pipes,14.43,MT,51007.09,2022-10-27,21
PO-2021-1147,2023-10-04,VS31,GI Wire,46.4,MT,69954.17,2023-10-13,45
PO-2021-1148,2021-07-25,VS11,CR Sheets,25.81,MT,71389.23,2021-08-06,30
PO-2021-1149,2022-11-01,VS30,MS Pipes,38.34,MT,93102.96,2022-11-06,45
PO-2021-1150,2023-06-28,VS09,MS Pipes,20.63,MT,92122.22,2023-07-06,30
PO-2021-1151,2021-06-18,VS08,MS Sheets,13.23,MT,98517.3,2021-07-03,21
PO-2021-1152,2021-09-24,VS27,MS Flats,23.12,MT,110512.94,2021-09-29,21
PO-2021-1153,2022-06-18,VS12,MS Flats,40.18,MT,62295.77,2022-06-27,15
PO-2021-1154,2023-01-23,VS12,MS Rods,43.94,MT,120491.06,2023-02-04,15
PO-2021-1155,2022-04-05,VS02,MS Pipes,46.23,MT,93533.0,2022-04-18,21
PO-2021-1156,2022-04-14,VS06,Fasteners & Fittings,10.72,MT,97594.59,2022-04-19,30
PO-2021-1157,2021-04-12,VS26,GI Wire,30.42,MT,56193.84,2021-04-20,21
PO-2021-1158,2021-12-15,VS08,MS Pipes,36.21,MT,77636.91,2021-12-25,21
PO-2021-1159,2023-10-10,VS08,HR Coils,35.96,MT,59290.81,2023-10-25,21
PO-2021-1160,2022-06-30,VS19,Structural Steel,19.72,MT,80442.07,2022-07-06,30
PO-2021-1161,2022-03-18,VS19,GI Sheets,21.5,MT,78664.88,2022-03-23,30
PO-2021-1162,2021-02-28,VS19,CR Sheets,12.54,MT,81976.18,2021-03-06,30
PO-2021-1163,2023-01-28,VS30,SS Pipes,1.51,MT,54990.37,2023-02-05,45
PO-2021-1164,2023-03-26,VS14,MS Rods,35.71,MT,100207.81,2023-04-02,30
PO-2021-1165,2021-05-30,VS07,Spring Steel,3.88,MT,69964.69,2021-06-05,15
PO-2021-1166,2023-08-23,VS23,GI Pipes,1.26,MT,82840.65,2023-09-01,45
PO-2021-1167,2022-09-12,VS26,Angles & Channels,7.48,MT,111916.95,2022-09-15,21
PO-2021-1168,2022-01-03,VS17,MS Sheets,25.68,MT,114774.52,2022-01-13,45
PO-2021-1169,2021-09-28,VS06,MS Flats,35.8,MT,77469.72,2021-10-05,30
PO-2021-1170,2021-08-28,VS21,GI Pipes,48.95,MT,82440.8,2021-09-04,15
PO-2021-1171,2023-01-09,VS28,SS Sheets,45.24,MT,64741.23,2023-01-24,15
PO-2021-1172,2022-06-25,VS34,MS Flats,22.35,MT,57373.79,2022-07-09,21
PO-2021-1173,2023-10-04,VS10,Spring Steel,42.8,MT,94306.46,2023-10-19,30
PO-2021-1174,2023-06-21,VS04,GI Sheets,8.28,MT,62239.54,2023-06-24,21
PO-2021-1175,2023-08-22,VS17,MS Sheets,35.59,MT,77732.24,2023-09-01,45
PO-2021-1176,2021-03-25,VS29,Angles & Channels,49.45,MT,87064.09,2021-04-04,30
PO-2021-1177,2023-10-07,VS08,Square/Rect Tubes,7.06,MT,52018.34,2023-10-14,21
PO-2021-1178,2022-01-05,VS11,Hex Bars,41.31,MT,87243.55,2022-01-18,30
PO-2021-1179,2022-03-11,VS01,Hex Bars,38.58,MT,58542.66,2022-03-15,15
PO-2021-1180,2022-05-20,VS32,ERW Pipes,44.48,MT,46947.16,2022-06-02,45
PO-2021-1181,2021-09-07,VS26,Angles & Channels,29.93,MT,116341.49,2021-09-15,21
PO-2021-1182,2021-11-11,VS02,SS Pipes,23.55,MT,98078.0,2021-11-21,21
PO-2021-1183,2023-07-19,VS18,MS Pipes,17.14,MT,48288.52,2023-07-31,30
PO-2021-1184,2023-07-17,VS21,Square/Rect Tubes,11.36,MT,48651.17,2023-07-30,15
PO-2021-1185,2022-08-03,VS21,GI Pipes,37.45,MT,86036.72,2022-08-15,15
PO-2021-1186,2023-02-21,VS06,MS Rods,13.5,MT,63006.01,2023-03-08,30
PO-2021-1187,2023-03-28,VS06,MS Pipes,42.76,MT,57220.55,2023-04-12,30
PO-2021-1188,2023-04-05,VS19,Square/Rect Tubes,6.91,MT,85085.92,2023-04-14,30
PO-2021-1189,2022-09-28,VS09,Angles & Channels,33.61,MT,107403.97,2022-10-09,30
PO-2021-1190,2022-02-14,VS32,Fasteners & Fittings,44.39,MT,80732.98,2022-02-26,45
PO-2021-1191,2023-05-17,VS06,GI Wire,40.74,MT,91040.08,2023-05-26,30
PO-2021-1192,2023-05-23,VS06,GI Pipes,26.15,MT,117995.38,2023-06-05,30
PO-2021-1193,2022-04-05,VS10,Structural Steel,26.84,MT,93541.9,2022-04-09,30
PO-2021-1194,2022-08-19,VS30,GI Wire,4.88,MT,105115.85,2022-08-26,45
PO-2021-1195,2021-11-01,VS09,SS Sheets,42.24,MT,84231.9,2021-11-08,30
PO-2021-1196,2021-04-08,VS05,GI Pipes,26.16,MT,83298.87,2021-04-17,15
PO-2021-1197,2021-07-13,VS30,CR Sheets,18.42,MT,88917.59,2021-07-28,45
PO-2021-1198,2023-10-29,VS02,ERW Pipes,37.29,MT,79715.92,2023-11-13,21
PO-2021-1199,2022-01-09,VS26,GI Pipes,5.08,MT,110756.65,2022-01-16,21
PO-2021-1200,2022-10-05,VS30,Fasteners & Fittings,31.57,MT,64880.58,2022-10-20,45
PO-2021-1201,2022-01-19,VS14,MS Sheets,4.83,MT,118663.96,2022-01-26,30
PO-2021-1202,2021-08-06,VS28,Spring Steel,1.88,MT,74620.04,2021-08-09,15
PO-2021-1203,2021-12-18,VS31,Fasteners & Fittings,34.9,MT,110158.54,2022-01-01,45
PO-2021-1204,2023-09-24,VS20,Angles & Channels,34.84,MT,117235.62,2023-10-07,21
PO-2021-1205,2023-03-20,VS20,SS Pipes,7.13,MT,46040.69,2023-03-24,21
PO-2021-1206,2021-02-02,VS13,MS Pipes,11.25,MT,93646.74,2021-02-15,30
PO-2021-1207,2022-05-11,VS28,Spring Steel,10.35,MT,67568.84,2022-05-21,15
PO-2021-1208,2021-10-31,VS31,GI Wire,2.07,MT,57457.91,2021-11-05,45
PO-2021-1209,2023-07-01,VS32,Structural Steel,1.96,MT,78713.72,2023-07-07,45
PO-2021-1210,2022-02-17,VS19,MS Rods,3.5,MT,47414.19,2022-03-02,30
PO-2021-1211,2023-06-04,VS27,Structural Steel,37.12,MT,89687.97,2023-06-15,21
PO-2021-1212,2022-08-19,VS03,Structural Steel,20.58,MT,86841.75,2022-09-02,21
PO-2021-1213,2023-09-27,VS15,GI Pipes,26.89,MT,76650.34,2023-10-05,45
PO-2021-1214,2021-05-11,VS18,GI Wire,44.57,MT,53770.56,2021-05-23,30
PO-2021-1215,2022-12-12,VS29,GI Wire,2.02,MT,66600.81,2022-12-18,30
PO-2021-1216,2023-08-20,VS23,Fasteners & Fittings,12.37,MT,61477.68,2023-09-02,45
PO-2021-1217,2022-11-26,VS30,Square/Rect Tubes,44.28,MT,99224.63,2022-12-05,45
PO-2021-1218,2023-05-04,VS24,Structural Steel,40.19,MT,108339.85,2023-05-16,45
PO-2021-1219,2022-03-01,VS19,SS Pipes,33.69,MT,56869.53,2022-03-07,30
PO-2021-1220,2021-11-17,VS32,ERW Pipes,39.88,MT,115729.1,2021-11-27,45
PO-2021-1221,2022-09-14,VS16,GI Sheets,28.28,MT,119944.59,2022-09-22,15
PO-2021-1222,2022-06-19,VS23,MS Sheets,9.56,MT,109459.63,2022-06-30,45
PO-2021-1223,2021-03-07,VS05,MS Flats,22.1,MT,91317.22,2021-03-11,15
PO-2021-1224,2022-04-04,VS32,CR Sheets,49.69,MT,103866.44,2022-04-19,45
PO-2021-1225,2021-04-06,VS18,Square/Rect Tubes,42.82,MT,110527.18,2021-04-18,30
PO-2021-1226,2021-08-02,VS04,Fasteners & Fittings,40.15,MT,117198.53,2021-08-17,21
PO-2021-1227,2021-08-16,VS07,ERW Pipes,41.36,MT,48147.71,2021-08-20,15
PO-2021-1228,2021-12-09,VS08,GI Sheets,45.64,MT,56777.44,2021-12-16,21
PO-2021-1229,2023-06-24,VS33,Structural Steel,36.9,MT,52447.07,2023-07-07,45
PO-2021-1230,2023-01-15,VS22,Square/Rect Tubes,7.03,MT,60141.77,2023-01-24,21
PO-2021-1231,2021-01-14,VS16,Structural Steel,17.72,MT,82876.7,2021-01-18,15
PO-2021-1232,2022-06-29,VS24,GI Wire,18.67,MT,94874.64,2022-07-04,45
PO-2021-1233,2023-12-21,VS27,HR Coils,7.76,MT,77161.71,2023-12-30,21
PO-2021-1234,2023-07-29,VS34,Angles & Channels,47.24,MT,78193.4,2023-08-13,21
PO-2021-1235,2021-01-21,VS34,SS Pipes,5.15,MT,68610.34,2021-02-05,21
PO-2021-1236,2021-12-03,VS28,GI Pipes,20.27,MT,47782.03,2021-12-16,15
PO-2021-1237,2021-11-06,VS04,Hex Bars,48.66,MT,76447.9,2021-11-19,21
PO-2021-1238,2022-09-16,VS21,Angles & Channels,1.39,MT,65983.56,2022-09-27,15
PO-2021-1239,2021-10-28,VS26,Fasteners & Fittings,32.55,MT,111568.48,2021-11-09,21
PO-2021-1240,2023-06-25,VS23,MS Rods,38.99,MT,111073.1,2023-06-29,45
PO-2021-1241,2021-03-17,VS22,MS Rods,36.53,MT,100503.92,2021-03-22,21
PO-2021-1242,2023-12-02,VS19,GI Sheets,5.55,MT,89839.3,2023-12-13,30
PO-2021-1243,2022-11-29,VS11,MS Pipes,2.37,MT,104744.9,2022-12-11,30
PO-2021-1244,2022-06-14,VS16,SS Sheets,36.6,MT,119021.6,2022-06-18,15
PO-2021-1245,2021-05-03,VS24,CR Sheets,31.72,MT,71585.5,2021-05-06,45
PO-2021-1246,2021-09-13,VS29,SS Sheets,29.05,MT,45391.0,2021-09-21,30
PO-2021-1247,2022-04-29,VS15,Angles & Channels,15.66,MT,95019.18,2022-05-13,45
PO-2021-1248,2021-10-14,VS25,Hex Bars,37.14,MT,52892.02,2021-10-25,30
PO-2021-1249,2022-01-30,VS24,Fasteners & Fittings,5.8,MT,98373.03,2022-02-08,45
PO-2021-1250,2021-06-17,VS06,GI Pipes,21.82,MT,54754.75,2021-06-23,30
PO-2021-1251,2023-07-03,VS05,Angles & Channels,34.16,MT,75206.53,2023-07-14,15
PO-2021-1252,2023-11-29,VS26,CR Sheets,29.63,MT,92734.59,2023-12-09,21
PO-2021-1253,2023-09-30,VS27,MS Sheets,8.07,MT,54534.3,2023-10-14,21
PO-2021-1254,2023-07-27,VS09,Hex Bars,43.3,MT,53854.36,2023-08-02,30
PO-2021-1255,2023-07-22,VS31,GI Pipes,37.58,MT,115805.22,2023-07-30,45
PO-2021-1256,2021-09-01,VS27,ERW Pipes,6.92,MT,87882.36,2021-09-04,21
PO-2021-1257,2023-12-07,VS10,ERW Pipes,19.2,MT,119326.51,2023-12-14,30
PO-2021-1258,2022-08-26,VS32,MS Pipes,39.77,MT,55660.49,2022-09-07,45
PO-2021-1259,2023-05-14,VS04,SS Sheets,44.56,MT,61168.61,2023-05-28,21
PO-2021-1260,2023-09-29,VS01,ERW Pipes,27.83,MT,50067.34,2023-10-02,15
PO-2021-1261,2023-05-06,VS31,SS Sheets,28.72,MT,112521.55,2023-05-21,45
PO-2021-1262,2023-02-12,VS31,Square/Rect Tubes,38.34,MT,82857.29,2023-02-22,45
PO-2021-1263,2023-07-11,VS29,Square/Rect Tubes,43.45,MT,69391.22,2023-07-26,30
PO-2021-1264,2023-04-19,VS25,HR Coils,45.11,MT,70424.84,2023-04-22,30
PO-2021-1265,2023-06-27,VS18,SS Pipes,43.43,MT,98040.65,2023-07-09,30
PO-2021-1266,2022-09-25,VS08,Spring Steel,5.17,MT,116637.62,2022-10-06,21
PO-2021-1267,2021-04-19,VS34,GI Sheets,37.78,MT,82697.91,2021-04-22,21
PO-2021-1268,2021-09-04,VS12,MS Pipes,14.47,MT,62852.79,2021-09-18,15
PO-2021-1269,2023-06-29,VS06,Spring Steel,30.74,MT,75134.84,2023-07-02,30
PO-2021-1270,2023-10-04,VS02,MS Flats,22.41,MT,76120.23,2023-10-15,21
PO-2021-1271,2022-10-12,VS25,CR Sheets,5.46,MT,118483.96,2022-10-23,30
PO-2021-1272,2021-12-11,VS19,Square/Rect Tubes,9.95,MT,106727.77,2021-12-16,30
PO-2021-1273,2022-09-21,VS27,MS Sheets,3.89,MT,117084.25,2022-09-26,21
PO-2021-1274,2021-02-25,VS04,SS Sheets,20.11,MT,69003.11,2021-03-06,21
PO-2021-1275,2022-10-26,VS17,MS Rods,47.14,MT,112462.61,2022-10-29,45
PO-2021-1276,2022-02-19,VS16,HR Coils,25.16,MT,101429.25,2022-02-28,15
PO-2021-1277,2021-08-24,VS18,GI Pipes,16.6,MT,86484.08,2021-08-28,30
PO-2021-1278,2023-09-19,VS02,GI Wire,32.04,MT,113530.13,2023-09-22,21
PO-2021-1279,2022-07-06,VS07,HR Coils,38.39,MT,93866.32,2022-07-11,15
PO-2021-1280,2022-09-16,VS27,Fasteners & Fittings,5.11,MT,92684.92,2022-09-22,21
PO-2021-1281,2021-10-19,VS24,Spring Steel,49.28,MT,103651.77,2021-10-30,45
PO-2021-1282,2023-05-18,VS29,GI Pipes,1.05,MT,79848.9,2023-05-30,30
PO-2021-1283,2022-08-16,VS11,MS Pipes,3.95,MT,114135.8,2022-08-23,30
PO-2021-1284,2022-05-29,VS25,Angles & Channels,42.28,MT,60956.56,2022-06-09,30
PO-2021-1285,2022-07-31,VS03,MS Sheets,37.22,MT,90720.36,2022-08-07,21
PO-2021-1286,2021-07-03,VS26,ERW Pipes,41.69,MT,99380.53,2021-07-10,21
PO-2021-1287,2023-06-04,VS14,Hex Bars,47.91,MT,68872.8,2023-06-17,30
PO-2021-1288,2022-12-03,VS17,Fasteners & Fittings,14.38,MT,94670.78,2022-12-11,45
PO-2021-1289,2022-12-01,VS14,Fasteners & Fittings,47.99,MT,69634.29,2022-12-15,30
PO-2021-1290,2021-10-01,VS01,Structural Steel,1.21,MT,45718.4,2021-10-06,15
PO-2021-1291,2023-04-27,VS32,MS Rods,27.37,MT,104047.89,2023-05-10,45
PO-2021-1292,2021-06-08,VS02,Fasteners & Fittings,33.94,MT,71474.6,2021-06-17,21
PO-2021-1293,2023-01-04,VS25,MS Sheets,42.12,MT,105890.23,2023-01-07,30
PO-2021-1294,2021-09-13,VS30,Angles & Channels,46.88,MT,78343.32,2021-09-19,45
PO-2021-1295,2021-02-10,VS18,Angles & Channels,10.38,MT,106221.06,2021-02-23,30
PO-2021-1296,2022-09-13,VS15,HR Coils,49.03,MT,117547.24,2022-09-16,45
PO-2021-1297,2022-07-29,VS32,GI Sheets,1.35,MT,118819.77,2022-08-11,45
PO-2021-1298,2023-03-23,VS08,CR Sheets,28.89,MT,82050.85,2023-04-03,21
PO-2021-1299,2022-02-01,VS12,SS Pipes,29.82,MT,104985.93,2022-02-06,15
PO-2021-1300,2022-06-16,VS15,Hex Bars,36.72,MT,65574.6,2022-06-29,45
PO-2021-1301,2021-02-17,VS17,Spring Steel,44.27,MT,45146.62,2021-02-26,45
PO-2021-1302,2021-04-17,VS21,GI Wire,42.37,MT,75515.69,2021-04-21,15
PO-2021-1303,2023-11-28,VS30,Structural Steel,18.71,MT,101926.63,2023-12-12,45
PO-2021-1304,2022-04-05,VS04,CR Sheets,46.0,MT,84930.77,2022-04-13,21
PO-2021-1305,2021-01-11,VS26,GI Sheets,17.4,MT,111007.38,2021-01-26,21
PO-2021-1306,2021-02-21,VS15,GI Wire,47.93,MT,113774.64,2021-02-27,45
PO-2021-1307,2021-12-03,VS22,SS Sheets,4.08,MT,91897.1,2021-12-06,21
PO-2021-1308,2023-09-10,VS28,MS Pipes,30.03,MT,91972.28,2023-09-18,15
PO-2021-1309,2022-05-28,VS16,ERW Pipes,24.21,MT,116910.2,2022-05-31,15
PO-2021-1310,2022-11-15,VS34,HR Coils,47.23,MT,103181.21,2022-11-27,21
PO-2021-1311,2023-06-18,VS07,Fasteners & Fittings,29.37,MT,51415.1,2023-06-21,15
PO-2021-1312,2021-03-10,VS25,MS Flats,44.61,MT,97002.28,2021-03-25,30
PO-2021-1313,2021-09-19,VS04,Fasteners & Fittings,3.68,MT,90805.4,2021-09-28,21
PO-2021-1314,2021-05-15,VS07,GI Pipes,28.4,MT,67118.76,2021-05-24,15
PO-2021-1315,2023-04-03,VS07,GI Wire,12.42,MT,89968.19,2023-04-16,15
PO-2021-1316,2021-01-22,VS30,MS Rods,23.75,MT,77107.93,2021-02-03,45
PO-2021-1317,2021-07-27,VS22,MS Pipes,23.25,MT,69614.53,2021-08-02,21
PO-2021-1318,2021-08-10,VS07,MS Pipes,30.16,MT,50065.84,2021-08-25,15
PO-2021-1319,2022-02-01,VS09,Hex Bars,13.56,MT,76575.53,2022-02-15,30
PO-2021-1320,2023-06-30,VS12,HR Coils,7.75,MT,50237.52,2023-07-05,15
PO-2021-1321,2022-10-01,VS28,Hex Bars,48.03,MT,101578.02,2022-10-08,15
PO-2021-1322,2021-10-26,VS10,Structural Steel,16.13,MT,70717.52,2021-11-03,30
PO-2021-1323,2021-01-17,VS34,Square/Rect Tubes,3.81,MT,83033.09,2021-01-28,21
PO-2021-1324,2021-04-22,VS28,Angles & Channels,10.57,MT,60027.89,2021-04-28,15
PO-2021-1325,2021-05-21,VS22,GI Sheets,33.73,MT,97108.62,2021-05-31,21
PO-2021-1326,2022-11-10,VS22,SS Sheets,21.52,MT,57171.0,2022-11-20,21
PO-2021-1327,2021-03-28,VS32,HR Coils,46.08,MT,92907.53,2021-04-11,45
PO-2021-1328,2022-04-17,VS30,GI Sheets,12.71,MT,100093.96,2022-04-25,45
PO-2021-1329,2023-02-09,VS14,MS Rods,10.03,MT,119240.85,2023-02-17,30
PO-2021-1330,2021-01-21,VS05,Angles & Channels,2.47,MT,53639.2,2021-01-28,15
PO-2021-1331,2023-06-21,VS13,Angles & Channels,3.15,MT,47226.42,2023-06-27,30
PO-2021-1332,2022-08-05,VS12,HR Coils,44.38,MT,102869.26,2022-08-13,15
PO-2021-1333,2022-05-19,VS12,GI Sheets,2.05,MT,112544.75,2022-05-23,15
PO-2021-1334,2021-02-12,VS09,MS Rods,33.09,MT,111375.86,2021-02-20,30
PO-2021-1335,2022-03-07,VS20,Fasteners & Fittings,12.77,MT,105711.58,2022-03-20,21
PO-2021-1336,2021-12-17,VS34,GI Wire,44.04,MT,49903.31,2021-12-22,21
PO-2021-1337,2021-09-25,VS13,GI Sheets,27.1,MT,97076.54,2021-10-03,30
PO-2021-1338,2023-05-30,VS16,GI Pipes,38.39,MT,89049.44,2023-06-10,15
PO-2021-1339,2022-08-26,VS10,MS Flats,13.11,MT,92209.44,2022-09-02,30
PO-2021-1340,2021-09-16,VS33,Structural Steel,11.25,MT,51105.58,2021-09-26,45
PO-2021-1341,2021-05-13,VS11,Hex Bars,20.02,MT,111181.66,2021-05-28,30
PO-2021-1342,2023-11-09,VS24,Structural Steel,26.43,MT,58424.89,2023-11-23,45
PO-2021-1343,2023-02-05,VS34,Structural Steel,36.07,MT,82109.4,2023-02-12,21
PO-2021-1344,2023-04-02,VS03,GI Sheets,11.76,MT,62634.04,2023-04-08,21
PO-2021-1345,2023-03-22,VS14,SS Sheets,21.83,MT,73281.22,2023-03-27,30
PO-2021-1346,2023-02-06,VS17,Spring Steel,5.15,MT,101371.71,2023-02-13,45
PO-2021-1347,2023-06-30,VS34,Angles & Channels,12.28,MT,48085.72,2023-07-11,21
PO-2021-1348,2022-11-20,VS28,Fasteners & Fittings,23.91,MT,75671.46,2022-12-05,15
PO-2021-1349,2023-10-16,VS21,CR Sheets,19.74,MT,58467.43,2023-10-22,15
PO-2021-1350,2022-06-28,VS05,Angles & Channels,45.17,MT,67088.84,2022-07-09,15
PO-2021-1351,2023-11-17,VS06,CR Sheets,46.4,MT,52380.68,2023-11-21,30
PO-2021-1352,2023-01-08,VS03,Spring Steel,10.82,MT,62138.41,2023-01-16,21
PO-2021-1353,2022-05-28,VS20,CR Sheets,10.34,MT,90302.55,2022-06-02,21
PO-2021-1354,2022-06-19,VS01,SS Sheets,14.81,MT,70997.43,2022-06-28,15
PO-2021-1355,2023-04-11,VS01,Structural Steel,33.05,MT,119195.6,2023-04-16,15
PO-2021-1356,2023-03-26,VS15,HR Coils,36.44,MT,60740.63,2023-04-01,45
PO-2021-1357,2023-11-23,VS30,Fasteners & Fittings,17.69,MT,51440.69,2023-11-29,45
PO-2021-1358,2023-05-29,VS27,GI Sheets,22.5,MT,108970.81,2023-06-01,21
PO-2021-1359,2023-02-07,VS09,Square/Rect Tubes,15.97,MT,100335.38,2023-02-17,30
PO-2021-1360,2022-12-28,VS22,HR Coils,21.54,MT,96432.21,2023-01-06,21
PO-2021-1361,2022-09-06,VS21,MS Pipes,28.81,MT,47415.67,2022-09-11,15
PO-2021-1362,2021-11-11,VS22,MS Rods,49.03,MT,60315.35,2021-11-20,21
PO-2021-1363,2021-05-11,VS25,GI Sheets,24.26,MT,69663.1,2021-05-21,30
PO-2021-1364,2022-09-16,VS06,MS Sheets,6.11,MT,86468.01,2022-09-19,30
PO-2021-1365,2023-09-28,VS02,MS Sheets,10.75,MT,113350.9,2023-10-07,21
PO-2021-1366,2022-08-05,VS14,HR Coils,15.26,MT,84329.68,2022-08-15,30
PO-2021-1367,2021-04-28,VS24,Hex Bars,1.54,MT,69507.91,2021-05-07,45
PO-2021-1368,2023-03-12,VS11,ERW Pipes,7.33,MT,76380.99,2023-03-26,30
PO-2021-1369,2021-05-21,VS25,GI Sheets,7.37,MT,60425.78,2021-05-30,30
PO-2021-1370,2023-08-31,VS11,SS Sheets,29.79,MT,82685.63,2023-09-13,30
PO-2021-1371,2023-07-29,VS18,GI Sheets,1.36,MT,55701.9,2023-08-02,30
PO-2021-1372,2023-03-29,VS16,Hex Bars,17.12,MT,87692.18,2023-04-08,15
PO-2021-1373,2023-08-01,VS30,GI Pipes,37.13,MT,66593.38,2023-08-11,45
PO-2021-1374,2022-12-12,VS20,MS Rods,31.04,MT,105748.86,2022-12-17,21
PO-2021-1375,2023-05-01,VS16,MS Sheets,45.1,MT,99993.3,2023-05-11,15
PO-2021-1376,2023-02-27,VS12,ERW Pipes,20.28,MT,120563.61,2023-03-05,15
PO-2021-1377,2021-11-20,VS18,Spring Steel,15.3,MT,113722.23,2021-12-04,30
PO-2021-1378,2022-03-21,VS32,GI Wire,49.63,MT,86461.79,2022-03-29,45
PO-2021-1379,2021-06-06,VS07,Hex Bars,38.56,MT,69450.99,2021-06-16,15
PO-2021-1380,2021-12-04,VS17,GI Sheets,25.8,MT,79662.56,2021-12-08,45
PO-2021-1381,2023-08-04,VS25,MS Flats,37.55,MT,109182.99,2023-08-13,30
PO-2021-1382,2021-03-19,VS01,CR Sheets,6.62,MT,113785.27,2021-03-27,15
PO-2021-1383,2023-08-09,VS32,Fasteners & Fittings,4.34,MT,86132.14,2023-08-15,45
PO-2021-1384,2023-06-16,VS09,Structural Steel,41.2,MT,108117.19,2023-06-21,30
PO-2021-1385,2021-02-06,VS07,MS Sheets,15.41,MT,85099.04,2021-02-15,15
PO-2021-1386,2021-12-11,VS05,MS Pipes,34.19,MT,56512.24,2021-12-19,15
PO-2021-1387,2021-12-31,VS14,GI Pipes,44.74,MT,84922.41,2022-01-10,30
PO-2021-1388,2021-04-08,VS34,ERW Pipes,20.14,MT,68124.32,2021-04-11,21
PO-2021-1389,2021-01-10,VS04,MS Rods,38.59,MT,114661.54,2021-01-18,21
PO-2021-1390,2022-05-04,VS13,SS Pipes,1.79,MT,47095.81,2022-05-07,30
PO-2021-1391,2022-11-22,VS13,SS Pipes,11.81,MT,111171.45,2022-12-07,30
PO-2021-1392,2021-12-10,VS11,GI Pipes,21.37,MT,53076.29,2021-12-18,30
PO-2021-1393,2022-10-23,VS13,GI Sheets,46.78,MT,74629.79,2022-11-01,30
PO-2021-1394,2021-09-05,VS15,GI Sheets,6.19,MT,69252.59,2021-09-08,45
PO-2021-1395,2023-04-04,VS21,MS Pipes,20.07,MT,79408.19,2023-04-08,15
PO-2021-1396,2022-07-25,VS24,GI Pipes,4.3,MT,61392.06,2022-08-01,45
PO-2021-1397,2023-10-21,VS07,Spring Steel,39.77,MT,114166.79,2023-11-02,15
PO-2021-1398,2021-12-18,VS17,ERW Pipes,30.39,MT,118606.19,2022-01-01,45
PO-2021-1399,2023-03-07,VS09,MS Flats,9.59,MT,102128.72,2023-03-21,30
PO-2021-1400,2022-10-14,VS31,SS Pipes,17.42,MT,90640.0,2022-10-26,45
PO-2021-1401,2023-07-09,VS25,Hex Bars,32.39,MT,62431.91,2023-07-21,30
PO-2021-1402,2021-01-28,VS15,MS Pipes,31.2,MT,112258.46,2021-02-04,45
PO-2021-1403,2022-04-30,VS28,HR Coils,31.37,MT,49494.23,2022-05-08,15
PO-2021-1404,2023-10-19,VS19,GI Sheets,8.43,MT,62742.06,2023-10-22,30
PO-2021-1405,2022-05-03,VS29,MS Flats,7.58,MT,68815.4,2022-05-18,30
PO-2021-1406,2021-03-23,VS34,GI Wire,32.75,MT,66634.13,2021-03-26,21
PO-2021-1407,2022-04-15,VS22,MS Flats,12.87,MT,85448.38,2022-04-28,21
PO-2021-1408,2022-05-24,VS15,MS Rods,26.55,MT,58765.91,2022-06-06,45
PO-2021-1409,2021-01-13,VS05,Structural Steel,4.43,MT,59434.91,2021-01-26,15
PO-2021-1410,2021-10-17,VS14,Square/Rect Tubes,5.5,MT,89447.3,2021-11-01,30
PO-2021-1411,2022-02-23,VS16,Hex Bars,4.83,MT,99374.18,2022-03-02,15
PO-2021-1412,2021-12-03,VS13,HR Coils,21.78,MT,90438.84,2021-12-10,30
PO-2021-1413,2022-08-08,VS29,GI Sheets,14.32,MT,103596.67,2022-08-12,30
PO-2021-1414,2023-01-07,VS26,MS Rods,9.22,MT,78103.21,2023-01-18,21
PO-2021-1415,2023-06-07,VS10,Structural Steel,1.97,MT,73606.45,2023-06-11,30
PO-2021-1416,2022-09-07,VS10,Spring Steel,36.61,MT,64296.88,2022-09-17,30
PO-2021-1417,2022-09-19,VS30,SS Sheets,19.38,MT,90451.9,2022-09-23,45
PO-2021-1418,2022-11-14,VS09,Structural Steel,10.59,MT,113709.9,2022-11-17,30
PO-2021-1419,2021-01-27,VS33,Angles & Channels,25.08,MT,114426.83,2021-02-05,45
PO-2021-1420,2023-02-04,VS25,Structural Steel,16.08,MT,119064.15,2023-02-08,30
PO-2021-1421,2023-04-18,VS03,ERW Pipes,19.86,MT,90917.47,2023-04-24,21
PO-2021-1422,2023-06-13,VS17,Angles & Channels,25.97,MT,81646.64,2023-06-27,45
PO-2021-1423,2023-01-25,VS04,MS Rods,46.4,MT,100174.82,2023-01-31,21
PO-2021-1424,2023-09-06,VS03,Angles & Channels,31.92,MT,99561.2,2023-09-20,21
PO-2021-1425,2021-10-30,VS17,Fasteners & Fittings,47.27,MT,56052.55,2021-11-05,45
PO-2021-1426,2021-11-27,VS01,ERW Pipes,38.78,MT,93329.8,2021-12-06,15
PO-2021-1427,2023-03-26,VS06,Hex Bars,45.59,MT,110700.46,2023-03-31,30
PO-2021-1428,2023-05-25,VS17,SS Sheets,25.53,MT,84990.1,2023-06-03,45
PO-2021-1429,2022-09-23,VS27,SS Pipes,6.35,MT,87945.88,2022-10-08,21
PO-2021-1430,2022-12-07,VS10,CR Sheets,37.69,MT,114751.26,2022-12-16,30
PO-2021-1431,2022-09-23,VS01,MS Sheets,41.0,MT,45118.39,2022-09-27,15
PO-2021-1432,2023-05-06,VS34,GI Wire,33.07,MT,99978.17,2023-05-11,21
PO-2021-1433,2021-12-28,VS24,MS Sheets,35.5,MT,59851.54,2022-01-02,45
PO-2021-1434,2023-10-27,VS08,Fasteners & Fittings,28.79,MT,60943.0,2023-11-02,21
PO-2021-1435,2021-05-01,VS12,GI Sheets,13.71,MT,117177.32,2021-05-10,15
PO-2021-1436,2023-06-22,VS07,MS Sheets,4.91,MT,51428.03,2023-06-26,15
PO-2021-1437,2022-07-21,VS05,MS Flats,2.45,MT,62608.51,2022-07-31,15
PO-2021-1438,2021-07-26,VS01,GI Pipes,14.04,MT,116641.03,2021-08-08,15
PO-2021-1439,2021-03-27,VS07,GI Sheets,26.59,MT,45544.65,2021-04-08,15
PO-2021-1440,2023-12-02,VS18,Structural Steel,24.19,MT,70277.25,2023-12-11,30
PO-2021-1441,2022-11-21,VS24,MS Flats,49.97,MT,106263.54,2022-11-29,45
PO-2021-1442,2023-03-28,VS25,GI Pipes,48.79,MT,110480.81,2023-04-12,30
PO-2021-1443,2021-07-25,VS01,Fasteners & Fittings,43.66,MT,75135.63,2021-07-30,15
PO-2021-1444,2021-02-22,VS08,Hex Bars,14.69,MT,97444.85,2021-02-28,21
PO-2021-1445,2023-01-25,VS29,Structural Steel,26.23,MT,94517.13,2023-01-28,30
PO-2021-1446,2022-10-22,VS02,Angles & Channels,43.8,MT,117719.82,2022-11-05,21
PO-2021-1447,2022-10-29,VS29,HR Coils,30.73,MT,75012.39,2022-11-10,30
PO-2021-1448,2021-06-16,VS23,GI Wire,47.02,MT,115610.82,2021-06-26,45
PO-2021-1449,2021-07-25,VS25,SS Sheets,30.75,MT,98395.65,2021-08-05,30
PO-2021-1450,2023-10-31,VS03,Square/Rect Tubes,25.4,MT,53593.01,2023-11-13,21
PO-2021-1451,2023-08-15,VS11,Fasteners & Fittings,47.8,MT,81162.64,2023-08-26,30
PO-2021-1452,2022-05-09,VS16,GI Sheets,9.35,MT,115815.74,2022-05-23,15
PO-2021-1453,2021-07-03,VS07,GI Wire,49.67,MT,47191.63,2021-07-11,15
PO-2021-1454,2023-02-25,VS18,HR Coils,36.24,MT,94944.95,2023-03-10,30
PO-2021-1455,2021-09-10,VS09,Spring Steel,32.04,MT,81896.91,2021-09-25,30
PO-2021-1456,2022-11-13,VS15,SS Pipes,32.56,MT,73275.77,2022-11-27,45
PO-2021-1457,2023-02-21,VS28,HR Coils,11.95,MT,53676.75,2023-02-25,15
PO-2021-1458,2021-08-17,VS06,MS Flats,37.29,MT,115290.8,2021-08-31,30
PO-2021-1459,2021-08-26,VS24,Square/Rect Tubes,42.81,MT,116555.15,2021-09-07,45
PO-2021-1460,2021-01-04,VS20,GI Pipes,29.91,MT,59239.33,2021-01-13,21
PO-2021-1461,2023-05-18,VS21,Angles & Channels,40.08,MT,115044.39,2023-05-23,15
PO-2021-1462,2023-12-01,VS15,ERW Pipes,20.37,MT,85371.97,2023-12-11,45
PO-2021-1463,2022-10-10,VS10,SS Sheets,42.02,MT,82487.45,2022-10-20,30
PO-2021-1464,2021-10-29,VS19,Square/Rect Tubes,37.61,MT,113031.94,2021-11-12,30
PO-2021-1465,2021-03-12,VS21,SS Sheets,25.62,MT,96645.0,2021-03-19,15
PO-2021-1466,2023-09-07,VS14,Structural Steel,15.28,MT,117487.18,2023-09-10,30
PO-2021-1467,2022-11-14,VS10,GI Sheets,42.56,MT,115082.47,2022-11-20,30
PO-2021-1468,2021-04-18,VS12,Structural Steel,36.64,MT,70129.94,2021-05-01,15
PO-2021-1469,2021-11-23,VS02,Spring Steel,20.22,MT,76682.81,2021-12-03,21
PO-2021-1470,2022-12-15,VS26,MS Rods,4.52,MT,99506.6,2022-12-22,21
PO-2021-1471,2022-02-04,VS26,ERW Pipes,7.41,MT,101419.99,2022-02-16,21
PO-2021-1472,2021-04-21,VS20,Fasteners & Fittings,33.08,MT,88286.81,2021-05-01,21
PO-2021-1473,2023-09-16,VS19,Square/Rect Tubes,11.28,MT,109539.96,2023-09-22,30
PO-2021-1474,2021-01-19,VS24,ERW Pipes,34.24,MT,119136.31,2021-01-24,45
PO-2021-1475,2023-02-11,VS28,MS Sheets,46.37,MT,52203.58,2023-02-21,15
PO-2021-1476,2022-01-03,VS04,ERW Pipes,49.03,MT,93757.34,2022-01-15,21
PO-2021-1477,2023-06-08,VS10,MS Rods,13.01,MT,53910.19,2023-06-17,30
PO-2021-1478,2023-09-28,VS20,MS Sheets,32.99,MT,73152.87,2023-10-12,21
PO-2021-1479,2021-07-03,VS30,MS Rods,14.49,MT,93989.66,2021-07-11,45
PO-2021-1480,2021-01-24,VS08,ERW Pipes,5.05,MT,81691.38,2021-02-06,21
PO-2021-1481,2023-11-10,VS15,MS Pipes,29.76,MT,119051.2,2023-11-20,45
PO-2021-1482,2022-07-15,VS07,MS Sheets,19.81,MT,119996.56,2022-07-29,15
PO-2021-1483,2023-06-08,VS20,Square/Rect Tubes,5.87,MT,49762.37,2023-06-23,21
PO-2021-1484,2022-01-14,VS26,MS Pipes,20.3,MT,106309.71,2022-01-29,21
PO-2021-1485,2023-12-22,VS32,SS Pipes,26.43,MT,88854.12,2024-01-05,45
PO-2021-1486,2021-09-12,VS14,ERW Pipes,9.85,MT,89932.7,2021-09-17,30
PO-2021-1487,2021-01-11,VS29,MS Flats,7.03,MT,54661.2,2021-01-17,30
PO-2021-1488,2021-11-27,VS06,Spring Steel,13.58,MT,101480.15,2021-12-01,30
PO-2021-1489,2021-09-13,VS33,SS Sheets,18.81,MT,85832.04,2021-09-22,45
PO-2021-1490,2021-01-01,VS16,SS Sheets,3.26,MT,115934.59,2021-01-16,15
PO-2021-1491,2022-08-24,VS29,Square/Rect Tubes,29.28,MT,97132.61,2022-09-04,30
PO-2021-1492,2022-12-23,VS33,GI Sheets,34.71,MT,94696.27,2022-12-26,45
PO-2021-1493,2022-05-01,VS03,GI Sheets,7.94,MT,113574.64,2022-05-07,21
PO-2021-1494,2021-10-02,VS14,Angles & Channels,14.59,MT,99682.83,2021-10-11,30
PO-2021-1495,2021-06-02,VS17,CR Sheets,19.71,MT,112774.5,2021-06-11,45
PO-2021-1496,2023-07-24,VS06,CR Sheets,34.15,MT,115514.95,2023-07-29,30
PO-2021-1497,2022-02-22,VS05,CR Sheets,49.77,MT,97260.22,2022-02-28,15
PO-2021-1498,2023-02-02,VS33,MS Sheets,21.56,MT,56511.86,2023-02-17,45
PO-2021-1499,2023-06-08,VS25,MS Pipes,48.24,MT,63562.33,2023-06-15,30
PO-2021-1500,2021-09-13,VS08,Spring Steel,20.93,MT,69701.81,2021-09-17,21
PO-2021-1501,2023-01-14,VS22,CR Sheets,8.17,MT,104857.3,2023-01-21,21
PO-2021-1502,2021-01-21,VS07,MS Rods,48.99,MT,61666.92,2021-01-25,15
PO-2021-1503,2021-09-10,VS12,Hex Bars,36.69,MT,70710.87,2021-09-25,15
PO-2021-1504,2023-09-30,VS07,Hex Bars,18.1,MT,87911.86,2023-10-07,15
PO-2021-1505,2022-07-10,VS07,GI Pipes,9.37,MT,115988.27,2022-07-19,15
PO-2021-1506,2022-01-06,VS23,Spring Steel,28.03,MT,111151.59,2022-01-15,45
PO-2021-1507,2023-09-04,VS09,CR Sheets,1.47,MT,83517.41,2023-09-09,30
PO-2021-1508,2021-09-16,VS10,MS Rods,28.81,MT,65052.74,2021-09-30,30
PO-2021-1509,2023-01-29,VS16,GI Wire,35.63,MT,58732.84,2023-02-06,15
PO-2021-1510,2023-08-18,VS33,SS Sheets,14.52,MT,77082.38,2023-09-01,45
PO-2021-1511,2022-04-14,VS20,SS Pipes,47.43,MT,75488.61,2022-04-22,21
PO-2021-1512,2021-07-04,VS06,SS Pipes,36.77,MT,115865.02,2021-07-09,30
PO-2021-1513,2021-04-28,VS06,SS Sheets,28.15,MT,81963.79,2021-05-01,30
PO-2021-1514,2023-05-19,VS33,Square/Rect Tubes,24.5,MT,83625.86,2023-06-01,45
PO-2021-1515,2023-12-27,VS08,MS Rods,1.68,MT,59263.8,2024-01-10,21
PO-2021-1516,2021-01-15,VS28,Spring Steel,37.73,MT,63316.97,2021-01-29,15
PO-2021-1517,2023-12-18,VS03,Fasteners & Fittings,48.27,MT,99412.73,2024-01-02,21
PO-2021-1518,2023-12-09,VS15,MS Sheets,4.68,MT,107955.67,2023-12-20,45
PO-2021-1519,2022-12-25,VS04,GI Wire,25.28,MT,57786.3,2022-12-29,21
PO-2021-1520,2022-11-24,VS16,Spring Steel,42.69,MT,109335.46,2022-12-01,15
PO-2021-1521,2022-09-05,VS31,SS Sheets,13.97,MT,45167.57,2022-09-18,45
PO-2021-1522,2023-03-18,VS14,SS Sheets,46.53,MT,116935.12,2023-03-29,30
PO-2021-1523,2021-03-14,VS30,Structural Steel,3.82,MT,45441.83,2021-03-24,45
PO-2021-1524,2022-11-04,VS20,Angles & Channels,6.25,MT,71229.13,2022-11-18,21
PO-2021-1525,2022-01-17,VS26,Angles & Channels,1.43,MT,77310.29,2022-01-23,21
PO-2021-1526,2021-06-23,VS34,Hex Bars,45.03,MT,75803.93,2021-07-03,21
PO-2021-1527,2021-01-15,VS10,CR Sheets,12.08,MT,74651.91,2021-01-22,30
PO-2021-1528,2023-01-17,VS28,MS Sheets,27.28,MT,65211.13,2023-01-27,15
PO-2021-1529,2023-06-19,VS11,Square/Rect Tubes,18.33,MT,77547.01,2023-06-27,30
PO-2021-1530,2022-02-11,VS08,GI Sheets,14.96,MT,55026.02,2022-02-20,21
PO-2021-1531,2022-11-10,VS03,MS Sheets,33.64,MT,120773.32,2022-11-23,21
PO-2021-1532,2022-06-29,VS08,GI Wire,24.96,MT,82167.57,2022-07-12,21
PO-2021-1533,2021-09-18,VS21,MS Rods,25.59,MT,114267.09,2021-09-27,15
PO-2021-1534,2021-09-27,VS08,ERW Pipes,39.84,MT,54459.27,2021-10-05,21
PO-2021-1535,2023-10-22,VS01,HR Coils,3.55,MT,107237.68,2023-10-31,15
PO-2021-1536,2021-01-17,VS28,Structural Steel,15.18,MT,81444.69,2021-02-01,15
PO-2021-1537,2023-05-29,VS16,Square/Rect Tubes,36.73,MT,59014.52,2023-06-05,15
PO-2021-1538,2021-08-24,VS17,HR Coils,33.65,MT,77186.92,2021-09-03,45
PO-2021-1539,2021-07-31,VS33,MS Sheets,10.24,MT,109115.39,2021-08-13,45
PO-2021-1540,2021-11-01,VS15,ERW Pipes,7.48,MT,47877.48,2021-11-07,45
PO-2021-1541,2021-10-27,VS28,MS Pipes,31.21,MT,51820.16,2021-10-30,15
PO-2021-1542,2023-02-18,VS27,Hex Bars,16.02,MT,92498.25,2023-02-24,21
PO-2021-1543,2022-03-31,VS22,GI Wire,24.48,MT,83239.78,2022-04-13,21
PO-2021-1544,2021-04-16,VS20,ERW Pipes,14.19,MT,66041.7,2021-04-24,21
PO-2021-1545,2023-05-07,VS16,MS Flats,44.86,MT,58631.37,2023-05-10,15
PO-2021-1546,2021-04-17,VS21,GI Sheets,14.98,MT,66011.95,2021-04-29,15
PO-2021-1547,2021-07-26,VS28,MS Sheets,13.36,MT,81846.48,2021-08-03,15
PO-2021-1548,2022-09-16,VS08,ERW Pipes,33.78,MT,96222.11,2022-10-01,21
PO-2021-1549,2021-09-24,VS22,Angles & Channels,37.32,MT,72103.87,2021-10-09,21
PO-2021-1550,2023-12-20,VS24,HR Coils,32.86,MT,60752.5,2023-12-29,45
PO-2021-1551,2021-06-28,VS07,Square/Rect Tubes,31.85,MT,90137.63,2021-07-01,15
PO-2021-1552,2022-01-26,VS13,Fasteners & Fittings,46.35,MT,50615.97,2022-02-06,30
PO-2021-1553,2022-12-04,VS20,Structural Steel,49.49,MT,60149.93,2022-12-18,21
PO-2021-1554,2021-11-11,VS03,Square/Rect Tubes,10.39,MT,89738.66,2021-11-18,21
PO-2021-1555,2022-12-13,VS24,Fasteners & Fittings,31.86,MT,53807.17,2022-12-22,45
PO-2021-1556,2021-05-19,VS31,GI Wire,26.66,MT,116433.32,2021-06-03,45
PO-2021-1557,2021-02-14,VS11,CR Sheets,35.14,MT,54670.07,2021-02-17,30
PO-2021-1558,2021-05-05,VS13,MS Rods,25.26,MT,84935.24,2021-05-16,30
PO-2021-1559,2021-06-03,VS11,Fasteners & Fittings,37.79,MT,73811.28,2021-06-18,30
PO-2021-1560,2023-03-11,VS26,CR Sheets,11.14,MT,45270.04,2023-03-23,21
PO-2021-1561,2022-03-23,VS01,Hex Bars,23.32,MT,98081.55,2022-04-03,15
PO-2021-1562,2022-06-15,VS20,HR Coils,15.52,MT,65138.6,2022-06-19,21
PO-2021-1563,2021-12-17,VS15,GI Pipes,27.14,MT,66888.25,2021-12-30,45
PO-2021-1564,2021-10-31,VS18,Square/Rect Tubes,14.25,MT,104296.6,2021-11-13,30
PO-2021-1565,2022-05-25,VS14,Spring Steel,6.69,MT,93648.41,2022-06-07,30
PO-2021-1566,2023-01-26,VS21,SS Pipes,47.37,MT,111298.98,2023-02-02,15
PO-2021-1567,2021-10-01,VS27,SS Sheets,16.91,MT,49294.76,2021-10-04,21
PO-2021-1568,2022-12-30,VS15,CR Sheets,9.66,MT,117870.35,2023-01-10,45
PO-2021-1569,2021-08-06,VS25,CR Sheets,43.63,MT,92572.92,2021-08-17,30
PO-2021-1570,2022-02-27,VS29,HR Coils,16.89,MT,60293.9,2022-03-12,30
PO-2021-1571,2023-03-21,VS10,Fasteners & Fittings,12.35,MT,99471.46,2023-03-29,30
PO-2021-1572,2021-10-31,VS31,SS Pipes,25.3,MT,79454.26,2021-11-05,45
PO-2021-1573,2022-01-22,VS32,MS Sheets,32.73,MT,46578.55,2022-01-27,45
PO-2021-1574,2021-12-30,VS26,GI Sheets,4.4,MT,50403.65,2022-01-05,21
PO-2021-1575,2023-07-21,VS26,ERW Pipes,36.49,MT,55296.85,2023-08-05,21
PO-2021-1576,2021-01-25,VS07,MS Rods,19.82,MT,53252.66,2021-01-28,15
PO-2021-1577,2021-03-31,VS09,HR Coils,38.74,MT,65074.24,2021-04-13,30
PO-2021-1578,2021-01-28,VS01,ERW Pipes,27.58,MT,106369.15,2021-02-11,15
PO-2021-1579,2021-06-24,VS13,Square/Rect Tubes,24.54,MT,87213.84,2021-07-04,30
PO-2021-1580,2021-12-01,VS20,MS Flats,24.47,MT,63285.66,2021-12-12,21
PO-2021-1581,2022-07-02,VS08,MS Pipes,41.42,MT,52711.15,2022-07-09,21
PO-2021-1582,2021-07-30,VS33,GI Wire,7.95,MT,113412.52,2021-08-02,45
PO-2021-1583,2022-04-10,VS28,MS Rods,8.22,MT,94152.34,2022-04-16,15
PO-2021-1584,2023-02-27,VS08,Structural Steel,9.31,MT,53260.17,2023-03-03,21
PO-2021-1585,2022-08-01,VS23,SS Pipes,31.17,MT,53876.32,2022-08-05,45
PO-2021-1586,2021-03-30,VS10,MS Sheets,22.0,MT,70113.3,2021-04-04,30
PO-2021-1587,2023-05-21,VS10,SS Sheets,31.61,MT,66525.42,2023-05-25,30
PO-2021-1588,2022-07-10,VS32,Angles & Channels,46.71,MT,105803.96,2022-07-24,45
PO-2021-1589,2021-06-06,VS01,Square/Rect Tubes,39.11,MT,55994.18,2021-06-11,15
PO-2021-1590,2023-03-11,VS29,Structural Steel,40.92,MT,53487.3,2023-03-20,30
PO-2021-1591,2022-07-25,VS10,SS Pipes,16.83,MT,54565.18,2022-08-09,30
PO-2021-1592,2023-02-28,VS23,MS Flats,25.22,MT,81096.64,2023-03-09,45
PO-2021-1593,2022-11-14,VS09,HR Coils,19.78,MT,86200.44,2022-11-25,30
PO-2021-1594,2023-12-30,VS32,Spring Steel,27.27,MT,62258.59,2024-01-03,45
PO-2021-1595,2023-05-14,VS34,HR Coils,35.45,MT,62639.48,2023-05-17,21
PO-2021-1596,2022-02-21,VS02,Angles & Channels,28.36,MT,116821.18,2022-02-25,21
PO-2021-1597,2021-05-03,VS23,Angles & Channels,42.59,MT,110007.94,2021-05-08,45
PO-2021-1598,2022-08-27,VS30,Square/Rect Tubes,41.93,MT,86362.53,2022-09-05,45
PO-2021-1599,2022-05-12,VS14,HR Coils,3.74,MT,55335.1,2022-05-26,30
PO-2022-1600,2021-10-21,VS25,MS Pipes,35.11,MT,76853.16,2021-10-24,30
PO-2022-1601,2021-08-06,VS05,Structural Steel,42.03,MT,110285.77,2021-08-09,15
PO-2022-1602,2021-10-28,VS24,Square/Rect Tubes,4.87,MT,50779.9,2021-11-09,45
PO-2022-1603,2023-05-03,VS10,MS Sheets,24.02,MT,55508.43,2023-05-14,30
PO-2022-1604,2022-09-06,VS31,GI Wire,36.41,MT,78298.02,2022-09-19,45
PO-2022-1605,2021-01-28,VS19,ERW Pipes,8.64,MT,115530.26,2021-01-31,30
PO-2022-1606,2021-12-22,VS33,MS Sheets,1.53,MT,107451.01,2022-01-04,45
PO-2022-1607,2023-07-20,VS17,Hex Bars,16.0,MT,62048.61,2023-07-25,45
PO-2022-1608,2022-07-11,VS06,Hex Bars,19.5,MT,116330.48,2022-07-25,30
PO-2022-1609,2022-03-10,VS26,GI Pipes,11.73,MT,58777.03,2022-03-24,21
PO-2022-1610,2021-06-08,VS30,Structural Steel,16.35,MT,93141.81,2021-06-17,45
PO-2022-1611,2021-12-04,VS04,Angles & Channels,32.69,MT,59604.79,2021-12-08,21
PO-2022-1612,2021-08-02,VS05,Angles & Channels,30.56,MT,108495.7,2021-08-05,15
PO-2022-1613,2022-05-06,VS19,MS Sheets,27.54,MT,51894.9,2022-05-18,30
PO-2022-1614,2021-01-23,VS20,GI Sheets,28.03,MT,92879.17,2021-01-26,21
PO-2022-1615,2022-05-08,VS18,SS Pipes,48.86,MT,87359.76,2022-05-20,30
PO-2022-1616,2023-09-18,VS03,GI Pipes,16.41,MT,120393.71,2023-09-21,21
PO-2022-1617,2023-01-01,VS19,MS Rods,25.51,MT,71328.85,2023-01-10,30
PO-2022-1618,2022-12-30,VS09,ERW Pipes,17.23,MT,112238.34,2023-01-10,30
PO-2022-1619,2021-07-26,VS33,Square/Rect Tubes,2.16,MT,104705.2,2021-08-05,45
PO-2022-1620,2021-03-18,VS19,MS Sheets,8.43,MT,82922.29,2021-03-31,30
PO-2022-1621,2021-07-11,VS15,GI Sheets,40.57,MT,94066.51,2021-07-26,45
PO-2022-1622,2021-11-26,VS33,Hex Bars,49.62,MT,90655.42,2021-12-07,45
PO-2022-1623,2022-12-01,VS29,Square/Rect Tubes,17.61,MT,72023.73,2022-12-10,30
PO-2022-1624,2021-03-23,VS25,HR Coils,11.23,MT,90779.04,2021-03-27,30
PO-2022-1625,2021-11-09,VS32,ERW Pipes,40.43,MT,55696.69,2021-11-16,45
PO-2022-1626,2021-06-28,VS32,ERW Pipes,23.29,MT,57728.82,2021-07-05,45
PO-2022-1627,2021-11-27,VS05,CR Sheets,29.25,MT,71502.64,2021-12-01,15
PO-2022-1628,2022-01-02,VS30,CR Sheets,49.32,MT,118386.28,2022-01-17,45
PO-2022-1629,2023-06-25,VS09,ERW Pipes,48.61,MT,81619.42,2023-07-03,30
PO-2022-1630,2022-08-11,VS26,GI Wire,42.99,MT,113785.51,2022-08-16,21
PO-2022-1631,2023-06-22,VS24,Hex Bars,42.4,MT,116403.37,2023-06-30,45
PO-2022-1632,2021-06-20,VS27,Hex Bars,23.05,MT,110805.65,2021-07-03,21
PO-2022-1633,2021-03-29,VS04,HR Coils,35.29,MT,87060.03,2021-04-03,21
PO-2022-1634,2021-08-04,VS19,MS Rods,8.75,MT,77943.87,2021-08-08,30
PO-2022-1635,2022-04-02,VS25,Fasteners & Fittings,33.79,MT,71170.35,2022-04-12,30
PO-2022-1636,2024-01-01,VS30,ERW Pipes,5.21,MT,99883.36,2024-01-10,45
PO-2022-1637,2023-06-07,VS13,MS Rods,17.11,MT,68796.36,2023-06-19,30
PO-2022-1638,2023-09-23,VS14,Structural Steel,6.6,MT,79093.4,2023-10-04,30
PO-2022-1639,2021-11-15,VS31,Square/Rect Tubes,32.37,MT,69014.0,2021-11-18,45
PO-2022-1640,2023-02-18,VS04,Angles & Channels,39.69,MT,118392.06,2023-02-24,21
PO-2022-1641,2021-04-21,VS14,MS Pipes,47.68,MT,96275.36,2021-04-28,30
PO-2022-1642,2022-06-01,VS12,SS Pipes,7.95,MT,68164.61,2022-06-05,15
PO-2022-1643,2022-09-03,VS29,GI Wire,26.71,MT,95223.33,2022-09-10,30
PO-2022-1644,2022-01-12,VS04,SS Pipes,44.85,MT,77140.07,2022-01-27,21
PO-2022-1645,2022-09-01,VS11,GI Sheets,18.11,MT,76432.58,2022-09-11,30
PO-2022-1646,2021-11-26,VS28,Angles & Channels,45.72,MT,87773.77,2021-11-29,15
PO-2022-1647,2022-02-11,VS05,Square/Rect Tubes,16.86,MT,118977.6,2022-02-25,15
PO-2022-1648,2022-10-11,VS01,Square/Rect Tubes,44.93,MT,115036.45,2022-10-21,15
PO-2022-1649,2022-10-11,VS08,GI Wire,13.88,MT,99171.45,2022-10-21,21
PO-2022-1650,2021-09-15,VS29,ERW Pipes,2.79,MT,100928.07,2021-09-21,30
PO-2022-1651,2023-05-11,VS11,MS Rods,11.59,MT,60732.23,2023-05-17,30
PO-2022-1652,2021-01-30,VS24,Angles & Channels,1.79,MT,112249.12,2021-02-10,45
PO-2022-1653,2021-09-13,VS32,Fasteners & Fittings,21.29,MT,71379.67,2021-09-24,45
PO-2022-1654,2023-05-23,VS34,MS Flats,6.56,MT,58186.04,2023-06-01,21
PO-2022-1655,2023-02-04,VS12,Spring Steel,30.15,MT,89135.5,2023-02-13,15
PO-2022-1656,2022-08-07,VS28,SS Sheets,35.4,MT,115342.62,2022-08-11,15
PO-2022-1657,2021-06-29,VS07,SS Pipes,32.83,MT,91219.53,2021-07-08,15
PO-2022-1658,2021-08-01,VS32,Spring Steel,5.89,MT,78307.75,2021-08-13,45
PO-2022-1659,2021-03-08,VS19,GI Wire,11.38,MT,107396.66,2021-03-19,30
PO-2022-1660,2023-02-20,VS08,GI Sheets,42.96,MT,116291.36,2023-02-28,21
PO-2022-1661,2023-08-09,VS27,MS Rods,1.37,MT,73098.29,2023-08-15,21
PO-2022-1662,2023-11-06,VS19,CR Sheets,44.1,MT,67430.93,2023-11-21,30
PO-2022-1663,2023-04-30,VS16,MS Pipes,45.11,MT,76091.75,2023-05-03,15
PO-2022-1664,2021-02-23,VS10,Angles & Channels,42.2,MT,83922.24,2021-03-09,30
PO-2022-1665,2022-10-13,VS22,MS Sheets,48.0,MT,119462.18,2022-10-19,21
PO-2022-1666,2023-03-13,VS13,MS Rods,41.6,MT,105099.87,2023-03-25,30
PO-2022-1667,2023-05-29,VS09,MS Rods,48.89,MT,58028.8,2023-06-06,30
PO-2022-1668,2023-11-26,VS11,GI Wire,12.32,MT,98251.86,2023-12-01,30
PO-2022-1669,2023-10-30,VS08,MS Rods,42.31,MT,92048.88,2023-11-06,21
PO-2022-1670,2021-11-22,VS21,GI Sheets,5.57,MT,46923.02,2021-11-25,15
PO-2022-1671,2021-11-10,VS02,Spring Steel,46.11,MT,50907.94,2021-11-19,21
PO-2022-1672,2021-02-21,VS09,Fasteners & Fittings,32.09,MT,103319.23,2021-02-26,30
PO-2022-1673,2022-05-06,VS15,SS Sheets,10.5,MT,108034.26,2022-05-20,45
PO-2022-1674,2023-02-14,VS17,GI Pipes,14.47,MT,115123.19,2023-02-27,45
PO-2022-1675,2021-02-17,VS07,ERW Pipes,23.5,MT,89692.08,2021-02-21,15
PO-2022-1676,2021-10-18,VS19,CR Sheets,44.84,MT,54036.62,2021-10-28,30
PO-2022-1677,2023-01-11,VS14,MS Rods,5.93,MT,104658.11,2023-01-20,30
PO-2022-1678,2021-05-31,VS32,SS Pipes,11.3,MT,76493.03,2021-06-08,45
PO-2022-1679,2023-07-13,VS11,MS Sheets,15.64,MT,112772.86,2023-07-26,30
PO-2022-1680,2021-03-06,VS08,MS Flats,49.69,MT,81293.32,2021-03-18,21
PO-2022-1681,2021-01-11,VS11,Hex Bars,37.34,MT,114493.74,2021-01-17,30
PO-2022-1682,2021-03-02,VS02,Hex Bars,26.08,MT,56425.95,2021-03-10,21
PO-2022-1683,2021-08-24,VS14,MS Pipes,17.05,MT,61482.08,2021-09-07,30
PO-2022-1684,2021-09-17,VS18,CR Sheets,24.6,MT,116492.2,2021-09-25,30
PO-2022-1685,2022-08-26,VS30,Structural Steel,22.37,MT,115975.93,2022-09-01,45
PO-2022-1686,2022-05-28,VS12,GI Sheets,34.67,MT,116010.56,2022-06-04,15
PO-2022-1687,2023-03-16,VS07,SS Sheets,9.12,MT,60437.39,2023-03-30,15
PO-2022-1688,2023-09-27,VS28,Fasteners & Fittings,21.76,MT,101030.95,2023-10-05,15
PO-2022-1689,2021-08-09,VS25,GI Wire,10.79,MT,71468.66,2021-08-22,30
PO-2022-1690,2021-05-12,VS29,MS Sheets,44.58,MT,116857.31,2021-05-19,30
PO-2022-1691,2023-04-20,VS19,Hex Bars,18.26,MT,49135.32,2023-04-25,30
PO-2022-1692,2022-10-23,VS28,MS Sheets,18.53,MT,50448.02,2022-11-05,15
PO-2022-1693,2023-02-01,VS24,Square/Rect Tubes,39.2,MT,54172.77,2023-02-09,45
PO-2022-1694,2021-01-23,VS22,GI Sheets,23.8,MT,104642.96,2021-01-29,21
PO-2022-1695,2021-05-16,VS25,SS Sheets,30.49,MT,84544.68,2021-05-20,30
PO-2022-1696,2022-07-24,VS05,GI Wire,34.42,MT,77640.42,2022-08-01,15
PO-2022-1697,2022-02-10,VS13,GI Pipes,40.33,MT,82398.82,2022-02-17,30
PO-2022-1698,2023-05-13,VS08,ERW Pipes,23.19,MT,90107.3,2023-05-25,21
PO-2022-1699,2023-02-24,VS16,MS Pipes,14.97,MT,93275.0,2023-03-08,15
PO-2022-1700,2021-01-10,VS30,SS Sheets,7.42,MT,117514.02,2021-01-13,45
PO-2022-1701,2023-12-29,VS34,GI Pipes,17.53,MT,46220.42,2024-01-08,21
PO-2022-1702,2021-07-14,VS27,SS Sheets,14.46,MT,101526.92,2021-07-23,21
PO-2022-1703,2021-06-13,VS21,Structural Steel,31.0,MT,74499.56,2021-06-27,15
PO-2022-1704,2023-07-20,VS32,ERW Pipes,42.31,MT,115327.78,2023-07-24,45
PO-2022-1705,2021-03-01,VS15,GI Pipes,41.45,MT,55405.08,2021-03-09,45
PO-2022-1706,2023-06-12,VS15,MS Sheets,5.31,MT,99308.09,2023-06-27,45
PO-2022-1707,2023-01-26,VS01,GI Pipes,13.72,MT,103870.8,2023-01-30,15
PO-2022-1708,2021-04-09,VS20,SS Pipes,13.92,MT,96594.12,2021-04-24,21
PO-2022-1709,2023-02-17,VS18,MS Sheets,46.32,MT,88758.99,2023-02-21,30
PO-2022-1710,2021-09-16,VS21,Square/Rect Tubes,37.9,MT,111584.88,2021-09-25,15
PO-2022-1711,2023-07-05,VS08,Hex Bars,26.85,MT,88341.35,2023-07-18,21
PO-2022-1712,2023-10-01,VS18,MS Flats,38.86,MT,81202.97,2023-10-05,30
PO-2022-1713,2022-06-25,VS19,SS Pipes,18.3,MT,111972.28,2022-07-01,30
PO-2022-1714,2022-02-26,VS05,SS Pipes,48.62,MT,49520.02,2022-03-01,15
PO-2022-1715,2022-03-19,VS30,MS Rods,10.21,MT,52840.1,2022-03-25,45
PO-2022-1716,2023-12-17,VS33,MS Flats,38.26,MT,68386.91,2023-12-27,45
PO-2022-1717,2021-11-12,VS33,ERW Pipes,45.79,MT,61408.86,2021-11-20,45
PO-2022-1718,2023-03-01,VS29,Hex Bars,10.95,MT,75015.37,2023-03-05,30
PO-2022-1719,2022-07-24,VS28,MS Sheets,34.63,MT,116362.09,2022-08-05,15
PO-2022-1720,2021-07-29,VS10,Fasteners & Fittings,43.93,MT,100876.95,2021-08-04,30
PO-2022-1721,2021-02-03,VS30,MS Sheets,14.07,MT,80718.03,2021-02-14,45
PO-2022-1722,2023-07-17,VS23,CR Sheets,6.8,MT,86272.82,2023-07-25,45
PO-2022-1723,2023-06-03,VS14,Square/Rect Tubes,20.45,MT,77313.63,2023-06-11,30
PO-2022-1724,2021-04-19,VS29,CR Sheets,19.12,MT,48685.08,2021-04-28,30
PO-2022-1725,2023-05-16,VS13,SS Sheets,10.28,MT,58248.38,2023-05-23,30
PO-2022-1726,2023-12-21,VS32,Hex Bars,22.24,MT,96087.04,2024-01-03,45
PO-2022-1727,2022-05-25,VS08,HR Coils,6.64,MT,112129.38,2022-06-06,21
PO-2022-1728,2022-06-30,VS16,SS Pipes,27.07,MT,65659.46,2022-07-12,15
PO-2022-1729,2023-04-09,VS26,MS Rods,5.96,MT,100044.33,2023-04-23,21
PO-2022-1730,2022-07-04,VS32,GI Sheets,9.38,MT,60268.16,2022-07-17,45
PO-2022-1731,2022-08-13,VS19,MS Pipes,5.62,MT,86052.73,2022-08-27,30
PO-2022-1732,2023-09-04,VS20,HR Coils,9.34,MT,96108.19,2023-09-09,21
PO-2022-1733,2022-01-19,VS22,Fasteners & Fittings,7.95,MT,45955.11,2022-01-29,21
PO-2022-1734,2023-05-27,VS22,MS Pipes,9.7,MT,64787.41,2023-05-31,21
PO-2022-1735,2021-12-16,VS01,Angles & Channels,48.51,MT,88736.91,2021-12-26,15
PO-2022-1736,2022-05-22,VS31,ERW Pipes,3.21,MT,46304.31,2022-06-04,45
PO-2022-1737,2022-08-19,VS15,Hex Bars,25.65,MT,101624.44,2022-09-03,45
PO-2022-1738,2021-07-12,VS07,SS Sheets,40.39,MT,70175.8,2021-07-22,15
PO-2022-1739,2022-12-20,VS17,Structural Steel,13.42,MT,79406.31,2022-12-28,45
PO-2022-1740,2022-09-09,VS22,Hex Bars,38.95,MT,109271.71,2022-09-21,21
PO-2022-1741,2023-09-19,VS08,CR Sheets,34.6,MT,99616.17,2023-09-22,21
PO-2022-1742,2021-10-30,VS27,HR Coils,33.31,MT,55622.48,2021-11-09,21
PO-2022-1743,2021-03-05,VS16,GI Wire,18.61,MT,100827.38,2021-03-11,15
PO-2022-1744,2023-02-13,VS07,CR Sheets,43.98,MT,95910.11,2023-02-23,15
PO-2022-1745,2023-12-16,VS12,CR Sheets,45.61,MT,74009.91,2023-12-24,15
PO-2022-1746,2023-03-12,VS27,CR Sheets,16.16,MT,48082.5,2023-03-23,21
PO-2022-1747,2022-12-05,VS08,GI Wire,39.97,MT,87499.68,2022-12-20,21
PO-2022-1748,2022-12-12,VS19,ERW Pipes,48.5,MT,85716.31,2022-12-25,30
PO-2022-1749,2021-10-29,VS30,Square/Rect Tubes,26.64,MT,66733.63,2021-11-09,45
PO-2022-1750,2021-11-30,VS20,Structural Steel,15.12,MT,104983.88,2021-12-03,21
PO-2022-1751,2023-07-19,VS03,GI Sheets,14.87,MT,93059.59,2023-07-22,21
PO-2022-1752,2023-09-28,VS20,MS Pipes,22.09,MT,94519.0,2023-10-01,21
PO-2022-1753,2021-04-13,VS17,Square/Rect Tubes,18.16,MT,66244.92,2021-04-24,45
PO-2022-1754,2021-11-14,VS06,CR Sheets,7.99,MT,99978.99,2021-11-23,30
PO-2022-1755,2021-06-15,VS19,HR Coils,2.57,MT,119568.91,2021-06-21,30
PO-2022-1756,2023-03-03,VS28,MS Rods,48.38,MT,52360.4,2023-03-10,15
PO-2022-1757,2022-09-11,VS20,MS Sheets,28.63,MT,95919.24,2022-09-19,21
PO-2022-1758,2021-10-13,VS13,CR Sheets,7.65,MT,86571.28,2021-10-20,30
PO-2022-1759,2022-09-17,VS06,SS Sheets,28.77,MT,92123.91,2022-09-28,30
PO-2022-1760,2022-01-11,VS25,GI Wire,5.71,MT,84492.85,2022-01-25,30
PO-2022-1761,2022-10-04,VS33,Angles & Channels,23.95,MT,77075.19,2022-10-13,45
PO-2022-1762,2023-04-21,VS30,MS Pipes,45.72,MT,46981.66,2023-05-06,45
PO-2022-1763,2023-05-13,VS06,Square/Rect Tubes,31.15,MT,67679.25,2023-05-19,30
PO-2022-1764,2023-11-15,VS24,Square/Rect Tubes,31.42,MT,112493.43,2023-11-22,45
PO-2022-1765,2021-04-20,VS26,Square/Rect Tubes,20.74,MT,45446.46,2021-05-05,21
PO-2022-1766,2023-11-27,VS30,GI Pipes,5.15,MT,65263.11,2023-12-10,45
PO-2022-1767,2021-08-08,VS22,ERW Pipes,41.28,MT,87408.26,2021-08-22,21
PO-2022-1768,2022-11-10,VS04,ERW Pipes,37.28,MT,95580.97,2022-11-24,21
PO-2022-1769,2021-04-19,VS14,Hex Bars,8.06,MT,100531.81,2021-04-29,30
PO-2022-1770,2021-10-07,VS15,Square/Rect Tubes,15.74,MT,68316.81,2021-10-10,45
PO-2022-1771,2023-09-21,VS13,ERW Pipes,4.29,MT,56476.66,2023-09-25,30
PO-2022-1772,2023-12-01,VS07,HR Coils,11.01,MT,80530.68,2023-12-12,15
PO-2022-1773,2023-06-28,VS26,GI Pipes,46.38,MT,67494.28,2023-07-08,21
PO-2022-1774,2022-01-12,VS16,Spring Steel,13.75,MT,90957.0,2022-01-22,15
PO-2022-1775,2021-09-10,VS28,Square/Rect Tubes,32.17,MT,58860.59,2021-09-24,15
PO-2022-1776,2022-05-08,VS11,Hex Bars,37.34,MT,86001.08,2022-05-18,30
PO-2022-1777,2023-09-11,VS19,SS Sheets,33.71,MT,121609.13,2023-09-21,30
PO-2022-1778,2023-01-23,VS18,MS Rods,19.91,MT,104989.14,2023-02-02,30
PO-2022-1779,2023-05-04,VS28,Square/Rect Tubes,2.37,MT,79281.17,2023-05-16,15
PO-2022-1780,2023-03-09,VS01,SS Sheets,2.67,MT,93781.67,2023-03-22,15
PO-2022-1781,2023-06-30,VS03,Angles & Channels,48.18,MT,83296.75,2023-07-14,21
PO-2022-1782,2023-07-28,VS18,MS Pipes,49.11,MT,71831.07,2023-08-08,30
PO-2022-1783,2022-03-08,VS23,Hex Bars,20.14,MT,49707.43,2022-03-21,45
PO-2022-1784,2021-11-07,VS23,MS Flats,23.51,MT,109399.79,2021-11-12,45
PO-2022-1785,2022-07-25,VS20,MS Rods,4.34,MT,107949.41,2022-08-04,21
PO-2022-1786,2023-02-11,VS31,MS Sheets,29.23,MT,114555.92,2023-02-26,45
PO-2022-1787,2023-12-13,VS17,Square/Rect Tubes,35.19,MT,89163.91,2023-12-25,45
PO-2022-1788,2022-12-14,VS26,SS Pipes,3.2,MT,108902.34,2022-12-19,21
PO-2022-1789,2022-04-20,VS07,ERW Pipes,25.47,MT,95949.17,2022-04-28,15
PO-2022-1790,2022-04-20,VS16,ERW Pipes,45.09,MT,58049.85,2022-04-29,15
PO-2022-1791,2023-05-11,VS05,GI Pipes,30.98,MT,53585.53,2023-05-25,15
PO-2022-1792,2021-05-30,VS29,Angles & Channels,30.72,MT,108050.95,2021-06-04,30
PO-2022-1793,2022-10-20,VS07,Fasteners & Fittings,19.5,MT,119165.31,2022-11-01,15
PO-2022-1794,2022-02-14,VS13,CR Sheets,25.06,MT,95913.68,2022-02-20,30
PO-2022-1795,2022-02-17,VS11,GI Wire,40.88,MT,105650.42,2022-02-23,30
PO-2022-1796,2021-06-26,VS02,ERW Pipes,10.97,MT,105750.66,2021-06-29,21
PO-2022-1797,2023-01-07,VS27,Spring Steel,43.36,MT,70553.35,2023-01-20,21
PO-2022-1798,2023-12-18,VS32,GI Sheets,41.79,MT,87777.76,2023-12-28,45
PO-2022-1799,2023-10-23,VS23,Angles & Channels,31.31,MT,86902.3,2023-10-28,45
PO-2022-1800,2021-05-18,VS29,GI Wire,31.65,MT,110548.27,2021-05-30,30
PO-2022-1801,2021-06-10,VS09,Hex Bars,15.61,MT,53844.56,2021-06-16,30
PO-2022-1802,2021-04-16,VS22,MS Pipes,11.98,MT,115546.31,2021-04-23,21
PO-2022-1803,2023-03-11,VS23,SS Pipes,43.75,MT,56839.73,2023-03-18,45
PO-2022-1804,2021-06-03,VS16,Hex Bars,46.66,MT,82503.53,2021-06-12,15
PO-2022-1805,2021-04-27,VS08,Structural Steel,46.91,MT,118870.04,2021-05-10,21
PO-2022-1806,2021-03-03,VS03,MS Flats,21.65,MT,62439.88,2021-03-18,21
PO-2022-1807,2021-05-02,VS09,GI Sheets,27.81,MT,100040.45,2021-05-17,30
PO-2022-1808,2021-05-08,VS16,Structural Steel,4.57,MT,116099.82,2021-05-20,15
PO-2022-1809,2021-03-14,VS23,SS Pipes,47.55,MT,89861.07,2021-03-26,45
PO-2022-1810,2021-06-15,VS31,Square/Rect Tubes,14.25,MT,48130.57,2021-06-18,45
PO-2022-1811,2023-10-15,VS33,HR Coils,32.87,MT,77363.67,2023-10-22,45
PO-2022-1812,2022-04-12,VS02,GI Pipes,2.29,MT,103636.69,2022-04-18,21
PO-2022-1813,2023-12-31,VS25,MS Pipes,28.07,MT,48910.53,2024-01-15,30
PO-2022-1814,2023-02-12,VS09,GI Wire,35.37,MT,86215.87,2023-02-16,30
PO-2022-1815,2023-06-16,VS08,Angles & Channels,18.24,MT,70734.42,2023-06-19,21
PO-2022-1816,2022-05-03,VS15,SS Pipes,29.84,MT,62034.44,2022-05-17,45
PO-2022-1817,2021-04-04,VS01,HR Coils,40.82,MT,50745.88,2021-04-09,15
PO-2022-1818,2023-06-18,VS12,SS Sheets,3.14,MT,74074.06,2023-07-01,15
PO-2022-1819,2022-05-16,VS19,Square/Rect Tubes,30.7,MT,84138.71,2022-05-20,30
PO-2022-1820,2021-06-07,VS05,CR Sheets,46.98,MT,60439.57,2021-06-21,15
PO-2022-1821,2023-01-02,VS15,Fasteners & Fittings,35.94,MT,115607.02,2023-01-17,45
PO-2022-1822,2022-08-23,VS16,Hex Bars,44.76,MT,68914.42,2022-09-03,15
PO-2022-1823,2023-10-29,VS07,GI Pipes,17.99,MT,75812.54,2023-11-10,15
PO-2022-1824,2023-09-23,VS18,SS Pipes,10.97,MT,55284.86,2023-10-04,30
PO-2022-1825,2022-04-18,VS20,Spring Steel,11.33,MT,72929.25,2022-05-03,21
PO-2022-1826,2021-10-18,VS03,HR Coils,35.22,MT,97492.83,2021-10-28,21
PO-2022-1827,2021-08-22,VS02,Structural Steel,41.98,MT,65272.39,2021-09-03,21
PO-2022-1828,2023-02-26,VS20,SS Pipes,3.93,MT,109093.07,2023-03-07,21
PO-2022-1829,2023-10-12,VS02,MS Rods,19.85,MT,48331.17,2023-10-18,21
PO-2022-1830,2023-02-16,VS12,GI Wire,27.09,MT,98311.39,2023-02-19,15
PO-2022-1831,2022-12-14,VS02,MS Flats,46.21,MT,113058.72,2022-12-29,21
PO-2022-1832,2022-03-20,VS02,MS Flats,36.56,MT,91614.79,2022-03-29,21
PO-2022-1833,2021-04-27,VS07,Spring Steel,20.02,MT,99097.28,2021-05-10,15
PO-2022-1834,2022-08-12,VS30,GI Wire,29.06,MT,87622.73,2022-08-23,45
PO-2022-1835,2022-06-17,VS11,MS Rods,23.9,MT,119445.98,2022-06-23,30
PO-2022-1836,2021-09-28,VS01,CR Sheets,40.18,MT,116322.54,2021-10-02,15
PO-2022-1837,2022-05-27,VS19,MS Flats,28.98,MT,49811.28,2022-06-03,30
PO-2022-1838,2023-01-11,VS18,CR Sheets,39.34,MT,105769.46,2023-01-23,30
PO-2022-1839,2021-01-26,VS08,SS Sheets,28.85,MT,69074.2,2021-02-02,21
PO-2022-1840,2022-01-02,VS29,Fasteners & Fittings,1.85,MT,45665.3,2022-01-05,30
PO-2022-1841,2023-01-05,VS31,Spring Steel,11.67,MT,49393.86,2023-01-09,45
PO-2022-1842,2022-07-21,VS21,SS Pipes,22.58,MT,64350.52,2022-08-05,15
PO-2022-1843,2022-07-20,VS17,Structural Steel,7.23,MT,92275.36,2022-07-25,45
PO-2022-1844,2021-04-12,VS15,ERW Pipes,33.08,MT,58819.16,2021-04-23,45
PO-2022-1845,2023-06-21,VS21,GI Pipes,28.12,MT,62096.43,2023-07-05,15
PO-2022-1846,2022-06-15,VS17,MS Pipes,34.24,MT,109311.77,2022-06-23,45
PO-2022-1847,2021-04-02,VS16,Angles & Channels,6.35,MT,83020.35,2021-04-06,15
PO-2022-1848,2023-11-13,VS05,HR Coils,11.0,MT,87777.44,2023-11-26,15
PO-2022-1849,2023-05-02,VS05,GI Wire,43.92,MT,55730.96,2023-05-10,15
PO-2022-1850,2023-01-08,VS22,GI Wire,44.97,MT,73103.67,2023-01-15,21
PO-2022-1851,2021-03-05,VS11,Angles & Channels,3.19,MT,114773.14,2021-03-17,30
PO-2022-1852,2021-02-22,VS07,GI Sheets,40.59,MT,83309.71,2021-03-09,15
PO-2022-1853,2023-11-07,VS23,GI Sheets,19.56,MT,88701.47,2023-11-20,45
PO-2022-1854,2021-11-04,VS25,SS Pipes,47.8,MT,116896.89,2021-11-10,30
PO-2022-1855,2023-10-29,VS27,Spring Steel,36.92,MT,108569.63,2023-11-09,21
PO-2022-1856,2021-04-16,VS31,Hex Bars,26.5,MT,68770.45,2021-04-22,45
PO-2022-1857,2022-08-24,VS16,MS Flats,12.91,MT,102573.26,2022-09-01,15
PO-2022-1858,2022-04-18,VS30,MS Flats,37.66,MT,53656.27,2022-04-24,45
PO-2022-1859,2023-07-01,VS27,Angles & Channels,4.9,MT,87034.28,2023-07-05,21
PO-2022-1860,2023-01-12,VS31,HR Coils,23.0,MT,76413.77,2023-01-24,45
PO-2022-1861,2021-09-14,VS16,GI Wire,34.03,MT,94942.7,2021-09-26,15
PO-2022-1862,2022-06-18,VS19,MS Flats,16.38,MT,53157.46,2022-06-27,30
PO-2022-1863,2023-11-01,VS10,Structural Steel,32.0,MT,102948.37,2023-11-06,30
PO-2022-1864,2023-07-19,VS01,MS Sheets,6.92,MT,64753.21,2023-07-30,15
PO-2022-1865,2023-08-21,VS07,Square/Rect Tubes,43.6,MT,107539.39,2023-08-24,15
PO-2022-1866,2021-12-08,VS05,Square/Rect Tubes,26.23,MT,84698.23,2021-12-17,15
PO-2022-1867,2023-05-15,VS23,Square/Rect Tubes,20.71,MT,86770.56,2023-05-29,45
PO-2022-1868,2022-08-24,VS08,MS Flats,44.97,MT,112376.54,2022-09-05,21
PO-2022-1869,2021-08-09,VS03,SS Pipes,37.2,MT,74486.7,2021-08-19,21
PO-2022-1870,2023-04-18,VS29,GI Wire,15.18,MT,80782.95,2023-04-23,30
PO-2022-1871,2022-01-11,VS33,SS Pipes,8.46,MT,45583.78,2022-01-23,45
PO-2022-1872,2023-01-28,VS30,MS Rods,16.7,MT,58254.17,2023-02-11,45
PO-2022-1873,2022-07-27,VS07,HR Coils,15.57,MT,70583.79,2022-08-08,15
PO-2022-1874,2023-11-27,VS34,Hex Bars,42.36,MT,77001.71,2023-12-05,21
PO-2022-1875,2023-02-26,VS21,MS Sheets,47.72,MT,48145.08,2023-03-12,15
PO-2022-1876,2022-03-08,VS28,Hex Bars,14.63,MT,110968.78,2022-03-16,15
PO-2022-1877,2021-07-23,VS23,SS Sheets,9.11,MT,66588.24,2021-08-02,45
PO-2022-1878,2023-06-18,VS15,MS Sheets,15.14,MT,113826.98,2023-06-30,45
PO-2022-1879,2021-08-06,VS15,CR Sheets,7.91,MT,60513.23,2021-08-17,45
PO-2022-1880,2021-12-12,VS02,GI Pipes,48.03,MT,85487.23,2021-12-27,21
PO-2022-1881,2022-02-04,VS01,Structural Steel,41.79,MT,46933.3,2022-02-10,15
PO-2022-1882,2022-08-01,VS28,Fasteners & Fittings,26.52,MT,107327.84,2022-08-08,15
PO-2022-1883,2021-08-13,VS08,Fasteners & Fittings,44.56,MT,81994.17,2021-08-17,21
PO-2022-1884,2021-10-08,VS18,ERW Pipes,48.45,MT,105273.08,2021-10-22,30
PO-2022-1885,2022-04-01,VS05,MS Flats,8.68,MT,70150.29,2022-04-11,15
PO-2022-1886,2023-11-17,VS05,MS Flats,44.72,MT,47876.76,2023-11-21,15
PO-2022-1887,2023-12-04,VS21,GI Sheets,42.23,MT,94584.78,2023-12-17,15
PO-2022-1888,2021-03-14,VS01,HR Coils,7.71,MT,73215.68,2021-03-20,15
PO-2022-1889,2022-02-05,VS17,Structural Steel,8.42,MT,106040.16,2022-02-19,45
PO-2022-1890,2023-10-15,VS19,Square/Rect Tubes,10.73,MT,115117.39,2023-10-26,30
PO-2022-1891,2022-03-15,VS01,GI Wire,4.3,MT,86830.29,2022-03-21,15
PO-2022-1892,2021-12-31,VS03,GI Wire,34.71,MT,94643.5,2022-01-13,21
PO-2022-1893,2022-04-26,VS23,Structural Steel,26.99,MT,116575.14,2022-05-03,45
PO-2022-1894,2022-04-20,VS19,Structural Steel,25.02,MT,95942.14,2022-05-02,30
PO-2022-1895,2023-01-02,VS31,SS Sheets,5.73,MT,53427.56,2023-01-17,45
PO-2022-1896,2022-08-12,VS27,Fasteners & Fittings,16.94,MT,94681.36,2022-08-16,21
PO-2022-1897,2021-12-27,VS30,MS Flats,33.37,MT,71068.39,2022-01-05,45
PO-2022-1898,2021-09-20,VS31,Structural Steel,30.45,MT,96541.64,2021-09-23,45
PO-2022-1899,2022-08-19,VS18,Hex Bars,11.54,MT,108824.13,2022-08-28,30
PO-2022-1900,2021-05-05,VS21,CR Sheets,34.07,MT,75842.18,2021-05-20,15
PO-2022-1901,2023-06-25,VS28,MS Rods,13.77,MT,49097.5,2023-07-05,15
PO-2022-1902,2022-03-25,VS22,GI Pipes,16.12,MT,75735.87,2022-04-06,21
PO-2022-1903,2021-12-08,VS14,ERW Pipes,47.45,MT,90997.8,2021-12-16,30
PO-2022-1904,2021-09-22,VS02,MS Pipes,40.32,MT,51768.95,2021-10-06,21
PO-2022-1905,2022-11-14,VS23,Spring Steel,4.11,MT,48691.14,2022-11-20,45
PO-2022-1906,2023-01-12,VS13,MS Sheets,42.07,MT,74664.47,2023-01-26,30
PO-2022-1907,2022-04-15,VS19,MS Sheets,45.62,MT,72657.16,2022-04-21,30
PO-2022-1908,2022-05-25,VS01,GI Pipes,42.43,MT,101634.14,2022-06-05,15
PO-2022-1909,2021-07-29,VS33,MS Rods,39.78,MT,48171.39,2021-08-05,45
PO-2022-1910,2022-09-10,VS02,HR Coils,31.95,MT,96605.25,2022-09-13,21
PO-2022-1911,2022-07-12,VS08,MS Rods,33.11,MT,54839.49,2022-07-26,21
PO-2022-1912,2022-07-07,VS06,SS Pipes,4.62,MT,99158.47,2022-07-22,30
PO-2022-1913,2023-05-01,VS02,MS Pipes,37.39,MT,85627.35,2023-05-06,21
PO-2022-1914,2021-07-15,VS26,GI Sheets,41.74,MT,109447.73,2021-07-30,21
PO-2022-1915,2022-10-25,VS28,Hex Bars,37.43,MT,67661.55,2022-11-04,15
PO-2022-1916,2022-02-20,VS07,CR Sheets,48.49,MT,88215.09,2022-03-01,15
PO-2022-1917,2022-08-20,VS28,SS Pipes,11.89,MT,75474.8,2022-08-27,15
PO-2022-1918,2023-09-17,VS19,Spring Steel,25.82,MT,76627.85,2023-09-27,30
PO-2022-1919,2023-03-18,VS24,Spring Steel,36.01,MT,78920.28,2023-03-30,45
PO-2022-1920,2021-02-20,VS26,HR Coils,22.91,MT,80760.47,2021-02-24,21
PO-2022-1921,2022-09-29,VS22,Square/Rect Tubes,40.67,MT,118186.31,2022-10-03,21
PO-2022-1922,2021-12-13,VS14,Structural Steel,30.08,MT,51291.66,2021-12-22,30
PO-2022-1923,2023-08-28,VS34,HR Coils,3.89,MT,82006.33,2023-09-06,21
PO-2022-1924,2022-09-30,VS22,Square/Rect Tubes,2.79,MT,96674.82,2022-10-12,21
PO-2022-1925,2023-04-13,VS01,CR Sheets,34.83,MT,101627.84,2023-04-28,15
PO-2022-1926,2023-09-28,VS32,MS Flats,48.01,MT,62680.45,2023-10-08,45
PO-2022-1927,2023-09-17,VS33,Spring Steel,43.07,MT,119456.65,2023-09-21,45
PO-2022-1928,2021-08-04,VS28,SS Pipes,19.41,MT,101766.5,2021-08-09,15
PO-2022-1929,2023-12-01,VS08,MS Sheets,10.67,MT,110231.19,2023-12-05,21
PO-2022-1930,2021-03-21,VS28,Structural Steel,9.37,MT,105236.52,2021-03-31,15
PO-2022-1931,2021-10-14,VS27,MS Rods,1.45,MT,53818.75,2021-10-21,21
PO-2022-1932,2022-07-10,VS34,MS Flats,31.14,MT,72872.39,2022-07-23,21
PO-2022-1933,2021-12-06,VS10,SS Sheets,26.64,MT,60334.64,2021-12-18,30
PO-2022-1934,2023-01-31,VS34,CR Sheets,24.13,MT,60796.28,2023-02-08,21
PO-2022-1935,2021-10-05,VS11,Hex Bars,36.04,MT,80540.28,2021-10-13,30
PO-2022-1936,2023-05-03,VS12,Square/Rect Tubes,24.05,MT,124278.2,2023-05-06,15
PO-2022-1937,2022-10-01,VS13,GI Sheets,35.01,MT,85329.86,2022-10-09,30
PO-2022-1938,2021-07-13,VS04,Fasteners & Fittings,30.13,MT,50007.9,2021-07-26,21
PO-2022-1939,2022-04-08,VS23,MS Pipes,46.47,MT,65593.55,2022-04-17,45
PO-2022-1940,2022-09-19,VS24,MS Rods,46.78,MT,87083.42,2022-10-02,45
PO-2022-1941,2022-02-19,VS05,Square/Rect Tubes,6.05,MT,61233.11,2022-02-24,15
PO-2022-1942,2022-06-23,VS07,Square/Rect Tubes,40.05,MT,89048.78,2022-07-08,15
PO-2022-1943,2023-02-24,VS22,CR Sheets,48.37,MT,100294.91,2023-03-08,21
PO-2022-1944,2023-08-28,VS14,MS Sheets,1.13,MT,62387.33,2023-09-03,30
PO-2022-1945,2021-07-07,VS10,Square/Rect Tubes,9.08,MT,110596.06,2021-07-15,30
PO-2022-1946,2021-06-09,VS04,Square/Rect Tubes,26.07,MT,77976.68,2021-06-22,21
PO-2022-1947,2023-08-25,VS21,SS Sheets,25.52,MT,53797.24,2023-09-05,15
PO-2022-1948,2023-03-17,VS25,MS Rods,35.61,MT,71624.37,2023-03-28,30
PO-2022-1949,2022-10-12,VS34,SS Pipes,44.28,MT,108164.34,2022-10-17,21
PO-2022-1950,2022-07-23,VS10,GI Wire,28.46,MT,81757.01,2022-08-07,30
PO-2022-1951,2022-05-29,VS08,Spring Steel,45.09,MT,93906.91,2022-06-03,21
PO-2022-1952,2021-02-21,VS24,Fasteners & Fittings,38.77,MT,70949.37,2021-03-02,45
PO-2022-1953,2022-03-14,VS13,MS Rods,19.34,MT,114989.43,2022-03-17,30
PO-2022-1954,2022-02-06,VS29,Angles & Channels,26.77,MT,45421.09,2022-02-13,30
PO-2022-1955,2022-11-04,VS07,Angles & Channels,45.87,MT,82709.5,2022-11-07,15
PO-2022-1956,2022-07-14,VS03,CR Sheets,32.44,MT,77866.93,2022-07-28,21
PO-2022-1957,2022-06-03,VS18,GI Pipes,48.59,MT,106749.43,2022-06-17,30
PO-2022-1958,2023-08-23,VS30,Structural Steel,9.51,MT,101245.2,2023-09-05,45
PO-2022-1959,2021-08-01,VS03,Angles & Channels,2.41,MT,116552.68,2021-08-06,21
PO-2022-1960,2021-12-29,VS09,SS Pipes,21.56,MT,108435.24,2022-01-01,30
PO-2022-1961,2023-06-28,VS04,MS Flats,5.78,MT,85806.26,2023-07-04,21
PO-2022-1962,2021-02-04,VS22,MS Flats,44.99,MT,57691.02,2021-02-16,21
PO-2022-1963,2023-01-21,VS34,MS Pipes,47.09,MT,75237.98,2023-02-03,21
PO-2022-1964,2021-05-06,VS05,GI Sheets,41.43,MT,82614.43,2021-05-20,15
PO-2022-1965,2022-07-01,VS06,MS Sheets,22.73,MT,65664.41,2022-07-07,30
PO-2022-1966,2023-11-02,VS27,MS Sheets,32.13,MT,108159.3,2023-11-05,21
PO-2022-1967,2022-09-30,VS18,Spring Steel,18.18,MT,70608.94,2022-10-12,30
PO-2022-1968,2021-06-26,VS30,SS Pipes,6.7,MT,51792.13,2021-07-10,45
PO-2022-1969,2021-06-26,VS12,MS Flats,29.97,MT,122129.72,2021-07-11,15
PO-2022-1970,2021-12-13,VS01,GI Sheets,32.26,MT,79526.18,2021-12-27,15
PO-2022-1971,2022-05-21,VS20,GI Sheets,37.62,MT,100358.29,2022-05-28,21
PO-2022-1972,2021-04-20,VS25,SS Sheets,9.72,MT,55531.96,2021-04-28,30
PO-2022-1973,2023-04-28,VS15,GI Sheets,14.37,MT,59941.85,2023-05-05,45
PO-2022-1974,2022-06-16,VS29,CR Sheets,5.53,MT,71636.48,2022-06-24,30
PO-2022-1975,2022-12-16,VS34,Fasteners & Fittings,41.65,MT,96527.99,2022-12-21,21
PO-2022-1976,2021-03-17,VS25,Square/Rect Tubes,27.36,MT,60799.71,2021-03-31,30
PO-2022-1977,2023-06-08,VS23,SS Sheets,11.16,MT,97474.04,2023-06-19,45
PO-2022-1978,2022-07-05,VS06,Hex Bars,38.9,MT,64366.04,2022-07-15,30
PO-2022-1979,2022-06-19,VS03,ERW Pipes,26.33,MT,96026.87,2022-06-29,21
PO-2022-1980,2021-10-14,VS30,MS Flats,19.24,MT,73343.26,2021-10-26,45
PO-2022-1981,2021-03-11,VS21,ERW Pipes,31.84,MT,110199.68,2021-03-14,15
PO-2022-1982,2021-11-22,VS27,Structural Steel,17.4,MT,93591.1,2021-11-26,21
PO-2022-1983,2022-01-19,VS23,SS Sheets,8.97,MT,86008.36,2022-02-03,45
PO-2022-1984,2021-02-14,VS29,Fasteners & Fittings,30.09,MT,97087.38,2021-02-28,30
PO-2022-1985,2023-03-29,VS31,HR Coils,13.38,MT,72991.11,2023-04-06,45
PO-2022-1986,2023-09-16,VS26,SS Sheets,2.97,MT,114674.22,2023-09-22,21
PO-2022-1987,2023-11-05,VS07,GI Wire,21.87,MT,65202.07,2023-11-17,15
PO-2022-1988,2023-04-01,VS02,MS Sheets,26.1,MT,114176.52,2023-04-13,21
PO-2022-1989,2023-12-10,VS13,Square/Rect Tubes,7.36,MT,69986.03,2023-12-13,30
PO-2022-1990,2021-07-05,VS20,Square/Rect Tubes,40.27,MT,79403.51,2021-07-10,21
PO-2022-1991,2023-08-02,VS01,Square/Rect Tubes,10.82,MT,57905.13,2023-08-09,15
PO-2022-1992,2021-06-14,VS12,HR Coils,43.03,MT,80850.81,2021-06-28,15
PO-2022-1993,2022-05-17,VS10,Spring Steel,42.44,MT,73069.34,2022-05-27,30
PO-2022-1994,2021-11-23,VS23,ERW Pipes,24.07,MT,96508.98,2021-12-07,45
PO-2022-1995,2022-03-12,VS31,MS Rods,41.74,MT,97966.81,2022-03-27,45
PO-2022-1996,2021-07-16,VS25,Square/Rect Tubes,16.6,MT,115144.68,2021-07-25,30
PO-2022-1997,2022-11-01,VS19,GI Wire,30.25,MT,88460.98,2022-11-09,30
PO-2022-1998,2023-09-28,VS02,HR Coils,44.39,MT,58362.0,2023-10-04,21
PO-2022-1999,2023-01-26,VS24,MS Flats,25.57,MT,45119.37,2023-02-07,45
PO-2022-2000,2023-03-27,VS05,HR Coils,7.77,MT,59097.79,2023-04-02,15
PO-2022-2001,2022-09-11,VS28,SS Pipes,17.64,MT,94053.37,2022-09-20,15
PO-2022-2002,2021-11-05,VS19,SS Sheets,19.95,MT,110859.45,2021-11-08,30
PO-2022-2003,2022-06-19,VS27,MS Sheets,9.01,MT,96175.48,2022-06-23,21
PO-2022-2004,2023-08-11,VS06,Angles & Channels,34.62,MT,52605.38,2023-08-20,30
PO-2022-2005,2021-01-26,VS11,MS Flats,7.31,MT,83022.78,2021-02-08,30
PO-2022-2006,2023-07-21,VS01,Structural Steel,33.04,MT,95264.62,2023-07-30,15
PO-2022-2007,2021-04-22,VS20,GI Wire,13.67,MT,92558.79,2021-05-04,21
PO-2022-2008,2023-07-12,VS33,Angles & Channels,39.27,MT,98401.76,2023-07-23,45
PO-2022-2009,2023-01-18,VS08,MS Sheets,49.06,MT,84878.37,2023-01-27,21
PO-2022-2010,2021-06-13,VS10,MS Pipes,17.52,MT,115063.28,2021-06-25,30
PO-2022-2011,2022-06-13,VS13,Hex Bars,40.83,MT,99572.16,2022-06-23,30
PO-2022-2012,2023-06-10,VS04,Fasteners & Fittings,14.8,MT,54116.36,2023-06-20,21
PO-2022-2013,2023-08-01,VS24,GI Pipes,44.57,MT,96479.07,2023-08-08,45
PO-2022-2014,2023-05-22,VS22,SS Sheets,38.57,MT,46764.78,2023-05-29,21
PO-2022-2015,2022-01-02,VS19,Angles & Channels,21.44,MT,81648.07,2022-01-09,30
PO-2022-2016,2021-03-14,VS08,Angles & Channels,36.86,MT,84845.14,2021-03-23,21
PO-2022-2017,2022-05-25,VS12,SS Pipes,27.21,MT,56632.26,2022-05-30,15
PO-2022-2018,2023-10-08,VS28,CR Sheets,17.92,MT,79352.32,2023-10-20,15
PO-2022-2019,2022-05-15,VS34,Fasteners & Fittings,2.99,MT,69494.14,2022-05-18,21
PO-2022-2020,2021-10-28,VS07,MS Rods,26.12,MT,99404.93,2021-11-05,15
PO-2022-2021,2022-09-11,VS28,MS Rods,2.1,MT,116276.92,2022-09-18,15
PO-2022-2022,2021-06-12,VS28,ERW Pipes,39.89,MT,87817.13,2021-06-19,15
PO-2022-2023,2023-11-19,VS16,GI Pipes,19.34,MT,80468.88,2023-12-04,15
PO-2022-2024,2023-06-14,VS18,MS Sheets,14.57,MT,95357.97,2023-06-26,30
PO-2022-2025,2023-03-28,VS12,SS Sheets,14.36,MT,78560.26,2023-03-31,15
PO-2022-2026,2023-04-29,VS09,CR Sheets,14.09,MT,89930.96,2023-05-12,30
PO-2022-2027,2022-10-14,VS07,HR Coils,12.02,MT,98175.64,2022-10-20,15
PO-2022-2028,2021-05-11,VS19,Fasteners & Fittings,29.81,MT,96312.27,2021-05-19,30
PO-2022-2029,2023-03-08,VS31,Spring Steel,1.62,MT,70544.7,2023-03-16,45
PO-2022-2030,2023-06-30,VS10,Fasteners & Fittings,42.86,MT,82423.1,2023-07-11,30
PO-2022-2031,2021-12-15,VS25,CR Sheets,20.74,MT,94552.39,2021-12-27,30
PO-2022-2032,2021-06-10,VS32,Spring Steel,49.26,MT,51231.9,2021-06-24,45
PO-2022-2033,2023-12-21,VS24,SS Sheets,15.3,MT,68650.36,2024-01-03,45
PO-2022-2034,2023-08-16,VS02,Square/Rect Tubes,31.62,MT,57505.07,2023-08-24,21
PO-2022-2035,2023-06-03,VS27,MS Pipes,37.82,MT,66291.58,2023-06-17,21
PO-2022-2036,2023-10-03,VS16,MS Rods,46.14,MT,54877.3,2023-10-15,15
PO-2022-2037,2021-09-10,VS07,MS Rods,11.7,MT,119409.82,2021-09-22,15
PO-2022-2038,2022-08-16,VS12,MS Sheets,38.58,MT,123581.85,2022-08-25,15
PO-2022-2039,2023-04-17,VS23,GI Sheets,21.49,MT,89943.64,2023-04-25,45
PO-2022-2040,2023-01-14,VS07,MS Flats,25.61,MT,84938.13,2023-01-20,15
PO-2022-2041,2023-04-08,VS32,Fasteners & Fittings,15.03,MT,114341.27,2023-04-13,45
PO-2022-2042,2021-12-30,VS26,SS Sheets,1.16,MT,107239.97,2022-01-14,21
PO-2022-2043,2023-08-09,VS12,ERW Pipes,19.78,MT,97742.13,2023-08-18,15
PO-2022-2044,2023-04-21,VS13,MS Pipes,31.32,MT,55392.9,2023-05-03,30
PO-2022-2045,2023-10-28,VS06,GI Wire,47.33,MT,69376.52,2023-11-03,30
PO-2022-2046,2021-12-07,VS31,SS Pipes,47.64,MT,46703.96,2021-12-19,45
PO-2022-2047,2023-03-09,VS33,GI Sheets,42.67,MT,57103.45,2023-03-17,45
PO-2022-2048,2022-05-06,VS12,Structural Steel,46.92,MT,118668.08,2022-05-14,15
PO-2022-2049,2021-09-29,VS19,SS Pipes,44.83,MT,62946.57,2021-10-09,30
PO-2022-2050,2023-07-30,VS16,Fasteners & Fittings,49.5,MT,104756.52,2023-08-09,15
PO-2022-2051,2023-10-22,VS08,MS Flats,43.73,MT,113165.9,2023-10-28,21
PO-2022-2052,2023-08-05,VS05,MS Pipes,37.68,MT,96151.77,2023-08-14,15
PO-2022-2053,2023-12-01,VS31,MS Rods,4.45,MT,76281.72,2023-12-08,45
PO-2022-2054,2021-09-05,VS02,Fasteners & Fittings,24.56,MT,99452.38,2021-09-12,21
PO-2022-2055,2023-03-27,VS03,Angles & Channels,20.57,MT,119136.41,2023-04-09,21
PO-2022-2056,2023-06-21,VS28,ERW Pipes,6.08,MT,108530.28,2023-07-06,15
PO-2022-2057,2021-08-17,VS11,Angles & Channels,21.23,MT,70487.6,2021-08-23,30
PO-2022-2058,2023-09-16,VS14,CR Sheets,5.76,MT,93152.67,2023-09-20,30
PO-2022-2059,2023-07-28,VS32,HR Coils,38.09,MT,70683.22,2023-08-11,45
PO-2022-2060,2023-06-30,VS22,Fasteners & Fittings,35.28,MT,87617.34,2023-07-12,21
PO-2022-2061,2021-03-15,VS09,Square/Rect Tubes,26.57,MT,46945.54,2021-03-23,30
PO-2022-2062,2023-01-13,VS19,SS Sheets,47.29,MT,59147.59,2023-01-26,30
PO-2022-2063,2022-09-17,VS31,Fasteners & Fittings,33.99,MT,56583.1,2022-10-02,45
PO-2022-2064,2021-09-21,VS10,SS Sheets,43.1,MT,64297.93,2021-09-27,30
PO-2022-2065,2021-02-27,VS14,SS Sheets,8.27,MT,45905.0,2021-03-07,30
PO-2022-2066,2023-11-08,VS34,MS Rods,24.37,MT,112500.3,2023-11-16,21
PO-2022-2067,2021-11-16,VS33,MS Flats,26.64,MT,73348.41,2021-11-26,45
PO-2022-2068,2021-12-13,VS34,Structural Steel,9.59,MT,112285.02,2021-12-16,21
PO-2022-2069,2021-05-13,VS22,HR Coils,16.16,MT,61823.25,2021-05-20,21
PO-2022-2070,2021-09-02,VS13,Angles & Channels,25.44,MT,87705.6,2021-09-15,30
PO-2022-2071,2021-01-25,VS34,HR Coils,37.33,MT,72267.02,2021-01-28,21
PO-2022-2072,2023-03-28,VS07,MS Flats,25.86,MT,65360.52,2023-04-08,15
PO-2022-2073,2021-06-12,VS04,Fasteners & Fittings,28.77,MT,63597.9,2021-06-19,21
PO-2022-2074,2022-01-10,VS16,HR Coils,34.79,MT,79204.95,2022-01-13,15
PO-2022-2075,2022-06-29,VS18,SS Pipes,37.41,MT,100000.29,2022-07-03,30
PO-2022-2076,2021-09-29,VS34,SS Sheets,3.98,MT,62068.97,2021-10-11,21
PO-2022-2077,2023-09-05,VS30,ERW Pipes,27.31,MT,103605.94,2023-09-13,45
PO-2022-2078,2021-05-30,VS13,Structural Steel,6.7,MT,51253.97,2021-06-05,30
PO-2022-2079,2021-07-24,VS14,Structural Steel,15.7,MT,45720.19,2021-08-02,30
PO-2022-2080,2021-08-17,VS29,GI Sheets,29.86,MT,92619.94,2021-09-01,30
PO-2022-2081,2023-07-24,VS01,CR Sheets,37.97,MT,90101.56,2023-08-03,15
PO-2022-2082,2021-12-28,VS22,Hex Bars,24.68,MT,66281.68,2022-01-10,21
PO-2022-2083,2022-09-06,VS17,Spring Steel,13.2,MT,65646.63,2022-09-17,45
PO-2022-2084,2023-10-28,VS20,Fasteners & Fittings,6.46,MT,101745.92,2023-11-02,21
PO-2022-2085,2023-09-26,VS01,MS Flats,44.77,MT,83216.09,2023-10-06,15
PO-2022-2086,2021-12-01,VS12,SS Pipes,38.26,MT,99292.14,2021-12-05,15
PO-2022-2087,2023-06-27,VS22,Spring Steel,41.31,MT,59519.66,2023-07-01,21
PO-2022-2088,2022-04-20,VS14,SS Sheets,25.59,MT,69001.19,2022-05-01,30
PO-2022-2089,2023-08-25,VS07,SS Sheets,46.45,MT,60771.89,2023-09-07,15
PO-2022-2090,2021-11-13,VS21,MS Sheets,10.4,MT,74718.0,2021-11-18,15
PO-2022-2091,2021-11-20,VS11,MS Flats,47.88,MT,118586.58,2021-12-03,30
PO-2022-2092,2023-05-04,VS18,HR Coils,46.71,MT,80398.63,2023-05-11,30
PO-2022-2093,2023-01-30,VS10,SS Sheets,17.35,MT,71545.02,2023-02-13,30
PO-2022-2094,2022-10-08,VS29,SS Sheets,21.84,MT,74515.67,2022-10-17,30
PO-2022-2095,2021-01-12,VS26,GI Pipes,48.47,MT,71520.9,2021-01-27,21
PO-2022-2096,2021-10-14,VS30,CR Sheets,1.95,MT,97825.42,2021-10-20,45
PO-2022-2097,2022-06-09,VS19,Angles & Channels,2.16,MT,80144.87,2022-06-18,30
PO-2022-2098,2022-10-30,VS13,GI Sheets,31.26,MT,78007.74,2022-11-06,30
PO-2022-2099,2021-08-07,VS05,HR Coils,8.86,MT,99213.69,2021-08-21,15
PO-2022-2100,2023-08-21,VS03,MS Rods,34.7,MT,117693.21,2023-08-31,21
PO-2022-2101,2022-05-27,VS18,MS Rods,3.91,MT,49208.59,2022-06-04,30
PO-2022-2102,2022-07-20,VS24,Fasteners & Fittings,46.26,MT,53327.31,2022-07-25,45
PO-2022-2103,2021-06-01,VS21,GI Wire,41.39,MT,110546.3,2021-06-13,15
PO-2022-2104,2022-09-05,VS13,Spring Steel,5.31,MT,63392.0,2022-09-17,30
PO-2022-2105,2022-06-18,VS34,SS Sheets,34.79,MT,55535.07,2022-07-03,21
PO-2022-2106,2021-05-20,VS21,Angles & Channels,45.35,MT,78438.03,2021-05-26,15
PO-2022-2107,2022-01-13,VS21,Fasteners & Fittings,12.16,MT,72165.28,2022-01-19,15
PO-2022-2108,2022-06-15,VS17,MS Pipes,7.87,MT,93168.02,2022-06-24,45
PO-2022-2109,2023-03-23,VS32,GI Pipes,41.75,MT,49521.48,2023-04-03,45
PO-2022-2110,2023-02-04,VS02,GI Wire,49.79,MT,116984.12,2023-02-19,21
PO-2022-2111,2022-11-01,VS32,SS Sheets,29.17,MT,92578.04,2022-11-15,45
PO-2022-2112,2021-06-04,VS06,Spring Steel,39.25,MT,84882.18,2021-06-19,30
PO-2022-2113,2023-11-18,VS06,Fasteners & Fittings,30.89,MT,119471.23,2023-12-03,30
PO-2022-2114,2021-05-30,VS28,CR Sheets,23.82,MT,111701.68,2021-06-13,15
PO-2022-2115,2021-11-08,VS22,SS Pipes,9.9,MT,88141.78,2021-11-18,21
PO-2022-2116,2023-12-17,VS28,MS Pipes,20.67,MT,67036.03,2023-12-29,15
PO-2022-2117,2023-03-10,VS02,MS Pipes,12.04,MT,77036.22,2023-03-17,21
PO-2022-2118,2022-04-02,VS21,Spring Steel,23.43,MT,94905.14,2022-04-17,15
PO-2022-2119,2022-12-28,VS10,GI Sheets,38.88,MT,60460.81,2023-01-02,30
PO-2022-2120,2021-07-26,VS02,Spring Steel,30.49,MT,108352.37,2021-08-10,21
PO-2022-2121,2021-09-18,VS23,SS Pipes,17.05,MT,68650.22,2021-09-24,45
PO-2022-2122,2022-03-04,VS13,SS Sheets,9.0,MT,119325.27,2022-03-10,30
PO-2022-2123,2022-03-21,VS23,MS Pipes,7.73,MT,112415.97,2022-03-31,45
PO-2022-2124,2021-09-10,VS25,MS Pipes,22.75,MT,100795.68,2021-09-24,30
PO-2022-2125,2022-03-04,VS25,GI Pipes,22.89,MT,74938.37,2022-03-10,30
PO-2022-2126,2023-02-19,VS08,SS Pipes,48.49,MT,83002.75,2023-03-03,21
PO-2022-2127,2023-11-24,VS08,MS Sheets,38.07,MT,54026.87,2023-12-04,21
PO-2022-2128,2023-01-04,VS21,GI Wire,10.36,MT,118886.41,2023-01-19,15
PO-2022-2129,2023-11-05,VS24,Structural Steel,13.51,MT,53399.43,2023-11-15,45
PO-2022-2130,2021-02-03,VS01,MS Rods,40.37,MT,75023.13,2021-02-07,15
PO-2022-2131,2022-12-28,VS24,SS Sheets,41.99,MT,77561.17,2023-01-10,45
PO-2022-2132,2022-09-08,VS15,SS Pipes,32.87,MT,105762.71,2022-09-18,45
PO-2022-2133,2021-02-02,VS18,MS Flats,3.22,MT,108556.11,2021-02-07,30
PO-2022-2134,2021-01-19,VS09,Hex Bars,8.63,MT,97130.27,2021-02-03,30
PO-2022-2135,2021-03-21,VS04,GI Sheets,43.45,MT,94571.41,2021-03-29,21
PO-2022-2136,2023-04-30,VS11,GI Wire,9.45,MT,115221.87,2023-05-05,30
PO-2022-2137,2022-01-07,VS24,ERW Pipes,39.54,MT,47248.51,2022-01-13,45
PO-2022-2138,2022-09-19,VS26,Angles & Channels,45.54,MT,64888.6,2022-09-27,21
PO-2022-2139,2021-02-28,VS02,MS Flats,2.4,MT,80287.67,2021-03-14,21
PO-2022-2140,2021-10-23,VS27,GI Pipes,27.43,MT,102187.67,2021-11-06,21
PO-2022-2141,2023-12-12,VS11,MS Sheets,5.91,MT,71149.98,2023-12-18,30
PO-2022-2142,2021-07-08,VS27,SS Pipes,6.51,MT,80676.7,2021-07-17,21
PO-2022-2143,2023-06-21,VS09,MS Pipes,16.26,MT,80211.52,2023-06-28,30
PO-2022-2144,2021-09-20,VS21,Spring Steel,18.91,MT,91020.72,2021-10-04,15
PO-2022-2145,2021-07-17,VS31,Structural Steel,37.69,MT,108897.64,2021-07-23,45
PO-2022-2146,2021-09-15,VS15,Hex Bars,7.36,MT,115671.68,2021-09-21,45
PO-2022-2147,2021-06-18,VS07,MS Rods,14.83,MT,91126.09,2021-06-24,15
PO-2022-2148,2022-04-09,VS17,MS Sheets,36.77,MT,67583.11,2022-04-23,45
PO-2022-2149,2023-08-05,VS34,Hex Bars,29.28,MT,111268.71,2023-08-20,21
PO-2022-2150,2021-09-27,VS21,GI Wire,19.36,MT,55891.57,2021-10-11,15
PO-2022-2151,2021-03-12,VS25,GI Pipes,39.92,MT,118464.8,2021-03-15,30
PO-2022-2152,2021-10-20,VS03,HR Coils,8.93,MT,71957.53,2021-11-01,21
PO-2022-2153,2023-09-12,VS31,Angles & Channels,10.2,MT,110214.44,2023-09-24,45
PO-2022-2154,2023-04-11,VS29,GI Sheets,23.21,MT,64710.35,2023-04-21,30
PO-2022-2155,2021-08-30,VS18,Hex Bars,46.27,MT,70294.09,2021-09-04,30
PO-2022-2156,2022-06-07,VS22,Structural Steel,38.83,MT,79223.7,2022-06-11,21
PO-2022-2157,2022-12-03,VS34,CR Sheets,4.09,MT,72406.67,2022-12-16,21
PO-2022-2158,2021-02-22,VS09,ERW Pipes,12.13,MT,79307.51,2021-02-26,30
PO-2022-2159,2021-09-04,VS19,Square/Rect Tubes,43.79,MT,70748.37,2021-09-13,30
PO-2022-2160,2021-06-19,VS33,MS Sheets,20.48,MT,115593.73,2021-06-30,45
PO-2022-2161,2022-02-04,VS10,HR Coils,39.02,MT,59900.78,2022-02-18,30
PO-2022-2162,2022-12-26,VS34,Square/Rect Tubes,28.58,MT,84792.12,2022-12-29,21
PO-2022-2163,2023-12-28,VS24,Spring Steel,12.29,MT,116037.26,2024-01-08,45
PO-2022-2164,2021-12-08,VS24,MS Sheets,5.91,MT,57422.66,2021-12-21,45
PO-2022-2165,2022-04-09,VS10,Spring Steel,47.17,MT,90724.92,2022-04-15,30
PO-2022-2166,2022-07-25,VS04,MS Rods,15.53,MT,112571.75,2022-08-03,21
PO-2022-2167,2023-09-03,VS30,MS Flats,7.67,MT,115360.75,2023-09-06,45
PO-2022-2168,2021-06-03,VS17,Spring Steel,33.74,MT,60656.61,2021-06-17,45
PO-2022-2169,2021-05-17,VS04,GI Wire,7.87,MT,81069.91,2021-05-22,21
PO-2022-2170,2022-05-12,VS26,MS Sheets,32.66,MT,74324.97,2022-05-18,21
PO-2022-2171,2022-05-25,VS23,SS Pipes,12.09,MT,116178.76,2022-05-30,45
PO-2022-2172,2023-04-03,VS08,Square/Rect Tubes,11.09,MT,55680.63,2023-04-10,21
PO-2022-2173,2022-11-02,VS01,ERW Pipes,26.51,MT,84318.07,2022-11-17,15
PO-2022-2174,2023-08-23,VS15,Fasteners & Fittings,15.64,MT,54364.84,2023-09-06,45
PO-2022-2175,2023-07-20,VS10,SS Pipes,44.13,MT,101568.77,2023-08-03,30
PO-2022-2176,2022-12-01,VS18,GI Pipes,19.69,MT,111833.76,2022-12-05,30
PO-2022-2177,2023-08-14,VS28,MS Sheets,43.94,MT,96857.77,2023-08-29,15
PO-2022-2178,2023-09-25,VS19,HR Coils,26.62,MT,53708.69,2023-10-09,30
PO-2022-2179,2023-01-13,VS16,Structural Steel,42.0,MT,117243.33,2023-01-22,15
PO-2022-2180,2021-04-27,VS07,CR Sheets,42.27,MT,99933.2,2021-05-04,15
PO-2022-2181,2023-11-07,VS22,GI Wire,33.68,MT,63843.68,2023-11-15,21
PO-2022-2182,2021-06-20,VS01,ERW Pipes,35.94,MT,81416.16,2021-07-02,15
PO-2022-2183,2023-10-11,VS15,GI Wire,33.62,MT,52797.41,2023-10-26,45
PO-2022-2184,2023-09-27,VS25,Hex Bars,43.65,MT,95066.78,2023-09-30,30
PO-2022-2185,2021-08-09,VS07,ERW Pipes,6.76,MT,102302.3,2021-08-17,15
PO-2022-2186,2023-05-14,VS26,GI Pipes,18.02,MT,104110.23,2023-05-24,21
PO-2022-2187,2023-12-07,VS03,MS Rods,40.84,MT,95793.23,2023-12-22,21
PO-2022-2188,2023-06-04,VS02,GI Sheets,28.78,MT,46810.83,2023-06-12,21
PO-2022-2189,2021-07-22,VS19,GI Wire,40.29,MT,103666.47,2021-07-29,30
PO-2022-2190,2023-01-05,VS23,Angles & Channels,48.71,MT,63652.58,2023-01-15,45
PO-2022-2191,2021-04-08,VS21,Fasteners & Fittings,35.26,MT,92610.55,2021-04-23,15
PO-2022-2192,2021-11-25,VS14,Spring Steel,38.77,MT,86045.83,2021-12-03,30
PO-2022-2193,2023-04-02,VS23,MS Sheets,42.39,MT,109248.48,2023-04-10,45
PO-2022-2194,2022-12-22,VS15,MS Flats,41.61,MT,52597.36,2023-01-05,45
PO-2022-2195,2021-07-05,VS26,MS Flats,31.47,MT,92960.63,2021-07-20,21
PO-2022-2196,2023-02-23,VS13,CR Sheets,42.94,MT,81408.05,2023-03-03,30
PO-2022-2197,2023-06-16,VS24,MS Sheets,48.01,MT,69206.98,2023-06-20,45
PO-2022-2198,2022-01-24,VS20,Hex Bars,35.31,MT,87036.4,2022-02-08,21
PO-2022-2199,2021-12-31,VS26,SS Pipes,10.73,MT,51790.67,2022-01-12,21
PO-2022-2200,2023-04-09,VS17,Square/Rect Tubes,36.08,MT,84962.08,2023-04-18,45
PO-2022-2201,2021-09-30,VS25,ERW Pipes,42.41,MT,100221.18,2021-10-15,30
PO-2022-2202,2022-08-25,VS06,MS Flats,49.97,MT,78190.2,2022-08-28,30
PO-2022-2203,2022-05-19,VS10,CR Sheets,2.29,MT,61835.15,2022-06-02,30
PO-2022-2204,2022-03-25,VS16,HR Coils,22.58,MT,105864.4,2022-03-30,15
PO-2022-2205,2021-01-26,VS19,HR Coils,48.26,MT,113687.44,2021-02-05,30
PO-2022-2206,2023-06-18,VS27,Spring Steel,28.01,MT,87606.43,2023-06-27,21
PO-2022-2207,2022-01-17,VS34,MS Rods,31.74,MT,111645.31,2022-01-26,21
PO-2022-2208,2022-06-20,VS24,CR Sheets,22.13,MT,72338.59,2022-06-26,45
PO-2022-2209,2022-10-18,VS23,SS Pipes,47.95,MT,55086.96,2022-11-01,45
PO-2022-2210,2022-05-21,VS09,ERW Pipes,49.07,MT,103816.4,2022-06-01,30
PO-2022-2211,2023-09-02,VS21,ERW Pipes,40.56,MT,90306.87,2023-09-16,15
PO-2022-2212,2022-12-15,VS15,Fasteners & Fittings,14.19,MT,107746.01,2022-12-25,45
PO-2022-2213,2023-06-16,VS32,GI Wire,4.17,MT,119684.14,2023-06-19,45
PO-2022-2214,2023-07-08,VS04,Angles & Channels,24.35,MT,97973.18,2023-07-12,21
PO-2022-2215,2022-12-27,VS05,CR Sheets,28.92,MT,116051.33,2023-01-10,15
PO-2022-2216,2021-02-26,VS32,GI Wire,35.51,MT,115706.11,2021-03-07,45
PO-2022-2217,2022-03-17,VS29,SS Sheets,27.38,MT,95600.07,2022-03-25,30
PO-2022-2218,2022-04-22,VS33,GI Wire,8.07,MT,85470.95,2022-05-05,45
PO-2022-2219,2022-10-07,VS01,GI Pipes,35.89,MT,71876.21,2022-10-11,15
PO-2022-2220,2021-05-26,VS05,Hex Bars,21.27,MT,57090.54,2021-06-01,15
PO-2022-2221,2022-05-25,VS12,MS Sheets,2.44,MT,119248.44,2022-06-08,15
PO-2022-2222,2021-09-02,VS22,SS Pipes,5.61,MT,75266.65,2021-09-16,21
PO-2022-2223,2023-03-05,VS27,MS Rods,35.12,MT,55388.21,2023-03-13,21
PO-2022-2224,2022-01-10,VS07,SS Sheets,18.4,MT,98044.72,2022-01-17,15
PO-2022-2225,2023-10-21,VS06,MS Sheets,13.76,MT,60045.55,2023-10-29,30
PO-2022-2226,2021-06-17,VS22,Fasteners & Fittings,37.84,MT,84290.05,2021-06-20,21
PO-2022-2227,2021-05-05,VS04,Angles & Channels,5.68,MT,45129.67,2021-05-16,21
PO-2022-2228,2021-01-26,VS01,MS Flats,19.85,MT,47074.02,2021-02-07,15
PO-2022-2229,2023-02-07,VS05,MS Sheets,10.24,MT,91565.43,2023-02-12,15
PO-2022-2230,2022-03-24,VS23,ERW Pipes,43.73,MT,113446.1,2022-04-05,45
PO-2022-2231,2023-02-06,VS12,Fasteners & Fittings,35.61,MT,115414.41,2023-02-11,15
PO-2022-2232,2023-11-06,VS10,Fasteners & Fittings,2.49,MT,47908.07,2023-11-17,30
PO-2022-2233,2021-09-04,VS20,SS Sheets,6.28,MT,96227.4,2021-09-16,21
PO-2022-2234,2023-11-28,VS11,ERW Pipes,25.38,MT,90262.75,2023-12-10,30
PO-2022-2235,2022-11-22,VS30,Spring Steel,41.76,MT,103804.7,2022-11-26,45
PO-2022-2236,2021-05-15,VS22,HR Coils,18.92,MT,62958.85,2021-05-25,21
PO-2022-2237,2022-01-21,VS26,GI Pipes,18.56,MT,113745.79,2022-01-31,21
PO-2022-2238,2021-07-22,VS34,SS Pipes,33.51,MT,69041.48,2021-08-02,21
PO-2022-2239,2023-12-26,VS34,MS Rods,38.09,MT,93239.89,2024-01-02,21
PO-2022-2240,2022-10-19,VS09,Fasteners & Fittings,38.41,MT,66971.94,2022-11-01,30
PO-2022-2241,2023-05-24,VS26,GI Wire,19.48,MT,81784.9,2023-06-03,21
PO-2022-2242,2021-08-02,VS21,Spring Steel,24.72,MT,74160.65,2021-08-12,15
PO-2022-2243,2022-08-12,VS04,Hex Bars,41.73,MT,59105.92,2022-08-16,21
PO-2022-2244,2022-09-21,VS12,MS Flats,37.22,MT,88474.79,2022-09-24,15
PO-2022-2245,2022-09-13,VS25,GI Sheets,18.24,MT,85332.28,2022-09-26,30
PO-2022-2246,2023-06-08,VS33,Hex Bars,42.61,MT,83155.92,2023-06-21,45
PO-2022-2247,2021-04-02,VS14,ERW Pipes,23.4,MT,58927.9,2021-04-08,30
PO-2022-2248,2022-10-18,VS05,GI Sheets,25.27,MT,87835.9,2022-10-30,15
PO-2022-2249,2021-02-01,VS03,MS Rods,11.1,MT,100572.38,2021-02-08,21
PO-2022-2250,2021-01-10,VS16,MS Flats,49.24,MT,119031.41,2021-01-16,15
PO-2022-2251,2023-02-01,VS26,GI Pipes,8.64,MT,89906.37,2023-02-13,21
PO-2022-2252,2022-06-13,VS28,SS Sheets,11.04,MT,110901.08,2022-06-27,15
PO-2022-2253,2022-07-13,VS27,MS Pipes,21.38,MT,76022.99,2022-07-20,21
PO-2022-2254,2022-01-24,VS32,CR Sheets,30.41,MT,91990.28,2022-02-02,45
PO-2022-2255,2021-03-27,VS29,Square/Rect Tubes,33.49,MT,61723.09,2021-04-09,30
PO-2022-2256,2021-08-23,VS08,MS Sheets,45.21,MT,81640.26,2021-08-28,21
PO-2022-2257,2022-11-02,VS11,CR Sheets,47.81,MT,98626.75,2022-11-16,30
PO-2022-2258,2023-03-27,VS19,Spring Steel,15.04,MT,113529.63,2023-04-03,30
PO-2022-2259,2021-08-11,VS08,MS Rods,41.32,MT,111301.99,2021-08-15,21
PO-2022-2260,2023-10-17,VS13,Square/Rect Tubes,26.39,MT,47677.14,2023-10-27,30
PO-2022-2261,2021-08-12,VS08,HR Coils,2.86,MT,74104.79,2021-08-16,21
PO-2022-2262,2021-05-19,VS16,GI Wire,31.15,MT,77858.14,2021-05-24,15
PO-2022-2263,2023-06-25,VS03,Hex Bars,38.57,MT,61539.62,2023-07-01,21
PO-2022-2264,2022-10-14,VS03,MS Pipes,47.48,MT,73425.1,2022-10-21,21
PO-2022-2265,2021-12-26,VS23,Fasteners & Fittings,10.83,MT,93310.14,2022-01-04,45
PO-2022-2266,2023-02-18,VS10,SS Sheets,25.77,MT,61892.67,2023-03-03,30
PO-2022-2267,2022-02-03,VS22,Fasteners & Fittings,2.24,MT,78039.79,2022-02-09,21
PO-2022-2268,2023-12-19,VS19,Spring Steel,8.89,MT,89475.62,2023-12-27,30
PO-2022-2269,2021-04-27,VS08,SS Pipes,21.09,MT,85070.53,2021-05-09,21
PO-2022-2270,2021-12-14,VS21,Angles & Channels,2.88,MT,112613.97,2021-12-27,15
PO-2022-2271,2022-04-24,VS01,MS Rods,1.17,MT,49381.32,2022-05-03,15
PO-2022-2272,2021-09-03,VS15,GI Pipes,28.62,MT,50544.3,2021-09-16,45
PO-2022-2273,2023-09-03,VS25,SS Sheets,34.59,MT,74007.54,2023-09-17,30
PO-2022-2274,2022-05-02,VS32,CR Sheets,17.91,MT,119098.31,2022-05-12,45
PO-2022-2275,2023-09-09,VS10,Fasteners & Fittings,27.29,MT,72010.14,2023-09-14,30
PO-2022-2276,2022-08-11,VS12,MS Rods,49.96,MT,115591.12,2022-08-19,15
PO-2022-2277,2021-02-12,VS28,SS Sheets,8.06,MT,79494.91,2021-02-26,15
PO-2022-2278,2022-04-10,VS26,Square/Rect Tubes,42.17,MT,71470.6,2022-04-19,21
PO-2022-2279,2023-05-13,VS27,Fasteners & Fittings,36.94,MT,78291.97,2023-05-22,21
PO-2022-2280,2023-08-08,VS24,MS Flats,16.97,MT,74916.23,2023-08-22,45
PO-2022-2281,2023-12-22,VS14,HR Coils,11.63,MT,59322.38,2023-12-28,30
PO-2022-2282,2023-01-15,VS30,Spring Steel,43.26,MT,104405.87,2023-01-23,45
PO-2022-2283,2022-09-21,VS14,MS Rods,7.93,MT,53148.76,2022-10-04,30
PO-2022-2284,2023-07-16,VS20,GI Wire,3.49,MT,61288.36,2023-07-27,21
PO-2022-2285,2021-11-17,VS25,Hex Bars,22.16,MT,115739.95,2021-11-20,30
PO-2022-2286,2022-02-27,VS25,MS Sheets,14.39,MT,100947.88,2022-03-11,30
PO-2022-2287,2021-11-16,VS26,GI Sheets,8.38,MT,68736.8,2021-11-22,21
PO-2022-2288,2021-09-25,VS32,MS Flats,30.91,MT,102254.45,2021-10-06,45
PO-2022-2289,2021-03-14,VS07,SS Pipes,5.2,MT,45650.15,2021-03-17,15
PO-2022-2290,2022-11-10,VS06,MS Flats,46.65,MT,71752.23,2022-11-24,30
PO-2022-2291,2021-11-05,VS14,SS Sheets,42.19,MT,72220.5,2021-11-13,30
PO-2022-2292,2023-07-04,VS31,MS Flats,35.48,MT,66730.58,2023-07-08,45
PO-2022-2293,2021-11-24,VS10,MS Sheets,21.34,MT,84922.89,2021-12-06,30
PO-2022-2294,2023-04-20,VS11,Spring Steel,28.06,MT,80217.58,2023-04-27,30
PO-2022-2295,2022-05-26,VS08,Square/Rect Tubes,45.55,MT,52280.17,2022-05-29,21
PO-2022-2296,2021-10-05,VS25,Structural Steel,19.59,MT,57784.35,2021-10-08,30
PO-2022-2297,2023-01-13,VS29,MS Sheets,22.92,MT,46489.25,2023-01-23,30
PO-2022-2298,2022-12-06,VS22,SS Pipes,44.44,MT,50166.75,2022-12-11,21
PO-2022-2299,2022-09-07,VS26,Square/Rect Tubes,6.44,MT,115127.17,2022-09-20,21
PO-2022-2300,2022-02-08,VS21,SS Sheets,35.86,MT,116157.13,2022-02-12,15
PO-2022-2301,2022-12-28,VS32,MS Pipes,31.47,MT,89274.21,2023-01-02,45
PO-2022-2302,2023-01-18,VS17,GI Sheets,26.16,MT,118652.73,2023-01-21,45
PO-2022-2303,2023-09-30,VS21,MS Sheets,3.55,MT,62910.29,2023-10-07,15
PO-2022-2304,2022-06-23,VS29,GI Wire,17.54,MT,65462.74,2022-07-08,30
PO-2022-2305,2023-07-28,VS06,MS Flats,28.01,MT,54798.74,2023-08-09,30
PO-2022-2306,2021-01-22,VS02,SS Sheets,19.65,MT,112840.11,2021-01-31,21
PO-2022-2307,2023-03-07,VS03,CR Sheets,35.15,MT,72979.52,2023-03-22,21
PO-2022-2308,2023-11-16,VS28,GI Wire,35.66,MT,54925.51,2023-11-24,15
PO-2022-2309,2022-06-20,VS13,Structural Steel,14.8,MT,51247.96,2022-06-30,30
PO-2022-2310,2021-06-23,VS21,Hex Bars,44.9,MT,46725.56,2021-06-28,15
PO-2022-2311,2021-08-08,VS16,SS Pipes,9.68,MT,49871.94,2021-08-20,15
PO-2022-2312,2022-05-01,VS06,SS Pipes,1.47,MT,46008.54,2022-05-16,30
PO-2022-2313,2022-11-30,VS05,Square/Rect Tubes,29.55,MT,117423.33,2022-12-10,15
PO-2022-2314,2022-11-09,VS07,ERW Pipes,3.75,MT,55403.62,2022-11-23,15
PO-2022-2315,2021-06-16,VS12,SS Pipes,36.19,MT,53943.7,2021-06-25,15
PO-2022-2316,2022-04-23,VS14,GI Pipes,36.13,MT,74017.57,2022-05-06,30
PO-2022-2317,2023-12-21,VS13,Structural Steel,41.06,MT,98117.82,2023-12-31,30
PO-2022-2318,2022-01-17,VS31,SS Sheets,36.85,MT,89385.9,2022-01-20,45
PO-2022-2319,2023-06-26,VS12,Hex Bars,1.31,MT,60516.37,2023-07-02,15
PO-2022-2320,2022-06-24,VS10,Spring Steel,29.2,MT,59200.92,2022-06-28,30
PO-2022-2321,2021-06-05,VS13,MS Sheets,42.58,MT,101721.47,2021-06-11,30
PO-2022-2322,2021-11-29,VS26,SS Sheets,30.48,MT,82999.08,2021-12-06,21
PO-2022-2323,2022-03-23,VS28,CR Sheets,41.4,MT,100158.24,2022-04-03,15
PO-2022-2324,2021-01-15,VS17,SS Sheets,37.96,MT,49849.0,2021-01-19,45
PO-2022-2325,2023-10-09,VS23,GI Pipes,31.37,MT,106327.76,2023-10-13,45
PO-2022-2326,2023-07-03,VS01,SS Pipes,16.6,MT,102853.96,2023-07-11,15
PO-2022-2327,2021-05-15,VS17,MS Flats,23.09,MT,100664.45,2021-05-25,45
PO-2022-2328,2023-01-29,VS32,SS Sheets,38.41,MT,68510.6,2023-02-12,45
PO-2022-2329,2022-01-25,VS15,MS Sheets,3.09,MT,71467.12,2022-02-04,45
PO-2022-2330,2023-08-04,VS21,MS Rods,23.72,MT,112431.72,2023-08-14,15
PO-2022-2331,2021-11-09,VS10,MS Rods,21.56,MT,46835.99,2021-11-14,30
PO-2022-2332,2022-10-11,VS25,Square/Rect Tubes,20.57,MT,46046.26,2022-10-26,30
PO-2022-2333,2021-12-20,VS10,MS Sheets,11.63,MT,46229.2,2021-12-30,30
PO-2022-2334,2021-11-03,VS18,MS Flats,10.69,MT,82299.18,2021-11-08,30
PO-2022-2335,2022-09-14,VS18,HR Coils,10.31,MT,90511.87,2022-09-24,30
PO-2022-2336,2023-06-06,VS28,MS Sheets,24.88,MT,94934.19,2023-06-14,15
PO-2022-2337,2021-08-06,VS05,MS Flats,35.6,MT,90586.32,2021-08-11,15
PO-2022-2338,2022-04-27,VS34,Structural Steel,40.38,MT,76225.91,2022-04-30,21
PO-2022-2339,2022-09-23,VS11,MS Flats,31.89,MT,96304.32,2022-10-02,30
PO-2022-2340,2021-09-07,VS09,Hex Bars,14.81,MT,99356.76,2021-09-22,30
PO-2022-2341,2021-09-20,VS24,Structural Steel,4.09,MT,78530.87,2021-09-29,45
PO-2022-2342,2022-05-20,VS14,MS Flats,34.73,MT,113260.96,2022-05-28,30
PO-2022-2343,2023-09-03,VS18,Spring Steel,17.7,MT,104536.35,2023-09-17,30
PO-2022-2344,2022-02-03,VS09,MS Flats,39.3,MT,87920.62,2022-02-09,30
PO-2022-2345,2022-05-01,VS16,Structural Steel,28.6,MT,111791.78,2022-05-09,15
PO-2022-2346,2023-11-13,VS07,MS Rods,37.76,MT,91770.52,2023-11-17,15
PO-2022-2347,2023-12-20,VS32,Fasteners & Fittings,30.53,MT,111818.29,2024-01-03,45
PO-2022-2348,2022-06-29,VS05,Fasteners & Fittings,20.09,MT,59488.63,2022-07-14,15
PO-2022-2349,2022-07-20,VS10,Angles & Channels,42.54,MT,49426.59,2022-07-26,30
PO-2022-2350,2022-04-03,VS01,MS Flats,18.45,MT,91548.94,2022-04-14,15
PO-2022-2351,2021-10-27,VS18,MS Flats,24.75,MT,68562.62,2021-11-07,30
PO-2022-2352,2022-02-14,VS13,ERW Pipes,15.49,MT,49542.22,2022-02-20,30
PO-2022-2353,2023-12-09,VS33,SS Sheets,13.16,MT,73200.67,2023-12-23,45
PO-2022-2354,2021-01-23,VS20,CR Sheets,11.01,MT,67207.75,2021-01-26,21
PO-2022-2355,2023-05-14,VS06,Angles & Channels,23.78,MT,113235.5,2023-05-19,30
PO-2022-2356,2023-07-04,VS25,Spring Steel,8.69,MT,78310.45,2023-07-12,30
PO-2022-2357,2021-08-09,VS18,Fasteners & Fittings,14.52,MT,97972.25,2021-08-19,30
PO-2022-2358,2022-08-07,VS11,Square/Rect Tubes,16.82,MT,46271.72,2022-08-10,30
PO-2022-2359,2022-10-31,VS31,Angles & Channels,7.95,MT,107385.33,2022-11-09,45
PO-2022-2360,2021-02-22,VS28,MS Flats,20.38,MT,69495.78,2021-03-09,15
PO-2022-2361,2021-03-12,VS19,MS Flats,28.72,MT,91145.31,2021-03-23,30
PO-2022-2362,2021-04-25,VS09,Structural Steel,4.13,MT,50092.1,2021-04-30,30
PO-2022-2363,2021-07-29,VS34,MS Sheets,47.07,MT,62626.02,2021-08-13,21
PO-2022-2364,2023-01-08,VS23,MS Flats,4.98,MT,70767.98,2023-01-12,45
PO-2022-2365,2023-10-06,VS26,Spring Steel,4.05,MT,76226.47,2023-10-21,21
PO-2022-2366,2023-03-22,VS10,Spring Steel,41.32,MT,106077.31,2023-04-01,30
PO-2022-2367,2021-11-22,VS08,CR Sheets,12.14,MT,49238.56,2021-12-05,21
PO-2022-2368,2021-02-19,VS04,HR Coils,24.46,MT,48163.19,2021-03-06,21
PO-2022-2369,2022-04-22,VS10,Square/Rect Tubes,25.53,MT,69221.27,2022-05-07,30
PO-2022-2370,2023-03-22,VS02,Hex Bars,38.51,MT,81917.04,2023-04-04,21
PO-2022-2371,2023-04-30,VS05,GI Pipes,10.81,MT,47700.42,2023-05-06,15
PO-2022-2372,2023-10-04,VS01,Angles & Channels,35.39,MT,88618.74,2023-10-12,15
PO-2022-2373,2023-11-09,VS11,MS Rods,11.43,MT,85217.25,2023-11-22,30
PO-2022-2374,2022-07-31,VS18,Spring Steel,19.34,MT,74131.48,2022-08-06,30
PO-2022-2375,2022-06-09,VS22,GI Sheets,17.03,MT,64525.64,2022-06-13,21
PO-2022-2376,2022-08-08,VS29,MS Pipes,22.83,MT,117580.11,2022-08-21,30
PO-2022-2377,2023-11-15,VS26,GI Sheets,10.06,MT,48124.51,2023-11-30,21
PO-2022-2378,2021-08-07,VS14,GI Sheets,38.23,MT,100177.69,2021-08-14,30
PO-2022-2379,2022-03-15,VS20,Angles & Channels,23.73,MT,93587.26,2022-03-21,21
PO-2022-2380,2022-06-01,VS14,Hex Bars,2.17,MT,45927.03,2022-06-06,30
PO-2022-2381,2022-11-15,VS14,Structural Steel,47.39,MT,74142.88,2022-11-23,30
PO-2022-2382,2023-07-27,VS26,MS Sheets,46.12,MT,81013.17,2023-08-08,21
PO-2022-2383,2022-08-08,VS16,SS Pipes,31.2,MT,111330.93,2022-08-11,15
PO-2022-2384,2021-04-13,VS01,CR Sheets,46.58,MT,67758.49,2021-04-22,15
PO-2022-2385,2021-11-23,VS07,GI Pipes,19.03,MT,93432.91,2021-12-02,15
PO-2022-2386,2023-02-03,VS05,CR Sheets,21.46,MT,46679.59,2023-02-18,15
PO-2022-2387,2021-03-13,VS08,SS Sheets,7.95,MT,79269.57,2021-03-28,21
PO-2022-2388,2022-02-24,VS08,MS Pipes,44.13,MT,114903.24,2022-03-01,21
PO-2022-2389,2021-01-30,VS08,SS Pipes,36.52,MT,79143.34,2021-02-11,21
PO-2022-2390,2022-07-14,VS18,MS Pipes,35.44,MT,80979.37,2022-07-28,30
PO-2022-2391,2021-11-10,VS14,SS Pipes,20.48,MT,73306.88,2021-11-13,30
PO-2022-2392,2023-10-16,VS28,Fasteners & Fittings,21.21,MT,117968.03,2023-10-28,15
PO-2022-2393,2021-04-01,VS05,CR Sheets,35.79,MT,98915.31,2021-04-07,15
PO-2022-2394,2022-07-02,VS02,CR Sheets,48.2,MT,59105.24,2022-07-16,21
PO-2022-2395,2023-07-07,VS01,GI Pipes,43.8,MT,107654.44,2023-07-16,15
PO-2022-2396,2023-09-28,VS15,GI Pipes,15.04,MT,51631.2,2023-10-06,45
PO-2022-2397,2023-07-24,VS31,Spring Steel,9.03,MT,94395.1,2023-08-01,45
PO-2022-2398,2021-10-26,VS21,Angles & Channels,20.94,MT,88515.88,2021-11-03,15
PO-2022-2399,2023-08-16,VS23,SS Sheets,8.23,MT,95449.35,2023-08-26,45
PO-2022-2400,2023-04-16,VS24,GI Wire,5.24,MT,63990.02,2023-04-21,45
PO-2022-2401,2022-11-13,VS23,Fasteners & Fittings,23.09,MT,85440.88,2022-11-26,45
PO-2022-2402,2021-12-03,VS03,MS Flats,25.81,MT,113857.5,2021-12-16,21
PO-2022-2403,2021-10-25,VS22,Spring Steel,32.0,MT,100859.54,2021-11-09,21
PO-2022-2404,2021-10-13,VS14,MS Rods,5.01,MT,76423.21,2021-10-17,30
PO-2022-2405,2023-10-24,VS03,Hex Bars,6.09,MT,47115.16,2023-11-04,21
PO-2022-2406,2021-12-04,VS15,MS Flats,24.97,MT,69411.55,2021-12-19,45
PO-2022-2407,2023-02-04,VS26,Hex Bars,33.19,MT,74459.98,2023-02-16,21
PO-2022-2408,2022-12-21,VS27,ERW Pipes,12.06,MT,93292.67,2022-12-26,21
PO-2022-2409,2022-01-21,VS01,Hex Bars,40.2,MT,82140.22,2022-01-25,15
PO-2022-2410,2022-09-20,VS16,MS Rods,15.84,MT,60693.3,2022-10-03,15
PO-2022-2411,2021-07-17,VS13,MS Pipes,1.79,MT,67183.81,2021-07-23,30
PO-2022-2412,2022-01-16,VS05,SS Pipes,13.42,MT,116325.95,2022-01-25,15
PO-2022-2413,2023-01-03,VS26,MS Pipes,35.19,MT,67516.16,2023-01-12,21
PO-2022-2414,2023-02-07,VS14,SS Sheets,22.0,MT,89226.81,2023-02-17,30
PO-2022-2415,2021-03-27,VS32,GI Pipes,25.5,MT,71362.27,2021-04-03,45
PO-2022-2416,2023-08-28,VS25,Spring Steel,38.72,MT,76702.63,2023-09-09,30
PO-2022-2417,2022-12-20,VS32,MS Pipes,19.62,MT,117207.62,2023-01-04,45
PO-2022-2418,2021-06-27,VS31,CR Sheets,27.64,MT,51222.35,2021-07-11,45
PO-2022-2419,2021-07-12,VS30,MS Rods,37.7,MT,63103.4,2021-07-22,45
PO-2022-2420,2021-03-12,VS21,SS Sheets,28.08,MT,97803.01,2021-03-22,15
PO-2022-2421,2022-03-20,VS27,ERW Pipes,1.5,MT,54628.81,2022-04-02,21
PO-2022-2422,2021-02-27,VS33,Fasteners & Fittings,4.39,MT,58592.5,2021-03-06,45
PO-2022-2423,2023-03-06,VS04,CR Sheets,29.7,MT,97366.24,2023-03-16,21
PO-2022-2424,2021-12-23,VS29,SS Sheets,42.82,MT,47986.24,2022-01-04,30
PO-2022-2425,2022-11-10,VS28,ERW Pipes,34.65,MT,117642.36,2022-11-14,15
PO-2022-2426,2022-02-12,VS31,Structural Steel,13.2,MT,74047.78,2022-02-26,45
PO-2022-2427,2021-12-28,VS25,GI Pipes,15.81,MT,61756.7,2022-01-10,30
PO-2022-2428,2023-10-08,VS15,Fasteners & Fittings,40.61,MT,116103.09,2023-10-12,45
PO-2022-2429,2021-07-27,VS11,Square/Rect Tubes,7.47,MT,118409.77,2021-08-08,30
PO-2022-2430,2021-02-18,VS29,Structural Steel,18.97,MT,97419.09,2021-02-21,30
PO-2022-2431,2023-12-12,VS24,Spring Steel,6.21,MT,80524.35,2023-12-19,45
PO-2022-2432,2023-06-13,VS28,SS Pipes,4.19,MT,64708.17,2023-06-26,15
PO-2022-2433,2023-01-03,VS31,MS Rods,25.85,MT,63242.4,2023-01-08,45
PO-2022-2434,2021-09-05,VS02,MS Sheets,5.23,MT,59009.3,2021-09-11,21
PO-2022-2435,2023-07-03,VS24,Spring Steel,13.89,MT,50011.42,2023-07-18,45
PO-2022-2436,2022-01-15,VS27,ERW Pipes,28.42,MT,62418.62,2022-01-20,21
PO-2022-2437,2022-09-08,VS09,MS Rods,1.55,MT,49499.55,2022-09-23,30
PO-2022-2438,2021-01-25,VS08,Hex Bars,33.63,MT,88917.96,2021-01-28,21
PO-2022-2439,2022-09-14,VS09,MS Flats,46.12,MT,109543.93,2022-09-29,30
PO-2022-2440,2022-03-14,VS13,Structural Steel,24.44,MT,61059.19,2022-03-19,30
PO-2022-2441,2023-03-06,VS05,Square/Rect Tubes,33.69,MT,109338.42,2023-03-11,15
PO-2022-2442,2021-05-20,VS31,Hex Bars,49.5,MT,50444.26,2021-05-25,45
PO-2022-2443,2022-05-21,VS27,Angles & Channels,46.94,MT,107098.17,2022-05-30,21
PO-2022-2444,2021-05-03,VS28,GI Pipes,43.66,MT,103547.4,2021-05-06,15
PO-2022-2445,2022-01-30,VS24,MS Rods,23.04,MT,107727.93,2022-02-05,45
PO-2022-2446,2021-09-18,VS31,Hex Bars,44.55,MT,93453.07,2021-10-03,45
PO-2022-2447,2021-11-19,VS16,Hex Bars,15.09,MT,102982.44,2021-11-28,15
PO-2022-2448,2021-03-05,VS27,SS Pipes,28.52,MT,97835.58,2021-03-20,21
PO-2022-2449,2021-10-26,VS03,Angles & Channels,14.59,MT,68705.01,2021-11-08,21
PO-2022-2450,2022-12-01,VS20,Spring Steel,30.66,MT,113949.51,2022-12-11,21
PO-2022-2451,2023-11-14,VS32,MS Rods,38.11,MT,107963.08,2023-11-26,45
PO-2022-2452,2021-10-09,VS31,MS Flats,5.46,MT,81725.67,2021-10-17,45
PO-2022-2453,2023-12-28,VS34,SS Pipes,13.33,MT,65115.87,2024-01-04,21
PO-2022-2454,2022-08-15,VS33,HR Coils,16.34,MT,112935.81,2022-08-21,45
PO-2022-2455,2022-01-27,VS23,SS Sheets,10.4,MT,70124.89,2022-02-09,45
PO-2022-2456,2023-04-23,VS18,CR Sheets,30.29,MT,95226.35,2023-04-29,30
PO-2022-2457,2021-10-13,VS19,GI Sheets,34.67,MT,74995.98,2021-10-24,30
PO-2022-2458,2022-10-20,VS14,Fasteners & Fittings,29.51,MT,58006.17,2022-11-03,30
PO-2022-2459,2022-08-20,VS16,GI Sheets,30.31,MT,92508.32,2022-08-28,15
PO-2022-2460,2022-01-10,VS32,Angles & Channels,13.04,MT,81325.75,2022-01-17,45
PO-2022-2461,2023-07-30,VS22,Square/Rect Tubes,13.48,MT,50403.77,2023-08-03,21
PO-2022-2462,2023-02-11,VS26,MS Pipes,4.26,MT,105899.34,2023-02-18,21
PO-2022-2463,2023-10-11,VS30,Spring Steel,29.6,MT,65781.87,2023-10-23,45
PO-2022-2464,2023-05-12,VS13,CR Sheets,3.5,MT,77078.05,2023-05-22,30
PO-2022-2465,2021-08-10,VS31,GI Wire,19.96,MT,53958.36,2021-08-15,45
PO-2022-2466,2021-09-09,VS24,GI Pipes,3.01,MT,50271.0,2021-09-13,45
PO-2022-2467,2022-07-04,VS09,ERW Pipes,46.36,MT,96504.32,2022-07-10,30
PO-2022-2468,2021-03-23,VS04,MS Pipes,6.46,MT,118262.72,2021-04-06,21
PO-2022-2469,2022-07-22,VS19,GI Wire,12.79,MT,63994.13,2022-08-03,30
PO-2022-2470,2022-07-01,VS23,HR Coils,8.43,MT,86528.27,2022-07-09,45
PO-2022-2471,2022-03-27,VS11,MS Rods,10.95,MT,91222.25,2022-04-01,30
PO-2022-2472,2021-07-06,VS18,Structural Steel,7.1,MT,63464.47,2021-07-15,30
PO-2022-2473,2022-03-29,VS16,Fasteners & Fittings,30.87,MT,111891.39,2022-04-04,15
PO-2022-2474,2022-07-27,VS07,MS Pipes,12.7,MT,68137.07,2022-08-08,15
PO-2022-2475,2023-03-03,VS29,GI Sheets,12.38,MT,108546.17,2023-03-12,30
PO-2022-2476,2023-06-29,VS29,Square/Rect Tubes,37.22,MT,73835.66,2023-07-11,30
PO-2022-2477,2023-02-18,VS02,Spring Steel,38.49,MT,60384.66,2023-03-03,21
PO-2022-2478,2023-10-04,VS28,Hex Bars,17.77,MT,46553.69,2023-10-15,15
PO-2022-2479,2023-03-06,VS29,GI Sheets,19.28,MT,97759.23,2023-03-18,30
PO-2022-2480,2023-02-13,VS11,MS Rods,11.15,MT,68565.88,2023-02-22,30
PO-2022-2481,2022-07-16,VS16,SS Sheets,45.02,MT,73458.3,2022-07-26,15
PO-2022-2482,2021-02-19,VS16,SS Pipes,23.16,MT,105007.55,2021-02-28,15
PO-2022-2483,2022-12-08,VS24,MS Rods,2.0,MT,77721.89,2022-12-18,45
PO-2022-2484,2023-05-19,VS06,GI Wire,13.49,MT,62141.76,2023-05-27,30
PO-2022-2485,2022-06-17,VS31,MS Sheets,9.26,MT,109023.52,2022-06-30,45
PO-2022-2486,2023-11-26,VS34,GI Sheets,42.45,MT,118437.11,2023-12-04,21
PO-2022-2487,2021-04-09,VS15,SS Pipes,35.65,MT,56906.53,2021-04-21,45
PO-2022-2488,2021-04-13,VS17,SS Pipes,26.74,MT,64135.9,2021-04-18,45
PO-2022-2489,2022-08-24,VS10,GI Wire,14.65,MT,113697.22,2022-08-30,30
PO-2022-2490,2023-04-19,VS20,MS Sheets,26.5,MT,62386.17,2023-04-23,21
PO-2022-2491,2021-04-17,VS12,SS Sheets,27.85,MT,120277.26,2021-04-22,15
PO-2022-2492,2022-04-29,VS02,GI Sheets,30.53,MT,50778.56,2022-05-14,21
PO-2022-2493,2021-07-27,VS18,MS Sheets,27.16,MT,103429.45,2021-08-07,30
PO-2022-2494,2023-01-26,VS12,Square/Rect Tubes,27.15,MT,61370.92,2023-02-10,15
PO-2022-2495,2021-01-18,VS21,MS Sheets,38.55,MT,83493.44,2021-01-21,15
PO-2022-2496,2023-10-23,VS33,GI Pipes,20.3,MT,57525.09,2023-11-02,45
PO-2022-2497,2021-11-16,VS09,HR Coils,43.22,MT,107570.99,2021-11-28,30
PO-2022-2498,2022-07-26,VS30,HR Coils,23.29,MT,98265.69,2022-08-09,45
PO-2022-2499,2022-05-24,VS11,GI Pipes,4.29,MT,73306.88,2022-05-27,30
PO-2022-2500,2022-08-12,VS30,Hex Bars,40.14,MT,95814.41,2022-08-21,45
PO-2022-2501,2023-04-08,VS34,Fasteners & Fittings,48.14,MT,115746.4,2023-04-16,21
PO-2022-2502,2023-04-10,VS17,Hex Bars,46.91,MT,57517.16,2023-04-20,45
PO-2022-2503,2021-09-16,VS03,GI Sheets,4.6,MT,124387.74,2021-09-23,21
PO-2022-2504,2021-08-25,VS27,MS Rods,19.42,MT,73021.76,2021-09-02,21
PO-2022-2505,2023-09-25,VS13,MS Pipes,11.56,MT,103130.4,2023-10-10,30
PO-2022-2506,2021-10-29,VS29,Square/Rect Tubes,32.8,MT,67647.91,2021-11-04,30
PO-2022-2507,2021-10-19,VS02,HR Coils,45.28,MT,63969.0,2021-10-28,21
PO-2022-2508,2023-08-14,VS30,Angles & Channels,44.24,MT,79747.45,2023-08-23,45
PO-2022-2509,2021-04-16,VS16,Square/Rect Tubes,44.95,MT,114206.0,2021-04-23,15
PO-2022-2510,2023-02-06,VS04,Angles & Channels,23.79,MT,73991.76,2023-02-19,21
PO-2022-2511,2023-06-07,VS05,SS Sheets,18.38,MT,83442.11,2023-06-17,15
PO-2022-2512,2021-03-24,VS31,SS Pipes,18.27,MT,59510.95,2021-04-04,45
PO-2022-2513,2021-12-06,VS01,ERW Pipes,8.15,MT,98332.88,2021-12-13,15
PO-2022-2514,2021-05-03,VS02,Hex Bars,11.72,MT,84081.83,2021-05-06,21
PO-2022-2515,2023-07-08,VS26,MS Flats,40.13,MT,79521.82,2023-07-20,21
PO-2022-2516,2022-10-31,VS19,Angles & Channels,3.49,MT,87125.81,2022-11-04,30
PO-2022-2517,2023-06-17,VS32,GI Wire,38.42,MT,47711.69,2023-07-02,45
PO-2022-2518,2023-11-03,VS05,Square/Rect Tubes,46.71,MT,73344.37,2023-11-16,15
PO-2022-2519,2023-06-20,VS18,Square/Rect Tubes,7.97,MT,113624.61,2023-06-24,30
PO-2022-2520,2023-02-26,VS18,MS Rods,11.79,MT,48301.01,2023-03-01,30
PO-2022-2521,2021-09-30,VS13,GI Wire,28.9,MT,76319.18,2021-10-05,30
PO-2022-2522,2023-05-25,VS17,GI Sheets,1.03,MT,49967.12,2023-05-28,45
PO-2022-2523,2022-06-28,VS31,SS Pipes,11.74,MT,113635.05,2022-07-03,45
PO-2022-2524,2023-10-08,VS08,SS Pipes,33.8,MT,105876.73,2023-10-16,21
PO-2022-2525,2023-02-02,VS31,CR Sheets,29.28,MT,86094.4,2023-02-16,45
PO-2022-2526,2022-11-09,VS21,Hex Bars,8.62,MT,96146.8,2022-11-23,15
PO-2022-2527,2023-12-02,VS18,HR Coils,12.08,MT,46666.89,2023-12-12,30
PO-2022-2528,2022-07-12,VS22,Hex Bars,15.73,MT,117957.09,2022-07-21,21
PO-2022-2529,2021-04-16,VS20,CR Sheets,6.22,MT,56097.9,2021-04-22,21
PO-2022-2530,2022-03-25,VS16,Fasteners & Fittings,45.35,MT,114453.87,2022-04-08,15
PO-2022-2531,2023-11-02,VS24,GI Wire,37.38,MT,76446.86,2023-11-10,45
PO-2022-2532,2022-09-05,VS06,HR Coils,8.96,MT,81088.03,2022-09-18,30
PO-2022-2533,2021-05-16,VS21,GI Pipes,22.35,MT,106129.56,2021-05-21,15
PO-2022-2534,2023-04-29,VS31,MS Pipes,17.36,MT,72778.51,2023-05-06,45
PO-2022-2535,2022-04-28,VS32,Structural Steel,46.46,MT,74725.85,2022-05-04,45
PO-2022-2536,2023-04-11,VS28,HR Coils,15.04,MT,90792.95,2023-04-16,15
PO-2022-2537,2022-11-20,VS11,MS Flats,30.08,MT,108989.89,2022-11-24,30
PO-2022-2538,2021-06-18,VS06,MS Pipes,8.35,MT,77140.7,2021-06-22,30
PO-2022-2539,2021-11-08,VS04,MS Pipes,24.09,MT,47451.35,2021-11-15,21
PO-2022-2540,2023-01-22,VS23,SS Pipes,2.98,MT,111965.98,2023-01-30,45
PO-2022-2541,2021-07-24,VS03,SS Pipes,49.42,MT,94720.34,2021-07-30,21
PO-2022-2542,2021-12-15,VS26,Structural Steel,6.27,MT,89502.76,2021-12-27,21
PO-2022-2543,2023-12-14,VS05,SS Sheets,7.79,MT,79675.24,2023-12-21,15
PO-2022-2544,2021-11-19,VS33,ERW Pipes,25.32,MT,61784.39,2021-11-26,45
PO-2022-2545,2021-03-07,VS26,MS Flats,33.59,MT,97118.16,2021-03-22,21
PO-2022-2546,2023-07-16,VS23,Hex Bars,16.01,MT,94011.71,2023-07-25,45
PO-2022-2547,2023-05-07,VS16,SS Sheets,33.65,MT,60791.05,2023-05-17,15
PO-2022-2548,2021-11-01,VS10,GI Pipes,4.89,MT,89076.23,2021-11-05,30
PO-2022-2549,2021-10-30,VS07,Fasteners & Fittings,7.18,MT,99207.73,2021-11-06,15
PO-2022-2550,2022-11-13,VS21,HR Coils,36.21,MT,77650.11,2022-11-17,15
PO-2022-2551,2022-09-12,VS14,Structural Steel,33.15,MT,72315.7,2022-09-21,30
PO-2022-2552,2022-01-28,VS23,SS Pipes,3.4,MT,108084.1,2022-02-12,45
PO-2022-2553,2022-06-01,VS25,MS Sheets,40.81,MT,79762.8,2022-06-10,30
PO-2022-2554,2022-10-25,VS29,Square/Rect Tubes,40.97,MT,100896.09,2022-11-08,30
PO-2022-2555,2023-05-15,VS21,MS Sheets,1.36,MT,103740.5,2023-05-22,15
PO-2022-2556,2023-05-02,VS06,Structural Steel,43.9,MT,70091.72,2023-05-05,30
PO-2022-2557,2021-10-15,VS16,Hex Bars,30.59,MT,116779.7,2021-10-21,15
PO-2022-2558,2022-01-05,VS27,GI Pipes,38.77,MT,92365.35,2022-01-19,21
PO-2022-2559,2022-12-04,VS24,MS Flats,1.13,MT,81209.88,2022-12-15,45
PO-2022-2560,2022-02-18,VS14,Square/Rect Tubes,17.29,MT,94399.92,2022-03-04,30
PO-2022-2561,2023-11-01,VS18,Hex Bars,20.14,MT,84655.14,2023-11-13,30
PO-2022-2562,2022-02-07,VS28,GI Pipes,23.29,MT,98933.04,2022-02-18,15
PO-2022-2563,2022-08-18,VS30,GI Pipes,14.94,MT,46343.62,2022-08-30,45
PO-2022-2564,2021-05-09,VS31,GI Wire,46.52,MT,113557.89,2021-05-21,45
PO-2022-2565,2022-04-18,VS21,HR Coils,23.01,MT,67521.19,2022-05-01,15
PO-2022-2566,2021-03-21,VS15,CR Sheets,20.35,MT,45321.38,2021-03-27,45
PO-2022-2567,2021-03-25,VS15,Fasteners & Fittings,12.71,MT,45168.78,2021-03-28,45
PO-2022-2568,2021-06-05,VS18,Spring Steel,40.91,MT,85990.94,2021-06-14,30
PO-2022-2569,2021-02-03,VS33,SS Sheets,38.68,MT,94748.56,2021-02-13,45
PO-2022-2570,2022-03-14,VS19,ERW Pipes,42.91,MT,118999.07,2022-03-23,30
PO-2022-2571,2022-11-04,VS12,Spring Steel,33.15,MT,47908.49,2022-11-13,15
PO-2022-2572,2021-06-13,VS22,HR Coils,47.38,MT,46551.82,2021-06-18,21
PO-2022-2573,2022-06-13,VS11,SS Sheets,33.92,MT,76168.17,2022-06-22,30
PO-2022-2574,2022-02-22,VS11,Angles & Channels,5.78,MT,114880.61,2022-03-01,30
PO-2022-2575,2021-05-21,VS05,Square/Rect Tubes,43.79,MT,108977.27,2021-05-24,15
PO-2022-2576,2022-05-06,VS05,CR Sheets,48.29,MT,53502.81,2022-05-16,15
PO-2022-2577,2022-11-23,VS08,Hex Bars,38.53,MT,103465.31,2022-12-03,21
PO-2022-2578,2023-11-13,VS08,Structural Steel,33.73,MT,65872.54,2023-11-17,21
PO-2022-2579,2022-12-31,VS06,Angles & Channels,9.64,MT,105495.14,2023-01-11,30
PO-2022-2580,2022-05-28,VS02,SS Pipes,49.61,MT,57171.91,2022-06-05,21
PO-2022-2581,2021-11-25,VS34,Spring Steel,10.51,MT,119333.52,2021-12-10,21
PO-2022-2582,2022-12-21,VS02,MS Flats,42.82,MT,104449.9,2022-12-30,21
PO-2022-2583,2021-08-01,VS33,MS Rods,11.41,MT,59260.78,2021-08-14,45
PO-2022-2584,2023-09-18,VS05,HR Coils,41.89,MT,115034.72,2023-10-03,15
PO-2022-2585,2023-10-10,VS30,MS Rods,16.79,MT,72665.31,2023-10-13,45
PO-2022-2586,2021-03-16,VS29,GI Sheets,1.18,MT,71656.61,2021-03-29,30
PO-2022-2587,2023-02-02,VS22,GI Wire,37.74,MT,45557.84,2023-02-10,21
PO-2022-2588,2023-08-08,VS06,Square/Rect Tubes,42.31,MT,89598.64,2023-08-19,30
PO-2022-2589,2021-08-27,VS09,Structural Steel,25.22,MT,119710.18,2021-09-10,30
PO-2022-2590,2022-11-29,VS08,GI Pipes,39.52,MT,92856.02,2022-12-05,21
PO-2022-2591,2022-10-02,VS28,SS Sheets,2.91,MT,52993.07,2022-10-09,15
PO-2022-2592,2021-10-08,VS17,MS Rods,49.96,MT,66050.11,2021-10-17,45
PO-2022-2593,2021-06-02,VS34,Angles & Channels,4.68,MT,68128.88,2021-06-09,21
PO-2022-2594,2023-04-14,VS02,MS Pipes,49.08,MT,69581.54,2023-04-28,21
PO-2022-2595,2021-07-10,VS09,Hex Bars,30.54,MT,108867.74,2021-07-18,30
PO-2022-2596,2021-08-21,VS07,CR Sheets,38.63,MT,68873.38,2021-08-25,15
PO-2022-2597,2022-01-10,VS14,SS Pipes,12.34,MT,65738.62,2022-01-25,30
PO-2022-2598,2021-06-13,VS20,Spring Steel,33.24,MT,52532.68,2021-06-22,21
PO-2022-2599,2021-03-25,VS20,GI Wire,5.56,MT,69994.99,2021-04-08,21
PO-2022-2600,2021-04-17,VS09,SS Pipes,5.62,MT,115852.2,2021-04-20,30
PO-2022-2601,2021-08-07,VS31,GI Pipes,23.99,MT,72084.61,2021-08-18,45
PO-2022-2602,2021-08-07,VS17,MS Sheets,29.95,MT,87089.29,2021-08-22,45
PO-2022-2603,2022-05-23,VS06,MS Flats,9.25,MT,93636.43,2022-06-04,30
PO-2022-2604,2021-08-01,VS02,Structural Steel,11.7,MT,98112.11,2021-08-06,21
PO-2022-2605,2023-11-10,VS16,GI Wire,1.26,MT,84223.13,2023-11-17,15
PO-2022-2606,2022-01-20,VS32,Spring Steel,12.66,MT,77229.23,2022-02-01,45
PO-2022-2607,2023-03-07,VS13,Hex Bars,15.34,MT,55215.79,2023-03-19,30
PO-2022-2608,2023-04-23,VS19,CR Sheets,13.2,MT,113578.92,2023-04-27,30
PO-2022-2609,2023-05-11,VS17,Structural Steel,1.07,MT,53595.8,2023-05-23,45
PO-2022-2610,2022-01-27,VS17,Square/Rect Tubes,29.25,MT,106083.47,2022-02-08,45
PO-2022-2611,2021-09-03,VS16,Square/Rect Tubes,35.84,MT,62314.17,2021-09-09,15
PO-2022-2612,2021-04-06,VS05,MS Rods,7.52,MT,61360.18,2021-04-10,15
PO-2022-2613,2021-01-06,VS14,ERW Pipes,41.67,MT,46031.99,2021-01-10,30
PO-2022-2614,2022-12-01,VS14,Fasteners & Fittings,8.07,MT,99323.57,2022-12-16,30
PO-2022-2615,2021-09-10,VS24,MS Flats,48.89,MT,73404.35,2021-09-21,45
PO-2022-2616,2022-07-18,VS29,GI Sheets,43.03,MT,55943.66,2022-07-27,30
PO-2022-2617,2022-12-25,VS13,HR Coils,25.01,MT,116185.73,2023-01-03,30
PO-2022-2618,2021-04-11,VS17,MS Pipes,22.23,MT,56895.38,2021-04-26,45
PO-2022-2619,2021-05-03,VS30,Hex Bars,15.16,MT,76005.33,2021-05-10,45
PO-2022-2620,2021-10-16,VS19,CR Sheets,9.68,MT,106786.18,2021-10-26,30
PO-2022-2621,2023-12-21,VS05,Fasteners & Fittings,18.04,MT,93318.75,2023-12-31,15
PO-2022-2622,2022-02-16,VS18,Structural Steel,48.21,MT,65222.96,2022-02-26,30
PO-2022-2623,2022-03-28,VS29,Square/Rect Tubes,1.84,MT,62581.57,2022-04-07,30
PO-2022-2624,2023-02-27,VS15,Spring Steel,25.98,MT,115048.22,2023-03-03,45
PO-2022-2625,2022-07-03,VS24,Hex Bars,13.49,MT,52412.59,2022-07-16,45
PO-2022-2626,2023-11-24,VS20,MS Rods,1.99,MT,87536.69,2023-11-28,21
PO-2022-2627,2022-05-10,VS19,CR Sheets,40.68,MT,105903.48,2022-05-23,30
PO-2022-2628,2023-12-22,VS12,Structural Steel,48.9,MT,47062.93,2023-12-25,15
PO-2022-2629,2022-11-02,VS27,MS Flats,1.07,MT,59506.44,2022-11-06,21
PO-2022-2630,2022-09-20,VS28,CR Sheets,35.11,MT,65395.62,2022-09-26,15
PO-2022-2631,2023-04-04,VS23,ERW Pipes,19.62,MT,91846.44,2023-04-10,45
PO-2022-2632,2022-10-28,VS03,MS Flats,18.49,MT,105996.27,2022-11-08,21
PO-2022-2633,2022-11-14,VS32,HR Coils,22.11,MT,87182.65,2022-11-28,45
PO-2022-2634,2021-06-06,VS07,Square/Rect Tubes,12.33,MT,109991.37,2021-06-12,15
PO-2022-2635,2023-08-15,VS27,Spring Steel,49.8,MT,50445.3,2023-08-28,21
PO-2022-2636,2023-06-23,VS09,HR Coils,37.16,MT,61385.28,2023-06-27,30
PO-2022-2637,2021-03-16,VS17,MS Pipes,45.99,MT,75685.36,2021-03-23,45
PO-2022-2638,2023-07-11,VS14,SS Pipes,17.7,MT,62753.21,2023-07-15,30
PO-2022-2639,2021-07-11,VS17,Spring Steel,37.57,MT,115370.38,2021-07-17,45
PO-2022-2640,2021-04-01,VS31,CR Sheets,27.51,MT,94297.28,2021-04-15,45
PO-2022-2641,2021-01-14,VS32,GI Sheets,39.99,MT,111560.12,2021-01-18,45
PO-2022-2642,2021-07-01,VS33,HR Coils,46.32,MT,65825.25,2021-07-10,45
PO-2022-2643,2022-12-16,VS23,Fasteners & Fittings,28.26,MT,57322.08,2022-12-30,45
PO-2022-2644,2021-07-19,VS02,CR Sheets,10.43,MT,106673.55,2021-07-25,21
PO-2022-2645,2021-04-03,VS12,GI Sheets,41.54,MT,62216.28,2021-04-10,15
PO-2022-2646,2023-08-02,VS04,Fasteners & Fittings,12.06,MT,55088.63,2023-08-06,21
PO-2022-2647,2022-02-23,VS24,SS Sheets,41.9,MT,77386.69,2022-03-09,45
PO-2022-2648,2021-05-10,VS11,Structural Steel,19.53,MT,57853.14,2021-05-13,30
PO-2022-2649,2023-12-28,VS12,GI Wire,6.32,MT,106424.57,2024-01-03,15
PO-2022-2650,2021-05-30,VS10,GI Wire,6.31,MT,62194.28,2021-06-04,30
PO-2022-2651,2022-06-30,VS34,Spring Steel,44.31,MT,84814.94,2022-07-12,21
PO-2022-2652,2022-11-07,VS29,MS Sheets,41.61,MT,89570.22,2022-11-20,30
PO-2022-2653,2022-03-18,VS29,GI Wire,9.43,MT,107751.75,2022-03-28,30
PO-2022-2654,2022-07-26,VS21,CR Sheets,30.71,MT,114465.98,2022-08-10,15
PO-2022-2655,2021-02-11,VS13,MS Rods,15.48,MT,102941.86,2021-02-21,30
PO-2022-2656,2021-07-06,VS08,Square/Rect Tubes,45.14,MT,62230.34,2021-07-20,21
PO-2022-2657,2023-12-29,VS08,Spring Steel,24.49,MT,113199.97,2024-01-10,21
PO-2022-2658,2021-10-04,VS04,Hex Bars,9.81,MT,110684.93,2021-10-19,21
PO-2022-2659,2021-09-16,VS16,GI Pipes,25.91,MT,90517.6,2021-09-20,15
PO-2022-2660,2022-05-10,VS06,MS Flats,26.73,MT,52015.24,2022-05-17,30
PO-2022-2661,2022-11-12,VS09,MS Sheets,3.16,MT,81788.13,2022-11-18,30
PO-2022-2662,2021-10-14,VS15,SS Pipes,26.38,MT,91863.0,2021-10-18,45
PO-2022-2663,2023-05-15,VS06,MS Flats,23.58,MT,96100.42,2023-05-23,30
PO-2022-2664,2021-03-03,VS03,MS Pipes,39.22,MT,107273.73,2021-03-17,21
PO-2022-2665,2021-02-19,VS02,SS Pipes,16.8,MT,101816.89,2021-03-06,21
PO-2022-2666,2021-06-16,VS06,GI Sheets,24.56,MT,105403.0,2021-06-26,30
PO-2022-2667,2023-01-31,VS04,MS Pipes,36.24,MT,119130.22,2023-02-08,21
PO-2022-2668,2023-02-16,VS08,Hex Bars,32.63,MT,101439.7,2023-02-23,21
PO-2022-2669,2021-11-23,VS06,Spring Steel,40.83,MT,90026.12,2021-12-05,30
PO-2022-2670,2023-09-04,VS19,Structural Steel,26.59,MT,106702.99,2023-09-09,30
PO-2022-2671,2021-12-26,VS19,Hex Bars,31.46,MT,50111.87,2022-01-04,30
PO-2022-2672,2023-08-19,VS03,Hex Bars,22.3,MT,48847.61,2023-08-31,21
PO-2022-2673,2021-04-11,VS01,CR Sheets,44.4,MT,73342.18,2021-04-24,15
PO-2022-2674,2022-12-01,VS06,Angles & Channels,36.47,MT,65630.95,2022-12-06,30
PO-2022-2675,2023-04-10,VS25,ERW Pipes,12.55,MT,56195.48,2023-04-17,30
PO-2022-2676,2023-11-14,VS15,MS Flats,19.11,MT,48674.84,2023-11-21,45
PO-2022-2677,2021-12-15,VS25,GI Pipes,28.07,MT,47953.2,2021-12-25,30
PO-2022-2678,2021-04-19,VS27,GI Sheets,12.78,MT,90157.69,2021-05-01,21
PO-2022-2679,2023-08-01,VS23,MS Pipes,38.85,MT,103396.04,2023-08-12,45
PO-2022-2680,2022-01-14,VS09,SS Pipes,3.97,MT,105149.53,2022-01-18,30
PO-2022-2681,2023-03-14,VS17,Hex Bars,7.09,MT,86684.51,2023-03-25,45
PO-2022-2682,2021-01-11,VS17,CR Sheets,48.15,MT,93283.31,2021-01-22,45
PO-2022-2683,2023-08-29,VS32,HR Coils,26.27,MT,73356.59,2023-09-13,45
PO-2022-2684,2022-01-20,VS34,SS Pipes,20.59,MT,63167.04,2022-02-02,21
PO-2022-2685,2021-05-15,VS10,MS Rods,31.33,MT,67136.33,2021-05-20,30
PO-2022-2686,2023-12-05,VS20,GI Wire,15.58,MT,46553.2,2023-12-14,21
PO-2022-2687,2021-09-25,VS24,Hex Bars,22.11,MT,52806.97,2021-10-10,45
PO-2022-2688,2022-05-31,VS06,Fasteners & Fittings,43.8,MT,106652.77,2022-06-07,30
PO-2022-2689,2023-03-10,VS11,Angles & Channels,47.36,MT,73024.87,2023-03-17,30
PO-2022-2690,2021-03-28,VS12,MS Rods,39.64,MT,103047.68,2021-04-05,15
PO-2022-2691,2022-11-28,VS12,SS Sheets,10.39,MT,114306.51,2022-12-12,15
PO-2022-2692,2021-02-17,VS06,Structural Steel,19.49,MT,75839.37,2021-02-24,30
PO-2022-2693,2022-08-19,VS33,Hex Bars,25.76,MT,113853.86,2022-09-03,45
PO-2022-2694,2022-04-08,VS07,Angles & Channels,12.83,MT,97305.46,2022-04-19,15
PO-2022-2695,2022-01-01,VS18,MS Flats,36.55,MT,55069.04,2022-01-13,30
PO-2022-2696,2021-05-07,VS22,GI Pipes,15.2,MT,92931.1,2021-05-14,21
PO-2022-2697,2022-05-05,VS14,GI Sheets,11.24,MT,102378.48,2022-05-13,30
PO-2022-2698,2022-02-02,VS34,CR Sheets,29.77,MT,111261.02,2022-02-06,21
PO-2022-2699,2023-03-20,VS15,Square/Rect Tubes,40.49,MT,51754.32,2023-04-03,45
PO-2022-2700,2023-07-21,VS34,Fasteners & Fittings,36.34,MT,104052.98,2023-08-01,21
PO-2022-2701,2021-04-09,VS13,HR Coils,30.07,MT,92315.52,2021-04-15,30
PO-2022-2702,2023-10-06,VS14,Square/Rect Tubes,20.84,MT,69226.51,2023-10-12,30
PO-2022-2703,2021-03-22,VS27,GI Pipes,36.44,MT,116715.79,2021-04-06,21
PO-2022-2704,2023-11-01,VS32,MS Flats,49.58,MT,52148.08,2023-11-12,45
PO-2022-2705,2023-04-14,VS34,MS Pipes,1.52,MT,58862.16,2023-04-17,21
PO-2022-2706,2021-03-02,VS07,MS Flats,39.15,MT,53401.1,2021-03-07,15
PO-2022-2707,2023-12-09,VS01,HR Coils,34.73,MT,70038.9,2023-12-22,15
PO-2022-2708,2023-10-16,VS17,SS Sheets,41.33,MT,89705.41,2023-10-30,45
PO-2022-2709,2023-05-01,VS01,GI Sheets,20.2,MT,90730.7,2023-05-09,15
PO-2022-2710,2021-10-02,VS04,SS Pipes,16.25,MT,50318.45,2021-10-06,21
PO-2022-2711,2023-12-14,VS19,ERW Pipes,27.42,MT,64415.84,2023-12-23,30
PO-2022-2712,2023-12-22,VS31,MS Flats,42.07,MT,88991.78,2024-01-06,45
PO-2022-2713,2023-04-15,VS13,MS Sheets,40.93,MT,56825.86,2023-04-21,30
PO-2022-2714,2023-11-02,VS10,SS Pipes,12.77,MT,65626.47,2023-11-10,30
PO-2022-2715,2023-05-07,VS05,SS Pipes,13.5,MT,47736.22,2023-05-21,15
PO-2022-2716,2022-08-26,VS09,Hex Bars,27.27,MT,115550.08,2022-08-29,30
PO-2022-2717,2023-01-22,VS02,MS Flats,12.64,MT,115169.43,2023-01-31,21
PO-2022-2718,2023-06-11,VS03,Hex Bars,34.99,MT,55887.99,2023-06-16,21
PO-2022-2719,2023-05-24,VS02,GI Pipes,47.25,MT,110612.18,2023-05-27,21
PO-2022-2720,2023-12-02,VS14,Angles & Channels,20.14,MT,111340.47,2023-12-06,30
PO-2022-2721,2021-02-25,VS25,Square/Rect Tubes,34.56,MT,50450.96,2021-03-11,30
PO-2022-2722,2022-03-12,VS07,MS Sheets,38.61,MT,64052.02,2022-03-20,15
PO-2022-2723,2022-12-30,VS04,GI Wire,25.94,MT,58755.29,2023-01-11,21
PO-2022-2724,2021-08-11,VS32,Structural Steel,21.8,MT,87102.81,2021-08-16,45
PO-2022-2725,2022-03-08,VS34,CR Sheets,15.23,MT,117234.68,2022-03-12,21
PO-2022-2726,2022-05-11,VS20,Spring Steel,1.24,MT,84585.74,2022-05-21,21
PO-2022-2727,2022-02-02,VS22,SS Sheets,12.63,MT,109712.53,2022-02-13,21
PO-2022-2728,2023-12-19,VS09,GI Wire,3.26,MT,62531.06,2023-12-27,30
PO-2022-2729,2021-09-12,VS04,ERW Pipes,33.68,MT,78865.04,2021-09-26,21
PO-2022-2730,2021-02-06,VS04,Hex Bars,19.04,MT,87334.63,2021-02-20,21
PO-2022-2731,2021-05-13,VS19,SS Sheets,29.13,MT,119727.0,2021-05-27,30
PO-2022-2732,2023-07-17,VS17,MS Sheets,20.74,MT,89838.78,2023-07-29,45
PO-2022-2733,2023-05-12,VS25,SS Sheets,41.68,MT,93131.2,2023-05-27,30
PO-2022-2734,2023-07-24,VS06,Hex Bars,15.48,MT,85144.85,2023-08-01,30
PO-2022-2735,2023-02-26,VS16,Square/Rect Tubes,17.19,MT,52720.8,2023-03-01,15
PO-2022-2736,2023-10-22,VS20,GI Sheets,47.71,MT,111790.48,2023-10-26,21
PO-2022-2737,2022-01-14,VS15,SS Sheets,39.25,MT,103220.16,2022-01-23,45
PO-2022-2738,2023-04-08,VS04,GI Wire,31.49,MT,46722.05,2023-04-19,21
PO-2022-2739,2023-08-27,VS10,MS Rods,32.37,MT,79288.61,2023-09-05,30
PO-2022-2740,2021-03-04,VS29,MS Sheets,37.71,MT,68212.63,2021-03-18,30
PO-2022-2741,2022-04-13,VS34,HR Coils,16.96,MT,94690.75,2022-04-21,21
PO-2022-2742,2022-05-15,VS34,Square/Rect Tubes,33.21,MT,87086.5,2022-05-18,21
PO-2022-2743,2022-08-07,VS01,Angles & Channels,48.04,MT,111546.2,2022-08-11,15
PO-2022-2744,2021-10-19,VS28,MS Flats,2.47,MT,105343.89,2021-11-03,15
PO-2022-2745,2021-10-29,VS26,Angles & Channels,27.68,MT,55995.92,2021-11-11,21
PO-2022-2746,2022-06-29,VS06,Spring Steel,19.74,MT,73372.21,2022-07-08,30
PO-2022-2747,2021-05-30,VS14,MS Pipes,28.53,MT,105655.66,2021-06-03,30
PO-2022-2748,2021-10-26,VS13,Hex Bars,16.37,MT,70263.94,2021-11-10,30
PO-2022-2749,2021-09-04,VS17,GI Sheets,39.08,MT,74900.29,2021-09-09,45
PO-2022-2750,2022-05-08,VS20,Hex Bars,14.32,MT,112424.54,2022-05-11,21
PO-2022-2751,2021-12-03,VS31,HR Coils,1.05,MT,95078.73,2021-12-14,45
PO-2022-2752,2023-06-09,VS26,MS Rods,4.07,MT,49136.32,2023-06-24,21
PO-2022-2753,2023-03-04,VS33,GI Sheets,4.68,MT,95123.63,2023-03-16,45
PO-2022-2754,2022-11-17,VS02,GI Pipes,47.32,MT,73139.36,2022-11-20,21
PO-2022-2755,2022-07-26,VS06,SS Sheets,31.86,MT,50487.21,2022-08-09,30
PO-2022-2756,2022-10-21,VS04,Fasteners & Fittings,20.98,MT,58289.19,2022-11-03,21
PO-2022-2757,2023-12-05,VS13,Fasteners & Fittings,32.46,MT,92023.33,2023-12-08,30
PO-2022-2758,2023-01-25,VS15,CR Sheets,14.24,MT,112178.89,2023-02-04,45
PO-2022-2759,2023-06-26,VS19,MS Rods,8.95,MT,102516.6,2023-07-06,30
PO-2022-2760,2021-10-14,VS26,GI Wire,33.9,MT,89723.4,2021-10-22,21
PO-2022-2761,2021-02-09,VS06,Structural Steel,36.52,MT,106950.45,2021-02-18,30
PO-2022-2762,2021-04-08,VS11,SS Pipes,38.69,MT,64765.94,2021-04-17,30
PO-2022-2763,2023-12-10,VS17,SS Pipes,48.54,MT,59882.94,2023-12-20,45
PO-2022-2764,2022-04-21,VS06,Square/Rect Tubes,47.76,MT,68565.01,2022-05-05,30
PO-2022-2765,2021-12-17,VS13,Angles & Channels,45.88,MT,75098.42,2021-12-27,30
PO-2022-2766,2021-06-12,VS30,MS Pipes,11.04,MT,119708.31,2021-06-17,45
PO-2022-2767,2021-07-28,VS06,MS Sheets,1.02,MT,53446.5,2021-08-12,30
PO-2022-2768,2023-05-15,VS16,Hex Bars,49.0,MT,68831.7,2023-05-25,15
PO-2022-2769,2023-10-13,VS23,MS Rods,6.94,MT,61369.03,2023-10-17,45
PO-2022-2770,2022-08-31,VS20,CR Sheets,30.04,MT,99449.0,2022-09-05,21
PO-2022-2771,2022-10-24,VS04,Square/Rect Tubes,43.34,MT,67051.24,2022-10-27,21
PO-2022-2772,2021-07-13,VS28,CR Sheets,14.95,MT,48967.51,2021-07-23,15
PO-2022-2773,2022-02-24,VS17,ERW Pipes,20.52,MT,85063.64,2022-03-01,45
PO-2022-2774,2023-08-07,VS32,Hex Bars,9.35,MT,58998.62,2023-08-10,45
PO-2022-2775,2021-11-27,VS06,Structural Steel,44.82,MT,89174.48,2021-12-02,30
PO-2022-2776,2021-07-29,VS13,CR Sheets,26.45,MT,118025.88,2021-08-03,30
PO-2022-2777,2022-11-28,VS32,Fasteners & Fittings,12.46,MT,76951.54,2022-12-04,45
PO-2022-2778,2022-05-13,VS08,Hex Bars,9.68,MT,96114.88,2022-05-21,21
PO-2022-2779,2023-04-17,VS02,MS Flats,12.22,MT,101270.34,2023-05-01,21
PO-2022-2780,2021-02-16,VS32,Spring Steel,36.24,MT,77151.69,2021-03-01,45
PO-2022-2781,2021-09-01,VS30,Structural Steel,35.31,MT,75199.45,2021-09-11,45
PO-2022-2782,2022-04-29,VS26,Hex Bars,39.21,MT,55990.81,2022-05-14,21
PO-2022-2783,2021-02-01,VS24,MS Pipes,19.43,MT,55772.21,2021-02-14,45
PO-2022-2784,2021-12-17,VS12,HR Coils,31.83,MT,72375.47,2021-12-22,15
PO-2022-2785,2021-06-26,VS26,Angles & Channels,1.73,MT,70128.83,2021-07-06,21
PO-2022-2786,2021-08-03,VS17,MS Rods,28.9,MT,99936.72,2021-08-14,45
PO-2022-2787,2021-12-23,VS05,Square/Rect Tubes,17.04,MT,74844.78,2022-01-02,15
PO-2022-2788,2021-03-22,VS18,HR Coils,22.07,MT,90672.09,2021-03-29,30
PO-2022-2789,2021-02-03,VS11,Square/Rect Tubes,44.72,MT,47834.11,2021-02-11,30
PO-2022-2790,2021-03-11,VS15,Spring Steel,22.22,MT,98939.17,2021-03-25,45
PO-2022-2791,2022-05-29,VS33,SS Sheets,32.77,MT,67360.3,2022-06-10,45
PO-2022-2792,2022-11-23,VS33,Spring Steel,31.85,MT,93545.31,2022-11-30,45
PO-2022-2793,2022-12-12,VS29,Spring Steel,25.87,MT,117182.25,2022-12-27,30
PO-2022-2794,2021-03-15,VS29,SS Pipes,18.49,MT,58428.17,2021-03-26,30
PO-2022-2795,2023-04-03,VS29,MS Rods,24.4,MT,85445.26,2023-04-16,30
PO-2022-2796,2022-01-18,VS02,Fasteners & Fittings,14.47,MT,103518.59,2022-01-30,21
PO-2022-2797,2021-05-11,VS30,Structural Steel,30.91,MT,81935.34,2021-05-22,45
PO-2022-2798,2021-11-04,VS28,Hex Bars,25.36,MT,108413.35,2021-11-09,15
PO-2022-2799,2022-10-18,VS34,GI Sheets,25.2,MT,101232.34,2022-11-02,21
PO-2022-2800,2023-12-26,VS21,Hex Bars,1.03,MT,93266.21,2024-01-08,15
PO-2022-2801,2022-05-02,VS24,GI Pipes,35.08,MT,111226.53,2022-05-15,45
PO-2022-2802,2023-01-09,VS25,MS Rods,36.66,MT,69890.77,2023-01-19,30
PO-2022-2803,2021-03-20,VS02,ERW Pipes,9.23,MT,112482.51,2021-03-25,21
PO-2022-2804,2022-12-03,VS24,CR Sheets,13.31,MT,115067.31,2022-12-12,45
PO-2022-2805,2023-08-02,VS26,GI Sheets,7.88,MT,106985.13,2023-08-14,21
PO-2022-2806,2022-08-26,VS12,HR Coils,32.06,MT,57181.64,2022-09-06,15
PO-2022-2807,2022-07-06,VS26,HR Coils,43.45,MT,59592.59,2022-07-18,21
PO-2022-2808,2021-07-31,VS22,MS Rods,9.06,MT,50970.52,2021-08-13,21
PO-2022-2809,2022-11-03,VS12,Spring Steel,38.31,MT,103148.83,2022-11-13,15
PO-2022-2810,2021-12-31,VS22,MS Rods,9.22,MT,88158.28,2022-01-09,21
PO-2022-2811,2022-03-30,VS15,MS Flats,26.96,MT,103626.19,2022-04-07,45
PO-2022-2812,2021-07-29,VS15,Hex Bars,6.2,MT,98296.15,2021-08-06,45
PO-2022-2813,2023-01-20,VS02,Structural Steel,26.43,MT,116719.42,2023-01-31,21
PO-2022-2814,2022-10-27,VS02,MS Flats,38.04,MT,102975.24,2022-11-03,21
PO-2022-2815,2022-06-20,VS15,MS Pipes,10.51,MT,92109.58,2022-06-24,45
PO-2022-2816,2023-11-16,VS05,ERW Pipes,45.78,MT,89925.08,2023-11-21,15
PO-2022-2817,2021-04-07,VS13,Hex Bars,41.82,MT,70021.14,2021-04-13,30
PO-2022-2818,2022-07-06,VS03,SS Pipes,42.09,MT,63194.5,2022-07-13,21
PO-2022-2819,2021-06-30,VS21,SS Sheets,23.23,MT,69507.59,2021-07-08,15
PO-2022-2820,2022-02-19,VS07,GI Sheets,36.72,MT,72458.26,2022-02-25,15
PO-2022-2821,2023-05-10,VS31,Hex Bars,5.77,MT,104910.28,2023-05-20,45
PO-2022-2822,2022-10-12,VS03,MS Pipes,48.03,MT,67528.85,2022-10-17,21
PO-2022-2823,2021-08-12,VS19,SS Pipes,2.72,MT,74401.04,2021-08-22,30
PO-2022-2824,2023-02-24,VS34,ERW Pipes,35.11,MT,84279.07,2023-03-07,21
PO-2022-2825,2021-05-04,VS09,Structural Steel,1.33,MT,72073.99,2021-05-10,30
PO-2022-2826,2023-11-20,VS34,Spring Steel,42.97,MT,71123.72,2023-11-25,21
PO-2022-2827,2021-10-08,VS22,Spring Steel,40.65,MT,105704.38,2021-10-17,21
PO-2022-2828,2023-05-03,VS04,MS Flats,43.34,MT,88767.53,2023-05-12,21
PO-2022-2829,2023-07-11,VS29,CR Sheets,15.63,MT,57569.24,2023-07-21,30
PO-2022-2830,2022-11-23,VS33,MS Flats,49.17,MT,111987.82,2022-11-30,45
PO-2022-2831,2022-11-27,VS28,Angles & Channels,40.03,MT,68799.55,2022-12-11,15
PO-2022-2832,2022-08-13,VS12,Hex Bars,7.32,MT,121524.4,2022-08-17,15
PO-2022-2833,2021-06-19,VS28,MS Flats,2.24,MT,114943.09,2021-06-22,15
PO-2022-2834,2021-03-22,VS03,Square/Rect Tubes,40.28,MT,75855.28,2021-03-28,21
PO-2022-2835,2022-04-21,VS05,HR Coils,7.43,MT,110802.88,2022-04-25,15
PO-2022-2836,2022-10-30,VS21,SS Pipes,11.21,MT,69298.24,2022-11-09,15
PO-2022-2837,2021-03-11,VS34,GI Sheets,32.04,MT,76926.21,2021-03-25,21
PO-2022-2838,2022-01-09,VS07,SS Sheets,15.86,MT,108834.16,2022-01-20,15
PO-2022-2839,2023-02-24,VS25,Structural Steel,8.06,MT,117232.15,2023-03-10,30
PO-2022-2840,2022-03-31,VS28,Fasteners & Fittings,45.04,MT,104162.07,2022-04-14,15
PO-2022-2841,2022-08-23,VS27,Square/Rect Tubes,37.6,MT,54730.24,2022-09-03,21
PO-2022-2842,2021-12-10,VS24,SS Sheets,11.25,MT,116901.87,2021-12-21,45
PO-2022-2843,2022-03-24,VS12,Spring Steel,40.58,MT,55057.17,2022-03-29,15
PO-2022-2844,2022-01-25,VS05,Square/Rect Tubes,10.81,MT,55740.95,2022-02-07,15
PO-2022-2845,2021-01-15,VS20,SS Pipes,3.89,MT,100372.23,2021-01-19,21
PO-2022-2846,2023-12-01,VS16,GI Wire,13.86,MT,57011.31,2023-12-15,15
PO-2022-2847,2023-08-07,VS23,MS Pipes,27.09,MT,102520.13,2023-08-16,45
PO-2022-2848,2023-11-29,VS06,Fasteners & Fittings,9.67,MT,58549.89,2023-12-07,30
PO-2022-2849,2023-09-11,VS30,MS Flats,13.76,MT,117997.2,2023-09-22,45
PO-2022-2850,2022-06-29,VS31,Square/Rect Tubes,19.57,MT,109705.33,2022-07-02,45
PO-2022-2851,2022-10-29,VS10,SS Pipes,26.04,MT,103163.85,2022-11-11,30
PO-2022-2852,2023-07-18,VS25,Spring Steel,12.81,MT,52668.75,2023-07-21,30
PO-2022-2853,2022-01-08,VS29,ERW Pipes,32.63,MT,58166.17,2022-01-18,30
PO-2022-2854,2022-03-17,VS13,Fasteners & Fittings,39.57,MT,99622.76,2022-03-29,30
PO-2022-2855,2022-01-17,VS02,MS Flats,9.91,MT,56639.37,2022-01-29,21
PO-2022-2856,2022-03-15,VS27,MS Sheets,47.81,MT,99960.38,2022-03-30,21
PO-2022-2857,2022-11-01,VS05,SS Sheets,12.58,MT,86299.42,2022-11-07,15
PO-2022-2858,2021-12-08,VS21,Angles & Channels,35.42,MT,63339.09,2021-12-20,15
PO-2022-2859,2022-02-21,VS21,Spring Steel,47.05,MT,65008.37,2022-02-25,15
PO-2022-2860,2023-09-29,VS30,Structural Steel,11.72,MT,105618.14,2023-10-06,45
PO-2022-2861,2022-05-22,VS02,MS Flats,13.79,MT,64042.22,2022-06-06,21
PO-2022-2862,2023-10-18,VS08,MS Sheets,44.77,MT,90270.56,2023-10-30,21
PO-2022-2863,2023-06-18,VS01,MS Sheets,28.98,MT,78010.63,2023-06-23,15
PO-2022-2864,2021-04-24,VS22,HR Coils,33.67,MT,89692.18,2021-05-09,21
PO-2022-2865,2023-12-16,VS32,ERW Pipes,11.5,MT,98093.9,2023-12-24,45
PO-2022-2866,2021-10-11,VS34,HR Coils,7.4,MT,47105.88,2021-10-24,21
PO-2022-2867,2021-07-21,VS09,Angles & Channels,20.46,MT,104293.93,2021-07-24,30
PO-2022-2868,2022-01-21,VS12,GI Pipes,44.29,MT,67494.3,2022-02-01,15
PO-2022-2869,2023-09-29,VS30,Hex Bars,25.67,MT,109771.73,2023-10-09,45
PO-2022-2870,2022-12-17,VS14,Angles & Channels,33.7,MT,71802.32,2022-12-23,30
PO-2022-2871,2024-01-01,VS26,GI Pipes,40.14,MT,114191.06,2024-01-16,21
PO-2022-2872,2021-03-24,VS13,MS Pipes,14.63,MT,67657.76,2021-04-02,30
PO-2022-2873,2021-06-17,VS21,ERW Pipes,23.55,MT,71016.56,2021-06-22,15
PO-2022-2874,2022-03-07,VS06,MS Pipes,39.17,MT,93218.38,2022-03-12,30
PO-2022-2875,2022-12-15,VS02,SS Pipes,15.84,MT,80847.66,2022-12-28,21
PO-2022-2876,2023-11-14,VS13,GI Pipes,30.99,MT,59724.95,2023-11-17,30
PO-2022-2877,2023-05-02,VS31,SS Pipes,11.31,MT,89511.37,2023-05-06,45
PO-2022-2878,2021-08-24,VS10,MS Rods,3.37,MT,56319.88,2021-08-29,30
PO-2022-2879,2021-08-25,VS14,MS Sheets,6.79,MT,96508.95,2021-09-08,30
PO-2022-2880,2023-08-01,VS27,Fasteners & Fittings,37.88,MT,55472.63,2023-08-05,21
PO-2022-2881,2021-07-02,VS08,ERW Pipes,19.75,MT,52837.91,2021-07-07,21
PO-2022-2882,2021-03-27,VS08,GI Pipes,22.88,MT,99224.95,2021-04-09,21
PO-2022-2883,2023-12-20,VS29,HR Coils,10.7,MT,91723.05,2024-01-03,30
PO-2022-2884,2022-03-15,VS03,SS Sheets,29.02,MT,80452.99,2022-03-23,21
PO-2022-2885,2022-03-03,VS01,MS Sheets,23.31,MT,110765.44,2022-03-18,15
PO-2022-2886,2022-09-10,VS34,ERW Pipes,8.33,MT,103875.08,2022-09-15,21
PO-2022-2887,2021-07-25,VS06,SS Sheets,2.11,MT,86879.0,2021-08-03,30
PO-2022-2888,2023-12-11,VS09,MS Flats,43.13,MT,88232.22,2023-12-19,30
PO-2022-2889,2021-10-03,VS10,SS Sheets,19.4,MT,46283.62,2021-10-15,30
PO-2022-2890,2022-02-01,VS24,Angles & Channels,36.36,MT,107973.45,2022-02-05,45
PO-2022-2891,2021-01-03,VS14,Angles & Channels,7.28,MT,97092.04,2021-01-13,30
PO-2022-2892,2021-02-04,VS07,HR Coils,48.48,MT,53898.77,2021-02-11,15
PO-2022-2893,2022-01-26,VS28,Angles & Channels,27.94,MT,85472.95,2022-02-04,15
PO-2022-2894,2022-09-21,VS09,GI Sheets,42.47,MT,64451.79,2022-09-25,30
PO-2022-2895,2021-11-16,VS02,Square/Rect Tubes,49.51,MT,114763.89,2021-11-25,21
PO-2022-2896,2021-09-10,VS24,MS Sheets,24.49,MT,86814.63,2021-09-17,45
PO-2022-2897,2021-05-04,VS11,GI Pipes,22.71,MT,99116.06,2021-05-08,30
PO-2022-2898,2023-06-03,VS28,MS Pipes,21.2,MT,54749.07,2023-06-10,15
PO-2022-2899,2023-12-24,VS07,MS Flats,16.65,MT,116468.58,2023-12-29,15
PO-2022-2900,2021-01-16,VS15,SS Sheets,2.59,MT,49398.58,2021-01-19,45
PO-2022-2901,2023-01-14,VS26,Structural Steel,28.66,MT,102630.94,2023-01-24,21
PO-2022-2902,2023-01-25,VS28,SS Sheets,31.52,MT,72816.6,2023-02-06,15
PO-2022-2903,2022-12-14,VS24,SS Sheets,21.83,MT,57936.19,2022-12-20,45
PO-2022-2904,2022-05-30,VS31,ERW Pipes,7.71,MT,105756.59,2022-06-09,45
PO-2022-2905,2023-06-09,VS01,ERW Pipes,3.16,MT,49454.89,2023-06-13,15
PO-2022-2906,2023-11-20,VS08,GI Pipes,11.15,MT,105457.26,2023-12-04,21
PO-2022-2907,2023-04-25,VS15,ERW Pipes,23.02,MT,65712.75,2023-04-29,45
PO-2022-2908,2023-09-29,VS11,GI Wire,26.3,MT,85827.95,2023-10-10,30
PO-2022-2909,2021-07-19,VS24,Fasteners & Fittings,6.26,MT,89456.05,2021-08-02,45
PO-2022-2910,2021-08-10,VS22,GI Pipes,23.71,MT,59661.43,2021-08-13,21
PO-2022-2911,2023-04-17,VS29,ERW Pipes,13.08,MT,79645.96,2023-04-23,30
PO-2022-2912,2022-11-12,VS06,GI Pipes,40.84,MT,66579.4,2022-11-23,30
PO-2022-2913,2022-07-19,VS32,SS Sheets,10.78,MT,75046.28,2022-07-23,45
PO-2022-2914,2022-02-07,VS02,MS Pipes,28.69,MT,58629.44,2022-02-18,21
PO-2022-2915,2023-12-18,VS23,Fasteners & Fittings,21.87,MT,77211.37,2023-12-25,45
PO-2022-2916,2023-10-14,VS02,GI Sheets,6.9,MT,45410.0,2023-10-20,21
PO-2022-2917,2022-02-15,VS26,MS Sheets,41.31,MT,113959.22,2022-02-25,21
PO-2022-2918,2022-06-05,VS28,MS Rods,22.4,MT,56168.52,2022-06-13,15
PO-2022-2919,2021-05-12,VS34,HR Coils,41.7,MT,97460.79,2021-05-22,21
PO-2022-2920,2021-02-08,VS03,GI Pipes,49.01,MT,78232.78,2021-02-17,21
PO-2022-2921,2021-07-25,VS20,MS Flats,31.72,MT,46870.0,2021-07-29,21
PO-2022-2922,2021-08-27,VS04,Fasteners & Fittings,29.84,MT,94990.24,2021-08-31,21
PO-2022-2923,2022-06-01,VS03,MS Pipes,37.7,MT,67290.15,2022-06-07,21
PO-2022-2924,2021-05-20,VS18,MS Pipes,16.44,MT,95078.23,2021-06-03,30
PO-2022-2925,2021-05-15,VS21,MS Sheets,3.07,MT,90791.88,2021-05-26,15
PO-2022-2926,2021-03-19,VS20,Structural Steel,46.53,MT,74625.02,2021-03-31,21
PO-2022-2927,2023-12-20,VS32,HR Coils,32.75,MT,59899.78,2024-01-01,45
PO-2022-2928,2023-06-19,VS08,GI Wire,19.73,MT,86740.65,2023-06-26,21
PO-2022-2929,2021-07-29,VS27,MS Rods,47.82,MT,56132.99,2021-08-08,21
PO-2022-2930,2022-08-11,VS04,Structural Steel,24.51,MT,64963.06,2022-08-17,21
PO-2022-2931,2021-12-23,VS21,GI Wire,9.97,MT,100272.6,2022-01-03,15
PO-2022-2932,2022-08-16,VS08,Fasteners & Fittings,40.54,MT,50024.67,2022-08-23,21
PO-2022-2933,2021-12-05,VS28,Square/Rect Tubes,2.29,MT,80045.14,2021-12-16,15
PO-2022-2934,2023-08-02,VS11,ERW Pipes,5.36,MT,49119.19,2023-08-07,30
PO-2022-2935,2021-02-26,VS17,ERW Pipes,42.63,MT,112645.23,2021-03-09,45
PO-2022-2936,2021-06-21,VS16,Angles & Channels,34.53,MT,101319.43,2021-07-03,15
PO-2022-2937,2023-11-17,VS33,Fasteners & Fittings,45.14,MT,112308.51,2023-11-21,45
PO-2022-2938,2023-06-30,VS02,Spring Steel,25.68,MT,89073.56,2023-07-07,21
PO-2022-2939,2023-11-07,VS02,SS Pipes,48.55,MT,114605.68,2023-11-14,21
PO-2022-2940,2022-09-15,VS09,MS Sheets,38.13,MT,78846.85,2022-09-23,30
PO-2022-2941,2023-12-05,VS33,HR Coils,28.98,MT,78026.52,2023-12-16,45
PO-2022-2942,2023-02-05,VS29,MS Pipes,27.42,MT,49628.59,2023-02-08,30
PO-2022-2943,2022-06-16,VS03,GI Wire,24.24,MT,83715.47,2022-06-20,21
PO-2022-2944,2022-01-04,VS13,MS Rods,28.61,MT,67466.68,2022-01-13,30
PO-2022-2945,2021-07-07,VS06,MS Sheets,26.03,MT,82476.33,2021-07-19,30
PO-2022-2946,2022-07-08,VS11,GI Wire,28.42,MT,82851.5,2022-07-18,30
PO-2022-2947,2023-03-15,VS31,GI Pipes,14.09,MT,89163.13,2023-03-21,45
PO-2022-2948,2021-08-30,VS17,SS Pipes,39.72,MT,76764.21,2021-09-07,45
PO-2022-2949,2023-05-25,VS03,Structural Steel,45.08,MT,96901.49,2023-05-30,21
PO-2022-2950,2023-09-26,VS19,Spring Steel,28.35,MT,72797.94,2023-10-05,30
PO-2022-2951,2022-12-27,VS07,Fasteners & Fittings,29.47,MT,109424.5,2023-01-09,15
PO-2022-2952,2023-03-27,VS12,SS Sheets,32.36,MT,115811.86,2023-04-05,15
PO-2022-2953,2022-08-03,VS25,MS Rods,27.79,MT,99026.62,2022-08-15,30
PO-2022-2954,2023-05-30,VS02,CR Sheets,23.2,MT,68429.53,2023-06-03,21
PO-2022-2955,2023-06-29,VS01,Square/Rect Tubes,28.48,MT,52665.73,2023-07-04,15
PO-2022-2956,2021-11-24,VS23,HR Coils,41.45,MT,75497.32,2021-12-05,45
PO-2022-2957,2021-09-14,VS01,Hex Bars,48.42,MT,117011.56,2021-09-29,15
PO-2022-2958,2022-03-31,VS18,Spring Steel,20.61,MT,97251.59,2022-04-06,30
PO-2022-2959,2021-03-26,VS28,Square/Rect Tubes,49.27,MT,74639.14,2021-03-31,15
PO-2022-2960,2023-12-16,VS29,SS Pipes,21.82,MT,91742.93,2023-12-20,30
PO-2022-2961,2021-07-02,VS20,SS Pipes,11.51,MT,107227.22,2021-07-14,21
PO-2022-2962,2022-05-24,VS23,MS Sheets,49.93,MT,110484.96,2022-06-07,45
PO-2022-2963,2023-04-15,VS07,HR Coils,11.45,MT,98978.58,2023-04-18,15
PO-2022-2964,2022-12-01,VS12,HR Coils,3.15,MT,66651.98,2022-12-12,15
PO-2022-2965,2023-11-13,VS07,MS Rods,17.29,MT,107254.41,2023-11-16,15
PO-2022-2966,2021-12-06,VS24,CR Sheets,37.77,MT,82169.4,2021-12-13,45
PO-2022-2967,2021-09-13,VS07,GI Wire,16.58,MT,47367.43,2021-09-19,15
PO-2022-2968,2022-08-16,VS18,MS Pipes,39.6,MT,76229.32,2022-08-20,30
PO-2022-2969,2023-08-21,VS31,SS Pipes,38.85,MT,54508.3,2023-08-28,45
PO-2022-2970,2021-03-27,VS01,MS Rods,23.62,MT,86336.47,2021-03-31,15
PO-2022-2971,2022-07-11,VS06,Fasteners & Fittings,14.27,MT,83772.87,2022-07-15,30
PO-2022-2972,2022-04-09,VS21,MS Sheets,46.04,MT,91994.26,2022-04-16,15
PO-2022-2973,2023-05-15,VS16,MS Rods,35.13,MT,86216.41,2023-05-22,15
PO-2022-2974,2023-11-04,VS25,SS Sheets,34.75,MT,110004.92,2023-11-12,30
PO-2022-2975,2022-11-28,VS17,MS Flats,40.38,MT,48697.54,2022-12-02,45
PO-2022-2976,2021-10-04,VS12,GI Pipes,42.4,MT,107721.59,2021-10-12,15
PO-2022-2977,2022-05-20,VS25,GI Pipes,18.21,MT,50278.77,2022-05-24,30
PO-2022-2978,2023-05-16,VS04,HR Coils,41.79,MT,85336.31,2023-05-31,21
PO-2022-2979,2023-03-20,VS14,GI Wire,16.41,MT,75809.22,2023-04-03,30
PO-2022-2980,2021-09-15,VS07,Hex Bars,29.38,MT,69574.04,2021-09-27,15
PO-2022-2981,2021-04-25,VS25,Structural Steel,1.38,MT,46857.99,2021-05-08,30
PO-2022-2982,2022-09-09,VS09,SS Sheets,26.99,MT,88527.29,2022-09-14,30
PO-2022-2983,2021-04-07,VS19,MS Rods,49.93,MT,100027.86,2021-04-14,30
PO-2022-2984,2023-06-10,VS28,Structural Steel,21.11,MT,69515.59,2023-06-19,15
PO-2022-2985,2022-06-21,VS11,MS Pipes,41.19,MT,114854.47,2022-06-29,30
PO-2022-2986,2023-05-18,VS24,Structural Steel,38.06,MT,70493.76,2023-05-21,45
PO-2022-2987,2023-07-12,VS20,MS Flats,48.27,MT,59421.56,2023-07-23,21
PO-2022-2988,2021-03-01,VS28,Square/Rect Tubes,12.88,MT,103667.29,2021-03-08,15
PO-2022-2989,2023-04-09,VS25,Square/Rect Tubes,42.86,MT,58824.4,2023-04-18,30
PO-2022-2990,2022-11-21,VS19,GI Pipes,6.31,MT,96144.67,2022-12-03,30
PO-2022-2991,2022-12-12,VS15,GI Pipes,1.45,MT,114893.66,2022-12-21,45
PO-2022-2992,2021-11-25,VS12,ERW Pipes,9.57,MT,69740.76,2021-12-10,15
PO-2022-2993,2023-07-15,VS28,Structural Steel,35.0,MT,80546.13,2023-07-24,15
PO-2022-2994,2021-10-03,VS21,SS Pipes,20.12,MT,52774.22,2021-10-08,15
PO-2022-2995,2022-07-30,VS07,SS Pipes,19.25,MT,117930.92,2022-08-10,15
PO-2022-2996,2022-05-30,VS34,MS Rods,49.68,MT,45458.95,2022-06-10,21
PO-2022-2997,2021-01-31,VS07,Structural Steel,29.85,MT,118648.39,2021-02-10,15
PO-2022-2998,2023-10-10,VS09,GI Sheets,43.86,MT,57966.69,2023-10-22,30
PO-2022-2999,2023-01-04,VS29,MS Pipes,46.62,MT,65489.78,2023-01-09,30
PO-2022-3000,2023-04-17,VS17,MS Sheets,32.29,MT,76874.11,2023-04-22,45
PO-2022-3001,2021-08-16,VS11,GI Pipes,10.99,MT,63842.14,2021-08-30,30
PO-2022-3002,2023-09-08,VS22,HR Coils,22.07,MT,97232.57,2023-09-22,21
PO-2022-3003,2023-03-02,VS04,Fasteners & Fittings,28.15,MT,118027.72,2023-03-15,21
PO-2022-3004,2021-12-12,VS24,CR Sheets,47.45,MT,58112.13,2021-12-17,45
PO-2022-3005,2021-09-10,VS15,Hex Bars,16.89,MT,63991.33,2021-09-25,45
PO-2022-3006,2022-07-04,VS04,GI Pipes,34.12,MT,77192.79,2022-07-11,21
PO-2022-3007,2023-01-23,VS19,Fasteners & Fittings,17.59,MT,58160.08,2023-01-29,30
PO-2022-3008,2021-06-07,VS08,Square/Rect Tubes,47.28,MT,56562.29,2021-06-21,21
PO-2022-3009,2023-07-06,VS19,Spring Steel,31.12,MT,104245.36,2023-07-16,30
PO-2022-3010,2021-06-23,VS29,Fasteners & Fittings,45.16,MT,74860.8,2021-06-29,30
PO-2022-3011,2022-05-13,VS19,MS Sheets,24.97,MT,49195.0,2022-05-24,30
PO-2022-3012,2023-02-17,VS11,SS Pipes,44.99,MT,71522.26,2023-02-20,30
PO-2022-3013,2021-05-05,VS05,MS Rods,48.15,MT,107002.62,2021-05-12,15
PO-2022-3014,2022-11-05,VS13,GI Pipes,19.94,MT,119574.75,2022-11-11,30
PO-2022-3015,2022-10-28,VS33,Square/Rect Tubes,14.07,MT,112034.57,2022-11-05,45
PO-2022-3016,2022-04-16,VS20,MS Pipes,2.75,MT,114062.44,2022-04-30,21
PO-2022-3017,2021-08-01,VS33,SS Pipes,36.04,MT,74725.43,2021-08-11,45
PO-2022-3018,2023-11-01,VS19,Hex Bars,45.35,MT,112519.69,2023-11-09,30
PO-2022-3019,2021-12-19,VS18,CR Sheets,13.47,MT,95251.95,2021-12-27,30
PO-2022-3020,2022-06-20,VS17,GI Wire,3.62,MT,84880.27,2022-07-01,45
PO-2022-3021,2023-01-11,VS05,Structural Steel,30.54,MT,61308.2,2023-01-25,15
PO-2022-3022,2021-08-08,VS01,MS Flats,12.81,MT,89681.73,2021-08-13,15
PO-2022-3023,2023-07-24,VS33,Hex Bars,33.39,MT,110560.01,2023-08-07,45
PO-2022-3024,2023-03-02,VS28,Hex Bars,26.21,MT,56625.27,2023-03-17,15
PO-2022-3025,2021-05-05,VS20,MS Flats,24.58,MT,97730.82,2021-05-15,21
PO-2022-3026,2021-08-03,VS18,Fasteners & Fittings,34.37,MT,64034.48,2021-08-09,30
PO-2022-3027,2021-03-16,VS06,Spring Steel,37.64,MT,73600.39,2021-03-23,30
PO-2022-3028,2021-12-25,VS18,Square/Rect Tubes,45.32,MT,107373.12,2022-01-07,30
PO-2022-3029,2022-04-09,VS29,MS Sheets,26.55,MT,62870.04,2022-04-24,30
PO-2022-3030,2021-07-31,VS10,ERW Pipes,49.28,MT,94464.82,2021-08-10,30
PO-2022-3031,2021-03-03,VS26,MS Sheets,47.24,MT,87493.59,2021-03-08,21
PO-2022-3032,2023-11-25,VS33,GI Pipes,35.87,MT,86778.44,2023-12-01,45
PO-2022-3033,2021-12-10,VS10,ERW Pipes,3.19,MT,53772.97,2021-12-15,30
PO-2022-3034,2022-04-17,VS12,MS Pipes,1.8,MT,100749.87,2022-04-26,15
PO-2022-3035,2023-08-03,VS28,MS Rods,6.62,MT,113253.06,2023-08-14,15
PO-2022-3036,2023-09-12,VS25,ERW Pipes,1.55,MT,51270.86,2023-09-19,30
PO-2022-3037,2022-01-23,VS24,MS Rods,40.05,MT,66657.29,2022-02-06,45
PO-2022-3038,2022-04-27,VS19,MS Flats,32.84,MT,96809.96,2022-05-01,30
PO-2022-3039,2023-11-12,VS04,Structural Steel,14.54,MT,103727.88,2023-11-27,21
PO-2022-3040,2021-10-11,VS13,MS Flats,16.16,MT,109976.59,2021-10-23,30
PO-2022-3041,2022-10-10,VS07,GI Pipes,1.18,MT,100000.14,2022-10-13,15
PO-2022-3042,2023-07-26,VS26,MS Sheets,1.17,MT,106302.73,2023-08-02,21
PO-2022-3043,2022-11-06,VS25,Fasteners & Fittings,41.87,MT,69855.56,2022-11-20,30
PO-2022-3044,2021-04-05,VS28,GI Wire,48.65,MT,95133.15,2021-04-14,15
PO-2022-3045,2022-07-05,VS06,SS Pipes,1.64,MT,93547.86,2022-07-13,30
PO-2022-3046,2022-09-05,VS06,SS Pipes,35.5,MT,111885.68,2022-09-11,30
PO-2022-3047,2022-08-01,VS01,Fasteners & Fittings,27.54,MT,52542.87,2022-08-13,15
PO-2022-3048,2022-07-05,VS31,GI Pipes,26.62,MT,46128.33,2022-07-20,45
PO-2022-3049,2022-02-03,VS28,GI Wire,27.86,MT,67065.08,2022-02-08,15
PO-2022-3050,2023-02-13,VS26,MS Sheets,20.03,MT,79433.5,2023-02-16,21
PO-2022-3051,2023-12-18,VS15,Spring Steel,22.24,MT,86656.56,2023-12-31,45
PO-2022-3052,2021-08-31,VS31,Hex Bars,49.76,MT,94530.89,2021-09-10,45
PO-2022-3053,2021-05-29,VS24,MS Pipes,19.18,MT,89352.14,2021-06-03,45
PO-2022-3054,2023-01-14,VS30,SS Pipes,28.9,MT,112259.41,2023-01-17,45
PO-2022-3055,2022-04-30,VS09,MS Pipes,47.22,MT,54952.58,2022-05-14,30
PO-2022-3056,2023-01-05,VS30,Hex Bars,29.29,MT,107327.78,2023-01-10,45
PO-2022-3057,2023-02-18,VS01,SS Sheets,48.91,MT,86497.2,2023-02-21,15
PO-2022-3058,2023-01-25,VS09,SS Pipes,39.41,MT,72090.52,2023-02-05,30
PO-2022-3059,2022-10-06,VS08,Fasteners & Fittings,24.85,MT,66809.05,2022-10-10,21
PO-2022-3060,2021-10-10,VS32,SS Sheets,19.87,MT,58865.87,2021-10-14,45
PO-2022-3061,2021-07-17,VS10,CR Sheets,5.5,MT,98457.76,2021-07-26,30
PO-2022-3062,2021-10-10,VS28,CR Sheets,9.67,MT,55568.5,2021-10-20,15
PO-2022-3063,2022-11-16,VS33,SS Pipes,23.01,MT,105837.21,2022-11-23,45
PO-2022-3064,2023-01-21,VS18,Square/Rect Tubes,6.16,MT,86516.41,2023-02-03,30
PO-2022-3065,2022-08-25,VS24,Structural Steel,41.84,MT,48402.86,2022-09-03,45
PO-2022-3066,2023-11-02,VS09,MS Pipes,42.4,MT,55615.2,2023-11-10,30
PO-2022-3067,2023-10-15,VS01,MS Pipes,46.97,MT,48733.58,2023-10-28,15
PO-2022-3068,2023-03-29,VS15,MS Flats,21.09,MT,116297.94,2023-04-08,45
PO-2022-3069,2021-12-18,VS14,Square/Rect Tubes,14.64,MT,109838.75,2021-12-23,30
PO-2022-3070,2023-10-28,VS11,Spring Steel,30.94,MT,111556.81,2023-11-12,30
PO-2022-3071,2022-07-28,VS01,GI Pipes,5.36,MT,84012.8,2022-08-08,15
PO-2022-3072,2022-01-10,VS11,CR Sheets,36.14,MT,63027.79,2022-01-15,30
PO-2022-3073,2023-05-10,VS05,MS Rods,47.14,MT,85668.37,2023-05-25,15
PO-2022-3074,2023-02-04,VS01,Structural Steel,4.23,MT,103972.59,2023-02-15,15
PO-2022-3075,2021-05-01,VS06,ERW Pipes,29.14,MT,118104.34,2021-05-13,30
PO-2022-3076,2021-12-31,VS30,ERW Pipes,49.07,MT,94270.29,2022-01-08,45
PO-2022-3077,2022-01-16,VS28,SS Pipes,37.63,MT,48271.47,2022-01-24,15
PO-2022-3078,2022-04-11,VS29,GI Pipes,41.22,MT,55212.32,2022-04-14,30
PO-2022-3079,2021-03-09,VS30,SS Pipes,40.67,MT,89523.63,2021-03-22,45
PO-2022-3080,2021-01-31,VS01,Structural Steel,13.56,MT,97549.58,2021-02-13,15
PO-2022-3081,2021-06-27,VS33,SS Sheets,28.53,MT,69542.16,2021-07-04,45
PO-2022-3082,2022-04-10,VS10,Hex Bars,23.95,MT,89482.36,2022-04-22,30
PO-2022-3083,2022-03-13,VS27,Angles & Channels,7.44,MT,64281.81,2022-03-23,21
PO-2022-3084,2021-08-25,VS27,SS Pipes,48.01,MT,104477.37,2021-09-05,21
PO-2022-3085,2021-10-17,VS31,GI Sheets,40.43,MT,105820.26,2021-10-21,45
PO-2022-3086,2022-03-13,VS05,GI Pipes,13.63,MT,48405.3,2022-03-21,15
PO-2022-3087,2023-04-06,VS15,MS Sheets,4.37,MT,111930.14,2023-04-12,45
PO-2022-3088,2023-01-08,VS29,CR Sheets,26.68,MT,111098.17,2023-01-14,30
PO-2022-3089,2022-11-22,VS10,GI Wire,26.97,MT,75422.37,2022-11-29,30
PO-2022-3090,2023-06-11,VS03,GI Wire,22.94,MT,92686.31,2023-06-17,21
PO-2022-3091,2022-05-30,VS20,Spring Steel,25.67,MT,86037.19,2022-06-04,21
PO-2022-3092,2022-10-14,VS15,MS Rods,46.14,MT,104834.52,2022-10-27,45
PO-2022-3093,2022-09-03,VS26,Square/Rect Tubes,27.47,MT,69813.62,2022-09-06,21
PO-2022-3094,2023-07-02,VS29,CR Sheets,35.53,MT,74510.52,2023-07-12,30
PO-2022-3095,2022-11-19,VS23,SS Pipes,18.85,MT,74779.94,2022-11-25,45
PO-2022-3096,2022-01-10,VS01,GI Pipes,27.5,MT,69997.99,2022-01-25,15
PO-2022-3097,2022-10-27,VS07,GI Pipes,25.18,MT,97487.79,2022-11-10,15
PO-2022-3098,2021-02-26,VS07,HR Coils,5.89,MT,51250.1,2021-03-02,15
PO-2022-3099,2023-08-06,VS33,MS Rods,5.64,MT,118971.02,2023-08-09,45
PO-2022-3100,2021-10-19,VS22,SS Sheets,35.5,MT,78388.89,2021-10-28,21
PO-2022-3101,2021-04-21,VS12,MS Sheets,32.06,MT,78477.59,2021-05-03,15
PO-2022-3102,2023-01-30,VS15,MS Flats,41.06,MT,114912.56,2023-02-13,45
PO-2022-3103,2021-06-20,VS12,MS Pipes,44.76,MT,98815.19,2021-06-25,15
PO-2022-3104,2023-06-16,VS21,Angles & Channels,43.72,MT,49464.08,2023-06-21,15
PO-2022-3105,2023-05-06,VS04,SS Pipes,16.66,MT,70294.54,2023-05-20,21
PO-2022-3106,2022-01-10,VS23,CR Sheets,22.57,MT,111794.76,2022-01-18,45
PO-2022-3107,2021-03-07,VS29,SS Sheets,3.15,MT,107606.51,2021-03-11,30
PO-2022-3108,2023-06-27,VS13,Square/Rect Tubes,23.72,MT,86305.84,2023-07-05,30
PO-2022-3109,2023-01-20,VS02,HR Coils,33.65,MT,107192.52,2023-01-23,21
PO-2022-3110,2021-01-20,VS26,SS Sheets,47.91,MT,91653.05,2021-01-27,21
PO-2022-3111,2021-01-25,VS14,ERW Pipes,1.15,MT,71115.74,2021-01-28,30
PO-2022-3112,2022-03-16,VS28,GI Pipes,25.82,MT,97404.73,2022-03-31,15
PO-2022-3113,2022-08-06,VS05,SS Pipes,27.6,MT,92014.57,2022-08-10,15
PO-2022-3114,2022-03-30,VS22,MS Sheets,48.03,MT,71938.06,2022-04-14,21
PO-2022-3115,2022-05-14,VS24,MS Flats,8.18,MT,72100.95,2022-05-18,45
PO-2022-3116,2021-03-10,VS04,GI Wire,48.22,MT,87704.59,2021-03-22,21
PO-2022-3117,2021-01-27,VS02,MS Rods,28.99,MT,115717.84,2021-02-07,21
PO-2022-3118,2021-05-01,VS05,Spring Steel,19.96,MT,77942.42,2021-05-08,15
PO-2022-3119,2021-04-01,VS16,Structural Steel,25.55,MT,97079.11,2021-04-06,15
PO-2022-3120,2022-03-23,VS13,SS Sheets,16.03,MT,97416.7,2022-03-31,30
PO-2022-3121,2022-04-06,VS02,MS Pipes,20.24,MT,79385.72,2022-04-21,21
PO-2022-3122,2021-11-18,VS22,MS Flats,1.39,MT,57051.01,2021-11-26,21
PO-2022-3123,2021-01-23,VS05,Structural Steel,11.41,MT,73461.22,2021-01-30,15
PO-2022-3124,2021-09-24,VS26,MS Sheets,15.01,MT,79453.39,2021-10-01,21
PO-2022-3125,2022-01-12,VS04,MS Sheets,33.41,MT,87951.16,2022-01-27,21
PO-2022-3126,2021-11-03,VS15,HR Coils,16.08,MT,109200.86,2021-11-07,45
PO-2022-3127,2021-02-01,VS03,GI Pipes,32.51,MT,116403.07,2021-02-14,21
PO-2022-3128,2021-04-06,VS23,HR Coils,1.28,MT,102322.91,2021-04-17,45
PO-2022-3129,2023-04-28,VS33,CR Sheets,12.91,MT,56360.01,2023-05-02,45
PO-2022-3130,2021-07-01,VS25,MS Rods,22.76,MT,104593.37,2021-07-13,30
PO-2022-3131,2021-01-14,VS19,MS Flats,47.93,MT,118835.31,2021-01-24,30
PO-2022-3132,2022-11-16,VS29,MS Flats,43.0,MT,109552.78,2022-11-20,30
PO-2022-3133,2021-12-17,VS28,SS Sheets,9.21,MT,48481.97,2021-12-23,15
PO-2022-3134,2023-05-09,VS12,MS Pipes,44.35,MT,57834.29,2023-05-17,15
PO-2022-3135,2022-12-26,VS34,MS Sheets,4.81,MT,79645.78,2023-01-05,21
PO-2022-3136,2021-02-20,VS09,MS Pipes,45.46,MT,53590.08,2021-03-07,30
PO-2022-3137,2022-12-07,VS11,HR Coils,35.97,MT,86304.81,2022-12-12,30
PO-2022-3138,2022-01-23,VS28,MS Sheets,5.85,MT,104644.63,2022-02-06,15
PO-2022-3139,2021-12-17,VS05,Angles & Channels,45.44,MT,84332.47,2021-12-21,15
PO-2022-3140,2023-12-06,VS32,MS Pipes,34.63,MT,87415.75,2023-12-15,45
PO-2022-3141,2021-08-06,VS08,Hex Bars,22.39,MT,85164.79,2021-08-14,21
PO-2022-3142,2021-06-17,VS21,Fasteners & Fittings,34.82,MT,80283.39,2021-07-01,15
PO-2022-3143,2021-07-12,VS25,Spring Steel,26.32,MT,98162.23,2021-07-27,30
PO-2022-3144,2022-11-27,VS16,Structural Steel,27.21,MT,105622.19,2022-12-09,15
PO-2022-3145,2022-03-19,VS05,Spring Steel,48.98,MT,90649.24,2022-03-24,15
PO-2022-3146,2023-11-08,VS31,MS Sheets,40.38,MT,65708.32,2023-11-15,45
PO-2022-3147,2021-04-20,VS07,Hex Bars,7.77,MT,99178.69,2021-04-30,15
PO-2022-3148,2021-11-29,VS01,GI Pipes,9.7,MT,61031.36,2021-12-06,15
PO-2022-3149,2021-09-19,VS15,Square/Rect Tubes,33.46,MT,56661.53,2021-09-26,45
PO-2022-3150,2021-07-01,VS18,CR Sheets,24.88,MT,65907.08,2021-07-07,30
PO-2022-3151,2021-09-27,VS34,ERW Pipes,4.24,MT,118045.36,2021-10-05,21
PO-2022-3152,2022-02-06,VS01,Square/Rect Tubes,37.05,MT,100108.98,2022-02-11,15
PO-2022-3153,2021-03-15,VS14,GI Pipes,14.57,MT,98579.56,2021-03-20,30
PO-2022-3154,2022-03-25,VS09,Square/Rect Tubes,36.13,MT,82352.03,2022-03-30,30
PO-2022-3155,2021-07-31,VS16,Angles & Channels,36.17,MT,48107.16,2021-08-15,15
PO-2022-3156,2021-09-25,VS33,SS Pipes,21.48,MT,111475.19,2021-10-04,45
PO-2022-3157,2022-06-04,VS26,GI Sheets,1.14,MT,118827.09,2022-06-07,21
PO-2022-3158,2022-12-07,VS15,Fasteners & Fittings,23.39,MT,71689.42,2022-12-19,45
PO-2022-3159,2021-07-16,VS15,Square/Rect Tubes,38.63,MT,96284.02,2021-07-29,45
PO-2022-3160,2021-11-28,VS06,GI Wire,34.45,MT,105971.6,2021-12-12,30
PO-2022-3161,2021-06-01,VS31,SS Sheets,19.53,MT,90608.88,2021-06-06,45
PO-2022-3162,2023-12-24,VS14,ERW Pipes,47.26,MT,47187.87,2023-12-30,30
PO-2022-3163,2022-07-20,VS05,MS Rods,20.2,MT,56312.68,2022-07-24,15
PO-2022-3164,2022-02-20,VS08,GI Wire,24.86,MT,82581.54,2022-02-28,21
PO-2022-3165,2023-04-12,VS24,GI Wire,42.23,MT,113055.84,2023-04-22,45
PO-2022-3166,2021-03-25,VS25,HR Coils,35.32,MT,114739.62,2021-03-29,30
PO-2022-3167,2023-11-15,VS26,Angles & Channels,18.72,MT,67739.75,2023-11-22,21
PO-2022-3168,2022-06-06,VS20,GI Pipes,22.61,MT,77361.39,2022-06-12,21
PO-2022-3169,2022-09-20,VS13,HR Coils,28.81,MT,70784.24,2022-09-27,30
PO-2022-3170,2023-02-11,VS11,Fasteners & Fittings,10.3,MT,108488.2,2023-02-20,30
PO-2022-3171,2021-10-03,VS28,ERW Pipes,5.33,MT,117649.31,2021-10-10,15
PO-2022-3172,2022-03-20,VS27,Square/Rect Tubes,46.06,MT,100413.3,2022-04-02,21
PO-2022-3173,2022-10-19,VS18,Square/Rect Tubes,5.97,MT,83601.53,2022-10-30,30
PO-2022-3174,2021-03-22,VS32,ERW Pipes,37.26,MT,114772.89,2021-03-27,45
PO-2022-3175,2022-05-07,VS20,SS Pipes,33.24,MT,87817.02,2022-05-16,21
PO-2022-3176,2022-06-24,VS15,GI Sheets,28.43,MT,105374.85,2022-06-29,45
PO-2022-3177,2022-07-31,VS30,MS Sheets,44.56,MT,95003.28,2022-08-08,45
PO-2022-3178,2023-12-25,VS16,HR Coils,13.03,MT,116192.64,2023-12-28,15
PO-2022-3179,2022-05-09,VS05,SS Pipes,35.61,MT,72438.33,2022-05-22,15
PO-2022-3180,2023-12-20,VS32,MS Rods,2.37,MT,118510.34,2023-12-27,45
PO-2022-3181,2023-01-28,VS30,MS Rods,45.89,MT,87278.66,2023-02-04,45
PO-2022-3182,2023-10-20,VS22,Fasteners & Fittings,20.67,MT,98407.98,2023-11-03,21
PO-2022-3183,2022-07-04,VS22,GI Sheets,18.66,MT,62994.69,2022-07-12,21
PO-2022-3184,2023-08-26,VS18,MS Rods,19.95,MT,99610.01,2023-09-10,30
PO-2022-3185,2023-10-27,VS25,SS Pipes,22.11,MT,112945.86,2023-11-01,30
PO-2022-3186,2021-06-11,VS12,MS Flats,14.99,MT,48525.83,2021-06-25,15
PO-2022-3187,2021-01-17,VS22,SS Sheets,25.89,MT,106107.45,2021-01-22,21
PO-2022-3188,2023-03-29,VS10,MS Flats,39.54,MT,72841.18,2023-04-07,30
PO-2022-3189,2023-03-25,VS20,Fasteners & Fittings,9.9,MT,109008.64,2023-03-31,21
PO-2022-3190,2021-01-28,VS30,CR Sheets,7.7,MT,72595.7,2021-02-11,45
PO-2022-3191,2021-09-01,VS18,MS Sheets,19.86,MT,114984.39,2021-09-08,30
PO-2022-3192,2021-04-18,VS17,Spring Steel,29.59,MT,63585.93,2021-04-23,45
PO-2022-3193,2023-05-01,VS08,SS Sheets,39.06,MT,111459.82,2023-05-07,21
PO-2022-3194,2021-04-25,VS29,GI Wire,11.78,MT,102773.99,2021-05-01,30
PO-2022-3195,2021-08-02,VS02,MS Pipes,27.17,MT,96469.38,2021-08-06,21
PO-2022-3196,2023-10-13,VS34,Angles & Channels,46.07,MT,55656.66,2023-10-17,21
PO-2022-3197,2021-06-12,VS24,Spring Steel,22.89,MT,113711.27,2021-06-23,45
PO-2022-3198,2022-07-30,VS21,MS Sheets,11.25,MT,106173.41,2022-08-12,15
PO-2022-3199,2022-07-27,VS12,GI Wire,44.57,MT,86227.9,2022-08-06,15
PO-2023-3200,2022-06-16,VS18,Structural Steel,3.38,MT,82291.51,2022-06-29,30
PO-2023-3201,2021-12-02,VS02,Hex Bars,21.14,MT,70607.78,2021-12-16,21
PO-2023-3202,2021-10-30,VS15,Fasteners & Fittings,23.68,MT,54904.27,2021-11-08,45
PO-2023-3203,2023-03-31,VS21,GI Wire,10.23,MT,80102.29,2023-04-04,15
PO-2023-3204,2022-07-25,VS04,GI Pipes,46.33,MT,92197.48,2022-08-02,21
PO-2023-3205,2021-11-09,VS29,Spring Steel,4.08,MT,114567.87,2021-11-17,30
PO-2023-3206,2022-10-29,VS34,GI Pipes,2.78,MT,114058.11,2022-11-08,21
PO-2023-3207,2021-12-31,VS09,SS Pipes,16.15,MT,68984.15,2022-01-13,30
PO-2023-3208,2022-02-04,VS08,GI Wire,2.3,MT,67584.29,2022-02-16,21
PO-2023-3209,2021-09-10,VS14,MS Rods,26.93,MT,92065.99,2021-09-14,30
PO-2023-3210,2023-10-10,VS11,GI Pipes,10.72,MT,59858.67,2023-10-22,30
PO-2023-3211,2022-12-10,VS23,Square/Rect Tubes,26.39,MT,74307.41,2022-12-24,45
PO-2023-3212,2021-02-24,VS12,Structural Steel,39.42,MT,73629.61,2021-03-10,15
PO-2023-3213,2023-02-04,VS23,GI Sheets,45.57,MT,56126.89,2023-02-09,45
PO-2023-3214,2023-06-26,VS15,GI Sheets,44.79,MT,90254.23,2023-07-01,45
PO-2023-3215,2021-01-03,VS19,Angles & Channels,42.79,MT,100712.81,2021-01-18,30
PO-2023-3216,2022-03-31,VS23,HR Coils,7.33,MT,76742.01,2022-04-04,45
PO-2023-3217,2023-11-05,VS23,GI Pipes,24.01,MT,51872.85,2023-11-08,45
PO-2023-3218,2023-07-30,VS03,Hex Bars,10.18,MT,94156.47,2023-08-14,21
PO-2023-3219,2021-09-05,VS33,MS Sheets,41.66,MT,59992.75,2021-09-08,45
PO-2023-3220,2021-07-22,VS01,Structural Steel,7.11,MT,74731.93,2021-07-30,15
PO-2023-3221,2022-04-01,VS12,SS Pipes,48.22,MT,85253.62,2022-04-16,15
PO-2023-3222,2023-06-10,VS17,Spring Steel,43.12,MT,103451.3,2023-06-20,45
PO-2023-3223,2022-02-15,VS21,Fasteners & Fittings,37.93,MT,54826.81,2022-02-21,15
PO-2023-3224,2022-03-20,VS10,Square/Rect Tubes,47.66,MT,113973.2,2022-03-31,30
PO-2023-3225,2021-02-04,VS07,SS Sheets,13.43,MT,56547.65,2021-02-15,15
PO-2023-3226,2021-11-12,VS12,MS Sheets,36.98,MT,74391.64,2021-11-15,15
PO-2023-3227,2023-02-12,VS12,MS Flats,11.34,MT,97975.0,2023-02-21,15
PO-2023-3228,2022-05-12,VS31,HR Coils,4.27,MT,93581.57,2022-05-23,45
PO-2023-3229,2021-04-24,VS18,MS Rods,34.5,MT,81883.22,2021-04-28,30
PO-2023-3230,2022-04-29,VS01,Structural Steel,33.78,MT,62183.64,2022-05-10,15
PO-2023-3231,2022-09-17,VS08,Spring Steel,16.87,MT,46016.4,2022-09-30,21
PO-2023-3232,2021-05-27,VS15,MS Rods,9.55,MT,94582.38,2021-06-07,45
PO-2023-3233,2022-08-11,VS26,HR Coils,28.97,MT,99007.13,2022-08-24,21
PO-2023-3234,2023-01-19,VS25,SS Pipes,16.38,MT,65763.66,2023-01-29,30
PO-2023-3235,2021-04-03,VS24,MS Flats,13.32,MT,50454.11,2021-04-08,45
PO-2023-3236,2021-05-18,VS24,SS Pipes,21.98,MT,99028.49,2021-05-22,45
PO-2023-3237,2021-06-08,VS22,MS Flats,21.98,MT,46268.02,2021-06-21,21
PO-2023-3238,2021-07-07,VS25,GI Sheets,29.96,MT,78814.45,2021-07-17,30
PO-2023-3239,2023-01-03,VS12,GI Pipes,24.38,MT,46841.18,2023-01-08,15
PO-2023-3240,2021-02-07,VS17,MS Sheets,22.3,MT,56872.18,2021-02-10,45
PO-2023-3241,2021-05-26,VS32,ERW Pipes,7.66,MT,94622.43,2021-05-31,45
PO-2023-3242,2022-09-22,VS05,GI Sheets,29.01,MT,101392.33,2022-10-01,15
PO-2023-3243,2023-04-07,VS30,Spring Steel,28.76,MT,79042.74,2023-04-10,45
PO-2023-3244,2023-12-08,VS31,GI Sheets,4.64,MT,76977.18,2023-12-18,45
PO-2023-3245,2022-04-19,VS06,MS Sheets,7.46,MT,93902.57,2022-05-02,30
PO-2023-3246,2021-02-27,VS30,MS Flats,35.08,MT,117287.6,2021-03-10,45
PO-2023-3247,2023-09-01,VS27,Angles & Channels,12.62,MT,92805.18,2023-09-07,21
PO-2023-3248,2022-09-25,VS13,ERW Pipes,30.53,MT,92247.4,2022-10-04,30
PO-2023-3249,2022-11-05,VS20,GI Sheets,2.51,MT,83437.06,2022-11-19,21
PO-2023-3250,2022-11-17,VS12,HR Coils,7.11,MT,50363.09,2022-11-21,15
PO-2023-3251,2021-05-22,VS23,MS Pipes,38.96,MT,81471.75,2021-05-31,45
PO-2023-3252,2022-07-12,VS19,Fasteners & Fittings,40.18,MT,68959.21,2022-07-15,30
PO-2023-3253,2021-04-13,VS01,Square/Rect Tubes,21.62,MT,87094.68,2021-04-22,15
PO-2023-3254,2022-09-20,VS20,Spring Steel,33.6,MT,77644.38,2022-09-29,21
PO-2023-3255,2022-09-02,VS29,Fasteners & Fittings,46.24,MT,111361.01,2022-09-06,30
PO-2023-3256,2023-05-10,VS13,MS Rods,44.64,MT,76997.28,2023-05-13,30
PO-2023-3257,2022-06-11,VS22,GI Pipes,2.13,MT,63319.79,2022-06-19,21
PO-2023-3258,2022-03-28,VS31,GI Sheets,2.84,MT,100433.61,2022-04-04,45
PO-2023-3259,2023-05-24,VS12,Fasteners & Fittings,22.63,MT,55372.98,2023-06-06,15
PO-2023-3260,2023-01-04,VS09,MS Rods,11.91,MT,60441.65,2023-01-18,30
PO-2023-3261,2023-01-30,VS30,MS Pipes,9.78,MT,71232.34,2023-02-04,45
PO-2023-3262,2023-12-20,VS11,Fasteners & Fittings,21.26,MT,60477.75,2023-12-27,30
PO-2023-3263,2022-04-26,VS06,MS Flats,31.09,MT,113712.39,2022-05-08,30
PO-2023-3264,2022-11-18,VS26,Angles & Channels,46.21,MT,76046.06,2022-11-27,21
PO-2023-3265,2022-05-23,VS20,MS Flats,37.93,MT,110599.43,2022-05-30,21
PO-2023-3266,2022-03-30,VS20,CR Sheets,39.49,MT,104378.03,2022-04-06,21
PO-2023-3267,2021-09-06,VS26,HR Coils,37.9,MT,63184.35,2021-09-20,21
PO-2023-3268,2022-06-14,VS18,Fasteners & Fittings,14.97,MT,88118.99,2022-06-21,30
PO-2023-3269,2023-04-20,VS17,MS Pipes,26.77,MT,95701.62,2023-05-03,45
PO-2023-3270,2021-12-17,VS10,HR Coils,3.34,MT,69614.1,2021-12-26,30
PO-2023-3271,2021-09-20,VS31,GI Sheets,49.43,MT,95175.59,2021-10-01,45
PO-2023-3272,2023-12-06,VS18,ERW Pipes,13.21,MT,52770.85,2023-12-09,30
PO-2023-3273,2023-07-02,VS09,GI Pipes,34.87,MT,53635.76,2023-07-12,30
PO-2023-3274,2021-03-30,VS31,MS Flats,15.77,MT,108871.93,2021-04-07,45
PO-2023-3275,2022-01-30,VS19,GI Wire,19.16,MT,83664.18,2022-02-11,30
PO-2023-3276,2021-09-28,VS09,GI Pipes,12.98,MT,48218.31,2021-10-05,30
PO-2023-3277,2023-06-06,VS20,MS Rods,46.52,MT,56128.63,2023-06-18,21
PO-2023-3278,2022-04-03,VS04,MS Pipes,7.93,MT,100297.25,2022-04-11,21
PO-2023-3279,2021-08-07,VS09,ERW Pipes,11.0,MT,109783.08,2021-08-15,30
PO-2023-3280,2023-03-17,VS23,Hex Bars,35.64,MT,74370.47,2023-03-25,45
PO-2023-3281,2022-11-22,VS31,MS Pipes,28.21,MT,77268.31,2022-12-07,45
PO-2023-3282,2021-06-11,VS14,SS Pipes,13.79,MT,72037.22,2021-06-18,30
PO-2023-3283,2022-01-23,VS17,MS Flats,20.43,MT,61596.54,2022-01-27,45
PO-2023-3284,2022-04-02,VS24,GI Pipes,44.37,MT,67246.76,2022-04-07,45
PO-2023-3285,2022-01-26,VS27,MS Sheets,46.71,MT,100564.63,2022-01-29,21
PO-2023-3286,2022-05-25,VS13,SS Sheets,23.42,MT,58733.37,2022-06-03,30
PO-2023-3287,2022-03-02,VS07,MS Pipes,15.76,MT,94746.43,2022-03-16,15
PO-2023-3288,2023-05-02,VS33,MS Rods,39.29,MT,85520.42,2023-05-05,45
PO-2023-3289,2021-03-08,VS21,Square/Rect Tubes,28.88,MT,66043.48,2021-03-23,15
PO-2023-3290,2021-04-13,VS10,SS Pipes,32.69,MT,117920.92,2021-04-23,30
PO-2023-3291,2022-08-09,VS05,Fasteners & Fittings,13.91,MT,119516.02,2022-08-16,15
PO-2023-3292,2022-03-02,VS21,GI Pipes,8.6,MT,85242.11,2022-03-17,15
PO-2023-3293,2023-01-21,VS04,MS Sheets,8.94,MT,86931.34,2023-01-28,21
PO-2023-3294,2023-05-15,VS26,MS Flats,9.88,MT,101370.48,2023-05-29,21
PO-2023-3295,2021-11-23,VS13,GI Sheets,7.54,MT,119551.22,2021-12-05,30
PO-2023-3296,2022-04-24,VS01,Square/Rect Tubes,1.8,MT,69764.18,2022-05-06,15
PO-2023-3297,2021-08-09,VS14,GI Sheets,44.01,MT,62229.14,2021-08-15,30
PO-2023-3298,2022-02-09,VS17,GI Wire,23.95,MT,50079.06,2022-02-23,45
PO-2023-3299,2021-09-09,VS28,Fasteners & Fittings,18.89,MT,106183.88,2021-09-19,15
PO-2023-3300,2023-05-25,VS10,Structural Steel,30.87,MT,71053.01,2023-06-02,30
PO-2023-3301,2022-05-26,VS04,MS Sheets,14.62,MT,72764.63,2022-05-29,21
PO-2023-3302,2021-06-10,VS12,HR Coils,37.0,MT,90178.03,2021-06-17,15
PO-2023-3303,2023-09-26,VS11,HR Coils,2.42,MT,65313.99,2023-10-11,30
PO-2023-3304,2021-09-27,VS03,Square/Rect Tubes,27.47,MT,82559.31,2021-10-12,21
PO-2023-3305,2021-02-03,VS06,Fasteners & Fittings,36.17,MT,116820.89,2021-02-16,30
PO-2023-3306,2021-09-29,VS19,GI Pipes,44.17,MT,51362.2,2021-10-13,30
PO-2023-3307,2023-04-28,VS17,Spring Steel,23.67,MT,103214.09,2023-05-02,45
PO-2023-3308,2023-09-03,VS32,MS Flats,41.42,MT,76044.0,2023-09-15,45
PO-2023-3309,2022-01-10,VS17,GI Pipes,19.93,MT,92986.41,2022-01-16,45
PO-2023-3310,2023-06-22,VS10,Structural Steel,31.82,MT,70460.88,2023-06-26,30
PO-2023-3311,2022-01-04,VS10,MS Flats,30.34,MT,105199.83,2022-01-16,30
PO-2023-3312,2022-12-04,VS25,MS Rods,38.15,MT,66131.06,2022-12-11,30
PO-2023-3313,2023-11-05,VS10,HR Coils,24.79,MT,92040.08,2023-11-15,30
PO-2023-3314,2021-06-06,VS12,ERW Pipes,7.37,MT,53504.31,2021-06-09,15
PO-2023-3315,2021-09-02,VS34,Fasteners & Fittings,48.33,MT,48147.27,2021-09-16,21
PO-2023-3316,2022-12-11,VS27,GI Pipes,33.81,MT,111814.16,2022-12-15,21
PO-2023-3317,2023-07-20,VS04,Structural Steel,15.28,MT,47704.02,2023-08-02,21
PO-2023-3318,2022-04-07,VS10,Angles & Channels,6.07,MT,117871.83,2022-04-19,30
PO-2023-3319,2022-05-31,VS23,MS Sheets,30.31,MT,100141.4,2022-06-15,45
PO-2023-3320,2021-08-13,VS32,ERW Pipes,9.46,MT,55657.87,2021-08-23,45
PO-2023-3321,2023-03-06,VS17,HR Coils,11.8,MT,79080.26,2023-03-11,45
PO-2023-3322,2021-02-13,VS24,SS Sheets,8.33,MT,53474.02,2021-02-18,45
PO-2023-3323,2023-02-11,VS21,CR Sheets,29.96,MT,93453.67,2023-02-17,15
PO-2023-3324,2022-02-04,VS01,Spring Steel,41.01,MT,60176.75,2022-02-11,15
PO-2023-3325,2022-08-26,VS20,Fasteners & Fittings,43.98,MT,107513.54,2022-09-02,21
PO-2023-3326,2023-10-26,VS34,Structural Steel,25.92,MT,88508.3,2023-11-03,21
PO-2023-3327,2021-01-25,VS18,Fasteners & Fittings,2.02,MT,57465.76,2021-02-02,30
PO-2023-3328,2023-02-13,VS33,Angles & Channels,4.5,MT,102456.65,2023-02-21,45
PO-2023-3329,2022-01-24,VS29,Structural Steel,13.61,MT,97649.31,2022-01-29,30
PO-2023-3330,2023-03-25,VS28,GI Sheets,8.84,MT,110823.61,2023-04-08,15
PO-2023-3331,2022-10-11,VS27,HR Coils,14.13,MT,78926.29,2022-10-21,21
PO-2023-3332,2023-08-30,VS21,MS Sheets,8.84,MT,71901.95,2023-09-04,15
PO-2023-3333,2021-02-05,VS27,SS Pipes,44.41,MT,71196.73,2021-02-09,21
PO-2023-3334,2021-10-18,VS09,MS Pipes,33.05,MT,87952.85,2021-10-23,30
PO-2023-3335,2021-11-06,VS19,ERW Pipes,4.5,MT,118876.72,2021-11-21,30
PO-2023-3336,2023-04-21,VS14,GI Pipes,8.43,MT,68830.96,2023-05-06,30
PO-2023-3337,2023-04-04,VS15,GI Wire,12.97,MT,95128.13,2023-04-19,45
PO-2023-3338,2021-11-12,VS27,MS Sheets,41.51,MT,99203.99,2021-11-25,21
PO-2023-3339,2022-01-04,VS03,GI Wire,19.47,MT,72947.51,2022-01-11,21
PO-2023-3340,2023-11-20,VS02,Spring Steel,17.64,MT,59589.88,2023-12-04,21
PO-2023-3341,2021-08-08,VS15,Spring Steel,38.25,MT,48033.56,2021-08-15,45
PO-2023-3342,2023-12-31,VS15,MS Sheets,4.15,MT,93177.47,2024-01-05,45
PO-2023-3343,2021-11-07,VS07,MS Sheets,39.32,MT,72908.49,2021-11-14,15
PO-2023-3344,2023-11-14,VS08,Angles & Channels,27.38,MT,110229.77,2023-11-25,21
PO-2023-3345,2023-05-05,VS32,MS Rods,15.6,MT,45632.71,2023-05-20,45
PO-2023-3346,2021-08-13,VS34,MS Flats,13.85,MT,85292.53,2021-08-22,21
PO-2023-3347,2022-09-26,VS20,Square/Rect Tubes,42.02,MT,95528.95,2022-09-29,21
PO-2023-3348,2023-03-07,VS12,Hex Bars,45.86,MT,85630.59,2023-03-20,15
PO-2023-3349,2023-12-11,VS31,HR Coils,41.76,MT,84058.57,2023-12-26,45
PO-2023-3350,2023-03-06,VS26,SS Sheets,47.34,MT,74947.18,2023-03-13,21
PO-2023-3351,2021-09-01,VS28,Square/Rect Tubes,11.67,MT,94387.8,2021-09-05,15
PO-2023-3352,2021-10-16,VS28,Square/Rect Tubes,9.77,MT,59498.1,2021-10-19,15
PO-2023-3353,2022-09-18,VS05,GI Pipes,14.93,MT,90880.07,2022-09-29,15
PO-2023-3354,2022-03-21,VS08,SS Sheets,36.9,MT,115324.57,2022-04-02,21
PO-2023-3355,2021-08-18,VS06,Structural Steel,43.27,MT,78488.51,2021-09-02,30
PO-2023-3356,2023-04-13,VS18,Hex Bars,5.73,MT,57066.27,2023-04-27,30
PO-2023-3357,2022-02-12,VS08,Spring Steel,1.98,MT,61450.51,2022-02-21,21
PO-2023-3358,2023-05-15,VS27,MS Pipes,37.14,MT,100884.45,2023-05-29,21
PO-2023-3359,2021-01-05,VS04,MS Pipes,18.04,MT,59753.14,2021-01-10,21
PO-2023-3360,2022-11-21,VS13,Spring Steel,20.41,MT,110472.61,2022-11-24,30
PO-2023-3361,2022-10-21,VS03,MS Flats,40.67,MT,67871.92,2022-11-01,21
PO-2023-3362,2022-04-27,VS01,Angles & Channels,28.1,MT,57137.91,2022-05-06,15
PO-2023-3363,2021-12-17,VS04,GI Pipes,23.1,MT,85048.64,2021-12-26,21
PO-2023-3364,2021-12-02,VS30,GI Wire,46.74,MT,109334.59,2021-12-07,45
PO-2023-3365,2022-02-28,VS33,MS Rods,33.99,MT,111207.3,2022-03-06,45
PO-2023-3366,2022-03-16,VS31,GI Wire,45.11,MT,51247.63,2022-03-24,45
PO-2023-3367,2021-08-22,VS26,MS Sheets,20.48,MT,52856.61,2021-08-31,21
PO-2023-3368,2022-09-17,VS07,MS Pipes,48.68,MT,59240.39,2022-09-30,15
PO-2023-3369,2023-11-02,VS11,GI Sheets,45.1,MT,98767.22,2023-11-07,30
PO-2023-3370,2021-07-23,VS33,HR Coils,18.12,MT,59012.62,2021-08-06,45
PO-2023-3371,2021-05-10,VS34,Structural Steel,16.94,MT,115342.17,2021-05-24,21
PO-2023-3372,2021-02-10,VS26,Structural Steel,25.16,MT,52122.89,2021-02-13,21
PO-2023-3373,2023-05-16,VS24,MS Sheets,1.31,MT,112414.05,2023-05-27,45
PO-2023-3374,2023-12-07,VS07,CR Sheets,13.12,MT,50629.53,2023-12-12,15
PO-2023-3375,2023-08-15,VS29,GI Wire,6.72,MT,113866.57,2023-08-29,30
PO-2023-3376,2021-08-15,VS23,GI Wire,29.4,MT,84993.08,2021-08-21,45
PO-2023-3377,2022-09-05,VS23,Structural Steel,9.73,MT,95666.77,2022-09-19,45
PO-2023-3378,2021-11-05,VS26,MS Rods,19.06,MT,116500.58,2021-11-14,21
PO-2023-3379,2023-12-30,VS25,MS Sheets,30.97,MT,71542.64,2024-01-03,30
PO-2023-3380,2021-10-11,VS21,Fasteners & Fittings,11.0,MT,91255.7,2021-10-23,15
PO-2023-3381,2021-11-29,VS22,MS Flats,11.95,MT,65462.15,2021-12-08,21
PO-2023-3382,2021-01-19,VS29,SS Sheets,44.44,MT,88449.87,2021-01-31,30
PO-2023-3383,2021-02-16,VS29,CR Sheets,31.74,MT,55703.95,2021-02-28,30
PO-2023-3384,2023-04-24,VS28,SS Sheets,4.08,MT,77840.46,2023-05-06,15
PO-2023-3385,2023-03-23,VS32,MS Pipes,28.56,MT,86493.43,2023-04-04,45
PO-2023-3386,2023-07-26,VS20,Structural Steel,13.49,MT,71395.75,2023-08-07,21
PO-2023-3387,2022-08-06,VS26,CR Sheets,4.69,MT,83179.42,2022-08-21,21
PO-2023-3388,2023-10-30,VS20,ERW Pipes,21.14,MT,63189.89,2023-11-09,21
PO-2023-3389,2023-11-29,VS22,GI Sheets,20.53,MT,88614.37,2023-12-14,21
PO-2023-3390,2023-12-29,VS07,MS Rods,15.36,MT,88820.99,2024-01-01,15
PO-2023-3391,2022-06-28,VS19,MS Flats,1.48,MT,93984.38,2022-07-11,30
PO-2023-3392,2023-11-21,VS26,MS Pipes,17.01,MT,57817.6,2023-11-24,21
PO-2023-3393,2021-12-02,VS26,Square/Rect Tubes,48.1,MT,47931.34,2021-12-11,21
PO-2023-3394,2022-08-17,VS04,MS Pipes,42.15,MT,58435.61,2022-08-28,21
PO-2023-3395,2022-06-02,VS23,Hex Bars,6.11,MT,61607.96,2022-06-13,45
PO-2023-3396,2022-01-25,VS03,MS Flats,24.64,MT,98807.07,2022-02-05,21
PO-2023-3397,2022-05-01,VS31,CR Sheets,41.84,MT,100763.46,2022-05-05,45
PO-2023-3398,2022-12-13,VS27,HR Coils,1.71,MT,114409.08,2022-12-23,21
PO-2023-3399,2023-01-29,VS01,GI Pipes,1.03,MT,48444.32,2023-02-06,15
PO-2023-3400,2023-03-11,VS26,ERW Pipes,30.02,MT,110207.91,2023-03-23,21
PO-2023-3401,2022-12-30,VS14,MS Pipes,45.65,MT,116273.67,2023-01-08,30
PO-2023-3402,2022-08-23,VS07,Spring Steel,13.79,MT,87399.99,2022-09-02,15
PO-2023-3403,2022-08-26,VS28,Fasteners & Fittings,28.9,MT,82699.02,2022-09-05,15
PO-2023-3404,2021-02-09,VS08,Hex Bars,24.13,MT,76083.4,2021-02-22,21
PO-2023-3405,2021-03-13,VS02,ERW Pipes,31.92,MT,60303.37,2021-03-21,21
PO-2023-3406,2021-09-09,VS04,HR Coils,14.3,MT,67171.98,2021-09-16,21
PO-2023-3407,2021-09-27,VS03,MS Rods,24.71,MT,98690.68,2021-10-06,21
PO-2023-3408,2023-04-01,VS24,MS Sheets,15.74,MT,47896.45,2023-04-06,45
PO-2023-3409,2021-09-16,VS08,MS Flats,45.6,MT,90846.14,2021-09-25,21
PO-2023-3410,2023-09-06,VS09,MS Flats,46.69,MT,102608.88,2023-09-11,30
PO-2023-3411,2022-01-06,VS08,MS Pipes,17.26,MT,61159.11,2022-01-19,21
PO-2023-3412,2022-08-27,VS29,MS Pipes,13.67,MT,68047.74,2022-09-05,30
PO-2023-3413,2022-09-14,VS19,MS Flats,19.25,MT,64181.31,2022-09-23,30
PO-2023-3414,2022-10-31,VS11,ERW Pipes,42.56,MT,106333.59,2022-11-11,30
PO-2023-3415,2022-04-07,VS21,MS Pipes,24.97,MT,51137.67,2022-04-12,15
PO-2023-3416,2022-08-12,VS22,Angles & Channels,11.69,MT,57466.81,2022-08-24,21
PO-2023-3417,2021-04-26,VS01,HR Coils,20.32,MT,94380.9,2021-04-30,15
PO-2023-3418,2021-05-20,VS31,HR Coils,46.23,MT,93006.94,2021-06-02,45
PO-2023-3419,2023-08-07,VS32,MS Sheets,21.85,MT,65302.5,2023-08-20,45
PO-2023-3420,2022-05-20,VS23,Spring Steel,16.73,MT,95633.01,2022-05-31,45
PO-2023-3421,2022-10-28,VS11,MS Sheets,29.64,MT,67895.54,2022-11-10,30
PO-2023-3422,2022-12-11,VS09,MS Flats,5.97,MT,53674.21,2022-12-22,30
PO-2023-3423,2022-11-03,VS32,Angles & Channels,31.13,MT,78647.0,2022-11-06,45
PO-2023-3424,2022-11-20,VS04,Hex Bars,42.73,MT,48537.27,2022-11-27,21
PO-2023-3425,2021-07-09,VS17,Fasteners & Fittings,23.25,MT,65193.38,2021-07-15,45
PO-2023-3426,2023-01-20,VS14,Angles & Channels,38.85,MT,67317.23,2023-01-31,30
PO-2023-3427,2022-08-29,VS08,Fasteners & Fittings,6.84,MT,88543.57,2022-09-12,21
PO-2023-3428,2023-07-30,VS13,CR Sheets,15.18,MT,112597.65,2023-08-05,30
PO-2023-3429,2021-03-17,VS22,HR Coils,24.93,MT,85073.67,2021-03-23,21
PO-2023-3430,2022-02-04,VS08,Hex Bars,11.67,MT,51235.94,2022-02-19,21
PO-2023-3431,2021-05-21,VS13,HR Coils,41.45,MT,84087.42,2021-06-02,30
PO-2023-3432,2022-01-09,VS28,GI Pipes,26.14,MT,82952.07,2022-01-14,15
PO-2023-3433,2021-05-20,VS23,MS Sheets,24.52,MT,80641.34,2021-05-23,45
PO-2023-3434,2022-08-08,VS28,MS Sheets,16.48,MT,49694.62,2022-08-13,15
PO-2023-3435,2021-09-08,VS29,SS Sheets,21.02,MT,107379.92,2021-09-14,30
PO-2023-3436,2022-11-02,VS15,Structural Steel,40.8,MT,103818.67,2022-11-05,45
PO-2023-3437,2021-07-27,VS33,ERW Pipes,18.46,MT,96416.93,2021-08-02,45
PO-2023-3438,2022-08-23,VS18,MS Rods,25.33,MT,100141.55,2022-09-02,30
PO-2023-3439,2023-02-15,VS11,MS Rods,29.85,MT,49897.83,2023-02-22,30
PO-2023-3440,2022-04-05,VS14,MS Rods,7.69,MT,90345.09,2022-04-12,30
PO-2023-3441,2023-02-10,VS28,CR Sheets,48.61,MT,70609.13,2023-02-22,15
PO-2023-3442,2021-03-01,VS03,ERW Pipes,3.36,MT,93255.04,2021-03-09,21
PO-2023-3443,2023-09-10,VS15,MS Pipes,27.03,MT,62546.44,2023-09-23,45
PO-2023-3444,2022-11-29,VS11,ERW Pipes,35.51,MT,85522.69,2022-12-08,30
PO-2023-3445,2023-12-06,VS19,SS Sheets,9.34,MT,69795.11,2023-12-13,30
PO-2023-3446,2023-11-20,VS34,SS Sheets,31.34,MT,115437.23,2023-12-03,21
PO-2023-3447,2023-07-27,VS24,Fasteners & Fittings,9.36,MT,113312.9,2023-08-04,45
PO-2023-3448,2023-10-02,VS22,Angles & Channels,37.96,MT,54481.38,2023-10-13,21
PO-2023-3449,2021-08-16,VS04,MS Sheets,8.03,MT,78083.05,2021-08-28,21
PO-2023-3450,2023-08-06,VS05,Square/Rect Tubes,15.66,MT,85533.59,2023-08-19,15
PO-2023-3451,2023-07-15,VS06,Fasteners & Fittings,1.71,MT,69612.46,2023-07-27,30
PO-2023-3452,2023-12-20,VS20,CR Sheets,46.35,MT,105816.39,2024-01-04,21
PO-2023-3453,2022-06-29,VS14,GI Wire,25.32,MT,110538.65,2022-07-10,30
PO-2023-3454,2023-03-13,VS34,ERW Pipes,5.07,MT,99458.96,2023-03-26,21
PO-2023-3455,2021-03-02,VS14,Hex Bars,25.64,MT,101398.91,2021-03-13,30
PO-2023-3456,2021-08-22,VS06,HR Coils,30.88,MT,118938.0,2021-09-02,30
PO-2023-3457,2021-06-13,VS18,MS Flats,29.25,MT,111563.1,2021-06-16,30
PO-2023-3458,2021-12-08,VS07,Fasteners & Fittings,23.93,MT,48524.56,2021-12-16,15
PO-2023-3459,2021-10-30,VS28,GI Wire,29.67,MT,61575.84,2021-11-14,15
PO-2023-3460,2023-02-05,VS06,MS Flats,37.48,MT,85384.58,2023-02-08,30
PO-2023-3461,2023-08-10,VS01,MS Flats,10.56,MT,95500.09,2023-08-13,15
PO-2023-3462,2021-09-06,VS08,HR Coils,39.58,MT,50986.52,2021-09-12,21
PO-2023-3463,2023-12-27,VS09,Structural Steel,16.06,MT,93473.87,2024-01-04,30
PO-2023-3464,2022-12-17,VS08,HR Coils,36.45,MT,48169.69,2022-12-20,21
PO-2023-3465,2023-12-24,VS21,Spring Steel,40.08,MT,109168.89,2024-01-07,15
PO-2023-3466,2021-09-09,VS03,SS Sheets,17.06,MT,115386.93,2021-09-16,21
PO-2023-3467,2022-03-11,VS30,GI Sheets,20.62,MT,112933.27,2022-03-25,45
PO-2023-3468,2023-12-24,VS32,GI Sheets,19.58,MT,75154.27,2024-01-03,45
PO-2023-3469,2021-06-11,VS14,Angles & Channels,25.97,MT,89968.79,2021-06-23,30
PO-2023-3470,2022-05-18,VS14,Angles & Channels,12.86,MT,91401.15,2022-06-01,30
PO-2023-3471,2021-01-15,VS22,Spring Steel,16.77,MT,110536.13,2021-01-30,21
PO-2023-3472,2023-06-01,VS06,Angles & Channels,32.01,MT,66892.41,2023-06-14,30
PO-2023-3473,2022-05-20,VS06,MS Flats,43.18,MT,106530.85,2022-05-26,30
PO-2023-3474,2023-09-26,VS12,Angles & Channels,17.99,MT,115223.22,2023-09-30,15
PO-2023-3475,2023-02-17,VS19,HR Coils,20.25,MT,99749.73,2023-02-20,30
PO-2023-3476,2021-10-02,VS33,HR Coils,24.11,MT,58628.31,2021-10-05,45
PO-2023-3477,2021-11-21,VS27,MS Rods,21.08,MT,70733.66,2021-11-27,21
PO-2023-3478,2022-08-28,VS12,Hex Bars,5.03,MT,109764.56,2022-09-04,15
PO-2023-3479,2021-05-21,VS27,SS Pipes,2.71,MT,52863.23,2021-06-04,21
PO-2023-3480,2023-08-04,VS21,GI Sheets,17.4,MT,110414.43,2023-08-17,15
PO-2023-3481,2022-09-06,VS27,CR Sheets,3.1,MT,72997.87,2022-09-10,21
PO-2023-3482,2021-03-18,VS13,Spring Steel,27.8,MT,55152.67,2021-03-24,30
PO-2023-3483,2021-01-17,VS17,Square/Rect Tubes,24.84,MT,60639.8,2021-01-22,45
PO-2023-3484,2023-11-09,VS07,CR Sheets,32.05,MT,95732.42,2023-11-19,15
PO-2023-3485,2021-08-26,VS34,HR Coils,30.01,MT,104568.52,2021-08-29,21
PO-2023-3486,2023-04-24,VS03,GI Wire,25.27,MT,67089.96,2023-05-09,21
PO-2023-3487,2021-01-08,VS12,MS Sheets,25.78,MT,106355.45,2021-01-15,15
PO-2023-3488,2023-11-09,VS30,CR Sheets,43.69,MT,101579.91,2023-11-17,45
PO-2023-3489,2021-08-18,VS16,MS Flats,27.34,MT,111956.75,2021-08-23,15
PO-2023-3490,2023-10-03,VS08,Fasteners & Fittings,14.03,MT,59740.95,2023-10-16,21
PO-2023-3491,2023-05-21,VS08,ERW Pipes,38.12,MT,107935.78,2023-05-28,21
PO-2023-3492,2021-03-13,VS13,SS Sheets,47.41,MT,89298.57,2021-03-28,30
PO-2023-3493,2023-12-07,VS05,Hex Bars,25.18,MT,86128.25,2023-12-17,15
PO-2023-3494,2023-01-06,VS33,HR Coils,36.88,MT,61083.68,2023-01-13,45
PO-2023-3495,2023-08-31,VS29,MS Pipes,41.64,MT,52071.98,2023-09-14,30
PO-2023-3496,2021-01-18,VS01,ERW Pipes,47.16,MT,71183.0,2021-01-29,15
PO-2023-3497,2023-05-09,VS02,MS Sheets,27.7,MT,74692.35,2023-05-17,21
PO-2023-3498,2022-06-26,VS11,GI Pipes,46.27,MT,50086.51,2022-07-01,30
PO-2023-3499,2022-04-22,VS06,GI Pipes,36.48,MT,71707.46,2022-05-02,30
PO-2023-3500,2021-10-02,VS01,CR Sheets,38.14,MT,49971.36,2021-10-05,15
PO-2023-3501,2023-10-11,VS18,ERW Pipes,28.69,MT,56967.08,2023-10-19,30
PO-2023-3502,2022-05-07,VS05,GI Pipes,31.45,MT,98594.02,2022-05-14,15
PO-2023-3503,2021-07-22,VS10,Square/Rect Tubes,37.78,MT,85798.96,2021-08-01,30
PO-2023-3504,2021-02-27,VS31,Square/Rect Tubes,37.48,MT,118722.27,2021-03-11,45
PO-2023-3505,2023-04-14,VS14,MS Sheets,9.7,MT,50859.65,2023-04-24,30
PO-2023-3506,2022-09-04,VS10,MS Sheets,15.19,MT,64876.1,2022-09-18,30
PO-2023-3507,2022-03-15,VS12,GI Wire,5.88,MT,88418.41,2022-03-27,15
PO-2023-3508,2021-04-16,VS03,GI Sheets,15.97,MT,87815.56,2021-04-20,21
PO-2023-3509,2023-02-21,VS14,GI Pipes,24.27,MT,56198.2,2023-03-02,30
PO-2023-3510,2023-07-08,VS11,GI Pipes,46.78,MT,56358.48,2023-07-11,30
PO-2023-3511,2021-03-07,VS22,HR Coils,20.16,MT,105194.07,2021-03-21,21
PO-2023-3512,2021-10-05,VS05,Angles & Channels,10.63,MT,116882.71,2021-10-17,15
PO-2023-3513,2021-03-05,VS01,MS Flats,23.78,MT,90368.64,2021-03-08,15
PO-2023-3514,2021-05-03,VS07,Structural Steel,12.93,MT,70015.38,2021-05-18,15
PO-2023-3515,2021-01-26,VS02,Fasteners & Fittings,11.59,MT,79610.93,2021-02-01,21
PO-2023-3516,2021-03-12,VS29,MS Sheets,8.85,MT,53186.78,2021-03-23,30
PO-2023-3517,2023-02-19,VS03,Hex Bars,24.16,MT,52694.5,2023-02-28,21
PO-2023-3518,2023-10-13,VS10,MS Sheets,6.88,MT,105319.87,2023-10-20,30
PO-2023-3519,2022-10-10,VS18,GI Wire,39.83,MT,119909.52,2022-10-14,30
PO-2023-3520,2021-12-09,VS05,Structural Steel,41.88,MT,79109.11,2021-12-16,15
PO-2023-3521,2022-05-17,VS27,GI Pipes,49.18,MT,55852.48,2022-05-23,21
PO-2023-3522,2022-09-10,VS19,Square/Rect Tubes,10.0,MT,58049.53,2022-09-23,30
PO-2023-3523,2023-03-25,VS01,Square/Rect Tubes,17.77,MT,61100.54,2023-04-06,15
PO-2023-3524,2022-07-07,VS06,Square/Rect Tubes,47.76,MT,113539.68,2022-07-20,30
PO-2023-3525,2021-02-04,VS18,SS Sheets,37.35,MT,78455.82,2021-02-14,30
PO-2023-3526,2022-01-05,VS25,MS Pipes,11.2,MT,58697.37,2022-01-18,30
PO-2023-3527,2022-12-25,VS21,ERW Pipes,12.01,MT,54791.25,2023-01-03,15
PO-2023-3528,2021-06-11,VS30,SS Sheets,36.29,MT,46807.98,2021-06-24,45
PO-2023-3529,2021-10-02,VS18,Angles & Channels,41.53,MT,71931.77,2021-10-13,30
PO-2023-3530,2022-12-20,VS08,MS Rods,2.82,MT,52932.65,2023-01-01,21
PO-2023-3531,2021-08-15,VS21,Spring Steel,29.49,MT,108119.52,2021-08-20,15
PO-2023-3532,2023-05-31,VS26,SS Sheets,36.89,MT,105175.03,2023-06-09,21
PO-2023-3533,2022-06-07,VS31,Spring Steel,21.97,MT,110910.61,2022-06-18,45
PO-2023-3534,2023-05-13,VS09,GI Sheets,23.72,MT,119934.55,2023-05-16,30
PO-2023-3535,2023-10-22,VS34,CR Sheets,16.29,MT,64411.34,2023-11-02,21
PO-2023-3536,2022-04-18,VS29,Spring Steel,48.84,MT,118254.05,2022-04-22,30
PO-2023-3537,2021-03-08,VS32,SS Sheets,31.37,MT,87544.03,2021-03-12,45
PO-2023-3538,2023-06-15,VS20,GI Pipes,3.47,MT,87846.05,2023-06-29,21
PO-2023-3539,2023-12-20,VS13,MS Rods,30.79,MT,99777.17,2023-12-25,30
PO-2023-3540,2022-02-09,VS21,HR Coils,14.65,MT,65176.16,2022-02-18,15
PO-2023-3541,2022-07-08,VS29,GI Pipes,25.7,MT,53795.13,2022-07-20,30
PO-2023-3542,2023-12-17,VS27,MS Flats,14.44,MT,59061.87,2023-12-31,21
PO-2023-3543,2021-01-20,VS11,SS Pipes,49.9,MT,59947.64,2021-02-03,30
PO-2023-3544,2023-10-04,VS10,MS Pipes,18.6,MT,69664.01,2023-10-10,30
PO-2023-3545,2022-03-23,VS01,GI Pipes,2.01,MT,86140.78,2022-04-01,15
PO-2023-3546,2022-05-25,VS19,MS Rods,23.22,MT,93112.01,2022-06-06,30
PO-2023-3547,2021-01-10,VS01,Hex Bars,26.53,MT,102608.85,2021-01-22,15
PO-2023-3548,2021-07-04,VS08,CR Sheets,6.84,MT,104874.09,2021-07-07,21
PO-2023-3549,2021-07-09,VS25,Square/Rect Tubes,41.2,MT,55414.78,2021-07-19,30
PO-2023-3550,2022-02-17,VS30,Spring Steel,47.31,MT,88287.73,2022-02-27,45
PO-2023-3551,2021-04-02,VS25,MS Pipes,27.55,MT,99979.14,2021-04-09,30
PO-2023-3552,2021-06-18,VS28,Structural Steel,50.0,MT,74138.09,2021-06-21,15
PO-2023-3553,2021-04-14,VS02,Hex Bars,14.59,MT,61433.86,2021-04-23,21
PO-2023-3554,2021-09-01,VS07,HR Coils,47.7,MT,51186.15,2021-09-05,15
PO-2023-3555,2023-12-08,VS06,MS Flats,5.53,MT,90309.68,2023-12-21,30
PO-2023-3556,2023-01-27,VS17,MS Flats,25.56,MT,101942.22,2023-02-11,45
PO-2023-3557,2022-09-25,VS10,MS Pipes,10.27,MT,64483.07,2022-10-08,30
PO-2023-3558,2021-01-25,VS05,Angles & Channels,10.97,MT,102197.94,2021-02-01,15
PO-2023-3559,2023-04-26,VS27,MS Pipes,22.88,MT,73129.64,2023-05-08,21
PO-2023-3560,2022-05-28,VS19,CR Sheets,43.3,MT,80491.51,2022-06-02,30
PO-2023-3561,2021-04-20,VS07,GI Pipes,27.98,MT,65024.74,2021-05-03,15
PO-2023-3562,2021-02-02,VS09,Spring Steel,45.6,MT,96653.87,2021-02-07,30
PO-2023-3563,2021-10-10,VS15,Hex Bars,22.89,MT,114183.19,2021-10-17,45
PO-2023-3564,2021-01-03,VS10,MS Rods,7.9,MT,84815.88,2021-01-14,30
PO-2023-3565,2021-05-24,VS32,CR Sheets,34.75,MT,112862.59,2021-06-03,45
PO-2023-3566,2022-04-11,VS23,GI Sheets,21.17,MT,56982.71,2022-04-17,45
PO-2023-3567,2022-12-07,VS30,MS Pipes,1.41,MT,51539.24,2022-12-19,45
PO-2023-3568,2021-07-13,VS09,Spring Steel,35.36,MT,53038.72,2021-07-17,30
PO-2023-3569,2023-05-08,VS05,MS Sheets,39.53,MT,118091.46,2023-05-16,15
PO-2023-3570,2021-02-06,VS19,MS Rods,6.61,MT,49273.16,2021-02-16,30
PO-2023-3571,2021-12-21,VS15,GI Pipes,13.96,MT,75629.89,2021-12-24,45
PO-2023-3572,2021-06-24,VS09,Spring Steel,12.87,MT,55749.32,2021-06-28,30
PO-2023-3573,2021-03-02,VS06,MS Sheets,10.82,MT,112805.96,2021-03-14,30
PO-2023-3574,2023-05-25,VS05,Angles & Channels,5.39,MT,47202.38,2023-06-01,15
PO-2023-3575,2023-12-27,VS24,MS Pipes,25.39,MT,77203.74,2024-01-11,45
PO-2023-3576,2022-10-28,VS15,CR Sheets,16.29,MT,99405.46,2022-11-04,45
PO-2023-3577,2021-12-30,VS10,Fasteners & Fittings,21.53,MT,61407.23,2022-01-12,30
PO-2023-3578,2022-09-07,VS25,MS Pipes,6.25,MT,51608.44,2022-09-13,30
PO-2023-3579,2021-01-15,VS24,Structural Steel,36.24,MT,104891.22,2021-01-21,45
PO-2023-3580,2022-09-26,VS32,Square/Rect Tubes,13.71,MT,71229.17,2022-10-05,45
PO-2023-3581,2021-06-20,VS32,GI Wire,27.2,MT,57238.64,2021-06-28,45
PO-2023-3582,2021-07-27,VS09,Fasteners & Fittings,33.74,MT,58745.47,2021-08-06,30
PO-2023-3583,2021-01-08,VS33,MS Rods,42.52,MT,97769.43,2021-01-17,45
PO-2023-3584,2022-12-21,VS26,Square/Rect Tubes,42.94,MT,65704.65,2022-12-25,21
PO-2023-3585,2023-06-25,VS27,Spring Steel,22.66,MT,109219.44,2023-07-02,21
PO-2023-3586,2022-08-24,VS31,Fasteners & Fittings,41.66,MT,94679.36,2022-09-05,45
PO-2023-3587,2021-05-04,VS14,Angles & Channels,1.74,MT,75958.57,2021-05-08,30
PO-2023-3588,2023-11-12,VS20,Hex Bars,28.72,MT,119506.63,2023-11-17,21
PO-2023-3589,2021-09-15,VS16,MS Flats,43.34,MT,105877.13,2021-09-22,15
PO-2023-3590,2021-04-20,VS20,GI Wire,44.06,MT,101542.5,2021-05-01,21
PO-2023-3591,2021-11-09,VS08,Square/Rect Tubes,5.26,MT,104297.24,2021-11-18,21
PO-2023-3592,2022-06-02,VS23,MS Sheets,18.49,MT,88112.4,2022-06-07,45
PO-2023-3593,2021-02-05,VS26,CR Sheets,40.25,MT,93211.36,2021-02-09,21
PO-2023-3594,2021-09-11,VS07,Structural Steel,38.93,MT,86002.65,2021-09-15,15
PO-2023-3595,2023-12-24,VS10,Fasteners & Fittings,13.2,MT,109288.09,2024-01-02,30
PO-2023-3596,2022-04-24,VS20,HR Coils,17.53,MT,89006.95,2022-05-01,21
PO-2023-3597,2023-10-22,VS33,MS Sheets,36.48,MT,84617.63,2023-10-29,45
PO-2023-3598,2023-05-10,VS02,MS Rods,20.85,MT,109962.85,2023-05-13,21
PO-2023-3599,2022-12-13,VS07,ERW Pipes,49.66,MT,58630.86,2022-12-18,15
PO-2023-3600,2023-01-30,VS20,GI Sheets,33.17,MT,65922.44,2023-02-14,21
PO-2023-3601,2022-01-17,VS16,MS Pipes,6.8,MT,75108.64,2022-01-24,15
PO-2023-3602,2023-12-18,VS28,MS Pipes,41.37,MT,62978.81,2023-12-23,15
PO-2023-3603,2021-07-25,VS33,MS Rods,3.59,MT,49384.06,2021-07-30,45
PO-2023-3604,2021-05-08,VS13,ERW Pipes,30.14,MT,86306.91,2021-05-20,30
PO-2023-3605,2021-04-12,VS06,SS Pipes,40.57,MT,47432.53,2021-04-15,30
PO-2023-3606,2022-03-06,VS20,Structural Steel,40.85,MT,63052.64,2022-03-21,21
PO-2023-3607,2023-10-14,VS07,Fasteners & Fittings,38.33,MT,86608.19,2023-10-17,15
PO-2023-3608,2021-08-03,VS25,Square/Rect Tubes,38.27,MT,115493.01,2021-08-16,30
PO-2023-3609,2021-04-15,VS33,CR Sheets,5.83,MT,93601.06,2021-04-28,45
PO-2023-3610,2023-08-14,VS34,MS Flats,43.5,MT,114094.84,2023-08-27,21
PO-2023-3611,2021-09-04,VS05,GI Sheets,47.95,MT,70554.46,2021-09-12,15
PO-2023-3612,2023-12-22,VS11,ERW Pipes,2.11,MT,114196.8,2024-01-02,30
PO-2023-3613,2023-12-19,VS29,Hex Bars,37.49,MT,80375.54,2024-01-03,30
PO-2023-3614,2023-08-17,VS04,HR Coils,23.93,MT,115912.01,2023-08-21,21
PO-2023-3615,2023-05-24,VS02,Spring Steel,34.82,MT,53330.11,2023-06-05,21
PO-2023-3616,2023-08-21,VS10,Square/Rect Tubes,44.79,MT,95763.46,2023-09-05,30
PO-2023-3617,2023-02-26,VS17,Structural Steel,25.03,MT,54046.08,2023-03-04,45
PO-2023-3618,2023-09-21,VS22,HR Coils,2.98,MT,110873.0,2023-10-02,21
PO-2023-3619,2021-08-06,VS01,MS Sheets,40.12,MT,86027.24,2021-08-19,15
PO-2023-3620,2023-01-21,VS23,Fasteners & Fittings,43.49,MT,82537.6,2023-01-24,45
PO-2023-3621,2021-12-14,VS17,SS Sheets,10.51,MT,102602.43,2021-12-20,45
PO-2023-3622,2023-03-21,VS12,MS Sheets,48.54,MT,56280.25,2023-04-02,15
PO-2023-3623,2021-03-19,VS25,MS Rods,28.02,MT,108518.7,2021-03-26,30
PO-2023-3624,2023-03-27,VS31,MS Pipes,20.06,MT,78186.3,2023-04-09,45
PO-2023-3625,2023-01-01,VS05,GI Wire,31.37,MT,53879.56,2023-01-13,15
PO-2023-3626,2023-01-17,VS10,SS Pipes,16.77,MT,100184.99,2023-01-26,30
PO-2023-3627,2022-09-03,VS10,MS Rods,4.56,MT,81025.7,2022-09-06,30
PO-2023-3628,2022-03-22,VS13,Angles & Channels,3.27,MT,115576.27,2022-04-04,30
PO-2023-3629,2023-12-07,VS17,MS Sheets,14.82,MT,60891.1,2023-12-21,45
PO-2023-3630,2021-08-19,VS15,Square/Rect Tubes,15.14,MT,109145.96,2021-08-30,45
PO-2023-3631,2021-05-16,VS15,MS Pipes,1.5,MT,113465.6,2021-05-30,45
PO-2023-3632,2023-05-21,VS05,MS Pipes,16.5,MT,62147.49,2023-05-26,15
PO-2023-3633,2021-07-26,VS24,SS Pipes,19.48,MT,98977.14,2021-08-10,45
PO-2023-3634,2023-03-06,VS19,MS Rods,35.93,MT,65915.31,2023-03-19,30
PO-2023-3635,2022-11-07,VS15,SS Sheets,27.95,MT,52010.43,2022-11-15,45
PO-2023-3636,2021-02-04,VS08,CR Sheets,45.69,MT,76545.83,2021-02-19,21
PO-2023-3637,2021-11-15,VS32,Hex Bars,41.19,MT,88890.59,2021-11-24,45
PO-2023-3638,2021-09-08,VS21,Structural Steel,13.09,MT,70272.0,2021-09-22,15
PO-2023-3639,2021-08-16,VS09,Spring Steel,38.75,MT,112937.46,2021-08-26,30
PO-2023-3640,2022-11-06,VS07,Square/Rect Tubes,12.48,MT,72908.7,2022-11-18,15
PO-2023-3641,2023-10-17,VS33,ERW Pipes,17.73,MT,64469.8,2023-10-26,45
PO-2023-3642,2021-04-04,VS30,MS Sheets,12.13,MT,73751.43,2021-04-09,45
PO-2023-3643,2022-08-29,VS19,GI Wire,38.16,MT,112520.91,2022-09-06,30
PO-2023-3644,2022-07-28,VS28,Fasteners & Fittings,23.96,MT,47750.88,2022-08-01,15
PO-2023-3645,2023-06-24,VS07,MS Pipes,23.57,MT,49585.96,2023-07-05,15
PO-2023-3646,2023-08-08,VS08,Angles & Channels,19.83,MT,64768.08,2023-08-21,21
PO-2023-3647,2023-09-12,VS15,Structural Steel,33.56,MT,49590.11,2023-09-16,45
PO-2023-3648,2023-09-24,VS21,SS Sheets,48.96,MT,84755.72,2023-10-09,15
PO-2023-3649,2022-01-16,VS29,SS Sheets,41.25,MT,108040.25,2022-01-27,30
PO-2023-3650,2022-10-27,VS30,MS Sheets,19.78,MT,57149.82,2022-11-01,45
PO-2023-3651,2022-11-12,VS17,MS Rods,34.58,MT,75212.0,2022-11-17,45
PO-2023-3652,2023-07-13,VS12,Spring Steel,26.29,MT,70220.08,2023-07-16,15
PO-2023-3653,2023-07-08,VS27,GI Wire,13.28,MT,45771.42,2023-07-21,21
PO-2023-3654,2023-02-12,VS14,Square/Rect Tubes,24.43,MT,50069.83,2023-02-26,30
PO-2023-3655,2022-02-27,VS22,GI Sheets,36.6,MT,117517.13,2022-03-08,21
PO-2023-3656,2023-09-02,VS27,Square/Rect Tubes,18.55,MT,54403.53,2023-09-13,21
PO-2023-3657,2023-06-03,VS33,Structural Steel,30.76,MT,75482.77,2023-06-16,45
PO-2023-3658,2021-03-03,VS17,Hex Bars,46.01,MT,84248.67,2021-03-12,45
PO-2023-3659,2022-04-24,VS12,GI Pipes,35.0,MT,107653.42,2022-05-09,15
PO-2023-3660,2022-04-27,VS17,MS Pipes,18.0,MT,46904.95,2022-05-08,45
PO-2023-3661,2021-10-24,VS31,GI Sheets,29.31,MT,100665.28,2021-11-01,45
PO-2023-3662,2023-07-10,VS28,CR Sheets,39.05,MT,68570.3,2023-07-23,15
PO-2023-3663,2022-10-21,VS27,Fasteners & Fittings,3.83,MT,80526.75,2022-11-02,21
PO-2023-3664,2023-08-07,VS32,MS Flats,17.87,MT,56908.89,2023-08-11,45
PO-2023-3665,2021-02-26,VS16,Hex Bars,13.72,MT,108380.87,2021-03-08,15
PO-2023-3666,2022-03-07,VS26,Square/Rect Tubes,23.32,MT,60468.15,2022-03-10,21
PO-2023-3667,2021-12-27,VS12,Square/Rect Tubes,24.63,MT,55100.51,2021-12-31,15
PO-2023-3668,2023-08-10,VS24,Structural Steel,21.87,MT,54051.9,2023-08-20,45
PO-2023-3669,2021-08-07,VS28,MS Sheets,3.8,MT,67089.6,2021-08-19,15
PO-2023-3670,2023-02-01,VS08,SS Sheets,14.14,MT,86436.54,2023-02-13,21
PO-2023-3671,2022-04-22,VS03,Angles & Channels,9.61,MT,54878.1,2022-05-01,21
PO-2023-3672,2021-01-17,VS14,MS Sheets,10.17,MT,112386.66,2021-01-31,30
PO-2023-3673,2023-04-27,VS01,ERW Pipes,49.85,MT,111786.26,2023-05-02,15
PO-2023-3674,2023-03-26,VS18,Structural Steel,41.61,MT,49541.25,2023-04-06,30
PO-2023-3675,2021-02-21,VS05,Fasteners & Fittings,23.76,MT,111529.44,2021-02-24,15
PO-2023-3676,2022-03-19,VS06,MS Rods,46.27,MT,78423.62,2022-04-03,30
PO-2023-3677,2021-03-22,VS22,MS Pipes,47.13,MT,66840.4,2021-03-28,21
PO-2023-3678,2022-03-04,VS12,GI Wire,41.92,MT,61116.11,2022-03-11,15
PO-2023-3679,2023-02-11,VS15,ERW Pipes,43.29,MT,78042.72,2023-02-23,45
PO-2023-3680,2022-07-25,VS29,GI Wire,48.97,MT,113690.98,2022-07-28,30
PO-2023-3681,2022-04-01,VS03,MS Rods,38.06,MT,72157.52,2022-04-04,21
PO-2023-3682,2021-11-17,VS23,Spring Steel,16.93,MT,97416.06,2021-11-23,45
PO-2023-3683,2022-04-06,VS09,Fasteners & Fittings,35.34,MT,119347.99,2022-04-16,30
PO-2023-3684,2022-01-05,VS06,MS Sheets,44.85,MT,53840.47,2022-01-14,30
PO-2023-3685,2022-04-01,VS23,GI Pipes,15.62,MT,102930.31,2022-04-10,45
PO-2023-3686,2021-05-02,VS09,GI Wire,36.21,MT,78942.19,2021-05-15,30
PO-2023-3687,2022-11-10,VS11,Fasteners & Fittings,43.29,MT,86472.36,2022-11-17,30
PO-2023-3688,2022-12-30,VS14,Structural Steel,13.97,MT,101168.89,2023-01-11,30
PO-2023-3689,2023-02-05,VS02,Fasteners & Fittings,36.42,MT,82924.91,2023-02-16,21
PO-2023-3690,2023-06-10,VS20,MS Pipes,21.52,MT,82137.13,2023-06-18,21
PO-2023-3691,2023-04-26,VS02,MS Sheets,3.19,MT,45767.22,2023-05-10,21
PO-2023-3692,2021-07-31,VS11,GI Pipes,9.13,MT,102873.54,2021-08-08,30
PO-2023-3693,2022-09-05,VS16,GI Pipes,14.7,MT,85666.04,2022-09-08,15
PO-2023-3694,2022-04-07,VS12,MS Sheets,18.08,MT,61809.42,2022-04-13,15
PO-2023-3695,2021-12-21,VS01,MS Sheets,12.99,MT,50042.67,2021-12-26,15
PO-2023-3696,2023-02-06,VS22,Angles & Channels,42.82,MT,49453.47,2023-02-18,21
PO-2023-3697,2022-04-09,VS22,SS Sheets,17.1,MT,98843.51,2022-04-12,21
PO-2023-3698,2022-04-08,VS26,Hex Bars,40.84,MT,105640.2,2022-04-15,21
PO-2023-3699,2022-03-03,VS13,HR Coils,10.44,MT,57165.09,2022-03-09,30
PO-2023-3700,2023-03-19,VS11,GI Wire,7.48,MT,105888.43,2023-03-22,30
PO-2023-3701,2022-12-12,VS15,ERW Pipes,7.19,MT,117443.86,2022-12-19,45
PO-2023-3702,2022-07-08,VS06,MS Sheets,44.11,MT,49314.92,2022-07-23,30
PO-2023-3703,2022-11-14,VS26,MS Flats,45.48,MT,90879.64,2022-11-26,21
PO-2023-3704,2021-10-02,VS04,ERW Pipes,7.99,MT,117523.56,2021-10-11,21
PO-2023-3705,2022-02-10,VS05,Structural Steel,23.53,MT,89099.86,2022-02-17,15
PO-2023-3706,2021-11-24,VS05,MS Pipes,19.81,MT,89647.32,2021-12-01,15
PO-2023-3707,2021-07-10,VS14,Fasteners & Fittings,17.75,MT,118948.78,2021-07-14,30
PO-2023-3708,2021-09-29,VS12,MS Rods,22.87,MT,101633.27,2021-10-03,15
PO-2023-3709,2023-09-14,VS24,HR Coils,36.4,MT,54608.16,2023-09-23,45
PO-2023-3710,2022-07-16,VS31,MS Flats,8.41,MT,108978.53,2022-07-29,45
PO-2023-3711,2023-03-28,VS17,MS Rods,6.04,MT,112927.97,2023-04-11,45
PO-2023-3712,2021-02-22,VS28,ERW Pipes,22.98,MT,102483.94,2021-02-25,15
PO-2023-3713,2021-01-10,VS11,Spring Steel,45.22,MT,68655.38,2021-01-15,30
PO-2023-3714,2022-07-08,VS04,GI Sheets,9.14,MT,52942.1,2022-07-16,21
PO-2023-3715,2022-04-17,VS22,Angles & Channels,1.49,MT,52056.54,2022-04-23,21
PO-2023-3716,2021-10-13,VS07,ERW Pipes,15.68,MT,94964.28,2021-10-16,15
PO-2023-3717,2023-11-26,VS29,Structural Steel,45.95,MT,79574.66,2023-12-01,30
PO-2023-3718,2022-06-19,VS30,Square/Rect Tubes,19.34,MT,100593.67,2022-06-24,45
PO-2023-3719,2021-11-11,VS06,Hex Bars,27.72,MT,98114.7,2021-11-18,30
PO-2023-3720,2022-10-21,VS08,MS Sheets,37.06,MT,117684.54,2022-10-28,21
PO-2023-3721,2023-09-17,VS32,GI Pipes,22.14,MT,92553.55,2023-09-29,45
PO-2023-3722,2022-02-11,VS14,HR Coils,38.12,MT,89168.38,2022-02-22,30
PO-2023-3723,2023-05-31,VS23,ERW Pipes,18.54,MT,91313.34,2023-06-03,45
PO-2023-3724,2021-12-06,VS22,Fasteners & Fittings,36.1,MT,94913.41,2021-12-15,21
PO-2023-3725,2022-07-18,VS04,Hex Bars,17.34,MT,82759.21,2022-08-02,21
PO-2023-3726,2023-01-06,VS34,Hex Bars,10.41,MT,100411.3,2023-01-11,21
PO-2023-3727,2022-10-19,VS28,Structural Steel,7.61,MT,104140.21,2022-10-22,15
PO-2023-3728,2023-11-07,VS18,MS Rods,24.63,MT,94384.66,2023-11-22,30
PO-2023-3729,2021-12-11,VS24,SS Sheets,46.27,MT,109669.77,2021-12-24,45
PO-2023-3730,2022-10-16,VS24,SS Pipes,39.5,MT,74384.26,2022-10-27,45
PO-2023-3731,2021-11-22,VS12,MS Sheets,43.61,MT,47472.58,2021-11-26,15
PO-2023-3732,2023-12-29,VS12,Angles & Channels,36.74,MT,98567.68,2024-01-11,15
PO-2023-3733,2023-04-11,VS11,SS Sheets,22.91,MT,86435.3,2023-04-17,30
PO-2023-3734,2022-05-31,VS12,MS Pipes,5.44,MT,120569.59,2022-06-15,15
PO-2023-3735,2021-11-29,VS16,CR Sheets,5.27,MT,87729.87,2021-12-04,15
PO-2023-3736,2021-01-24,VS01,GI Wire,20.33,MT,107360.65,2021-02-03,15
PO-2023-3737,2021-03-23,VS09,GI Wire,20.53,MT,64670.72,2021-03-31,30
PO-2023-3738,2021-04-18,VS24,GI Wire,10.52,MT,50006.5,2021-04-25,45
PO-2023-3739,2021-03-22,VS02,HR Coils,31.11,MT,48742.67,2021-04-06,21
PO-2023-3740,2021-06-22,VS15,HR Coils,19.17,MT,60059.41,2021-07-04,45
PO-2023-3741,2021-12-30,VS09,MS Sheets,15.6,MT,79776.03,2022-01-03,30
PO-2023-3742,2022-04-01,VS25,MS Pipes,35.05,MT,76490.4,2022-04-04,30
PO-2023-3743,2023-12-20,VS10,Fasteners & Fittings,24.81,MT,47795.39,2023-12-29,30
PO-2023-3744,2022-07-30,VS26,ERW Pipes,46.25,MT,101127.17,2022-08-02,21
PO-2023-3745,2023-08-29,VS28,Square/Rect Tubes,20.16,MT,61379.15,2023-09-09,15
PO-2023-3746,2022-12-26,VS01,MS Pipes,29.05,MT,62120.19,2022-12-31,15
PO-2023-3747,2022-02-14,VS18,GI Wire,5.42,MT,106962.18,2022-02-27,30
PO-2023-3748,2021-10-28,VS15,ERW Pipes,11.07,MT,110051.0,2021-11-03,45
PO-2023-3749,2023-04-21,VS08,MS Pipes,32.5,MT,104442.32,2023-04-28,21
PO-2023-3750,2022-08-03,VS06,GI Wire,15.68,MT,115401.84,2022-08-17,30
PO-2023-3751,2021-07-23,VS25,Angles & Channels,14.53,MT,106284.55,2021-07-27,30
PO-2023-3752,2022-02-07,VS30,MS Sheets,23.73,MT,94386.93,2022-02-16,45
PO-2023-3753,2023-12-08,VS24,Structural Steel,47.6,MT,112072.17,2023-12-23,45
PO-2023-3754,2021-03-06,VS28,GI Sheets,39.71,MT,90330.39,2021-03-11,15
PO-2023-3755,2021-04-03,VS18,GI Wire,40.63,MT,80503.61,2021-04-11,30
PO-2023-3756,2021-07-24,VS33,Spring Steel,22.63,MT,119850.41,2021-08-03,45
PO-2023-3757,2022-01-22,VS12,SS Sheets,35.17,MT,50011.76,2022-01-27,15
PO-2023-3758,2022-08-11,VS15,Fasteners & Fittings,16.07,MT,102862.17,2022-08-15,45
PO-2023-3759,2023-10-14,VS11,HR Coils,14.16,MT,77130.05,2023-10-22,30
PO-2023-3760,2022-02-07,VS33,MS Rods,29.06,MT,78647.64,2022-02-22,45
PO-2023-3761,2021-01-23,VS11,Angles & Channels,43.83,MT,102953.32,2021-01-31,30
PO-2023-3762,2022-04-07,VS25,Square/Rect Tubes,21.48,MT,87586.5,2022-04-14,30
PO-2023-3763,2023-08-16,VS12,GI Sheets,26.27,MT,104047.49,2023-08-23,15
PO-2023-3764,2021-05-10,VS01,MS Pipes,30.19,MT,62035.24,2021-05-18,15
PO-2023-3765,2022-10-03,VS31,CR Sheets,9.54,MT,74311.11,2022-10-10,45
PO-2023-3766,2022-04-26,VS21,MS Pipes,41.93,MT,47437.6,2022-05-11,15
PO-2023-3767,2022-03-28,VS31,Spring Steel,4.8,MT,95397.12,2022-03-31,45
PO-2023-3768,2022-09-17,VS32,GI Wire,37.11,MT,67020.0,2022-09-27,45
PO-2023-3769,2023-11-01,VS34,CR Sheets,14.51,MT,79277.73,2023-11-10,21
PO-2023-3770,2023-02-08,VS06,Spring Steel,37.87,MT,108243.1,2023-02-16,30
PO-2023-3771,2023-05-02,VS17,GI Wire,42.6,MT,54853.02,2023-05-11,45
PO-2023-3772,2022-04-24,VS26,Spring Steel,46.31,MT,112599.68,2022-05-09,21
PO-2023-3773,2021-05-18,VS24,SS Sheets,44.23,MT,51534.59,2021-05-26,45
PO-2023-3774,2023-11-26,VS03,GI Pipes,8.31,MT,83879.48,2023-12-10,21
PO-2023-3775,2021-12-08,VS08,MS Pipes,39.08,MT,68104.91,2021-12-11,21
PO-2023-3776,2023-07-20,VS25,MS Pipes,15.21,MT,62714.09,2023-07-29,30
PO-2023-3777,2023-05-28,VS03,MS Flats,45.07,MT,64575.7,2023-06-03,21
PO-2023-3778,2023-06-29,VS18,GI Wire,30.01,MT,63423.53,2023-07-02,30
PO-2023-3779,2023-03-23,VS31,Fasteners & Fittings,33.63,MT,46668.99,2023-04-01,45
PO-2023-3780,2023-08-23,VS08,Spring Steel,46.72,MT,58727.73,2023-08-28,21
PO-2023-3781,2023-05-12,VS27,Structural Steel,45.65,MT,93177.98,2023-05-27,21
PO-2023-3782,2021-06-16,VS02,Hex Bars,23.15,MT,93528.2,2021-06-25,21
PO-2023-3783,2022-11-05,VS14,Hex Bars,38.24,MT,95718.96,2022-11-20,30
PO-2023-3784,2021-04-06,VS25,Structural Steel,37.82,MT,87948.08,2021-04-12,30
PO-2023-3785,2022-09-16,VS11,Hex Bars,34.99,MT,110134.35,2022-09-27,30
PO-2023-3786,2023-09-14,VS26,MS Pipes,37.35,MT,68618.45,2023-09-27,21
PO-2023-3787,2022-10-23,VS02,SS Sheets,28.98,MT,55424.92,2022-10-27,21
PO-2023-3788,2023-07-22,VS04,CR Sheets,32.75,MT,87077.58,2023-08-06,21
PO-2023-3789,2021-06-09,VS26,Fasteners & Fittings,2.46,MT,74306.56,2021-06-14,21
PO-2023-3790,2021-05-06,VS05,MS Rods,38.39,MT,88341.03,2021-05-19,15
PO-2023-3791,2021-01-31,VS31,GI Sheets,47.23,MT,88516.24,2021-02-05,45
PO-2023-3792,2023-11-09,VS06,Spring Steel,46.59,MT,81790.35,2023-11-20,30
PO-2023-3793,2021-11-12,VS27,MS Flats,48.32,MT,102709.83,2021-11-27,21
PO-2023-3794,2022-04-23,VS30,SS Pipes,23.42,MT,113581.51,2022-04-26,45
PO-2023-3795,2023-12-30,VS28,SS Sheets,30.93,MT,57871.18,2024-01-11,15
PO-2023-3796,2022-08-21,VS11,MS Pipes,11.11,MT,97159.2,2022-09-01,30
PO-2023-3797,2022-04-26,VS06,HR Coils,47.92,MT,67686.52,2022-05-09,30
PO-2023-3798,2021-02-09,VS08,SS Sheets,18.58,MT,87418.56,2021-02-18,21
PO-2023-3799,2023-07-10,VS02,MS Rods,30.34,MT,49763.21,2023-07-18,21
PO-2023-3800,2023-06-19,VS13,MS Pipes,19.03,MT,119717.56,2023-06-30,30
PO-2023-3801,2021-11-29,VS18,HR Coils,28.51,MT,83447.23,2021-12-14,30
PO-2023-3802,2022-07-24,VS16,GI Pipes,35.17,MT,103710.75,2022-08-07,15
PO-2023-3803,2021-06-04,VS30,Spring Steel,6.47,MT,80360.7,2021-06-07,45
PO-2023-3804,2023-03-03,VS25,CR Sheets,33.5,MT,95835.06,2023-03-11,30
PO-2023-3805,2023-12-17,VS04,ERW Pipes,19.6,MT,108818.56,2024-01-01,21
PO-2023-3806,2021-10-18,VS33,SS Pipes,17.1,MT,59978.49,2021-10-28,45
PO-2023-3807,2021-04-05,VS08,Structural Steel,3.67,MT,89930.78,2021-04-10,21
PO-2023-3808,2023-04-25,VS20,GI Pipes,22.87,MT,48594.31,2023-04-28,21
PO-2023-3809,2023-11-17,VS03,Hex Bars,32.39,MT,114361.16,2023-11-21,21
PO-2023-3810,2023-07-20,VS11,MS Rods,8.36,MT,57420.33,2023-07-29,30
PO-2023-3811,2021-12-23,VS19,SS Sheets,42.28,MT,72247.42,2021-12-26,30
PO-2023-3812,2021-02-09,VS30,Square/Rect Tubes,26.3,MT,94482.83,2021-02-17,45
PO-2023-3813,2022-01-12,VS30,CR Sheets,5.35,MT,76421.13,2022-01-15,45
PO-2023-3814,2023-05-17,VS08,MS Rods,43.07,MT,57861.79,2023-05-27,21
PO-2023-3815,2023-04-12,VS26,Square/Rect Tubes,1.76,MT,47482.02,2023-04-17,21
PO-2023-3816,2021-02-04,VS16,ERW Pipes,23.36,MT,92670.2,2021-02-19,15
PO-2023-3817,2021-12-25,VS27,GI Sheets,33.95,MT,111177.24,2022-01-01,21
PO-2023-3818,2022-07-06,VS14,MS Flats,40.35,MT,73611.39,2022-07-19,30
PO-2023-3819,2022-01-12,VS17,MS Flats,49.92,MT,96035.01,2022-01-22,45
PO-2023-3820,2021-01-13,VS06,MS Sheets,1.54,MT,100978.4,2021-01-28,30
PO-2023-3821,2021-10-20,VS20,MS Sheets,33.22,MT,73045.12,2021-10-29,21
PO-2023-3822,2021-02-08,VS06,Square/Rect Tubes,47.88,MT,79389.7,2021-02-14,30
PO-2023-3823,2021-01-19,VS12,Spring Steel,45.56,MT,91250.34,2021-01-28,15
PO-2023-3824,2021-05-01,VS16,MS Rods,32.8,MT,78664.45,2021-05-06,15
PO-2023-3825,2022-08-25,VS16,MS Rods,16.59,MT,108334.62,2022-09-08,15
PO-2023-3826,2022-09-24,VS03,Angles & Channels,18.39,MT,101275.29,2022-10-03,21
PO-2023-3827,2022-06-08,VS33,SS Pipes,35.3,MT,106136.44,2022-06-23,45
PO-2023-3828,2023-01-23,VS18,MS Pipes,48.57,MT,110527.8,2023-02-06,30
PO-2023-3829,2022-07-12,VS33,Spring Steel,8.2,MT,71420.86,2022-07-26,45
PO-2023-3830,2023-07-15,VS32,HR Coils,26.37,MT,65733.39,2023-07-29,45
PO-2023-3831,2023-03-31,VS27,Square/Rect Tubes,49.95,MT,117054.77,2023-04-06,21
PO-2023-3832,2023-05-27,VS03,MS Rods,20.76,MT,82960.23,2023-06-11,21
PO-2023-3833,2023-12-20,VS27,SS Sheets,29.68,MT,54701.08,2024-01-01,21
PO-2023-3834,2022-09-28,VS32,MS Sheets,7.61,MT,48787.33,2022-10-05,45
PO-2023-3835,2022-01-16,VS34,MS Rods,10.04,MT,117093.45,2022-01-28,21
PO-2023-3836,2021-09-21,VS01,MS Rods,21.43,MT,50450.36,2021-10-01,15
PO-2023-3837,2023-04-16,VS12,GI Sheets,44.73,MT,76202.52,2023-04-28,15
PO-2023-3838,2021-11-13,VS16,GI Sheets,16.71,MT,86463.45,2021-11-23,15
PO-2023-3839,2023-03-30,VS33,Fasteners & Fittings,35.8,MT,78820.49,2023-04-04,45
PO-2023-3840,2023-02-02,VS28,MS Pipes,15.75,MT,63529.43,2023-02-13,15
PO-2023-3841,2021-12-20,VS04,Hex Bars,47.43,MT,105560.96,2022-01-01,21
PO-2023-3842,2022-05-21,VS07,MS Flats,10.81,MT,84591.01,2022-05-27,15
PO-2023-3843,2021-06-23,VS10,Square/Rect Tubes,20.72,MT,47199.82,2021-06-27,30
PO-2023-3844,2022-08-17,VS20,GI Pipes,32.97,MT,94366.83,2022-08-27,21
PO-2023-3845,2023-03-28,VS10,SS Pipes,47.87,MT,67871.98,2023-04-10,30
PO-2023-3846,2022-04-10,VS03,SS Sheets,36.82,MT,90793.79,2022-04-16,21
PO-2023-3847,2022-09-08,VS08,MS Pipes,11.0,MT,105864.55,2022-09-18,21
PO-2023-3848,2022-10-21,VS10,Spring Steel,24.03,MT,47487.9,2022-11-02,30
PO-2023-3849,2023-06-10,VS21,MS Rods,15.56,MT,100671.21,2023-06-23,15
PO-2023-3850,2021-10-05,VS19,MS Pipes,17.15,MT,122430.44,2021-10-18,30
PO-2023-3851,2021-11-06,VS04,Hex Bars,9.95,MT,70262.52,2021-11-12,21
PO-2023-3852,2021-03-05,VS32,GI Wire,21.98,MT,115680.71,2021-03-09,45
PO-2023-3853,2022-06-19,VS26,Square/Rect Tubes,45.85,MT,87628.88,2022-07-04,21
PO-2023-3854,2021-03-11,VS24,MS Rods,27.16,MT,110951.01,2021-03-15,45
PO-2023-3855,2023-08-29,VS24,HR Coils,31.77,MT,45208.36,2023-09-10,45
PO-2023-3856,2023-04-17,VS27,ERW Pipes,46.89,MT,77296.01,2023-04-25,21
PO-2023-3857,2023-09-11,VS10,SS Sheets,42.63,MT,45504.57,2023-09-17,30
PO-2023-3858,2022-09-22,VS32,CR Sheets,6.91,MT,57252.51,2022-09-28,45
PO-2023-3859,2021-05-29,VS13,Structural Steel,33.36,MT,68681.14,2021-06-07,30
PO-2023-3860,2021-07-18,VS01,GI Pipes,25.31,MT,82190.11,2021-07-31,15
PO-2023-3861,2021-12-14,VS05,Structural Steel,49.54,MT,71220.89,2021-12-20,15
PO-2023-3862,2023-05-09,VS06,MS Sheets,48.33,MT,55995.96,2023-05-17,30
PO-2023-3863,2021-05-26,VS13,Hex Bars,24.73,MT,60747.54,2021-05-29,30
PO-2023-3864,2022-01-24,VS20,MS Sheets,40.71,MT,108883.81,2022-01-31,21
PO-2023-3865,2022-07-18,VS29,SS Sheets,27.95,MT,45006.41,2022-07-25,30
PO-2023-3866,2023-10-08,VS28,MS Pipes,22.75,MT,116907.67,2023-10-17,15
PO-2023-3867,2021-09-21,VS15,MS Flats,49.34,MT,114225.37,2021-09-24,45
PO-2023-3868,2023-08-22,VS27,MS Flats,4.73,MT,101779.17,2023-08-26,21
PO-2023-3869,2023-08-24,VS03,Spring Steel,42.81,MT,122849.08,2023-08-28,21
PO-2023-3870,2023-09-17,VS16,MS Sheets,43.33,MT,89481.71,2023-09-21,15
PO-2023-3871,2022-07-03,VS23,MS Rods,10.44,MT,64184.49,2022-07-15,45
PO-2023-3872,2021-05-31,VS23,Hex Bars,1.07,MT,70973.75,2021-06-14,45
PO-2023-3873,2021-06-11,VS07,MS Flats,44.86,MT,78891.88,2021-06-18,15
PO-2023-3874,2023-03-15,VS24,HR Coils,30.51,MT,53772.99,2023-03-24,45
PO-2023-3875,2021-04-07,VS32,Structural Steel,1.13,MT,66379.23,2021-04-19,45
PO-2023-3876,2022-05-19,VS01,SS Sheets,16.63,MT,68381.87,2022-05-30,15
PO-2023-3877,2022-07-20,VS02,HR Coils,30.61,MT,104134.66,2022-07-31,21
PO-2023-3878,2021-11-03,VS12,SS Pipes,40.41,MT,48682.42,2021-11-09,15
PO-2023-3879,2023-02-23,VS26,MS Sheets,38.59,MT,100381.17,2023-02-26,21
PO-2023-3880,2022-05-04,VS33,Angles & Channels,45.85,MT,85799.11,2022-05-13,45
PO-2023-3881,2022-07-25,VS02,Fasteners & Fittings,27.17,MT,45933.57,2022-08-03,21
PO-2023-3882,2022-10-21,VS11,MS Flats,5.44,MT,112597.16,2022-10-28,30
PO-2023-3883,2023-06-15,VS14,GI Sheets,36.4,MT,70690.93,2023-06-24,30
PO-2023-3884,2021-09-28,VS13,GI Pipes,46.69,MT,90367.61,2021-10-08,30
PO-2023-3885,2022-09-07,VS17,MS Pipes,25.65,MT,83042.16,2022-09-10,45
PO-2023-3886,2023-06-04,VS32,GI Pipes,25.77,MT,117371.59,2023-06-15,45
PO-2023-3887,2023-09-17,VS03,MS Sheets,3.01,MT,99800.91,2023-09-21,21
PO-2023-3888,2021-07-09,VS19,HR Coils,4.86,MT,62375.99,2021-07-14,30
PO-2023-3889,2023-03-10,VS25,ERW Pipes,5.72,MT,85283.54,2023-03-21,30
PO-2023-3890,2022-11-25,VS04,MS Flats,8.99,MT,74950.55,2022-11-30,21
PO-2023-3891,2021-09-02,VS08,MS Rods,2.59,MT,119564.62,2021-09-17,21
PO-2023-3892,2021-11-22,VS10,MS Pipes,16.36,MT,90046.48,2021-12-02,30
PO-2023-3893,2021-01-15,VS31,Structural Steel,47.65,MT,72251.88,2021-01-22,45
PO-2023-3894,2022-08-30,VS31,GI Pipes,43.31,MT,95917.21,2022-09-12,45
PO-2023-3895,2021-10-09,VS13,SS Pipes,22.75,MT,49764.26,2021-10-18,30
PO-2023-3896,2021-05-31,VS22,HR Coils,29.25,MT,76591.84,2021-06-15,21
PO-2023-3897,2023-09-23,VS25,GI Wire,7.48,MT,75558.39,2023-09-29,30
PO-2023-3898,2022-11-01,VS25,MS Pipes,18.8,MT,118216.73,2022-11-06,30
PO-2023-3899,2023-02-27,VS05,Spring Steel,15.76,MT,54730.49,2023-03-09,15
PO-2023-3900,2023-07-08,VS01,GI Sheets,45.44,MT,83770.24,2023-07-11,15
PO-2023-3901,2022-11-09,VS04,MS Rods,12.59,MT,74717.0,2022-11-15,21
PO-2023-3902,2023-06-08,VS01,Angles & Channels,3.16,MT,99820.05,2023-06-21,15
PO-2023-3903,2021-06-29,VS28,CR Sheets,42.03,MT,91788.32,2021-07-11,15
PO-2023-3904,2021-09-05,VS01,GI Sheets,29.75,MT,89427.39,2021-09-10,15
PO-2023-3905,2021-05-01,VS16,MS Pipes,8.01,MT,55144.17,2021-05-13,15
PO-2023-3906,2022-06-22,VS22,MS Sheets,34.74,MT,102554.44,2022-07-02,21
PO-2023-3907,2023-01-30,VS30,Angles & Channels,12.33,MT,53408.54,2023-02-12,45
PO-2023-3908,2022-01-18,VS26,GI Pipes,3.43,MT,98745.59,2022-01-27,21
PO-2023-3909,2021-03-30,VS09,Fasteners & Fittings,18.09,MT,106104.57,2021-04-09,30
PO-2023-3910,2022-08-28,VS21,CR Sheets,40.75,MT,118611.18,2022-09-09,15
PO-2023-3911,2021-10-08,VS03,MS Flats,15.01,MT,90233.27,2021-10-20,21
PO-2023-3912,2022-07-31,VS19,MS Flats,12.03,MT,53863.91,2022-08-11,30
PO-2023-3913,2021-02-03,VS08,Spring Steel,30.17,MT,71089.56,2021-02-11,21
PO-2023-3914,2023-12-21,VS14,SS Sheets,44.43,MT,108395.12,2024-01-05,30
PO-2023-3915,2022-11-08,VS26,MS Rods,8.69,MT,57590.55,2022-11-23,21
PO-2023-3916,2023-01-30,VS10,ERW Pipes,25.17,MT,82128.12,2023-02-07,30
PO-2023-3917,2023-04-15,VS25,MS Pipes,12.5,MT,105871.32,2023-04-19,30
PO-2023-3918,2023-05-11,VS09,SS Sheets,27.55,MT,47286.25,2023-05-14,30
PO-2023-3919,2022-08-30,VS29,Square/Rect Tubes,38.13,MT,112634.82,2022-09-08,30
PO-2023-3920,2021-02-02,VS09,GI Sheets,18.31,MT,119572.89,2021-02-10,30
PO-2023-3921,2023-10-30,VS24,MS Pipes,4.48,MT,116616.96,2023-11-12,45
PO-2023-3922,2021-01-09,VS05,Fasteners & Fittings,12.29,MT,99437.68,2021-01-13,15
PO-2023-3923,2023-05-17,VS32,ERW Pipes,16.49,MT,49047.64,2023-05-28,45
PO-2023-3924,2023-06-21,VS04,Angles & Channels,7.32,MT,64174.5,2023-06-25,21
PO-2023-3925,2022-03-05,VS16,MS Flats,16.07,MT,87537.57,2022-03-08,15
PO-2023-3926,2023-02-08,VS17,Angles & Channels,11.48,MT,96000.71,2023-02-16,45
PO-2023-3927,2023-08-16,VS04,MS Flats,36.41,MT,54233.12,2023-08-30,21
PO-2023-3928,2021-06-13,VS34,Spring Steel,20.5,MT,117331.79,2021-06-20,21
PO-2023-3929,2023-04-09,VS14,GI Wire,17.17,MT,111388.1,2023-04-20,30
PO-2023-3930,2022-04-27,VS13,MS Flats,35.96,MT,82117.21,2022-05-10,30
PO-2023-3931,2023-08-01,VS26,Spring Steel,47.79,MT,73069.15,2023-08-11,21
PO-2023-3932,2021-04-11,VS12,HR Coils,49.7,MT,100937.07,2021-04-21,15
PO-2023-3933,2021-07-01,VS17,HR Coils,42.92,MT,105428.3,2021-07-05,45
PO-2023-3934,2022-01-16,VS11,MS Pipes,30.57,MT,77436.5,2022-01-22,30
PO-2023-3935,2022-03-21,VS13,Square/Rect Tubes,34.82,MT,90277.83,2022-03-31,30
PO-2023-3936,2022-03-12,VS09,GI Sheets,28.71,MT,109545.82,2022-03-19,30
PO-2023-3937,2022-06-15,VS03,MS Sheets,43.56,MT,118681.63,2022-06-23,21
PO-2023-3938,2022-05-07,VS11,MS Rods,46.8,MT,112182.71,2022-05-17,30
PO-2023-3939,2023-02-10,VS12,CR Sheets,9.1,MT,83725.03,2023-02-16,15
PO-2023-3940,2021-11-23,VS15,Spring Steel,43.51,MT,93877.92,2021-11-26,45
PO-2023-3941,2021-10-07,VS16,MS Sheets,2.06,MT,52044.05,2021-10-21,15
PO-2023-3942,2021-01-01,VS05,GI Wire,31.23,MT,62096.49,2021-01-16,15
PO-2023-3943,2021-12-25,VS34,CR Sheets,15.37,MT,60931.34,2022-01-01,21
PO-2023-3944,2023-10-11,VS05,Hex Bars,8.32,MT,90608.09,2023-10-26,15
PO-2023-3945,2023-09-17,VS22,MS Flats,43.24,MT,69619.18,2023-09-24,21
PO-2023-3946,2022-12-02,VS09,MS Rods,3.82,MT,114448.57,2022-12-10,30
PO-2023-3947,2023-06-13,VS05,GI Sheets,28.0,MT,61585.29,2023-06-16,15
PO-2023-3948,2021-01-08,VS26,SS Sheets,49.25,MT,61008.31,2021-01-13,21
PO-2023-3949,2022-01-13,VS28,Square/Rect Tubes,45.77,MT,81957.24,2022-01-23,15
PO-2023-3950,2023-08-15,VS14,GI Sheets,47.02,MT,76062.56,2023-08-29,30
PO-2023-3951,2023-11-03,VS03,MS Rods,20.69,MT,70101.54,2023-11-13,21
PO-2023-3952,2021-02-27,VS29,MS Pipes,11.16,MT,72112.97,2021-03-05,30
PO-2023-3953,2023-02-15,VS03,MS Flats,31.1,MT,60018.33,2023-02-26,21
PO-2023-3954,2022-09-16,VS09,SS Sheets,5.16,MT,106806.87,2022-09-29,30
PO-2023-3955,2023-08-27,VS20,GI Pipes,7.48,MT,82204.42,2023-08-30,21
PO-2023-3956,2023-06-09,VS31,Angles & Channels,25.81,MT,77102.07,2023-06-18,45
PO-2023-3957,2021-10-10,VS24,MS Pipes,42.25,MT,77227.49,2021-10-15,45
PO-2023-3958,2021-01-29,VS03,HR Coils,35.62,MT,61691.0,2021-02-09,21
PO-2023-3959,2023-01-01,VS26,CR Sheets,47.35,MT,99669.64,2023-01-08,21
PO-2023-3960,2023-07-07,VS18,MS Flats,30.16,MT,93426.67,2023-07-13,30
PO-2023-3961,2021-08-02,VS34,GI Sheets,49.07,MT,97423.71,2021-08-14,21
PO-2023-3962,2023-09-20,VS18,SS Pipes,13.63,MT,113542.11,2023-10-01,30
PO-2023-3963,2023-05-26,VS03,MS Flats,40.88,MT,47908.07,2023-06-02,21
PO-2023-3964,2022-03-02,VS10,GI Wire,38.98,MT,77738.9,2022-03-08,30
PO-2023-3965,2021-09-19,VS09,HR Coils,48.79,MT,64294.49,2021-09-28,30
PO-2023-3966,2021-07-27,VS09,ERW Pipes,8.69,MT,86103.95,2021-08-10,30
PO-2023-3967,2023-12-29,VS05,ERW Pipes,17.15,MT,66623.75,2024-01-06,15
PO-2023-3968,2022-04-12,VS17,MS Pipes,1.2,MT,50492.57,2022-04-25,45
PO-2023-3969,2023-07-12,VS28,MS Sheets,7.74,MT,59483.14,2023-07-24,15
PO-2023-3970,2023-12-24,VS20,Structural Steel,15.71,MT,107003.32,2024-01-06,21
PO-2023-3971,2021-11-27,VS22,MS Rods,36.04,MT,100989.24,2021-12-11,21
PO-2023-3972,2023-10-04,VS05,Hex Bars,38.94,MT,84476.66,2023-10-09,15
PO-2023-3973,2022-02-24,VS29,Hex Bars,32.51,MT,93669.87,2022-02-27,30
PO-2023-3974,2022-11-07,VS19,SS Pipes,20.01,MT,50659.12,2022-11-21,30
PO-2023-3975,2021-06-07,VS13,CR Sheets,29.2,MT,72755.84,2021-06-14,30
PO-2023-3976,2023-08-16,VS18,MS Rods,2.2,MT,95958.61,2023-08-27,30
PO-2023-3977,2023-05-28,VS29,CR Sheets,28.8,MT,104758.48,2023-06-03,30
PO-2023-3978,2022-05-10,VS01,Fasteners & Fittings,8.55,MT,74622.86,2022-05-14,15
PO-2023-3979,2021-04-14,VS04,Square/Rect Tubes,21.44,MT,73814.33,2021-04-19,21
PO-2023-3980,2021-01-16,VS07,GI Wire,16.81,MT,112565.13,2021-01-30,15
PO-2023-3981,2023-07-10,VS33,GI Wire,47.6,MT,69790.8,2023-07-23,45
PO-2023-3982,2023-12-07,VS26,MS Flats,17.06,MT,101898.68,2023-12-17,21
PO-2023-3983,2022-12-23,VS07,MS Sheets,13.48,MT,77321.5,2022-12-26,15
PO-2023-3984,2021-01-15,VS04,MS Rods,26.66,MT,70318.39,2021-01-30,21
PO-2023-3985,2023-04-30,VS34,Square/Rect Tubes,15.27,MT,49311.74,2023-05-04,21
PO-2023-3986,2023-04-30,VS25,Angles & Channels,13.51,MT,52988.35,2023-05-05,30
PO-2023-3987,2022-06-10,VS20,CR Sheets,4.37,MT,83421.91,2022-06-22,21
PO-2023-3988,2023-08-26,VS19,MS Pipes,8.04,MT,112946.35,2023-09-01,30
PO-2023-3989,2022-02-17,VS34,GI Wire,45.7,MT,119858.37,2022-02-20,21
PO-2023-3990,2023-11-16,VS15,MS Flats,41.21,MT,110044.72,2023-11-30,45
PO-2023-3991,2021-05-11,VS29,MS Pipes,47.96,MT,75615.69,2021-05-14,30
PO-2023-3992,2022-09-03,VS18,Square/Rect Tubes,45.9,MT,83452.09,2022-09-12,30
PO-2023-3993,2021-05-05,VS12,GI Pipes,40.07,MT,72757.19,2021-05-08,15
PO-2023-3994,2024-01-01,VS15,MS Pipes,49.17,MT,103264.43,2024-01-08,45
PO-2023-3995,2021-05-22,VS14,CR Sheets,33.73,MT,45908.7,2021-06-06,30
PO-2023-3996,2023-06-07,VS05,Structural Steel,30.22,MT,110100.49,2023-06-19,15
PO-2023-3997,2023-09-25,VS09,CR Sheets,17.5,MT,56464.24,2023-10-02,30
PO-2023-3998,2021-08-13,VS14,Angles & Channels,20.07,MT,65272.64,2021-08-16,30
PO-2023-3999,2022-09-04,VS21,GI Pipes,23.74,MT,71545.31,2022-09-19,15
PO-2023-4000,2023-02-13,VS32,SS Sheets,49.4,MT,118026.2,2023-02-16,45
PO-2023-4001,2022-10-22,VS32,HR Coils,29.08,MT,95762.29,2022-10-30,45
PO-2023-4002,2021-04-03,VS09,GI Wire,1.05,MT,98792.03,2021-04-10,30
PO-2023-4003,2022-07-08,VS10,GI Pipes,40.27,MT,117708.52,2022-07-16,30
PO-2023-4004,2023-12-23,VS09,MS Flats,26.51,MT,90789.31,2023-12-26,30
PO-2023-4005,2023-08-18,VS13,SS Sheets,8.52,MT,62051.83,2023-08-30,30
PO-2023-4006,2023-06-21,VS30,Structural Steel,15.0,MT,77758.98,2023-06-29,45
PO-2023-4007,2023-01-19,VS08,SS Sheets,4.27,MT,112451.55,2023-02-02,21
PO-2023-4008,2022-07-02,VS34,MS Sheets,10.87,MT,82564.52,2022-07-17,21
PO-2023-4009,2021-09-22,VS21,Hex Bars,43.82,MT,97224.85,2021-10-07,15
PO-2023-4010,2022-07-21,VS07,GI Wire,8.8,MT,93502.71,2022-07-27,15
PO-2023-4011,2021-12-11,VS28,MS Pipes,37.1,MT,72044.59,2021-12-22,15
PO-2023-4012,2023-02-11,VS18,MS Sheets,23.5,MT,107898.27,2023-02-18,30
PO-2023-4013,2023-11-24,VS14,ERW Pipes,42.62,MT,78258.94,2023-12-08,30
PO-2023-4014,2021-01-06,VS25,MS Rods,9.91,MT,89276.66,2021-01-19,30
PO-2023-4015,2021-06-27,VS24,SS Pipes,49.1,MT,84722.33,2021-07-12,45
PO-2023-4016,2021-07-04,VS30,Spring Steel,25.53,MT,67117.58,2021-07-09,45
PO-2023-4017,2023-02-21,VS24,MS Flats,28.59,MT,76073.96,2023-03-04,45
PO-2023-4018,2021-02-17,VS27,Square/Rect Tubes,12.54,MT,79512.62,2021-02-22,21
PO-2023-4019,2022-03-27,VS31,ERW Pipes,23.07,MT,82694.02,2022-04-08,45
PO-2023-4020,2021-02-25,VS10,MS Sheets,12.17,MT,95948.22,2021-03-09,30
PO-2023-4021,2021-04-26,VS03,GI Wire,16.5,MT,68073.15,2021-05-11,21
PO-2023-4022,2023-07-07,VS04,Spring Steel,14.75,MT,79951.16,2023-07-17,21
PO-2023-4023,2022-10-24,VS17,SS Pipes,31.73,MT,78387.75,2022-11-03,45
PO-2023-4024,2022-10-05,VS21,GI Sheets,30.07,MT,50804.54,2022-10-16,15
PO-2023-4025,2021-03-23,VS29,GI Sheets,23.68,MT,49973.17,2021-04-04,30
PO-2023-4026,2021-05-13,VS21,Structural Steel,30.52,MT,86836.98,2021-05-20,15
PO-2023-4027,2023-01-27,VS33,MS Rods,9.21,MT,107008.07,2023-02-02,45
PO-2023-4028,2023-11-02,VS17,Spring Steel,26.07,MT,75826.87,2023-11-13,45
PO-2023-4029,2021-02-16,VS10,MS Pipes,34.58,MT,74894.53,2021-02-21,30
PO-2023-4030,2022-05-03,VS26,ERW Pipes,9.84,MT,115174.06,2022-05-18,21
PO-2023-4031,2021-02-27,VS22,SS Pipes,27.81,MT,105546.01,2021-03-03,21
PO-2023-4032,2021-11-13,VS34,MS Rods,42.52,MT,103810.35,2021-11-17,21
PO-2023-4033,2023-11-13,VS09,MS Pipes,32.79,MT,81634.07,2023-11-22,30
PO-2023-4034,2023-03-06,VS03,ERW Pipes,3.31,MT,92518.64,2023-03-12,21
PO-2023-4035,2023-09-13,VS10,Spring Steel,8.05,MT,86495.94,2023-09-19,30
PO-2023-4036,2022-04-04,VS18,Hex Bars,33.47,MT,108715.3,2022-04-17,30
PO-2023-4037,2022-09-15,VS30,GI Pipes,12.89,MT,68713.71,2022-09-24,45
PO-2023-4038,2023-10-03,VS21,Fasteners & Fittings,26.04,MT,76032.43,2023-10-14,15
PO-2023-4039,2022-04-07,VS13,MS Flats,18.36,MT,78456.83,2022-04-22,30
PO-2023-4040,2023-09-25,VS29,HR Coils,37.25,MT,102445.66,2023-10-10,30
PO-2023-4041,2022-03-23,VS07,MS Flats,17.13,MT,92409.42,2022-04-05,15
PO-2023-4042,2022-10-14,VS29,GI Pipes,18.52,MT,93278.06,2022-10-25,30
PO-2023-4043,2023-09-07,VS15,Hex Bars,14.42,MT,106662.6,2023-09-14,45
PO-2023-4044,2021-04-02,VS20,Angles & Channels,49.11,MT,85304.62,2021-04-06,21
PO-2023-4045,2021-06-06,VS20,SS Pipes,16.12,MT,81254.8,2021-06-09,21
PO-2023-4046,2021-07-29,VS10,HR Coils,48.91,MT,104495.91,2021-08-01,30
PO-2023-4047,2022-02-11,VS26,Spring Steel,49.53,MT,53537.31,2022-02-24,21
PO-2023-4048,2023-03-17,VS05,GI Pipes,29.56,MT,77843.29,2023-03-27,15
PO-2023-4049,2023-07-04,VS04,Square/Rect Tubes,12.37,MT,118014.2,2023-07-19,21
PO-2023-4050,2022-07-01,VS23,GI Wire,26.11,MT,64755.34,2022-07-11,45
PO-2023-4051,2022-08-24,VS02,HR Coils,41.15,MT,76744.38,2022-09-02,21
PO-2023-4052,2022-09-03,VS02,SS Pipes,22.17,MT,115322.38,2022-09-15,21
PO-2023-4053,2022-10-16,VS31,GI Sheets,38.16,MT,82952.39,2022-10-22,45
PO-2023-4054,2021-09-01,VS23,Structural Steel,18.94,MT,97981.39,2021-09-06,45
PO-2023-4055,2021-10-29,VS29,HR Coils,6.12,MT,74512.71,2021-11-09,30
PO-2023-4056,2022-03-03,VS03,Square/Rect Tubes,28.68,MT,53720.8,2022-03-14,21
PO-2023-4057,2023-01-25,VS20,MS Sheets,49.8,MT,62007.65,2023-01-30,21
PO-2023-4058,2022-09-07,VS06,MS Rods,42.87,MT,100229.1,2022-09-11,30
PO-2023-4059,2022-12-12,VS17,Spring Steel,13.12,MT,77464.53,2022-12-21,45
PO-2023-4060,2021-02-19,VS30,GI Sheets,15.69,MT,104603.19,2021-03-01,45
PO-2023-4061,2022-06-06,VS25,MS Sheets,36.63,MT,70903.27,2022-06-19,30
PO-2023-4062,2023-01-01,VS19,SS Pipes,46.16,MT,84790.38,2023-01-15,30
PO-2023-4063,2021-08-24,VS28,SS Pipes,22.66,MT,70250.26,2021-08-29,15
PO-2023-4064,2021-12-06,VS05,Hex Bars,33.56,MT,75336.71,2021-12-17,15
PO-2023-4065,2021-05-28,VS19,ERW Pipes,12.17,MT,106330.24,2021-06-04,30
PO-2023-4066,2023-09-10,VS25,GI Pipes,35.56,MT,64135.92,2023-09-21,30
PO-2023-4067,2022-02-21,VS32,Fasteners & Fittings,15.1,MT,100195.8,2022-02-26,45
PO-2023-4068,2021-09-14,VS26,SS Sheets,33.56,MT,119769.05,2021-09-20,21
PO-2023-4069,2021-02-28,VS10,GI Wire,48.13,MT,92581.12,2021-03-14,30
PO-2023-4070,2021-03-02,VS25,MS Sheets,6.71,MT,111801.88,2021-03-11,30
PO-2023-4071,2023-02-12,VS29,Fasteners & Fittings,7.03,MT,100969.12,2023-02-21,30
PO-2023-4072,2023-04-28,VS28,SS Pipes,1.07,MT,119803.64,2023-05-12,15
PO-2023-4073,2023-03-19,VS16,CR Sheets,9.52,MT,116259.74,2023-03-22,15
PO-2023-4074,2021-10-03,VS09,Square/Rect Tubes,34.32,MT,118413.63,2021-10-10,30
PO-2023-4075,2021-03-23,VS05,GI Sheets,36.53,MT,117896.2,2021-04-03,15
PO-2023-4076,2022-03-29,VS27,Structural Steel,18.55,MT,100527.7,2022-04-02,21
PO-2023-4077,2023-08-30,VS29,SS Pipes,17.04,MT,92674.85,2023-09-06,30
PO-2023-4078,2023-04-07,VS08,CR Sheets,15.39,MT,91258.6,2023-04-13,21
PO-2023-4079,2022-05-18,VS23,SS Pipes,23.44,MT,108859.96,2022-05-26,45
PO-2023-4080,2023-06-09,VS20,Square/Rect Tubes,43.56,MT,73267.06,2023-06-12,21
PO-2023-4081,2021-08-14,VS25,HR Coils,24.99,MT,54618.05,2021-08-20,30
PO-2023-4082,2021-05-17,VS23,MS Rods,44.79,MT,92527.93,2021-05-25,45
PO-2023-4083,2021-11-20,VS12,Structural Steel,34.58,MT,76099.07,2021-11-27,15
PO-2023-4084,2021-07-09,VS20,GI Pipes,2.29,MT,114547.05,2021-07-24,21
PO-2023-4085,2022-10-25,VS01,MS Sheets,37.4,MT,70089.19,2022-10-29,15
PO-2023-4086,2022-03-03,VS18,SS Sheets,46.34,MT,64186.35,2022-03-14,30
PO-2023-4087,2023-03-29,VS31,Square/Rect Tubes,9.85,MT,113295.37,2023-04-04,45
PO-2023-4088,2021-01-02,VS20,Structural Steel,38.0,MT,116752.66,2021-01-06,21
PO-2023-4089,2022-06-02,VS24,CR Sheets,19.52,MT,100420.28,2022-06-06,45
PO-2023-4090,2023-02-05,VS31,SS Sheets,29.43,MT,59847.98,2023-02-13,45
PO-2023-4091,2021-07-10,VS08,CR Sheets,35.14,MT,89127.02,2021-07-21,21
PO-2023-4092,2023-11-25,VS30,MS Flats,11.47,MT,55050.98,2023-12-09,45
PO-2023-4093,2021-01-17,VS19,MS Pipes,29.57,MT,69062.36,2021-01-27,30
PO-2023-4094,2023-10-12,VS28,GI Wire,5.64,MT,59573.94,2023-10-26,15
PO-2023-4095,2023-12-19,VS24,Hex Bars,3.53,MT,52492.9,2024-01-02,45
PO-2023-4096,2023-09-11,VS16,SS Pipes,16.29,MT,88672.28,2023-09-19,15
PO-2023-4097,2021-07-08,VS05,CR Sheets,12.21,MT,81103.58,2021-07-17,15
PO-2023-4098,2021-12-16,VS07,MS Pipes,24.81,MT,86137.75,2021-12-27,15
PO-2023-4099,2023-07-24,VS07,GI Pipes,31.14,MT,75404.19,2023-08-04,15
PO-2023-4100,2022-10-18,VS28,SS Sheets,7.31,MT,102073.96,2022-10-21,15
PO-2023-4101,2023-04-13,VS01,Square/Rect Tubes,43.32,MT,106647.61,2023-04-26,15
PO-2023-4102,2022-02-10,VS16,SS Pipes,19.24,MT,64745.85,2022-02-24,15
PO-2023-4103,2022-02-06,VS01,MS Rods,2.63,MT,58851.46,2022-02-09,15
PO-2023-4104,2022-01-14,VS33,GI Wire,43.84,MT,118260.51,2022-01-28,45
PO-2023-4105,2022-11-18,VS02,MS Flats,45.86,MT,55357.91,2022-11-25,21
PO-2023-4106,2021-07-15,VS07,SS Sheets,39.62,MT,47048.14,2021-07-24,15
PO-2023-4107,2023-09-11,VS03,ERW Pipes,16.44,MT,66775.38,2023-09-25,21
PO-2023-4108,2021-10-18,VS02,ERW Pipes,49.17,MT,75134.65,2021-10-24,21
PO-2023-4109,2022-02-26,VS34,Square/Rect Tubes,7.31,MT,108966.04,2022-03-05,21
PO-2023-4110,2021-03-18,VS03,MS Flats,12.37,MT,123030.57,2021-03-23,21
PO-2023-4111,2022-01-13,VS12,GI Pipes,19.25,MT,57707.38,2022-01-16,15
PO-2023-4112,2021-07-15,VS03,SS Pipes,6.58,MT,63003.29,2021-07-26,21
PO-2023-4113,2022-09-21,VS14,HR Coils,29.22,MT,59433.23,2022-10-04,30
PO-2023-4114,2021-12-23,VS24,MS Sheets,26.33,MT,116651.76,2021-12-27,45
PO-2023-4115,2022-03-16,VS11,HR Coils,36.91,MT,64062.22,2022-03-25,30
PO-2023-4116,2022-08-04,VS22,Square/Rect Tubes,11.61,MT,58925.29,2022-08-13,21
PO-2023-4117,2022-09-04,VS20,Fasteners & Fittings,21.98,MT,45373.24,2022-09-11,21
PO-2023-4118,2023-11-15,VS28,GI Wire,10.47,MT,58040.07,2023-11-18,15
PO-2023-4119,2023-01-01,VS16,GI Wire,37.77,MT,92749.3,2023-01-11,15
PO-2023-4120,2022-05-12,VS18,Spring Steel,32.21,MT,72039.24,2022-05-24,30
PO-2023-4121,2023-08-25,VS15,Angles & Channels,20.83,MT,103079.78,2023-09-02,45
PO-2023-4122,2021-12-30,VS25,MS Rods,19.18,MT,69938.67,2022-01-03,30
PO-2023-4123,2022-07-02,VS32,MS Rods,48.06,MT,72729.9,2022-07-08,45
PO-2023-4124,2023-11-13,VS04,GI Wire,21.41,MT,52891.98,2023-11-23,21
PO-2023-4125,2023-01-27,VS15,HR Coils,20.81,MT,88620.37,2023-02-04,45
PO-2023-4126,2021-11-23,VS19,Fasteners & Fittings,39.1,MT,120819.83,2021-12-08,30
PO-2023-4127,2023-03-18,VS28,MS Flats,33.68,MT,70354.79,2023-03-29,15
PO-2023-4128,2023-04-16,VS09,Spring Steel,44.52,MT,101095.32,2023-04-21,30
PO-2023-4129,2022-08-17,VS13,MS Rods,25.2,MT,89429.27,2022-08-24,30
PO-2023-4130,2021-07-31,VS22,Structural Steel,5.01,MT,93071.52,2021-08-13,21
PO-2023-4131,2023-05-07,VS13,Spring Steel,46.63,MT,69298.62,2023-05-13,30
PO-2023-4132,2022-08-10,VS27,Spring Steel,17.1,MT,101181.22,2022-08-16,21
PO-2023-4133,2021-02-23,VS27,ERW Pipes,20.27,MT,85379.99,2021-03-02,21
PO-2023-4134,2023-08-22,VS16,Spring Steel,39.58,MT,50787.3,2023-08-26,15
PO-2023-4135,2022-12-27,VS15,Hex Bars,5.08,MT,74523.86,2023-01-11,45
PO-2023-4136,2023-11-22,VS13,Fasteners & Fittings,5.33,MT,63363.23,2023-12-02,30
PO-2023-4137,2022-03-03,VS31,Square/Rect Tubes,19.6,MT,80364.78,2022-03-08,45
PO-2023-4138,2021-01-09,VS07,CR Sheets,27.28,MT,76770.92,2021-01-19,15
PO-2023-4139,2021-02-09,VS09,MS Rods,36.86,MT,88038.06,2021-02-13,30
PO-2023-4140,2021-09-27,VS08,SS Sheets,20.51,MT,59734.45,2021-10-12,21
PO-2023-4141,2022-09-02,VS29,MS Rods,10.01,MT,93183.32,2022-09-07,30
PO-2023-4142,2021-12-03,VS25,SS Sheets,17.88,MT,75409.46,2021-12-09,30
PO-2023-4143,2021-08-11,VS30,Square/Rect Tubes,37.65,MT,88880.95,2021-08-26,45
PO-2023-4144,2022-09-08,VS01,GI Sheets,20.38,MT,87949.31,2022-09-19,15
PO-2023-4145,2021-06-13,VS08,MS Sheets,32.46,MT,97688.69,2021-06-22,21
PO-2023-4146,2022-08-22,VS30,SS Pipes,31.4,MT,78862.34,2022-09-04,45
PO-2023-4147,2021-02-22,VS27,Spring Steel,11.99,MT,69647.74,2021-03-06,21
PO-2023-4148,2021-08-16,VS03,ERW Pipes,47.84,MT,55180.02,2021-08-24,21
PO-2023-4149,2021-02-26,VS08,MS Rods,39.03,MT,63517.39,2021-03-10,21
PO-2023-4150,2022-07-12,VS03,SS Pipes,10.54,MT,64866.66,2022-07-19,21
PO-2023-4151,2022-03-18,VS31,GI Wire,41.83,MT,94259.36,2022-03-24,45
PO-2023-4152,2022-07-15,VS07,SS Sheets,3.23,MT,87251.38,2022-07-30,15
PO-2023-4153,2022-06-28,VS06,GI Pipes,47.8,MT,109873.14,2022-07-08,30
PO-2023-4154,2022-03-20,VS03,SS Pipes,49.7,MT,117679.36,2022-03-24,21
PO-2023-4155,2021-08-01,VS26,MS Pipes,48.79,MT,88375.64,2021-08-15,21
PO-2023-4156,2021-06-20,VS02,GI Pipes,42.57,MT,94211.79,2021-06-25,21
PO-2023-4157,2021-03-21,VS10,Hex Bars,28.53,MT,111127.52,2021-03-30,30
PO-2023-4158,2021-09-01,VS26,Spring Steel,49.96,MT,101099.23,2021-09-05,21
PO-2023-4159,2021-03-23,VS16,SS Sheets,8.07,MT,116607.98,2021-04-07,15
PO-2023-4160,2022-02-15,VS17,Hex Bars,44.87,MT,115090.12,2022-02-22,45
PO-2023-4161,2022-06-19,VS10,GI Pipes,11.27,MT,59811.13,2022-06-28,30
PO-2023-4162,2021-05-06,VS31,ERW Pipes,24.8,MT,115440.86,2021-05-18,45
PO-2023-4163,2021-07-24,VS14,Spring Steel,19.73,MT,50987.81,2021-08-08,30
PO-2023-4164,2023-09-12,VS07,SS Pipes,39.75,MT,53700.46,2023-09-17,15
PO-2023-4165,2021-07-20,VS20,MS Pipes,49.82,MT,67759.13,2021-07-30,21
PO-2023-4166,2021-01-09,VS11,Hex Bars,28.23,MT,94140.34,2021-01-16,30
PO-2023-4167,2021-07-08,VS08,Square/Rect Tubes,42.18,MT,79453.24,2021-07-21,21
PO-2023-4168,2022-09-05,VS21,Square/Rect Tubes,45.52,MT,115041.5,2022-09-09,15
PO-2023-4169,2022-03-13,VS28,Structural Steel,42.61,MT,72637.68,2022-03-22,15
PO-2023-4170,2022-08-27,VS28,GI Sheets,30.65,MT,62913.16,2022-09-11,15
PO-2023-4171,2021-06-13,VS03,Structural Steel,15.78,MT,122508.81,2021-06-26,21
PO-2023-4172,2023-02-16,VS08,SS Sheets,9.3,MT,93106.16,2023-02-20,21
PO-2023-4173,2022-12-15,VS19,GI Pipes,4.73,MT,65322.55,2022-12-23,30
PO-2023-4174,2022-03-23,VS22,GI Pipes,21.14,MT,94759.46,2022-04-05,21
PO-2023-4175,2022-01-15,VS25,SS Pipes,20.92,MT,63995.32,2022-01-23,30
PO-2023-4176,2022-11-22,VS11,MS Flats,9.6,MT,94199.1,2022-12-06,30
PO-2023-4177,2022-10-01,VS05,MS Pipes,7.81,MT,72246.31,2022-10-11,15
PO-2023-4178,2021-05-14,VS30,Spring Steel,30.26,MT,91018.63,2021-05-25,45
PO-2023-4179,2023-12-13,VS23,GI Wire,20.13,MT,66174.49,2023-12-25,45
PO-2023-4180,2022-03-29,VS04,MS Pipes,19.09,MT,89313.53,2022-04-11,21
PO-2023-4181,2022-11-29,VS28,Fasteners & Fittings,18.05,MT,94755.6,2022-12-08,15
PO-2023-4182,2022-03-03,VS24,Angles & Channels,39.14,MT,67218.28,2022-03-08,45
PO-2023-4183,2022-01-13,VS29,SS Pipes,23.33,MT,74228.72,2022-01-18,30
PO-2023-4184,2023-01-11,VS26,Angles & Channels,2.27,MT,73708.62,2023-01-14,21
PO-2023-4185,2023-09-03,VS02,GI Pipes,5.07,MT,109426.61,2023-09-16,21
PO-2023-4186,2022-07-17,VS08,HR Coils,1.25,MT,106380.88,2022-07-28,21
PO-2023-4187,2023-05-13,VS12,CR Sheets,2.99,MT,101433.83,2023-05-23,15
PO-2023-4188,2021-07-30,VS01,MS Pipes,48.45,MT,118534.91,2021-08-08,15
PO-2023-4189,2023-04-18,VS04,CR Sheets,49.43,MT,105315.52,2023-04-22,21
PO-2023-4190,2023-09-23,VS09,Spring Steel,7.9,MT,80378.43,2023-09-28,30
PO-2023-4191,2022-01-29,VS33,ERW Pipes,6.96,MT,110263.62,2022-02-11,45
PO-2023-4192,2021-11-27,VS09,HR Coils,8.0,MT,56106.24,2021-12-02,30
PO-2023-4193,2021-11-14,VS19,MS Pipes,27.27,MT,83541.31,2021-11-19,30
PO-2023-4194,2023-12-14,VS13,Angles & Channels,50.0,MT,89329.15,2023-12-21,30
PO-2023-4195,2021-03-07,VS01,CR Sheets,5.52,MT,99471.74,2021-03-18,15
PO-2023-4196,2022-07-03,VS29,ERW Pipes,12.18,MT,111743.01,2022-07-07,30
PO-2023-4197,2021-08-25,VS16,Angles & Channels,33.68,MT,106953.2,2021-09-09,15
PO-2023-4198,2022-10-06,VS13,MS Flats,48.39,MT,115775.93,2022-10-11,30
PO-2023-4199,2021-12-04,VS34,Square/Rect Tubes,46.25,MT,45574.18,2021-12-13,21
PO-2023-4200,2022-08-16,VS08,Angles & Channels,47.87,MT,86739.34,2022-08-19,21
PO-2023-4201,2023-08-10,VS34,HR Coils,2.43,MT,114497.57,2023-08-13,21
PO-2023-4202,2021-05-30,VS02,SS Sheets,6.01,MT,66577.38,2021-06-13,21
PO-2023-4203,2022-11-06,VS16,SS Sheets,4.78,MT,69968.73,2022-11-21,15
PO-2023-4204,2021-09-16,VS33,ERW Pipes,46.56,MT,64697.78,2021-09-26,45
PO-2023-4205,2023-04-20,VS30,SS Sheets,36.91,MT,92160.6,2023-05-01,45
PO-2023-4206,2021-03-16,VS12,SS Pipes,32.44,MT,99382.5,2021-03-28,15
PO-2023-4207,2022-04-03,VS02,MS Rods,11.88,MT,70826.47,2022-04-14,21
PO-2023-4208,2021-02-21,VS15,Fasteners & Fittings,28.36,MT,102983.17,2021-03-06,45
PO-2023-4209,2021-10-26,VS07,HR Coils,41.37,MT,91542.38,2021-11-09,15
PO-2023-4210,2023-06-30,VS17,HR Coils,41.28,MT,75187.31,2023-07-12,45
PO-2023-4211,2021-01-29,VS21,MS Flats,28.07,MT,116836.62,2021-02-08,15
PO-2023-4212,2023-02-02,VS20,MS Pipes,27.69,MT,65869.3,2023-02-14,21
PO-2023-4213,2021-01-02,VS27,GI Wire,28.76,MT,48662.92,2021-01-09,21
PO-2023-4214,2023-01-06,VS10,Hex Bars,30.78,MT,85741.64,2023-01-09,30
PO-2023-4215,2023-02-12,VS05,GI Pipes,20.04,MT,76528.4,2023-02-18,15
PO-2023-4216,2022-04-24,VS29,CR Sheets,19.19,MT,112025.99,2022-04-28,30
PO-2023-4217,2023-03-29,VS21,Square/Rect Tubes,22.76,MT,51992.51,2023-04-04,15
PO-2023-4218,2023-05-07,VS05,SS Sheets,29.8,MT,86387.78,2023-05-12,15
PO-2023-4219,2023-01-03,VS15,MS Pipes,26.09,MT,59583.85,2023-01-17,45
PO-2023-4220,2023-03-28,VS11,MS Rods,15.49,MT,67597.05,2023-04-12,30
PO-2023-4221,2023-10-19,VS12,MS Flats,40.33,MT,110104.18,2023-10-30,15
PO-2023-4222,2022-08-01,VS12,HR Coils,37.45,MT,117074.42,2022-08-06,15
PO-2023-4223,2022-03-12,VS20,Hex Bars,1.23,MT,47393.23,2022-03-16,21
PO-2023-4224,2023-07-20,VS09,SS Sheets,6.42,MT,69824.55,2023-07-26,30
PO-2023-4225,2023-03-27,VS07,MS Flats,27.19,MT,68649.4,2023-04-03,15
PO-2023-4226,2021-02-28,VS25,MS Sheets,41.87,MT,87232.47,2021-03-09,30
PO-2023-4227,2021-01-31,VS11,CR Sheets,9.06,MT,78913.38,2021-02-06,30
PO-2023-4228,2022-03-13,VS15,Square/Rect Tubes,31.41,MT,70345.28,2022-03-25,45
PO-2023-4229,2022-08-20,VS23,MS Sheets,46.61,MT,108624.26,2022-08-28,45
PO-2023-4230,2021-10-13,VS34,MS Rods,12.09,MT,65965.06,2021-10-18,21
PO-2023-4231,2023-06-11,VS26,MS Sheets,45.34,MT,96761.89,2023-06-23,21
PO-2023-4232,2021-07-05,VS29,MS Sheets,5.86,MT,67161.81,2021-07-10,30
PO-2023-4233,2021-10-12,VS09,MS Pipes,15.8,MT,75545.32,2021-10-23,30
PO-2023-4234,2021-12-29,VS08,Angles & Channels,34.54,MT,89275.52,2022-01-07,21
PO-2023-4235,2023-02-23,VS14,Structural Steel,43.06,MT,107565.96,2023-03-04,30
PO-2023-4236,2022-03-30,VS09,Angles & Channels,37.82,MT,117838.24,2022-04-03,30
PO-2023-4237,2022-04-18,VS11,Hex Bars,3.21,MT,84872.91,2022-04-26,30
PO-2023-4238,2021-01-16,VS12,Square/Rect Tubes,3.21,MT,54227.13,2021-01-28,15
PO-2023-4239,2021-04-10,VS07,HR Coils,32.51,MT,60873.48,2021-04-22,15
PO-2023-4240,2022-04-08,VS32,Structural Steel,5.15,MT,49634.56,2022-04-11,45
PO-2023-4241,2021-02-14,VS12,MS Flats,22.08,MT,76189.06,2021-02-19,15
PO-2023-4242,2022-11-29,VS25,CR Sheets,35.3,MT,49799.28,2022-12-13,30
PO-2023-4243,2023-01-25,VS23,SS Sheets,1.12,MT,78712.28,2023-02-06,45
PO-2023-4244,2021-10-20,VS15,MS Pipes,15.0,MT,103472.7,2021-11-03,45
PO-2023-4245,2022-03-21,VS09,HR Coils,5.06,MT,73880.31,2022-04-03,30
PO-2023-4246,2023-08-18,VS30,Spring Steel,38.65,MT,66364.79,2023-08-27,45
PO-2023-4247,2022-08-17,VS29,SS Sheets,42.06,MT,78295.34,2022-09-01,30
PO-2023-4248,2021-08-31,VS19,Angles & Channels,10.59,MT,94713.75,2021-09-04,30
PO-2023-4249,2021-06-14,VS29,Structural Steel,21.97,MT,76554.01,2021-06-23,30
PO-2023-4250,2022-11-28,VS04,Angles & Channels,9.66,MT,80319.86,2022-12-13,21
PO-2023-4251,2023-05-07,VS05,Square/Rect Tubes,2.3,MT,88162.4,2023-05-18,15
PO-2023-4252,2021-06-27,VS21,Structural Steel,27.82,MT,75508.46,2021-07-01,15
PO-2023-4253,2021-05-03,VS10,Square/Rect Tubes,13.05,MT,95637.93,2021-05-12,30
PO-2023-4254,2023-09-07,VS29,MS Pipes,19.93,MT,106942.92,2023-09-20,30
PO-2023-4255,2023-05-26,VS14,MS Flats,13.06,MT,56337.65,2023-06-08,30
PO-2023-4256,2023-09-23,VS08,Spring Steel,18.43,MT,56648.43,2023-09-28,21
PO-2023-4257,2023-02-15,VS34,SS Sheets,32.71,MT,72572.57,2023-02-21,21
PO-2023-4258,2023-10-17,VS06,SS Pipes,15.02,MT,56416.64,2023-10-24,30
PO-2023-4259,2022-01-30,VS02,GI Pipes,2.42,MT,100984.32,2022-02-09,21
PO-2023-4260,2022-11-21,VS16,Spring Steel,28.67,MT,97266.79,2022-11-27,15
PO-2023-4261,2021-05-30,VS14,Square/Rect Tubes,13.72,MT,70843.47,2021-06-12,30
PO-2023-4262,2023-10-26,VS25,MS Rods,31.02,MT,54510.75,2023-11-05,30
PO-2023-4263,2022-06-13,VS07,Structural Steel,33.3,MT,60127.91,2022-06-26,15
PO-2023-4264,2023-10-15,VS27,MS Flats,28.94,MT,111178.85,2023-10-23,21
PO-2023-4265,2022-03-07,VS34,Square/Rect Tubes,3.02,MT,52377.14,2022-03-14,21
PO-2023-4266,2021-03-04,VS25,Angles & Channels,9.02,MT,77097.77,2021-03-11,30
PO-2023-4267,2022-01-12,VS28,Fasteners & Fittings,43.42,MT,110761.83,2022-01-20,15
PO-2023-4268,2021-05-11,VS10,Structural Steel,9.97,MT,65973.74,2021-05-19,30
PO-2023-4269,2022-03-28,VS16,Structural Steel,47.56,MT,72407.36,2022-04-06,15
PO-2023-4270,2022-10-06,VS25,Structural Steel,48.89,MT,64513.33,2022-10-16,30
PO-2023-4271,2023-11-14,VS19,GI Wire,8.83,MT,68537.2,2023-11-29,30
PO-2023-4272,2022-08-13,VS24,ERW Pipes,2.06,MT,75509.7,2022-08-18,45
PO-2023-4273,2022-10-07,VS01,GI Wire,29.35,MT,117802.1,2022-10-16,15
PO-2023-4274,2022-11-01,VS25,Spring Steel,46.51,MT,109406.12,2022-11-06,30
PO-2023-4275,2021-04-22,VS27,Square/Rect Tubes,37.78,MT,110686.2,2021-05-06,21
PO-2023-4276,2023-10-06,VS12,HR Coils,37.25,MT,101567.96,2023-10-18,15
PO-2023-4277,2023-06-22,VS14,CR Sheets,34.56,MT,65196.82,2023-06-27,30
PO-2023-4278,2021-05-30,VS09,ERW Pipes,15.76,MT,110150.74,2021-06-12,30
PO-2023-4279,2023-01-31,VS01,MS Sheets,8.22,MT,59691.27,2023-02-10,15
PO-2023-4280,2023-08-04,VS01,SS Sheets,45.62,MT,117934.93,2023-08-18,15
PO-2023-4281,2023-08-08,VS09,Angles & Channels,6.69,MT,83981.43,2023-08-22,30
PO-2023-4282,2021-04-17,VS30,MS Pipes,10.98,MT,93729.75,2021-04-28,45
PO-2023-4283,2021-10-02,VS06,SS Sheets,23.19,MT,96047.57,2021-10-07,30
PO-2023-4284,2022-05-13,VS13,Fasteners & Fittings,32.61,MT,111062.32,2022-05-27,30
PO-2023-4285,2021-04-25,VS18,MS Flats,4.14,MT,114189.67,2021-05-05,30
PO-2023-4286,2023-03-31,VS29,MS Pipes,20.38,MT,75524.71,2023-04-06,30
PO-2023-4287,2021-10-15,VS34,GI Wire,10.82,MT,53461.78,2021-10-20,21
PO-2023-4288,2021-11-07,VS02,GI Pipes,44.68,MT,99003.11,2021-11-18,21
PO-2023-4289,2022-08-22,VS33,CR Sheets,7.2,MT,106283.01,2022-09-06,45
PO-2023-4290,2022-02-21,VS14,GI Sheets,21.72,MT,78851.91,2022-03-05,30
PO-2023-4291,2023-02-20,VS02,Hex Bars,9.15,MT,118298.5,2023-03-03,21
PO-2023-4292,2023-04-11,VS32,SS Pipes,35.17,MT,73589.29,2023-04-19,45
PO-2023-4293,2022-06-03,VS19,GI Wire,43.96,MT,93552.73,2022-06-06,30
PO-2023-4294,2023-01-29,VS27,CR Sheets,28.84,MT,107545.76,2023-02-02,21
PO-2023-4295,2022-01-20,VS10,CR Sheets,31.46,MT,102269.83,2022-01-24,30
PO-2023-4296,2022-03-17,VS24,GI Pipes,41.42,MT,117684.25,2022-03-20,45
PO-2023-4297,2021-06-08,VS07,MS Flats,15.3,MT,53229.33,2021-06-16,15
PO-2023-4298,2023-12-23,VS04,Spring Steel,44.01,MT,61255.29,2024-01-03,21
PO-2023-4299,2023-11-10,VS03,SS Sheets,13.51,MT,52114.74,2023-11-17,21
PO-2023-4300,2021-05-06,VS18,HR Coils,4.13,MT,75425.02,2021-05-17,30
PO-2023-4301,2022-11-28,VS05,GI Sheets,41.85,MT,59319.91,2022-12-11,15
PO-2023-4302,2021-07-31,VS18,Hex Bars,32.64,MT,80798.39,2021-08-10,30
PO-2023-4303,2022-10-17,VS23,Hex Bars,3.45,MT,48154.71,2022-10-30,45
PO-2023-4304,2021-01-25,VS07,MS Rods,26.3,MT,68832.09,2021-02-01,15
PO-2023-4305,2023-07-06,VS08,Structural Steel,42.2,MT,78810.22,2023-07-13,21
PO-2023-4306,2021-03-15,VS06,GI Pipes,8.58,MT,79694.23,2021-03-28,30
PO-2023-4307,2021-07-30,VS26,Hex Bars,35.0,MT,93437.85,2021-08-05,21
PO-2023-4308,2023-09-18,VS07,GI Wire,5.58,MT,72436.02,2023-09-27,15
PO-2023-4309,2023-05-19,VS34,GI Wire,6.53,MT,87656.27,2023-05-29,21
PO-2023-4310,2023-03-01,VS29,Angles & Channels,29.38,MT,98460.51,2023-03-07,30
PO-2023-4311,2022-02-12,VS11,GI Wire,4.22,MT,110233.88,2022-02-26,30
PO-2023-4312,2022-10-20,VS02,MS Flats,48.51,MT,85223.23,2022-10-28,21
PO-2023-4313,2022-01-24,VS17,Angles & Channels,32.54,MT,50023.04,2022-02-01,45
PO-2023-4314,2023-05-15,VS21,Fasteners & Fittings,35.57,MT,85907.42,2023-05-21,15
PO-2023-4315,2023-01-17,VS16,HR Coils,29.35,MT,89495.03,2023-02-01,15
PO-2023-4316,2023-11-09,VS11,SS Sheets,8.8,MT,75013.48,2023-11-14,30
PO-2023-4317,2021-07-13,VS30,Structural Steel,17.42,MT,48248.58,2021-07-26,45
PO-2023-4318,2022-11-08,VS18,GI Wire,21.96,MT,81365.81,2022-11-14,30
PO-2023-4319,2021-01-09,VS13,MS Pipes,8.43,MT,83657.88,2021-01-15,30
PO-2023-4320,2021-11-19,VS30,MS Sheets,24.47,MT,73818.65,2021-12-01,45
PO-2023-4321,2022-03-31,VS17,MS Flats,4.41,MT,72823.15,2022-04-14,45
PO-2023-4322,2021-05-06,VS11,MS Flats,7.16,MT,83839.42,2021-05-13,30
PO-2023-4323,2023-05-24,VS07,HR Coils,1.22,MT,85827.64,2023-05-30,15
PO-2023-4324,2021-01-16,VS31,Square/Rect Tubes,44.41,MT,108177.76,2021-01-29,45
PO-2023-4325,2023-07-25,VS15,Spring Steel,43.39,MT,108345.83,2023-08-04,45
PO-2023-4326,2023-09-01,VS31,Fasteners & Fittings,46.07,MT,116259.48,2023-09-05,45
PO-2023-4327,2021-09-05,VS33,SS Sheets,7.87,MT,54620.38,2021-09-19,45
PO-2023-4328,2023-09-12,VS33,MS Rods,10.72,MT,103517.46,2023-09-15,45
PO-2023-4329,2021-01-18,VS29,SS Pipes,8.17,MT,48603.75,2021-01-23,30
PO-2023-4330,2022-07-25,VS10,GI Sheets,15.46,MT,66770.05,2022-07-31,30
PO-2023-4331,2021-04-17,VS23,Structural Steel,42.59,MT,96880.47,2021-04-27,45
PO-2023-4332,2023-08-20,VS07,GI Wire,46.8,MT,95839.18,2023-09-01,15
PO-2023-4333,2023-08-31,VS07,MS Rods,18.87,MT,90743.54,2023-09-08,15
PO-2023-4334,2023-03-28,VS26,Fasteners & Fittings,20.93,MT,48051.89,2023-04-09,21
PO-2023-4335,2023-02-13,VS34,HR Coils,10.54,MT,103423.4,2023-02-16,21
PO-2023-4336,2021-02-05,VS24,Square/Rect Tubes,8.91,MT,106809.0,2021-02-12,45
PO-2023-4337,2021-10-11,VS25,Angles & Channels,10.62,MT,79416.98,2021-10-17,30
PO-2023-4338,2022-01-09,VS09,SS Pipes,29.39,MT,102017.93,2022-01-15,30
PO-2023-4339,2021-01-28,VS30,MS Pipes,18.73,MT,66338.54,2021-02-10,45
PO-2023-4340,2022-05-14,VS27,GI Pipes,38.35,MT,70093.12,2022-05-29,21
PO-2023-4341,2021-08-23,VS06,MS Flats,2.82,MT,97657.43,2021-08-26,30
PO-2023-4342,2021-05-22,VS26,Square/Rect Tubes,21.53,MT,47304.75,2021-05-25,21
PO-2023-4343,2021-10-03,VS26,Angles & Channels,28.47,MT,98832.59,2021-10-16,21
PO-2023-4344,2022-06-20,VS30,MS Flats,30.3,MT,109763.78,2022-06-26,45
PO-2023-4345,2022-03-28,VS21,SS Sheets,25.87,MT,98529.75,2022-04-05,15
PO-2023-4346,2023-10-05,VS06,MS Sheets,6.28,MT,87784.13,2023-10-15,30
PO-2023-4347,2021-07-06,VS17,MS Rods,12.88,MT,112218.49,2021-07-17,45
PO-2023-4348,2023-04-27,VS25,SS Sheets,34.26,MT,63004.89,2023-05-02,30
PO-2023-4349,2021-02-16,VS14,SS Pipes,47.18,MT,116228.14,2021-03-02,30
PO-2023-4350,2021-10-12,VS27,GI Wire,18.88,MT,103401.01,2021-10-17,21
PO-2023-4351,2022-09-28,VS26,Spring Steel,17.32,MT,109373.36,2022-10-10,21
PO-2023-4352,2021-12-07,VS32,Square/Rect Tubes,15.21,MT,47954.83,2021-12-10,45
PO-2023-4353,2021-10-17,VS02,Spring Steel,20.17,MT,48722.21,2021-10-24,21
PO-2023-4354,2023-02-12,VS02,MS Flats,5.21,MT,46806.58,2023-02-27,21
PO-2023-4355,2022-11-24,VS18,GI Sheets,41.37,MT,82163.05,2022-11-28,30
PO-2023-4356,2023-04-01,VS13,GI Pipes,44.08,MT,97205.55,2023-04-07,30
PO-2023-4357,2022-04-26,VS21,GI Wire,42.41,MT,113218.22,2022-05-05,15
PO-2023-4358,2022-02-16,VS01,SS Pipes,45.45,MT,49264.83,2022-02-19,15
PO-2023-4359,2021-04-18,VS34,HR Coils,4.23,MT,78252.55,2021-04-22,21
PO-2023-4360,2021-01-08,VS20,Spring Steel,48.39,MT,58011.76,2021-01-21,21
PO-2023-4361,2022-04-18,VS22,CR Sheets,4.16,MT,85781.64,2022-04-30,21
PO-2023-4362,2022-01-04,VS04,HR Coils,3.42,MT,64688.41,2022-01-10,21
PO-2023-4363,2023-06-28,VS27,GI Wire,5.34,MT,102773.58,2023-07-07,21
PO-2023-4364,2021-12-15,VS02,Hex Bars,39.65,MT,51176.06,2021-12-20,21
PO-2023-4365,2023-05-29,VS34,SS Pipes,18.09,MT,118810.66,2023-06-13,21
PO-2023-4366,2022-09-13,VS30,CR Sheets,38.69,MT,108510.31,2022-09-21,45
PO-2023-4367,2022-03-28,VS05,SS Pipes,2.78,MT,71163.86,2022-04-08,15
PO-2023-4368,2022-03-11,VS16,MS Pipes,43.24,MT,77448.78,2022-03-17,15
PO-2023-4369,2023-07-07,VS33,SS Sheets,48.96,MT,52099.84,2023-07-19,45
PO-2023-4370,2021-09-13,VS20,Square/Rect Tubes,33.7,MT,90480.31,2021-09-23,21
PO-2023-4371,2023-04-16,VS23,MS Pipes,38.12,MT,52788.44,2023-05-01,45
PO-2023-4372,2023-09-22,VS28,Structural Steel,34.81,MT,52372.02,2023-10-02,15
PO-2023-4373,2023-09-08,VS26,Square/Rect Tubes,33.25,MT,85701.96,2023-09-14,21
PO-2023-4374,2023-04-18,VS16,GI Wire,27.69,MT,112953.9,2023-05-01,15
PO-2023-4375,2023-01-03,VS02,SS Pipes,36.71,MT,74738.42,2023-01-18,21
PO-2023-4376,2021-11-27,VS30,MS Rods,9.42,MT,56918.65,2021-12-06,45
PO-2023-4377,2023-06-05,VS28,Fasteners & Fittings,26.22,MT,96834.74,2023-06-08,15
PO-2023-4378,2022-02-03,VS29,MS Rods,5.2,MT,74638.01,2022-02-11,30
PO-2023-4379,2021-12-13,VS12,Spring Steel,45.92,MT,93773.66,2021-12-27,15
PO-2023-4380,2021-01-02,VS30,SS Sheets,29.46,MT,63137.81,2021-01-10,45
PO-2023-4381,2021-08-06,VS09,MS Flats,17.73,MT,80746.59,2021-08-16,30
PO-2023-4382,2021-11-08,VS28,MS Flats,48.75,MT,107695.94,2021-11-17,15
PO-2023-4383,2022-08-30,VS02,Spring Steel,42.09,MT,113410.12,2022-09-07,21
PO-2023-4384,2023-12-26,VS02,MS Flats,2.44,MT,50432.99,2024-01-09,21
PO-2023-4385,2022-08-19,VS08,Fasteners & Fittings,6.36,MT,116041.84,2022-08-28,21
PO-2023-4386,2022-11-07,VS31,Spring Steel,29.55,MT,87874.29,2022-11-12,45
PO-2023-4387,2022-12-23,VS26,Angles & Channels,40.27,MT,85078.74,2023-01-02,21
PO-2023-4388,2021-06-14,VS08,SS Sheets,26.75,MT,47953.34,2021-06-27,21
PO-2023-4389,2023-01-10,VS03,MS Pipes,36.2,MT,61123.58,2023-01-17,21
PO-2023-4390,2022-01-06,VS34,Fasteners & Fittings,28.5,MT,111674.52,2022-01-14,21
PO-2023-4391,2023-08-07,VS04,HR Coils,32.49,MT,103045.61,2023-08-19,21
PO-2023-4392,2022-02-06,VS02,ERW Pipes,5.98,MT,110789.14,2022-02-14,21
PO-2023-4393,2021-01-28,VS05,Hex Bars,20.18,MT,91917.3,2021-02-07,15
PO-2023-4394,2022-07-18,VS11,MS Pipes,20.67,MT,93234.6,2022-07-26,30
PO-2023-4395,2021-11-02,VS12,MS Sheets,12.13,MT,61544.54,2021-11-14,15
PO-2023-4396,2022-03-08,VS08,Spring Steel,1.77,MT,57611.11,2022-03-11,21
PO-2023-4397,2021-01-28,VS32,GI Sheets,1.97,MT,55207.61,2021-02-04,45
PO-2023-4398,2021-12-20,VS25,GI Wire,7.81,MT,97631.18,2022-01-01,30
PO-2023-4399,2023-07-14,VS24,HR Coils,24.01,MT,104445.38,2023-07-27,45
PO-2023-4400,2022-08-14,VS02,MS Flats,25.25,MT,103642.1,2022-08-18,21
PO-2023-4401,2022-07-22,VS20,MS Rods,47.36,MT,117077.33,2022-07-30,21
PO-2023-4402,2023-04-16,VS32,CR Sheets,3.44,MT,73532.21,2023-04-26,45
PO-2023-4403,2022-03-03,VS24,SS Sheets,13.4,MT,72950.83,2022-03-10,45
PO-2023-4404,2022-11-08,VS05,CR Sheets,19.66,MT,77185.3,2022-11-19,15
PO-2023-4405,2023-05-08,VS23,Hex Bars,10.73,MT,101065.37,2023-05-15,45
PO-2023-4406,2023-11-04,VS13,SS Sheets,28.52,MT,109211.22,2023-11-17,30
PO-2023-4407,2022-12-25,VS28,MS Sheets,42.88,MT,107409.37,2022-12-31,15
PO-2023-4408,2023-06-09,VS26,SS Sheets,26.36,MT,63025.32,2023-06-12,21
PO-2023-4409,2023-08-02,VS31,Angles & Channels,26.7,MT,45343.16,2023-08-13,45
PO-2023-4410,2022-08-19,VS16,MS Sheets,38.88,MT,93783.33,2022-09-03,15
PO-2023-4411,2022-03-24,VS17,SS Sheets,12.95,MT,118154.76,2022-04-02,45
PO-2023-4412,2022-11-22,VS03,Angles & Channels,2.17,MT,103276.66,2022-11-29,21
PO-2023-4413,2022-10-16,VS04,Angles & Channels,49.73,MT,47391.08,2022-10-21,21
PO-2023-4414,2023-12-26,VS18,MS Rods,23.71,MT,99961.23,2023-12-29,30
PO-2023-4415,2021-04-15,VS30,GI Sheets,14.74,MT,113832.45,2021-04-30,45
PO-2023-4416,2022-02-06,VS03,Fasteners & Fittings,22.89,MT,118144.91,2022-02-16,21
PO-2023-4417,2021-10-18,VS21,CR Sheets,32.11,MT,114156.44,2021-10-31,15
PO-2023-4418,2021-01-10,VS16,Spring Steel,46.34,MT,49757.67,2021-01-15,15
PO-2023-4419,2022-11-18,VS23,ERW Pipes,18.36,MT,95743.8,2022-12-02,45
PO-2023-4420,2021-01-10,VS20,MS Flats,2.13,MT,58874.36,2021-01-21,21
PO-2023-4421,2021-07-12,VS20,GI Sheets,17.83,MT,111353.88,2021-07-17,21
PO-2023-4422,2023-08-09,VS17,HR Coils,41.39,MT,101294.76,2023-08-21,45
PO-2023-4423,2022-11-09,VS13,SS Pipes,40.08,MT,99366.26,2022-11-13,30
PO-2023-4424,2021-08-17,VS10,HR Coils,33.18,MT,88207.83,2021-08-24,30
PO-2023-4425,2021-12-08,VS26,Angles & Channels,10.05,MT,79553.93,2021-12-15,21
PO-2023-4426,2021-11-02,VS28,MS Rods,45.4,MT,105459.33,2021-11-10,15
PO-2023-4427,2021-08-16,VS04,Hex Bars,18.81,MT,61758.33,2021-08-22,21
PO-2023-4428,2022-12-18,VS23,SS Sheets,17.77,MT,51018.53,2022-12-31,45
PO-2023-4429,2023-06-03,VS03,SS Pipes,29.65,MT,72085.96,2023-06-07,21
PO-2023-4430,2023-09-04,VS20,Angles & Channels,41.61,MT,68449.84,2023-09-17,21
PO-2023-4431,2022-03-27,VS30,GI Pipes,46.27,MT,76340.93,2022-04-06,45
PO-2023-4432,2022-01-17,VS07,GI Wire,23.33,MT,63558.81,2022-01-24,15
PO-2023-4433,2023-03-01,VS07,Square/Rect Tubes,42.45,MT,95085.06,2023-03-11,15
PO-2023-4434,2023-02-07,VS28,MS Sheets,38.29,MT,64299.61,2023-02-11,15
PO-2023-4435,2021-12-22,VS28,MS Pipes,26.17,MT,84428.93,2022-01-02,15
PO-2023-4436,2023-06-25,VS26,MS Sheets,1.69,MT,91607.72,2023-06-28,21
PO-2023-4437,2023-05-19,VS15,SS Pipes,30.57,MT,77361.55,2023-05-22,45
PO-2023-4438,2022-04-27,VS22,SS Pipes,22.36,MT,82055.39,2022-04-30,21
PO-2023-4439,2022-09-29,VS22,GI Pipes,35.9,MT,99082.77,2022-10-11,21
PO-2023-4440,2021-10-20,VS09,GI Wire,22.59,MT,95752.41,2021-10-24,30
PO-2023-4441,2021-12-21,VS14,CR Sheets,39.3,MT,107083.85,2022-01-01,30
PO-2023-4442,2023-12-23,VS03,SS Sheets,25.6,MT,113116.31,2023-12-27,21
PO-2023-4443,2022-08-21,VS10,GI Pipes,8.12,MT,90585.5,2022-08-27,30
PO-2023-4444,2023-04-01,VS20,Angles & Channels,3.26,MT,95964.14,2023-04-12,21
PO-2023-4445,2021-12-26,VS16,ERW Pipes,13.07,MT,54938.6,2022-01-03,15
PO-2023-4446,2023-01-30,VS29,MS Rods,23.86,MT,90478.39,2023-02-03,30
PO-2023-4447,2021-08-14,VS22,SS Sheets,29.93,MT,101136.52,2021-08-27,21
PO-2023-4448,2022-06-14,VS13,SS Pipes,26.55,MT,98043.6,2022-06-27,30
PO-2023-4449,2022-09-05,VS16,GI Wire,44.26,MT,72938.41,2022-09-20,15
PO-2023-4450,2021-06-23,VS03,MS Sheets,33.56,MT,92449.95,2021-07-03,21
PO-2023-4451,2021-09-01,VS07,MS Flats,1.77,MT,56030.8,2021-09-13,15
PO-2023-4452,2021-08-23,VS30,Square/Rect Tubes,20.1,MT,103669.44,2021-08-31,45
PO-2023-4453,2021-05-12,VS29,GI Sheets,43.0,MT,83192.52,2021-05-21,30
PO-2023-4454,2021-10-17,VS06,GI Pipes,36.83,MT,81687.88,2021-10-29,30
PO-2023-4455,2021-11-15,VS11,ERW Pipes,30.09,MT,63463.92,2021-11-27,30
PO-2023-4456,2021-06-04,VS21,Fasteners & Fittings,11.67,MT,79538.21,2021-06-19,15
PO-2023-4457,2023-09-19,VS08,MS Pipes,18.59,MT,87366.0,2023-10-02,21
PO-2023-4458,2023-07-14,VS32,MS Pipes,22.66,MT,66901.31,2023-07-26,45
PO-2023-4459,2021-06-15,VS24,GI Sheets,3.77,MT,65562.3,2021-06-18,45
PO-2023-4460,2021-01-22,VS12,MS Pipes,7.42,MT,97203.75,2021-02-05,15
PO-2023-4461,2023-12-03,VS16,Spring Steel,25.22,MT,90968.84,2023-12-09,15
PO-2023-4462,2022-09-27,VS23,GI Pipes,9.33,MT,68715.63,2022-10-06,45
PO-2023-4463,2023-07-16,VS26,GI Pipes,12.65,MT,103433.36,2023-07-23,21
PO-2023-4464,2021-01-18,VS14,CR Sheets,21.0,MT,96733.03,2021-01-31,30
PO-2023-4465,2022-12-14,VS20,SS Pipes,27.29,MT,99270.1,2022-12-20,21
PO-2023-4466,2023-05-19,VS33,ERW Pipes,3.19,MT,111649.94,2023-05-30,45
PO-2023-4467,2021-09-28,VS29,MS Sheets,4.51,MT,110351.07,2021-10-06,30
PO-2023-4468,2021-07-25,VS16,HR Coils,14.76,MT,49507.98,2021-08-05,15
PO-2023-4469,2022-09-28,VS11,Square/Rect Tubes,1.14,MT,62626.61,2022-10-11,30
PO-2023-4470,2021-12-13,VS24,HR Coils,9.52,MT,102821.12,2021-12-27,45
PO-2023-4471,2022-02-08,VS05,MS Rods,26.63,MT,99274.86,2022-02-21,15
PO-2023-4472,2023-04-22,VS15,GI Wire,42.21,MT,62816.93,2023-05-04,45
PO-2023-4473,2021-06-26,VS31,HR Coils,37.18,MT,90017.45,2021-07-06,45
PO-2023-4474,2023-11-12,VS20,Structural Steel,21.99,MT,58814.04,2023-11-15,21
PO-2023-4475,2021-02-17,VS23,Square/Rect Tubes,4.96,MT,97406.2,2021-02-21,45
PO-2023-4476,2021-04-14,VS31,MS Pipes,23.38,MT,77527.62,2021-04-21,45
PO-2023-4477,2023-01-18,VS02,Spring Steel,42.06,MT,69048.08,2023-01-23,21
PO-2023-4478,2022-03-20,VS30,MS Pipes,26.93,MT,51069.52,2022-03-24,45
PO-2023-4479,2021-06-14,VS17,SS Sheets,18.73,MT,115105.51,2021-06-23,45
PO-2023-4480,2023-08-26,VS10,MS Rods,17.86,MT,74211.4,2023-08-30,30
PO-2023-4481,2022-01-17,VS30,GI Wire,25.43,MT,62724.55,2022-01-27,45
PO-2023-4482,2021-08-27,VS33,Hex Bars,21.35,MT,55602.48,2021-09-05,45
PO-2023-4483,2022-05-08,VS23,MS Rods,6.22,MT,100663.89,2022-05-23,45
PO-2023-4484,2023-02-21,VS29,Spring Steel,11.72,MT,46894.46,2023-03-01,30
PO-2023-4485,2023-10-10,VS14,Fasteners & Fittings,5.82,MT,85835.3,2023-10-21,30
PO-2023-4486,2023-09-06,VS19,GI Pipes,9.13,MT,57703.61,2023-09-19,30
PO-2023-4487,2022-08-15,VS25,SS Pipes,15.79,MT,104059.42,2022-08-24,30
PO-2023-4488,2021-12-27,VS32,GI Wire,11.03,MT,61380.93,2022-01-03,45
PO-2023-4489,2021-08-15,VS05,Fasteners & Fittings,21.39,MT,52257.17,2021-08-22,15
PO-2023-4490,2021-12-23,VS07,Angles & Channels,10.09,MT,83351.9,2021-12-27,15
PO-2023-4491,2023-03-24,VS27,GI Sheets,44.47,MT,76174.36,2023-04-03,21
PO-2023-4492,2021-02-25,VS17,MS Rods,16.35,MT,85398.59,2021-03-09,45
PO-2023-4493,2023-03-05,VS33,Structural Steel,46.42,MT,61233.8,2023-03-16,45
PO-2023-4494,2022-04-19,VS01,MS Pipes,14.64,MT,61491.7,2022-05-02,15
PO-2023-4495,2022-04-12,VS26,HR Coils,34.81,MT,50906.84,2022-04-20,21
PO-2023-4496,2022-01-06,VS10,ERW Pipes,33.4,MT,57575.04,2022-01-09,30
PO-2023-4497,2023-02-25,VS22,HR Coils,14.73,MT,48276.08,2023-03-04,21
PO-2023-4498,2021-04-13,VS25,Square/Rect Tubes,29.37,MT,51146.7,2021-04-23,30
PO-2023-4499,2021-12-15,VS09,Hex Bars,8.69,MT,80986.07,2021-12-26,30
PO-2023-4500,2022-01-30,VS02,SS Pipes,27.29,MT,78476.25,2022-02-11,21
PO-2023-4501,2023-04-01,VS04,Structural Steel,17.4,MT,78614.97,2023-04-13,21
PO-2023-4502,2023-12-03,VS17,Structural Steel,44.83,MT,88622.65,2023-12-13,45
PO-2023-4503,2021-04-27,VS21,MS Sheets,46.56,MT,55111.64,2021-05-07,15
PO-2023-4504,2021-09-12,VS08,CR Sheets,27.77,MT,75691.42,2021-09-20,21
PO-2023-4505,2023-05-06,VS23,Hex Bars,37.15,MT,86466.9,2023-05-17,45
PO-2023-4506,2021-07-28,VS01,GI Wire,4.77,MT,60844.45,2021-08-12,15
PO-2023-4507,2022-10-04,VS27,HR Coils,5.64,MT,75595.1,2022-10-08,21
PO-2023-4508,2021-12-11,VS30,Angles & Channels,41.81,MT,78647.35,2021-12-16,45
PO-2023-4509,2023-04-29,VS07,GI Wire,30.24,MT,90660.18,2023-05-05,15
PO-2023-4510,2023-09-27,VS33,SS Pipes,5.35,MT,107938.52,2023-10-03,45
PO-2023-4511,2023-12-13,VS04,MS Rods,26.99,MT,116081.97,2023-12-27,21
PO-2023-4512,2021-04-07,VS08,GI Sheets,32.51,MT,45972.6,2021-04-11,21
PO-2023-4513,2023-05-23,VS32,Angles & Channels,10.24,MT,96245.08,2023-05-28,45
PO-2023-4514,2021-08-24,VS25,HR Coils,40.32,MT,96828.98,2021-09-02,30
PO-2023-4515,2021-09-04,VS16,SS Pipes,24.04,MT,109573.71,2021-09-12,15
PO-2023-4516,2022-07-03,VS03,GI Pipes,16.21,MT,93760.0,2022-07-06,21
PO-2023-4517,2022-05-12,VS31,MS Sheets,30.47,MT,101230.13,2022-05-20,45
PO-2023-4518,2023-11-23,VS22,Hex Bars,12.02,MT,97113.34,2023-11-29,21
PO-2023-4519,2021-09-11,VS10,Structural Steel,42.68,MT,119939.29,2021-09-17,30
PO-2023-4520,2021-11-12,VS10,MS Flats,39.08,MT,111898.21,2021-11-16,30
PO-2023-4521,2023-06-16,VS18,SS Pipes,41.85,MT,97542.29,2023-06-21,30
PO-2023-4522,2022-10-23,VS05,CR Sheets,41.77,MT,110073.47,2022-10-28,15
PO-2023-4523,2021-08-06,VS12,GI Sheets,20.88,MT,49711.17,2021-08-20,15
PO-2023-4524,2023-03-21,VS15,CR Sheets,18.54,MT,52325.09,2023-03-27,45
PO-2023-4525,2022-05-31,VS21,HR Coils,5.6,MT,74220.88,2022-06-15,15
PO-2023-4526,2021-04-18,VS16,MS Pipes,44.84,MT,105073.48,2021-04-30,15
PO-2023-4527,2023-03-31,VS34,MS Flats,38.98,MT,91632.18,2023-04-13,21
PO-2023-4528,2023-05-28,VS20,Angles & Channels,44.21,MT,88447.11,2023-06-07,21
PO-2023-4529,2021-10-05,VS18,GI Pipes,28.56,MT,101194.37,2021-10-17,30
PO-2023-4530,2021-12-27,VS07,Fasteners & Fittings,24.69,MT,103229.99,2022-01-02,15
PO-2023-4531,2022-11-05,VS06,GI Wire,20.62,MT,49827.89,2022-11-11,30
PO-2023-4532,2022-03-18,VS31,GI Sheets,46.78,MT,78961.59,2022-03-28,45
PO-2023-4533,2021-10-06,VS08,Structural Steel,33.19,MT,97995.93,2021-10-09,21
PO-2023-4534,2022-01-05,VS20,Square/Rect Tubes,32.87,MT,93475.45,2022-01-19,21
PO-2023-4535,2022-07-08,VS07,Hex Bars,44.1,MT,107961.44,2022-07-14,15
PO-2023-4536,2021-05-06,VS27,HR Coils,10.06,MT,62601.64,2021-05-14,21
PO-2023-4537,2022-09-24,VS01,ERW Pipes,44.69,MT,52490.85,2022-10-09,15
PO-2023-4538,2022-09-27,VS19,CR Sheets,9.24,MT,106140.78,2022-10-08,30
PO-2023-4539,2022-07-09,VS10,MS Pipes,8.71,MT,65963.29,2022-07-24,30
PO-2023-4540,2023-01-24,VS01,SS Sheets,22.52,MT,71327.8,2023-01-28,15
PO-2023-4541,2021-08-30,VS33,GI Wire,33.21,MT,118490.6,2021-09-08,45
PO-2023-4542,2022-07-16,VS01,SS Sheets,6.05,MT,82124.46,2022-07-22,15
PO-2023-4543,2021-05-14,VS13,Fasteners & Fittings,2.91,MT,68328.46,2021-05-27,30
PO-2023-4544,2021-10-02,VS20,MS Flats,49.52,MT,96328.29,2021-10-14,21
PO-2023-4545,2021-04-25,VS33,MS Sheets,19.89,MT,50707.0,2021-05-10,45
PO-2023-4546,2021-05-25,VS02,GI Sheets,16.6,MT,68964.37,2021-06-01,21
PO-2023-4547,2022-01-07,VS12,GI Pipes,32.07,MT,60410.96,2022-01-17,15
PO-2023-4548,2023-02-22,VS25,GI Wire,29.57,MT,115240.61,2023-03-03,30
PO-2023-4549,2021-12-21,VS11,Angles & Channels,12.45,MT,85294.46,2021-12-25,30
PO-2023-4550,2022-05-28,VS06,SS Pipes,31.63,MT,85632.45,2022-06-12,30
PO-2023-4551,2022-01-28,VS02,HR Coils,39.39,MT,67915.78,2022-02-04,21
PO-2023-4552,2021-11-01,VS19,MS Pipes,19.55,MT,99321.11,2021-11-12,30
PO-2023-4553,2022-01-20,VS18,GI Wire,10.37,MT,105446.51,2022-02-02,30
PO-2023-4554,2023-11-26,VS15,HR Coils,13.61,MT,80447.99,2023-11-30,45
PO-2023-4555,2023-12-15,VS25,GI Wire,45.22,MT,64080.14,2023-12-18,30
PO-2023-4556,2023-11-06,VS28,Angles & Channels,40.78,MT,58179.59,2023-11-12,15
PO-2023-4557,2021-12-28,VS25,Square/Rect Tubes,28.17,MT,70764.41,2022-01-07,30
PO-2023-4558,2022-07-05,VS14,MS Flats,41.24,MT,46628.17,2022-07-13,30
PO-2023-4559,2021-12-01,VS34,Angles & Channels,30.83,MT,110935.35,2021-12-11,21
PO-2023-4560,2021-01-17,VS16,GI Wire,40.53,MT,90378.69,2021-01-26,15
PO-2023-4561,2022-08-04,VS21,GI Sheets,16.81,MT,52209.46,2022-08-14,15
PO-2023-4562,2023-04-10,VS22,GI Pipes,13.67,MT,54345.06,2023-04-21,21
PO-2023-4563,2023-12-08,VS13,MS Pipes,2.84,MT,89393.84,2023-12-20,30
PO-2023-4564,2022-11-28,VS18,Square/Rect Tubes,27.97,MT,116215.5,2022-12-04,30
PO-2023-4565,2022-07-17,VS19,MS Rods,33.68,MT,87074.9,2022-07-26,30
PO-2023-4566,2023-05-31,VS29,Spring Steel,30.95,MT,64366.06,2023-06-03,30
PO-2023-4567,2023-04-17,VS07,Fasteners & Fittings,35.31,MT,109135.26,2023-04-20,15
PO-2023-4568,2023-06-07,VS04,SS Pipes,42.47,MT,91591.91,2023-06-11,21
PO-2023-4569,2021-06-15,VS02,GI Sheets,40.12,MT,64553.25,2021-06-29,21
PO-2023-4570,2023-07-07,VS07,MS Flats,20.22,MT,107195.2,2023-07-16,15
PO-2023-4571,2023-06-05,VS21,MS Pipes,32.98,MT,50743.02,2023-06-19,15
PO-2023-4572,2023-11-01,VS28,MS Pipes,34.63,MT,73826.96,2023-11-14,15
PO-2023-4573,2022-08-23,VS17,MS Sheets,11.02,MT,97072.07,2022-08-31,45
PO-2023-4574,2023-06-10,VS34,MS Flats,1.91,MT,118230.37,2023-06-17,21
PO-2023-4575,2022-10-26,VS02,MS Flats,39.3,MT,75639.64,2022-11-09,21
PO-2023-4576,2022-04-15,VS32,MS Flats,16.23,MT,55178.58,2022-04-29,45
PO-2023-4577,2022-06-26,VS12,Spring Steel,22.3,MT,83587.05,2022-07-10,15
PO-2023-4578,2021-12-10,VS22,Fasteners & Fittings,7.09,MT,116922.45,2021-12-15,21
PO-2023-4579,2022-11-08,VS04,HR Coils,27.41,MT,110347.0,2022-11-18,21
PO-2023-4580,2023-05-27,VS12,MS Rods,43.85,MT,70266.65,2023-06-11,15
PO-2023-4581,2021-05-27,VS27,HR Coils,26.35,MT,66564.16,2021-06-02,21
PO-2023-4582,2023-04-14,VS04,MS Rods,10.6,MT,83411.17,2023-04-20,21
PO-2023-4583,2021-02-08,VS06,MS Pipes,38.72,MT,108761.54,2021-02-13,30
PO-2023-4584,2023-06-19,VS25,MS Flats,5.12,MT,105488.44,2023-07-02,30
PO-2023-4585,2022-03-03,VS01,SS Sheets,32.49,MT,82778.63,2022-03-11,15
PO-2023-4586,2021-10-29,VS32,Fasteners & Fittings,18.16,MT,73203.59,2021-11-08,45
PO-2023-4587,2021-04-10,VS14,MS Rods,17.05,MT,56001.07,2021-04-16,30
PO-2023-4588,2023-05-16,VS14,CR Sheets,15.9,MT,66094.42,2023-05-29,30
PO-2023-4589,2022-06-13,VS26,Hex Bars,39.26,MT,73314.0,2022-06-27,21
PO-2023-4590,2022-05-16,VS15,ERW Pipes,27.32,MT,95569.89,2022-05-21,45
PO-2023-4591,2022-02-06,VS15,Angles & Channels,22.55,MT,76625.92,2022-02-16,45
PO-2023-4592,2021-04-08,VS29,HR Coils,42.07,MT,111443.16,2021-04-15,30
PO-2023-4593,2022-07-28,VS23,Fasteners & Fittings,23.62,MT,77100.57,2022-08-10,45
PO-2023-4594,2023-04-27,VS09,MS Rods,13.01,MT,74431.0,2023-05-08,30
PO-2023-4595,2022-10-04,VS03,Hex Bars,31.1,MT,117740.2,2022-10-16,21
PO-2023-4596,2023-09-28,VS32,CR Sheets,39.39,MT,117464.14,2023-10-06,45
PO-2023-4597,2022-07-13,VS19,HR Coils,47.11,MT,112266.24,2022-07-27,30
PO-2023-4598,2022-11-16,VS09,Angles & Channels,42.57,MT,78459.38,2022-11-26,30
PO-2023-4599,2022-06-04,VS02,HR Coils,24.33,MT,79929.82,2022-06-15,21
PO-2023-4600,2023-09-01,VS19,MS Pipes,13.99,MT,58523.22,2023-09-11,30
PO-2023-4601,2023-05-13,VS30,Angles & Channels,4.95,MT,89757.96,2023-05-21,45
PO-2023-4602,2022-02-14,VS20,SS Pipes,4.73,MT,101578.58,2022-03-01,21
PO-2023-4603,2022-03-02,VS14,GI Pipes,31.48,MT,49364.16,2022-03-05,30
PO-2023-4604,2021-04-06,VS18,GI Pipes,40.02,MT,72945.05,2021-04-14,30
PO-2023-4605,2023-11-03,VS10,HR Coils,37.5,MT,99176.36,2023-11-11,30
PO-2023-4606,2022-05-16,VS34,MS Flats,33.08,MT,76699.98,2022-05-22,21
PO-2023-4607,2022-12-02,VS12,GI Sheets,43.38,MT,56950.43,2022-12-11,15
PO-2023-4608,2023-05-31,VS03,MS Pipes,43.22,MT,49671.89,2023-06-10,21
PO-2023-4609,2021-03-01,VS06,SS Pipes,3.94,MT,63413.61,2021-03-08,30
PO-2023-4610,2023-01-11,VS27,SS Pipes,4.85,MT,96707.62,2023-01-23,21
PO-2023-4611,2023-10-25,VS26,MS Flats,49.69,MT,51507.27,2023-10-29,21
PO-2023-4612,2022-10-14,VS33,GI Sheets,37.69,MT,78586.65,2022-10-21,45
PO-2023-4613,2023-04-03,VS28,SS Pipes,16.29,MT,67980.95,2023-04-13,15
PO-2023-4614,2023-05-21,VS06,Hex Bars,32.5,MT,93593.23,2023-06-01,30
PO-2023-4615,2023-09-25,VS01,CR Sheets,36.31,MT,99980.82,2023-10-04,15
PO-2023-4616,2023-03-30,VS25,Spring Steel,44.39,MT,98112.73,2023-04-02,30
PO-2023-4617,2023-02-03,VS09,Angles & Channels,20.8,MT,118346.31,2023-02-15,30
PO-2023-4618,2023-02-07,VS02,Hex Bars,32.45,MT,50084.96,2023-02-21,21
PO-2023-4619,2021-12-03,VS15,HR Coils,1.18,MT,58536.05,2021-12-17,45
PO-2023-4620,2022-01-16,VS32,GI Wire,45.51,MT,109152.41,2022-01-24,45
PO-2023-4621,2022-07-24,VS31,HR Coils,31.53,MT,76674.83,2022-07-29,45
PO-2023-4622,2021-05-18,VS17,GI Pipes,18.37,MT,61221.11,2021-05-22,45
PO-2023-4623,2023-12-26,VS25,MS Rods,2.58,MT,81341.51,2024-01-05,30
PO-2023-4624,2022-05-14,VS14,Spring Steel,29.95,MT,51771.65,2022-05-24,30
PO-2023-4625,2023-10-22,VS22,MS Sheets,13.8,MT,67442.42,2023-10-29,21
PO-2023-4626,2021-09-20,VS01,GI Sheets,17.04,MT,64684.17,2021-09-24,15
PO-2023-4627,2021-02-04,VS11,HR Coils,39.37,MT,81063.81,2021-02-10,30
PO-2023-4628,2023-01-02,VS06,Spring Steel,45.87,MT,96146.89,2023-01-17,30
PO-2023-4629,2023-04-13,VS27,SS Sheets,46.36,MT,109839.57,2023-04-23,21
PO-2023-4630,2022-09-12,VS07,GI Sheets,5.42,MT,60266.68,2022-09-20,15
PO-2023-4631,2021-06-06,VS33,GI Sheets,1.42,MT,71650.61,2021-06-14,45
PO-2023-4632,2022-02-05,VS18,GI Wire,38.85,MT,85088.38,2022-02-09,30
PO-2023-4633,2022-12-17,VS14,Hex Bars,39.02,MT,72350.99,2022-12-22,30
PO-2023-4634,2021-09-01,VS32,Spring Steel,30.51,MT,70779.54,2021-09-13,45
PO-2023-4635,2021-04-29,VS34,SS Sheets,35.59,MT,95806.25,2021-05-03,21
PO-2023-4636,2021-12-16,VS25,MS Flats,18.69,MT,83912.19,2021-12-20,30
PO-2023-4637,2023-02-11,VS30,Angles & Channels,38.14,MT,58336.09,2023-02-22,45
PO-2023-4638,2022-02-25,VS07,HR Coils,16.24,MT,102165.35,2022-03-09,15
PO-2023-4639,2021-07-07,VS03,GI Pipes,49.64,MT,121720.35,2021-07-11,21
PO-2023-4640,2022-06-13,VS25,GI Sheets,13.7,MT,97768.31,2022-06-18,30
PO-2023-4641,2022-10-01,VS11,ERW Pipes,34.77,MT,110722.62,2022-10-13,30
PO-2023-4642,2023-08-07,VS16,GI Pipes,42.18,MT,100162.91,2023-08-11,15
PO-2023-4643,2021-12-22,VS05,Hex Bars,16.41,MT,80413.64,2021-12-28,15
PO-2023-4644,2022-08-28,VS06,SS Pipes,15.49,MT,75118.31,2022-09-03,30
PO-2023-4645,2022-05-26,VS06,MS Flats,44.25,MT,71726.88,2022-06-01,30
PO-2023-4646,2021-04-21,VS05,MS Flats,11.95,MT,59235.7,2021-05-06,15
PO-2023-4647,2022-09-22,VS19,MS Pipes,23.04,MT,88360.27,2022-10-05,30
PO-2023-4648,2021-07-24,VS04,GI Wire,18.67,MT,86177.22,2021-08-06,21
PO-2023-4649,2022-10-03,VS21,Fasteners & Fittings,20.93,MT,107955.77,2022-10-12,15
PO-2023-4650,2022-05-02,VS20,MS Flats,49.41,MT,67768.19,2022-05-17,21
PO-2023-4651,2022-01-12,VS07,Square/Rect Tubes,20.92,MT,91040.6,2022-01-24,15
PO-2023-4652,2022-07-01,VS22,Square/Rect Tubes,3.7,MT,68008.95,2022-07-05,21
PO-2023-4653,2021-07-30,VS02,GI Wire,48.61,MT,113828.85,2021-08-13,21
PO-2023-4654,2023-02-23,VS25,SS Pipes,1.85,MT,112137.87,2023-03-09,30
PO-2023-4655,2023-12-15,VS09,MS Sheets,33.54,MT,55049.82,2023-12-29,30
PO-2023-4656,2021-09-10,VS26,Spring Steel,7.93,MT,106817.01,2021-09-15,21
PO-2023-4657,2021-11-08,VS06,Structural Steel,18.44,MT,92852.74,2021-11-13,30
PO-2023-4658,2023-02-20,VS25,Square/Rect Tubes,2.49,MT,59516.46,2023-02-27,30
PO-2023-4659,2023-10-14,VS06,MS Pipes,1.54,MT,87652.73,2023-10-19,30
PO-2023-4660,2022-12-22,VS32,Square/Rect Tubes,38.24,MT,86345.12,2023-01-01,45
PO-2023-4661,2021-04-11,VS13,MS Sheets,8.14,MT,48496.98,2021-04-24,30
PO-2023-4662,2023-08-07,VS18,Spring Steel,17.64,MT,82000.93,2023-08-12,30
PO-2023-4663,2022-06-05,VS13,Spring Steel,23.69,MT,54157.25,2022-06-17,30
PO-2023-4664,2022-12-18,VS06,SS Sheets,17.4,MT,112572.57,2023-01-02,30
PO-2023-4665,2021-04-02,VS22,Hex Bars,44.34,MT,105213.13,2021-04-05,21
PO-2023-4666,2021-10-29,VS34,MS Rods,1.78,MT,73507.75,2021-11-05,21
PO-2023-4667,2021-02-28,VS12,MS Sheets,13.85,MT,79443.7,2021-03-08,15
PO-2023-4668,2022-09-08,VS31,CR Sheets,23.11,MT,105348.27,2022-09-22,45
PO-2023-4669,2022-11-30,VS03,MS Pipes,13.6,MT,53307.66,2022-12-11,21
PO-2023-4670,2023-11-01,VS22,GI Wire,20.21,MT,96585.8,2023-11-07,21
PO-2023-4671,2021-03-14,VS07,MS Rods,17.13,MT,108074.82,2021-03-23,15
PO-2023-4672,2021-10-03,VS15,Hex Bars,28.38,MT,84813.23,2021-10-14,45
PO-2023-4673,2023-06-26,VS25,Angles & Channels,21.85,MT,118690.21,2023-07-08,30
PO-2023-4674,2022-05-02,VS05,GI Sheets,20.08,MT,116923.62,2022-05-11,15
PO-2023-4675,2021-09-20,VS09,MS Pipes,44.35,MT,119421.76,2021-10-05,30
PO-2023-4676,2022-02-01,VS25,MS Pipes,46.18,MT,81149.58,2022-02-13,30
PO-2023-4677,2022-07-22,VS29,SS Pipes,37.93,MT,91154.9,2022-07-28,30
PO-2023-4678,2023-11-09,VS02,GI Sheets,17.13,MT,101994.6,2023-11-23,21
PO-2023-4679,2022-06-10,VS34,MS Flats,36.76,MT,87008.96,2022-06-24,21
PO-2023-4680,2022-08-17,VS20,SS Pipes,29.87,MT,101511.42,2022-08-24,21
PO-2023-4681,2023-07-31,VS04,Angles & Channels,12.43,MT,78037.48,2023-08-11,21
PO-2023-4682,2022-05-06,VS23,SS Pipes,47.91,MT,75662.95,2022-05-12,45
PO-2023-4683,2021-04-26,VS22,HR Coils,7.18,MT,99761.53,2021-05-06,21
PO-2023-4684,2021-01-17,VS17,Hex Bars,38.2,MT,75300.91,2021-01-30,45
PO-2023-4685,2023-12-19,VS27,MS Flats,19.62,MT,94562.21,2023-12-31,21
PO-2023-4686,2021-12-08,VS24,Spring Steel,33.51,MT,110447.82,2021-12-13,45
PO-2023-4687,2023-12-13,VS11,Spring Steel,45.15,MT,102010.24,2023-12-17,30
PO-2023-4688,2023-12-16,VS14,Square/Rect Tubes,13.03,MT,60725.14,2023-12-25,30
PO-2023-4689,2023-11-11,VS33,MS Flats,21.93,MT,99561.98,2023-11-24,45
PO-2023-4690,2023-05-16,VS32,GI Wire,32.32,MT,82678.64,2023-05-28,45
PO-2023-4691,2023-03-29,VS18,MS Flats,40.28,MT,61410.82,2023-04-05,30
PO-2023-4692,2022-07-29,VS21,Structural Steel,17.4,MT,50951.21,2022-08-06,15
PO-2023-4693,2022-02-15,VS06,Structural Steel,16.8,MT,70845.97,2022-03-02,30
PO-2023-4694,2022-11-07,VS11,Hex Bars,35.3,MT,81640.85,2022-11-18,30
PO-2023-4695,2023-07-26,VS18,SS Pipes,48.38,MT,49827.75,2023-08-08,30
PO-2023-4696,2022-08-20,VS34,MS Rods,34.51,MT,118707.02,2022-08-25,21
PO-2023-4697,2023-05-28,VS29,MS Flats,38.27,MT,107927.28,2023-06-10,30
PO-2023-4698,2021-08-30,VS32,GI Wire,13.6,MT,61801.48,2021-09-11,45
PO-2023-4699,2023-04-13,VS23,MS Flats,4.53,MT,71864.28,2023-04-26,45
PO-2023-4700,2023-06-12,VS20,ERW Pipes,30.96,MT,78044.98,2023-06-24,21
PO-2023-4701,2023-05-25,VS16,MS Pipes,45.76,MT,48736.53,2023-05-31,15
PO-2023-4702,2022-12-20,VS33,MS Sheets,3.99,MT,53269.3,2023-01-04,45
PO-2023-4703,2022-01-28,VS03,SS Pipes,38.17,MT,72327.92,2022-02-07,21
PO-2023-4704,2021-11-14,VS12,CR Sheets,8.08,MT,87697.39,2021-11-29,15
PO-2023-4705,2022-03-17,VS20,MS Sheets,24.5,MT,75765.74,2022-03-20,21
PO-2023-4706,2023-12-01,VS17,GI Wire,33.09,MT,48698.6,2023-12-05,45
PO-2023-4707,2023-11-03,VS03,CR Sheets,1.4,MT,62710.54,2023-11-10,21
PO-2023-4708,2021-01-11,VS05,MS Flats,43.65,MT,77897.52,2021-01-17,15
PO-2023-4709,2023-02-07,VS34,MS Rods,20.61,MT,101015.31,2023-02-11,21
PO-2023-4710,2022-12-10,VS21,CR Sheets,14.36,MT,111056.34,2022-12-18,15
PO-2023-4711,2022-05-17,VS10,MS Rods,3.0,MT,111789.82,2022-05-27,30
PO-2023-4712,2022-07-02,VS26,Square/Rect Tubes,25.29,MT,48605.84,2022-07-10,21
PO-2023-4713,2022-02-27,VS26,SS Sheets,31.58,MT,49722.49,2022-03-11,21
PO-2023-4714,2021-11-10,VS34,Angles & Channels,21.03,MT,100416.44,2021-11-23,21
PO-2023-4715,2021-11-11,VS33,Angles & Channels,37.16,MT,57803.44,2021-11-15,45
PO-2023-4716,2023-01-02,VS21,GI Sheets,28.3,MT,109567.15,2023-01-15,15
PO-2023-4717,2023-10-16,VS30,MS Flats,43.86,MT,86176.69,2023-10-20,45
PO-2023-4718,2021-11-22,VS25,MS Sheets,21.42,MT,61315.81,2021-12-04,30
PO-2023-4719,2023-01-30,VS26,Structural Steel,32.43,MT,65024.62,2023-02-13,21
PO-2023-4720,2023-03-21,VS01,Fasteners & Fittings,28.5,MT,103257.11,2023-03-24,15
PO-2023-4721,2023-09-12,VS22,SS Pipes,33.65,MT,112028.3,2023-09-26,21
PO-2023-4722,2021-07-24,VS33,SS Pipes,23.35,MT,73098.32,2021-07-28,45
PO-2023-4723,2021-11-10,VS18,SS Sheets,5.7,MT,68011.42,2021-11-25,30
PO-2023-4724,2021-12-05,VS22,GI Sheets,33.94,MT,77208.3,2021-12-12,21
PO-2023-4725,2021-12-31,VS34,HR Coils,26.35,MT,93306.96,2022-01-13,21
PO-2023-4726,2023-09-02,VS18,Fasteners & Fittings,22.8,MT,71287.87,2023-09-17,30
PO-2023-4727,2022-10-16,VS03,Structural Steel,1.92,MT,72239.2,2022-10-30,21
PO-2023-4728,2022-06-24,VS14,SS Sheets,11.91,MT,102437.63,2022-07-05,30
PO-2023-4729,2023-08-23,VS32,ERW Pipes,17.48,MT,75789.54,2023-09-04,45
PO-2023-4730,2021-12-24,VS10,MS Pipes,41.67,MT,64922.36,2022-01-05,30
PO-2023-4731,2021-04-21,VS32,MS Rods,47.38,MT,97045.02,2021-04-28,45
PO-2023-4732,2021-08-19,VS23,GI Sheets,18.64,MT,79785.97,2021-08-23,45
PO-2023-4733,2021-04-15,VS04,ERW Pipes,7.03,MT,69976.94,2021-04-22,21
PO-2023-4734,2023-08-05,VS30,HR Coils,38.56,MT,91092.12,2023-08-12,45
PO-2023-4735,2022-05-08,VS05,CR Sheets,35.02,MT,81281.75,2022-05-13,15
PO-2023-4736,2022-12-23,VS24,Fasteners & Fittings,48.13,MT,70257.49,2022-12-30,45
PO-2023-4737,2021-08-01,VS15,MS Flats,14.25,MT,117480.29,2021-08-14,45
PO-2023-4738,2023-09-27,VS20,ERW Pipes,20.28,MT,69659.93,2023-10-10,21
PO-2023-4739,2023-02-06,VS30,GI Sheets,31.36,MT,68555.54,2023-02-12,45
PO-2023-4740,2021-10-24,VS24,Angles & Channels,18.13,MT,46323.97,2021-11-08,45
PO-2023-4741,2022-12-06,VS32,SS Sheets,41.81,MT,72159.4,2022-12-17,45
PO-2023-4742,2021-07-20,VS27,MS Rods,3.17,MT,104056.11,2021-07-31,21
PO-2023-4743,2022-06-22,VS08,GI Sheets,21.12,MT,62875.21,2022-07-06,21
PO-2023-4744,2022-09-11,VS29,MS Pipes,15.73,MT,79876.05,2022-09-18,30
PO-2023-4745,2023-04-01,VS29,ERW Pipes,13.47,MT,118430.44,2023-04-14,30
PO-2023-4746,2023-09-29,VS16,SS Sheets,7.1,MT,71197.46,2023-10-07,15
PO-2023-4747,2022-11-28,VS03,Hex Bars,35.93,MT,85746.47,2022-12-05,21
PO-2023-4748,2023-02-03,VS26,GI Pipes,7.01,MT,46904.87,2023-02-15,21
PO-2023-4749,2023-03-07,VS07,MS Pipes,4.81,MT,71095.1,2023-03-20,15
PO-2023-4750,2021-03-05,VS03,ERW Pipes,22.48,MT,49550.74,2021-03-14,21
PO-2023-4751,2023-08-01,VS18,GI Pipes,24.96,MT,77435.71,2023-08-13,30
PO-2023-4752,2021-12-31,VS34,MS Flats,16.38,MT,52340.01,2022-01-14,21
PO-2023-4753,2021-11-16,VS08,Angles & Channels,29.34,MT,103544.51,2021-11-29,21
PO-2023-4754,2023-05-19,VS29,MS Rods,34.17,MT,71470.54,2023-05-25,30
PO-2023-4755,2023-05-28,VS32,HR Coils,19.03,MT,95535.5,2023-06-05,45
PO-2023-4756,2023-12-16,VS27,GI Pipes,24.96,MT,79084.09,2023-12-21,21
PO-2023-4757,2023-12-30,VS14,CR Sheets,39.18,MT,117527.9,2024-01-05,30
PO-2023-4758,2022-12-09,VS07,GI Sheets,30.99,MT,50580.8,2022-12-15,15
PO-2023-4759,2021-04-07,VS30,SS Sheets,9.08,MT,92643.97,2021-04-19,45
PO-2023-4760,2022-04-10,VS28,MS Rods,42.7,MT,114216.31,2022-04-18,15
PO-2023-4761,2023-09-10,VS27,Fasteners & Fittings,38.66,MT,111332.92,2023-09-24,21
PO-2023-4762,2022-07-03,VS34,MS Pipes,10.6,MT,102573.29,2022-07-16,21
PO-2023-4763,2021-01-23,VS04,Fasteners & Fittings,34.0,MT,62124.55,2021-01-31,21
PO-2023-4764,2023-06-14,VS24,Spring Steel,40.87,MT,74237.39,2023-06-17,45
PO-2023-4765,2023-11-18,VS12,MS Flats,9.89,MT,124149.68,2023-11-27,15
PO-2023-4766,2022-05-01,VS31,CR Sheets,35.67,MT,104993.95,2022-05-06,45
PO-2023-4767,2023-11-04,VS34,MS Rods,22.03,MT,88745.55,2023-11-08,21
PO-2023-4768,2021-09-16,VS09,GI Sheets,40.04,MT,57468.52,2021-09-23,30
PO-2023-4769,2021-12-07,VS21,MS Sheets,40.45,MT,51195.63,2021-12-11,15
PO-2023-4770,2023-09-29,VS10,MS Flats,40.69,MT,109886.01,2023-10-08,30
PO-2023-4771,2022-10-15,VS29,CR Sheets,31.83,MT,65463.63,2022-10-23,30
PO-2023-4772,2022-03-16,VS12,Angles & Channels,34.64,MT,71528.0,2022-03-23,15
PO-2023-4773,2021-06-06,VS08,Hex Bars,5.78,MT,102934.9,2021-06-17,21
PO-2023-4774,2022-12-03,VS06,GI Sheets,19.72,MT,78760.91,2022-12-14,30
PO-2023-4775,2021-02-07,VS22,Square/Rect Tubes,3.84,MT,86446.27,2021-02-20,21
PO-2023-4776,2021-07-25,VS14,Fasteners & Fittings,42.04,MT,99170.78,2021-08-05,30
PO-2023-4777,2022-09-09,VS07,Spring Steel,39.15,MT,65959.37,2022-09-19,15
PO-2023-4778,2021-06-14,VS17,MS Rods,33.87,MT,57435.94,2021-06-18,45
PO-2023-4779,2022-06-19,VS34,HR Coils,10.72,MT,69273.24,2022-06-22,21
PO-2023-4780,2021-07-19,VS08,MS Sheets,22.7,MT,85627.7,2021-07-28,21
PO-2023-4781,2021-01-24,VS13,MS Pipes,25.9,MT,110883.73,2021-02-02,30
PO-2023-4782,2022-08-20,VS30,Structural Steel,3.26,MT,87975.75,2022-08-29,45
PO-2023-4783,2023-09-17,VS28,ERW Pipes,48.59,MT,62792.87,2023-09-27,15
PO-2023-4784,2023-02-12,VS10,Angles & Channels,1.13,MT,76580.08,2023-02-22,30
PO-2023-4785,2021-05-15,VS27,MS Sheets,47.96,MT,82424.07,2021-05-18,21
PO-2023-4786,2022-08-01,VS34,Hex Bars,20.34,MT,48699.43,2022-08-08,21
PO-2023-4787,2021-07-30,VS33,MS Rods,40.88,MT,61677.78,2021-08-05,45
PO-2023-4788,2021-11-28,VS25,SS Sheets,33.06,MT,104688.4,2021-12-05,30
PO-2023-4789,2023-05-30,VS30,SS Sheets,6.35,MT,90965.58,2023-06-08,45
PO-2023-4790,2021-03-17,VS21,HR Coils,30.85,MT,46532.49,2021-04-01,15
PO-2023-4791,2022-05-28,VS03,Structural Steel,32.61,MT,64698.51,2022-06-02,21
PO-2023-4792,2022-11-20,VS08,Fasteners & Fittings,34.45,MT,54253.71,2022-11-24,21
PO-2023-4793,2023-02-05,VS07,GI Sheets,20.46,MT,85862.19,2023-02-17,15
PO-2023-4794,2023-03-13,VS30,MS Pipes,23.66,MT,58136.36,2023-03-21,45
PO-2023-4795,2022-05-21,VS05,HR Coils,32.24,MT,74847.99,2022-05-26,15
PO-2023-4796,2022-11-30,VS11,MS Rods,40.0,MT,55544.68,2022-12-04,30
PO-2023-4797,2023-05-18,VS02,Spring Steel,35.68,MT,79162.17,2023-06-02,21
PO-2023-4798,2022-07-20,VS33,MS Pipes,7.94,MT,108228.18,2022-08-01,45
PO-2023-4799,2022-04-20,VS13,Angles & Channels,27.72,MT,101700.4,2022-04-27,30
